date,strategy_id,asset_id,weight,weight_type
2024-11-01,equal_weight,SPY,0.2,target
2024-11-01,equal_weight,QQQ,0.2,target
2024-11-01,equal_weight,IWM,0.2,target
2024-11-01,equal_weight,EFA,0.2,target
2024-11-01,equal_weight,IEF,0.2,target
2024-11-01,equal_weight,SPY,0.2,drifted
2024-11-01,equal_weight,QQQ,0.2,drifted
2024-11-01,equal_weight,IWM,0.2,drifted
2024-11-01,equal_weight,EFA,0.2,drifted
2024-11-01,equal_weight,IEF,0.2,drifted
2024-11-04,equal_weight,SPY,0.19932619309704758,drifted
2024-11-04,equal_weight,QQQ,0.1991745457343277,drifted
2024-11-04,equal_weight,IWM,0.20076901302673947,drifted
2024-11-04,equal_weight,EFA,0.1999074934532842,drifted
2024-11-04,equal_weight,IEF,0.2008227546886009,drifted
2024-11-05,equal_weight,SPY,0.19957653310810702,drifted
2024-11-05,equal_weight,QQQ,0.19955574893224617,drifted
2024-11-05,equal_weight,IWM,0.2023556744785193,drifted
2024-11-05,equal_weight,EFA,0.1997339131840655,drifted
2024-11-05,equal_weight,IEF,0.19877813029706212,drifted
2024-11-06,equal_weight,SPY,0.20108611695444564,drifted
2024-11-06,equal_weight,QQQ,0.20151596926302698,drifted
2024-11-06,equal_weight,IWM,0.2104644189430099,drifted
2024-11-06,equal_weight,EFA,0.19352295385405488,drifted
2024-11-06,equal_weight,IEF,0.19341054098546243,drifted
2024-11-07,equal_weight,SPY,0.20093804210550142,drifted
2024-11-07,equal_weight,QQQ,0.20296855439556288,drifted
2024-11-07,equal_weight,IWM,0.20795677207578042,drifted
2024-11-07,equal_weight,EFA,0.19480896299917197,drifted
2024-11-07,equal_weight,IEF,0.19332766842398325,drifted
2024-11-08,equal_weight,SPY,0.20173669018934248,drifted
2024-11-08,equal_weight,QQQ,0.20313343322593716,drifted
2024-11-08,equal_weight,IWM,0.20941302293432273,drifted
2024-11-08,equal_weight,EFA,0.19204675299397408,drifted
2024-11-08,equal_weight,IEF,0.1936701006564237,drifted
2024-11-11,equal_weight,SPY,0.20137791508989003,drifted
2024-11-11,equal_weight,QQQ,0.20246094956202282,drifted
2024-11-11,equal_weight,IWM,0.21198142160370456,drifted
2024-11-11,equal_weight,EFA,0.1915711066183387,drifted
2024-11-11,equal_weight,IEF,0.19260860712604383,drifted
2024-11-12,equal_weight,SPY,0.20267307591397407,drifted
2024-11-12,equal_weight,QQQ,0.20402805940211766,drifted
2024-11-12,equal_weight,IWM,0.2102553567148918,drifted
2024-11-12,equal_weight,EFA,0.18981339735100855,drifted
2024-11-12,equal_weight,IEF,0.19323011061800796,drifted
2024-11-13,equal_weight,SPY,0.20348221555594637,drifted
2024-11-13,equal_weight,QQQ,0.20447970792080297,drifted
2024-11-13,equal_weight,IWM,0.20890419645204014,drifted
2024-11-13,equal_weight,EFA,0.18935114464450434,drifted
2024-11-13,equal_weight,IEF,0.19378273542670607,drifted
2024-11-14,equal_weight,SPY,0.20322543726855183,drifted
2024-11-14,equal_weight,QQQ,0.20411487084044502,drifted
2024-11-14,equal_weight,IWM,0.20715954366862985,drifted
2024-11-14,equal_weight,EFA,0.190730291648657,drifted
2024-11-14,equal_weight,IEF,0.19476985657371637,drifted
2024-11-15,equal_weight,SPY,0.20288721719380337,drifted
2024-11-15,equal_weight,QQQ,0.2015010135732803,drifted
2024-11-15,equal_weight,IWM,0.20637295709071668,drifted
2024-11-15,equal_weight,EFA,0.19218575564491738,drifted
2024-11-15,equal_weight,IEF,0.1970530564972823,drifted
2024-11-18,equal_weight,SPY,0.2028811098914557,drifted
2024-11-18,equal_weight,QQQ,0.2020668945760739,drifted
2024-11-18,equal_weight,IWM,0.20592937714119608,drifted
2024-11-18,equal_weight,EFA,0.19243799877065712,drifted
2024-11-18,equal_weight,IEF,0.19668461962061712,drifted
2024-11-19,equal_weight,SPY,0.20284514184642866,drifted
2024-11-19,equal_weight,QQQ,0.2026801014878853,drifted
2024-11-19,equal_weight,IWM,0.20666636076029557,drifted
2024-11-19,equal_weight,EFA,0.19145589010932576,drifted
2024-11-19,equal_weight,IEF,0.1963525057960648,drifted
2024-11-20,equal_weight,SPY,0.20303401888614245,drifted
2024-11-20,equal_weight,QQQ,0.20268325928003664,drifted
2024-11-20,equal_weight,IWM,0.20705766116519017,drifted
2024-11-20,equal_weight,EFA,0.19104979449195184,drifted
2024-11-20,equal_weight,IEF,0.196175266176679,drifted
2024-11-21,equal_weight,SPY,0.2031264237562592,drifted
2024-11-21,equal_weight,QQQ,0.20241829685173954,drifted
2024-11-21,equal_weight,IWM,0.20917757084549532,drifted
2024-11-21,equal_weight,EFA,0.19016542033522094,drifted
2024-11-21,equal_weight,IEF,0.19511228821128498,drifted
2024-11-22,equal_weight,SPY,0.2026049434215426,drifted
2024-11-22,equal_weight,QQQ,0.20159768216837384,drifted
2024-11-22,equal_weight,IWM,0.2118375128136294,drifted
2024-11-22,equal_weight,EFA,0.18982535284618077,drifted
2024-11-22,equal_weight,IEF,0.19413450875027324,drifted
2024-11-25,equal_weight,SPY,0.20181880082015388,drifted
2024-11-25,equal_weight,QQQ,0.20045310914650455,drifted
2024-11-25,equal_weight,IWM,0.21349939649514563,drifted
2024-11-25,equal_weight,EFA,0.18942146738954213,drifted
2024-11-25,equal_weight,IEF,0.1948072261486537,drifted
2024-11-26,equal_weight,SPY,0.2030640835740746,drifted
2024-11-26,equal_weight,QQQ,0.2017196211189872,drifted
2024-11-26,equal_weight,IWM,0.21213163541891772,drifted
2024-11-26,equal_weight,EFA,0.1885058440337944,drifted
2024-11-26,equal_weight,IEF,0.19457881585422607,drifted
2024-11-27,equal_weight,SPY,0.20247063819783684,drifted
2024-11-27,equal_weight,QQQ,0.20015297319288636,drifted
2024-11-27,equal_weight,IWM,0.2124454930197472,drifted
2024-11-27,equal_weight,EFA,0.18954776797486567,drifted
2024-11-27,equal_weight,IEF,0.1953831276146639,drifted
2024-11-29,equal_weight,SPY,0.20227570798347533,drifted
2024-11-29,equal_weight,QQQ,0.2004719666184244,drifted
2024-11-29,equal_weight,IWM,0.21173604835217608,drifted
2024-11-29,equal_weight,EFA,0.1907077196950885,drifted
2024-11-29,equal_weight,IEF,0.19480855735083583,drifted
2024-12-02,equal_weight,SPY,0.2,target
2024-12-02,equal_weight,QQQ,0.2,target
2024-12-02,equal_weight,IWM,0.2,target
2024-12-02,equal_weight,EFA,0.2,target
2024-12-02,equal_weight,IEF,0.2,target
2024-12-02,equal_weight,SPY,0.2,drifted
2024-12-02,equal_weight,QQQ,0.2,drifted
2024-12-02,equal_weight,IWM,0.2,drifted
2024-12-02,equal_weight,EFA,0.2,drifted
2024-12-02,equal_weight,IEF,0.2,drifted
2024-12-03,equal_weight,SPY,0.2001227104412085,drifted
2024-12-03,equal_weight,QQQ,0.2006432348479984,drifted
2024-12-03,equal_weight,IWM,0.19860674108962786,drifted
2024-12-03,equal_weight,EFA,0.20116656675718117,drifted
2024-12-03,equal_weight,IEF,0.19946074686398405,drifted
2024-12-04,equal_weight,SPY,0.20029473052182675,drifted
2024-12-04,equal_weight,QQQ,0.20204380132407848,drifted
2024-12-04,equal_weight,IWM,0.19825860754798902,drifted
2024-12-04,equal_weight,EFA,0.20024776758832188,drifted
2024-12-04,equal_weight,IEF,0.19915509301778392,drifted
2024-12-05,equal_weight,SPY,0.20041473355969233,drifted
2024-12-05,equal_weight,QQQ,0.2019369462808143,drifted
2024-12-05,equal_weight,IWM,0.19638643530482602,drifted
2024-12-05,equal_weight,EFA,0.2016800451075693,drifted
2024-12-05,equal_weight,IEF,0.19958183974709798,drifted
2024-12-06,equal_weight,SPY,0.20009558733411115,drifted
2024-12-06,equal_weight,QQQ,0.20303487492353778,drifted
2024-12-06,equal_weight,IWM,0.19640142789413342,drifted
2024-12-06,equal_weight,EFA,0.20095284418247253,drifted
2024-12-06,equal_weight,IEF,0.1995152656657451,drifted
2024-12-09,equal_weight,SPY,0.19994785117764846,drifted
2024-12-09,equal_weight,QQQ,0.2023469583376896,drifted
2024-12-09,equal_weight,IWM,0.1962815298740818,drifted
2024-12-09,equal_weight,EFA,0.2017178694667642,drifted
2024-12-09,equal_weight,IEF,0.19970579114381587,drifted
2024-12-10,equal_weight,SPY,0.2001938416516782,drifted
2024-12-10,equal_weight,QQQ,0.20253526538569372,drifted
2024-12-10,equal_weight,IWM,0.1962817831283817,drifted
2024-12-10,equal_weight,EFA,0.20077320444521413,drifted
2024-12-10,equal_weight,IEF,0.20021590538903222,drifted
2024-12-11,equal_weight,SPY,0.20039181606596998,drifted
2024-12-11,equal_weight,QQQ,0.20478193399548617,drifted
2024-12-11,equal_weight,IWM,0.19585004333271516,drifted
2024-12-11,equal_weight,EFA,0.20068733082016663,drifted
2024-12-11,equal_weight,IEF,0.19828887578566218,drifted
2024-12-12,equal_weight,SPY,0.20084856303851675,drifted
2024-12-12,equal_weight,QQQ,0.20498024836499873,drifted
2024-12-12,equal_weight,IWM,0.19474887431138174,drifted
2024-12-12,equal_weight,EFA,0.200413214103508,drifted
2024-12-12,equal_weight,IEF,0.19900910018159476,drifted
2024-12-13,equal_weight,SPY,0.20106895261190616,drifted
2024-12-13,equal_weight,QQQ,0.2068169755001163,drifted
2024-12-13,equal_weight,IWM,0.1936635184988317,drifted
2024-12-13,equal_weight,EFA,0.20011492676299847,drifted
2024-12-13,equal_weight,IEF,0.19833562662614745,drifted
2024-12-16,equal_weight,SPY,0.20104711902490383,drifted
2024-12-16,equal_weight,QQQ,0.20888051896882837,drifted
2024-12-16,equal_weight,IWM,0.19395252429935014,drifted
2024-12-16,equal_weight,EFA,0.19858574729484282,drifted
2024-12-16,equal_weight,IEF,0.19753409041207481,drifted
2024-12-17,equal_weight,SPY,0.20108010757014094,drifted
2024-12-17,equal_weight,QQQ,0.2088552840783565,drifted
2024-12-17,equal_weight,IWM,0.19255692021328397,drifted
2024-12-17,equal_weight,EFA,0.19912381694077158,drifted
2024-12-17,equal_weight,IEF,0.1983838711974469,drifted
2024-12-18,equal_weight,SPY,0.20080429886637036,drifted
2024-12-18,equal_weight,QQQ,0.20722017951872396,drifted
2024-12-18,equal_weight,IWM,0.18942509007730832,drifted
2024-12-18,equal_weight,EFA,0.1999311576347336,drifted
2024-12-18,equal_weight,IEF,0.2026192739028638,drifted
2024-12-19,equal_weight,SPY,0.20142311583749006,drifted
2024-12-19,equal_weight,QQQ,0.20699667359694146,drifted
2024-12-19,equal_weight,IWM,0.18922376136982763,drifted
2024-12-19,equal_weight,EFA,0.1999715935271006,drifted
2024-12-19,equal_weight,IEF,0.20238485566864028,drifted
2024-12-20,equal_weight,SPY,0.20258879660939774,drifted
2024-12-20,equal_weight,QQQ,0.2075201452454212,drifted
2024-12-20,equal_weight,IWM,0.18982208148576063,drifted
2024-12-20,equal_weight,EFA,0.1981875988464937,drifted
2024-12-20,equal_weight,IEF,0.20188137781292667,drifted
2024-12-23,equal_weight,SPY,0.20315226597924801,drifted
2024-12-23,equal_weight,QQQ,0.20887396995356716,drifted
2024-12-23,equal_weight,IWM,0.18878211529290284,drifted
2024-12-23,equal_weight,EFA,0.19884478847523046,drifted
2024-12-23,equal_weight,IEF,0.2003468602990516,drifted
2024-12-24,equal_weight,SPY,0.20386149306303628,drifted
2024-12-24,equal_weight,QQQ,0.21010995413488542,drifted
2024-12-24,equal_weight,IWM,0.18903413812740782,drifted
2024-12-24,equal_weight,EFA,0.19805035505939214,drifted
2024-12-24,equal_weight,IEF,0.1989440596152784,drifted
2024-12-26,equal_weight,SPY,0.2032856219994501,drifted
2024-12-26,equal_weight,QQQ,0.20936018652407792,drifted
2024-12-26,equal_weight,IWM,0.19041984546596533,drifted
2024-12-26,equal_weight,EFA,0.1984149365523894,drifted
2024-12-26,equal_weight,IEF,0.1985194094581174,drifted
2024-12-27,equal_weight,SPY,0.20287040342626775,drifted
2024-12-27,equal_weight,QQQ,0.2083483707031612,drifted
2024-12-27,equal_weight,IWM,0.1892527610431623,drifted
2024-12-27,equal_weight,EFA,0.19982737916437854,drifted
2024-12-27,equal_weight,IEF,0.19970108566303021,drifted
2024-12-30,equal_weight,SPY,0.201904652336524,drifted
2024-12-30,equal_weight,QQQ,0.20696043174247702,drifted
2024-12-30,equal_weight,IWM,0.18906104094328924,drifted
2024-12-30,equal_weight,EFA,0.19985021857189675,drifted
2024-12-30,equal_weight,IEF,0.20222365640581305,drifted
2024-12-31,equal_weight,SPY,0.2016993461565872,drifted
2024-12-31,equal_weight,QQQ,0.20574222702576458,drifted
2024-12-31,equal_weight,IWM,0.1897989645838996,drifted
2024-12-31,equal_weight,EFA,0.2003759834287138,drifted
2024-12-31,equal_weight,IEF,0.20238347880503477,drifted
2025-01-02,equal_weight,SPY,0.2,target
2025-01-02,equal_weight,QQQ,0.2,target
2025-01-02,equal_weight,IWM,0.2,target
2025-01-02,equal_weight,EFA,0.2,target
2025-01-02,equal_weight,IEF,0.2,target
2025-01-02,equal_weight,SPY,0.2,drifted
2025-01-02,equal_weight,QQQ,0.2,drifted
2025-01-02,equal_weight,IWM,0.2,drifted
2025-01-02,equal_weight,EFA,0.2,drifted
2025-01-02,equal_weight,IEF,0.2,drifted
2025-01-03,equal_weight,SPY,0.2006345907209424,drifted
2025-01-03,equal_weight,QQQ,0.2013998647330887,drifted
2025-01-03,equal_weight,IWM,0.2011050392465067,drifted
2025-01-03,equal_weight,EFA,0.19902481924321497,drifted
2025-01-03,equal_weight,IEF,0.19783568605624716,drifted
2025-01-06,equal_weight,SPY,0.20073614532673273,drifted
2025-01-06,equal_weight,QQQ,0.2026502564899769,drifted
2025-01-06,equal_weight,IWM,0.20013464207220935,drifted
2025-01-06,equal_weight,EFA,0.19986862263271854,drifted
2025-01-06,equal_weight,IEF,0.19661033347836238,drifted
2025-01-07,equal_weight,SPY,0.20017691395264156,drifted
2025-01-07,equal_weight,QQQ,0.2007488662199595,drifted
2025-01-07,equal_weight,IWM,0.20024053919885917,drifted
2025-01-07,equal_weight,EFA,0.2014322188499896,drifted
2025-01-07,equal_weight,IEF,0.19740146177855022,drifted
2025-01-08,equal_weight,SPY,0.2005803209011608,drifted
2025-01-08,equal_weight,QQQ,0.20089511576013225,drifted
2025-01-08,equal_weight,IWM,0.19944280053283814,drifted
2025-01-08,equal_weight,EFA,0.20122692723391078,drifted
2025-01-08,equal_weight,IEF,0.19785483557195804,drifted
2025-01-10,equal_weight,SPY,0.2005474029121791,drifted
2025-01-10,equal_weight,QQQ,0.2007777584298364,drifted
2025-01-10,equal_weight,IWM,0.19804456260573122,drifted
2025-01-10,equal_weight,EFA,0.20120378872596223,drifted
2025-01-10,equal_weight,IEF,0.19942648732629112,drifted
2025-01-13,equal_weight,SPY,0.20103186039016774,drifted
2025-01-13,equal_weight,QQQ,0.20030537986228006,drifted
2025-01-13,equal_weight,IWM,0.19859960349510028,drifted
2025-01-13,equal_weight,EFA,0.20081417437426977,drifted
2025-01-13,equal_weight,IEF,0.1992489818781821,drifted
2025-01-14,equal_weight,SPY,0.20067946342985507,drifted
2025-01-14,equal_weight,QQQ,0.19948990247994952,drifted
2025-01-14,equal_weight,IWM,0.20022996099976845,drifted
2025-01-14,equal_weight,EFA,0.20090883905228638,drifted
2025-01-14,equal_weight,IEF,0.19869183403814053,drifted
2025-01-15,equal_weight,SPY,0.20094676056468497,drifted
2025-01-15,equal_weight,QQQ,0.20070053311543137,drifted
2025-01-15,equal_weight,IWM,0.2007863569142416,drifted
2025-01-15,equal_weight,EFA,0.2001074108870213,drifted
2025-01-15,equal_weight,IEF,0.19745893851862084,drifted
2025-01-16,equal_weight,SPY,0.20053865363813195,drifted
2025-01-16,equal_weight,QQQ,0.19927290380776552,drifted
2025-01-16,equal_weight,IWM,0.20116796557994668,drifted
2025-01-16,equal_weight,EFA,0.2011115073026511,drifted
2025-01-16,equal_weight,IEF,0.19790896967150473,drifted
2025-01-17,equal_weight,SPY,0.2011018648885999,drifted
2025-01-17,equal_weight,QQQ,0.2011855493236272,drifted
2025-01-17,equal_weight,IWM,0.20059067559414212,drifted
2025-01-17,equal_weight,EFA,0.200481053665466,drifted
2025-01-17,equal_weight,IEF,0.19664085652816485,drifted
2025-01-21,equal_weight,SPY,0.2006195495358766,drifted
2025-01-21,equal_weight,QQQ,0.20004896351538695,drifted
2025-01-21,equal_weight,IWM,0.20210274595897545,drifted
2025-01-21,equal_weight,EFA,0.20218701777698164,drifted
2025-01-21,equal_weight,IEF,0.19504172321277927,drifted
2025-01-22,equal_weight,SPY,0.2014658554270114,drifted
2025-01-22,equal_weight,QQQ,0.20232409438224097,drifted
2025-01-22,equal_weight,IWM,0.20050337950575095,drifted
2025-01-22,equal_weight,EFA,0.2014409992149286,drifted
2025-01-22,equal_weight,IEF,0.19426567147006799,drifted
2025-01-23,equal_weight,SPY,0.20184106084397668,drifted
2025-01-23,equal_weight,QQQ,0.20202917676638296,drifted
2025-01-23,equal_weight,IWM,0.2006965234543009,drifted
2025-01-23,equal_weight,EFA,0.20236439330228007,drifted
2025-01-23,equal_weight,IEF,0.19306884563305926,drifted
2025-01-24,equal_weight,SPY,0.20140560174234148,drifted
2025-01-24,equal_weight,QQQ,0.2010409476053548,drifted
2025-01-24,equal_weight,IWM,0.20028931640614492,drifted
2025-01-24,equal_weight,EFA,0.20364996108362776,drifted
2025-01-24,equal_weight,IEF,0.19361417316253102,drifted
2025-01-27,equal_weight,SPY,0.2004334476268469,drifted
2025-01-27,equal_weight,QQQ,0.19703272542120953,drifted
2025-01-27,equal_weight,IWM,0.20024638751005602,drifted
2025-01-27,equal_weight,EFA,0.2055749496735154,drifted
2025-01-27,equal_weight,IEF,0.1967124897683722,drifted
2025-01-28,equal_weight,SPY,0.20122662184610926,drifted
2025-01-28,equal_weight,QQQ,0.19902595329515468,drifted
2025-01-28,equal_weight,IWM,0.19954610880939186,drifted
2025-01-28,equal_weight,EFA,0.20437186813206493,drifted
2025-01-28,equal_weight,IEF,0.19582944791727924,drifted
2025-01-29,equal_weight,SPY,0.20072412041081605,drifted
2025-01-29,equal_weight,QQQ,0.199048402956915,drifted
2025-01-29,equal_weight,IWM,0.1994856182983861,drifted
2025-01-29,equal_weight,EFA,0.20475367203104902,drifted
2025-01-29,equal_weight,IEF,0.19598818630283374,drifted
2025-01-30,equal_weight,SPY,0.20047290100681295,drifted
2025-01-30,equal_weight,QQQ,0.19858087178871536,drifted
2025-01-30,equal_weight,IWM,0.20018708937209373,drifted
2025-01-30,equal_weight,EFA,0.20564234991707228,drifted
2025-01-30,equal_weight,IEF,0.19511678791530568,drifted
2025-01-31,equal_weight,SPY,0.2004873310607122,drifted
2025-01-31,equal_weight,QQQ,0.1993676087844847,drifted
2025-01-31,equal_weight,IWM,0.19946714591378256,drifted
2025-01-31,equal_weight,EFA,0.20481889608770823,drifted
2025-01-31,equal_weight,IEF,0.19585901815331222,drifted
2025-02-03,equal_weight,SPY,0.2,target
2025-02-03,equal_weight,QQQ,0.2,target
2025-02-03,equal_weight,IWM,0.2,target
2025-02-03,equal_weight,EFA,0.2,target
2025-02-03,equal_weight,IEF,0.2,target
2025-02-03,equal_weight,SPY,0.2,drifted
2025-02-03,equal_weight,QQQ,0.2,drifted
2025-02-03,equal_weight,IWM,0.2,drifted
2025-02-03,equal_weight,EFA,0.2,drifted
2025-02-03,equal_weight,IEF,0.2,drifted
2025-02-04,equal_weight,SPY,0.19946932558084363,drifted
2025-02-04,equal_weight,QQQ,0.2005723562978427,drifted
2025-02-04,equal_weight,IWM,0.2008843482776512,drifted
2025-02-04,equal_weight,EFA,0.20044264585640045,drifted
2025-02-04,equal_weight,IEF,0.19863132398726197,drifted
2025-02-05,equal_weight,SPY,0.19888455465736932,drifted
2025-02-05,equal_weight,QQQ,0.20008061589330664,drifted
2025-02-05,equal_weight,IWM,0.20165789692460304,drifted
2025-02-05,equal_weight,EFA,0.20098265409321134,drifted
2025-02-05,equal_weight,IEF,0.19839427843150967,drifted
2025-02-06,equal_weight,SPY,0.1992176138852677,drifted
2025-02-06,equal_weight,QQQ,0.20076406719363404,drifted
2025-02-06,equal_weight,IWM,0.2006378633046705,drifted
2025-02-06,equal_weight,EFA,0.20157505836401776,drifted
2025-02-06,equal_weight,IEF,0.19780539725240995,drifted
2025-02-07,equal_weight,SPY,0.19923572242597146,drifted
2025-02-07,equal_weight,QQQ,0.20008123123841887,drifted
2025-02-07,equal_weight,IWM,0.20016270903596384,drifted
2025-02-07,equal_weight,EFA,0.20153175215902389,drifted
2025-02-07,equal_weight,IEF,0.19898858514062198,drifted
2025-02-10,equal_weight,SPY,0.19939187319864285,drifted
2025-02-10,equal_weight,QQQ,0.201294908108792,drifted
2025-02-10,equal_weight,IWM,0.1998663789862173,drifted
2025-02-10,equal_weight,EFA,0.2016880892578784,drifted
2025-02-10,equal_weight,IEF,0.19775875044846947,drifted
2025-02-11,equal_weight,SPY,0.19975190308861346,drifted
2025-02-11,equal_weight,QQQ,0.20102538412020052,drifted
2025-02-11,equal_weight,IWM,0.19891175069964093,drifted
2025-02-11,equal_weight,EFA,0.20285590991927593,drifted
2025-02-11,equal_weight,IEF,0.19745505217226908,drifted
2025-02-12,equal_weight,SPY,0.19970020207837533,drifted
2025-02-12,equal_weight,QQQ,0.2017412685717677,drifted
2025-02-12,equal_weight,IWM,0.1976644007845004,drifted
2025-02-12,equal_weight,EFA,0.20421681392839175,drifted
2025-02-12,equal_weight,IEF,0.19667731463696486,drifted
2025-02-13,equal_weight,SPY,0.19957623496011542,drifted
2025-02-13,equal_weight,QQQ,0.20237979343034332,drifted
2025-02-13,equal_weight,IWM,0.19768080334796728,drifted
2025-02-13,equal_weight,EFA,0.20440645445286976,drifted
2025-02-13,equal_weight,IEF,0.19595671380870414,drifted
2025-02-14,equal_weight,SPY,0.19920519715061638,drifted
2025-02-14,equal_weight,QQQ,0.20286161742059622,drifted
2025-02-14,equal_weight,IWM,0.19717461318474105,drifted
2025-02-14,equal_weight,EFA,0.20433569248296832,drifted
2025-02-14,equal_weight,IEF,0.19642287976107803,drifted
2025-02-18,equal_weight,SPY,0.19928269462762827,drifted
2025-02-18,equal_weight,QQQ,0.20280520035750313,drifted
2025-02-18,equal_weight,IWM,0.1977531711665184,drifted
2025-02-18,equal_weight,EFA,0.20528457368252884,drifted
2025-02-18,equal_weight,IEF,0.19487436016582135,drifted
2025-02-19,equal_weight,SPY,0.20014279199260623,drifted
2025-02-19,equal_weight,QQQ,0.20325854489945294,drifted
2025-02-19,equal_weight,IWM,0.1974599035119806,drifted
2025-02-19,equal_weight,EFA,0.20356755125180884,drifted
2025-02-19,equal_weight,IEF,0.1955712083441513,drifted
2025-02-20,equal_weight,SPY,0.1997577935482002,drifted
2025-02-20,equal_weight,QQQ,0.20285036288868577,drifted
2025-02-20,equal_weight,IWM,0.19600676643216022,drifted
2025-02-20,equal_weight,EFA,0.20497407490950728,drifted
2025-02-20,equal_weight,IEF,0.19641100222144656,drifted
2025-02-21,equal_weight,SPY,0.19900528115054045,drifted
2025-02-21,equal_weight,QQQ,0.2013356129328713,drifted
2025-02-21,equal_weight,IWM,0.1929436199730183,drifted
2025-02-21,equal_weight,EFA,0.20646402025864327,drifted
2025-02-21,equal_weight,IEF,0.20025146568492672,drifted
2025-02-24,equal_weight,SPY,0.1989696345783074,drifted
2025-02-24,equal_weight,QQQ,0.19983272590082235,drifted
2025-02-24,equal_weight,IWM,0.1923939895286431,drifted
2025-02-24,equal_weight,EFA,0.2072435169607697,drifted
2025-02-24,equal_weight,IEF,0.20156013303145748,drifted
2025-02-25,equal_weight,SPY,0.19813204595484557,drifted
2025-02-25,equal_weight,QQQ,0.19746636176433313,drifted
2025-02-25,equal_weight,IWM,0.19181144054130836,drifted
2025-02-25,equal_weight,EFA,0.20928592373505253,drifted
2025-02-25,equal_weight,IEF,0.20330422800446038,drifted
2025-02-26,equal_weight,SPY,0.19790433813584857,drifted
2025-02-26,equal_weight,QQQ,0.1976161560076768,drifted
2025-02-26,equal_weight,IWM,0.19173436082722098,drifted
2025-02-26,equal_weight,EFA,0.20921944068032808,drifted
2025-02-26,equal_weight,IEF,0.20352570434892567,drifted
2025-02-27,equal_weight,SPY,0.19754475298508806,drifted
2025-02-27,equal_weight,QQQ,0.19488979899284425,drifted
2025-02-27,equal_weight,IWM,0.1915236596205709,drifted
2025-02-27,equal_weight,EFA,0.20982980891249833,drifted
2025-02-27,equal_weight,IEF,0.20621197948899841,drifted
2025-02-28,equal_weight,SPY,0.198686843668737,drifted
2025-02-28,equal_weight,QQQ,0.19605243269177475,drifted
2025-02-28,equal_weight,IWM,0.19168927124301033,drifted
2025-02-28,equal_weight,EFA,0.20823404433028844,drifted
2025-02-28,equal_weight,IEF,0.2053374080661896,drifted
2025-03-03,equal_weight,SPY,0.2,target
2025-03-03,equal_weight,QQQ,0.2,target
2025-03-03,equal_weight,IWM,0.2,target
2025-03-03,equal_weight,EFA,0.2,target
2025-03-03,equal_weight,IEF,0.2,target
2025-03-03,equal_weight,SPY,0.2,drifted
2025-03-03,equal_weight,QQQ,0.2,drifted
2025-03-03,equal_weight,IWM,0.2,drifted
2025-03-03,equal_weight,EFA,0.2,drifted
2025-03-03,equal_weight,IEF,0.2,drifted
2025-03-04,equal_weight,SPY,0.1988074107639741,drifted
2025-03-04,equal_weight,QQQ,0.200581714134508,drifted
2025-03-04,equal_weight,IWM,0.1989146950783133,drifted
2025-03-04,equal_weight,EFA,0.2011400563591247,drifted
2025-03-04,equal_weight,IEF,0.20055612366407996,drifted
2025-03-05,equal_weight,SPY,0.1988730080172202,drifted
2025-03-05,equal_weight,QQQ,0.20110212171384295,drifted
2025-03-05,equal_weight,IWM,0.19881954547913938,drifted
2025-03-05,equal_weight,EFA,0.20382267326500914,drifted
2025-03-05,equal_weight,IEF,0.19738265152478826,drifted
2025-03-06,equal_weight,SPY,0.19817860749024357,drifted
2025-03-06,equal_weight,QQQ,0.19840903556753783,drifted
2025-03-06,equal_weight,IWM,0.19861933201043253,drifted
2025-03-06,equal_weight,EFA,0.20465082978885418,drifted
2025-03-06,equal_weight,IEF,0.20014219514293188,drifted
2025-03-07,equal_weight,SPY,0.19827916662599301,drifted
2025-03-07,equal_weight,QQQ,0.19885495301199635,drifted
2025-03-07,equal_weight,IWM,0.1982575462736643,drifted
2025-03-07,equal_weight,EFA,0.20573345678876825,drifted
2025-03-07,equal_weight,IEF,0.19887487729957815,drifted
2025-03-10,equal_weight,SPY,0.1972250817864694,drifted
2025-03-10,equal_weight,QQQ,0.19533470649667764,drifted
2025-03-10,equal_weight,IWM,0.19750418928366642,drifted
2025-03-10,equal_weight,EFA,0.20528424778616508,drifted
2025-03-10,equal_weight,IEF,0.20465177464702158,drifted
2025-03-11,equal_weight,SPY,0.19628346182534268,drifted
2025-03-11,equal_weight,QQQ,0.19556308967379105,drifted
2025-03-11,equal_weight,IWM,0.19818911776843084,drifted
2025-03-11,equal_weight,EFA,0.20531701068923006,drifted
2025-03-11,equal_weight,IEF,0.20464732004320535,drifted
2025-03-12,equal_weight,SPY,0.19644833970978978,drifted
2025-03-12,equal_weight,QQQ,0.19689055189609445,drifted
2025-03-12,equal_weight,IWM,0.19765261425891462,drifted
2025-03-12,equal_weight,EFA,0.20587268844033282,drifted
2025-03-12,equal_weight,IEF,0.20313580569486833,drifted
2025-03-13,equal_weight,SPY,0.19572034380029313,drifted
2025-03-13,equal_weight,QQQ,0.19523441925834564,drifted
2025-03-13,equal_weight,IWM,0.19660331034181808,drifted
2025-03-13,equal_weight,EFA,0.20649918690096442,drifted
2025-03-13,equal_weight,IEF,0.20594273969857874,drifted
2025-03-14,equal_weight,SPY,0.19650270156112862,drifted
2025-03-14,equal_weight,QQQ,0.1966898510182716,drifted
2025-03-14,equal_weight,IWM,0.1980707405950624,drifted
2025-03-14,equal_weight,EFA,0.20686031904357685,drifted
2025-03-14,equal_weight,IEF,0.20187638778196063,drifted
2025-03-17,equal_weight,SPY,0.1964885993922091,drifted
2025-03-17,equal_weight,QQQ,0.19643615567222147,drifted
2025-03-17,equal_weight,IWM,0.19902082535378096,drifted
2025-03-17,equal_weight,EFA,0.20756759053017323,drifted
2025-03-17,equal_weight,IEF,0.20048682905161513,drifted
2025-03-18,equal_weight,SPY,0.1957334494463656,drifted
2025-03-18,equal_weight,QQQ,0.1944470028626948,drifted
2025-03-18,equal_weight,IWM,0.19868181692722978,drifted
2025-03-18,equal_weight,EFA,0.20900442022114932,drifted
2025-03-18,equal_weight,IEF,0.2021333105425605,drifted
2025-03-19,equal_weight,SPY,0.19608863017707057,drifted
2025-03-19,equal_weight,QQQ,0.19527976772982633,drifted
2025-03-19,equal_weight,IWM,0.19995980808244695,drifted
2025-03-19,equal_weight,EFA,0.20773967903866963,drifted
2025-03-19,equal_weight,IEF,0.20093211497198663,drifted
2025-03-20,equal_weight,SPY,0.19629490528335325,drifted
2025-03-20,equal_weight,QQQ,0.1953875621923155,drifted
2025-03-20,equal_weight,IWM,0.19947634817215515,drifted
2025-03-20,equal_weight,EFA,0.20681691940520872,drifted
2025-03-20,equal_weight,IEF,0.20202426494696749,drifted
2025-03-21,equal_weight,SPY,0.19674804502777532,drifted
2025-03-21,equal_weight,QQQ,0.1964194611753395,drifted
2025-03-21,equal_weight,IWM,0.19863303125253254,drifted
2025-03-21,equal_weight,EFA,0.20594592752581692,drifted
2025-03-21,equal_weight,IEF,0.2022535350185357,drifted
2025-03-24,equal_weight,SPY,0.19797888697962282,drifted
2025-03-24,equal_weight,QQQ,0.19843188448281568,drifted
2025-03-24,equal_weight,IWM,0.20124429901527363,drifted
2025-03-24,equal_weight,EFA,0.20356400676660721,drifted
2025-03-24,equal_weight,IEF,0.19878092275568052,drifted
2025-03-25,equal_weight,SPY,0.19806920472715442,drifted
2025-03-25,equal_weight,QQQ,0.1991765253768384,drifted
2025-03-25,equal_weight,IWM,0.19973779675749528,drifted
2025-03-25,equal_weight,EFA,0.20428575176938332,drifted
2025-03-25,equal_weight,IEF,0.19873072136912867,drifted
2025-03-26,equal_weight,SPY,0.19791492791293458,drifted
2025-03-26,equal_weight,QQQ,0.19771970345945925,drifted
2025-03-26,equal_weight,IWM,0.19994163612015098,drifted
2025-03-26,equal_weight,EFA,0.20391572637017272,drifted
2025-03-26,equal_weight,IEF,0.20050800613728245,drifted
2025-03-27,equal_weight,SPY,0.1978509091985189,drifted
2025-03-27,equal_weight,QQQ,0.19705280783954138,drifted
2025-03-27,equal_weight,IWM,0.19945388913879375,drifted
2025-03-27,equal_weight,EFA,0.20483572635953085,drifted
2025-03-27,equal_weight,IEF,0.20080666746361522,drifted
2025-03-28,equal_weight,SPY,0.19650590880369734,drifted
2025-03-28,equal_weight,QQQ,0.19447697146477028,drifted
2025-03-28,equal_weight,IWM,0.19805895460831274,drifted
2025-03-28,equal_weight,EFA,0.20577778083264778,drifted
2025-03-28,equal_weight,IEF,0.20518038429057178,drifted
2025-03-31,equal_weight,SPY,0.1979943697480745,drifted
2025-03-31,equal_weight,QQQ,0.19463514232983786,drifted
2025-03-31,equal_weight,IWM,0.19727912747180873,drifted
2025-03-31,equal_weight,EFA,0.20413066476521863,drifted
2025-03-31,equal_weight,IEF,0.20596069568506023,drifted
2025-04-01,equal_weight,SPY,0.2,target
2025-04-01,equal_weight,QQQ,0.2,target
2025-04-01,equal_weight,IWM,0.2,target
2025-04-01,equal_weight,EFA,0.2,target
2025-04-01,equal_weight,IEF,0.2,target
2025-04-01,equal_weight,SPY,0.2,drifted
2025-04-01,equal_weight,QQQ,0.2,drifted
2025-04-01,equal_weight,IWM,0.2,drifted
2025-04-01,equal_weight,EFA,0.2,drifted
2025-04-01,equal_weight,IEF,0.2,drifted
2025-04-02,equal_weight,SPY,0.20003375701281179,drifted
2025-04-02,equal_weight,QQQ,0.20022656928681962,drifted
2025-04-02,equal_weight,IWM,0.20191420460230247,drifted
2025-04-02,equal_weight,EFA,0.19923721130364133,drifted
2025-04-02,equal_weight,IEF,0.19858825779442477,drifted
2025-04-03,equal_weight,SPY,0.19721124151258662,drifted
2025-04-03,equal_weight,QQQ,0.19651827950138442,drifted
2025-04-03,equal_weight,IWM,0.1959421280886421,drifted
2025-04-03,equal_weight,EFA,0.20227610831357104,drifted
2025-04-03,equal_weight,IEF,0.2080522425838159,drifted
2025-04-04,equal_weight,SPY,0.19446659538673036,drifted
2025-04-04,equal_weight,QQQ,0.19304931873135178,drifted
2025-04-04,equal_weight,IWM,0.1960749094984376,drifted
2025-04-04,equal_weight,EFA,0.19788406772417286,drifted
2025-04-04,equal_weight,IEF,0.2185251086593074,drifted
2025-04-07,equal_weight,SPY,0.19588951275075303,drifted
2025-04-07,equal_weight,QQQ,0.19527897472298747,drifted
2025-04-07,equal_weight,IWM,0.19607111897211404,drifted
2025-04-07,equal_weight,EFA,0.19486981640390236,drifted
2025-04-07,equal_weight,IEF,0.21789057715024318,drifted
2025-04-08,equal_weight,SPY,0.1954623664067386,drifted
2025-04-08,equal_weight,QQQ,0.19438883144360114,drifted
2025-04-08,equal_weight,IWM,0.19352069244909098,drifted
2025-04-08,equal_weight,EFA,0.19686435180064646,drifted
2025-04-08,equal_weight,IEF,0.21976375789992267,drifted
2025-04-09,equal_weight,SPY,0.20095690912103248,drifted
2025-04-09,equal_weight,QQQ,0.20256811755284948,drifted
2025-04-09,equal_weight,IWM,0.195356401017489,drifted
2025-04-09,equal_weight,EFA,0.19729648503051922,drifted
2025-04-09,equal_weight,IEF,0.20382208727810994,drifted
2025-04-10,equal_weight,SPY,0.19825581868688222,drifted
2025-04-10,equal_weight,QQQ,0.20011434310616635,drifted
2025-04-10,equal_weight,IWM,0.19309362621669954,drifted
2025-04-10,equal_weight,EFA,0.19954982655013326,drifted
2025-04-10,equal_weight,IEF,0.20898638544011866,drifted
2025-04-11,equal_weight,SPY,0.19903436414005807,drifted
2025-04-11,equal_weight,QQQ,0.20101470176167033,drifted
2025-04-11,equal_weight,IWM,0.19323116845975613,drifted
2025-04-11,equal_weight,EFA,0.20175235156858679,drifted
2025-04-11,equal_weight,IEF,0.2049674140699288,drifted
2025-04-14,equal_weight,SPY,0.1990970704893408,drifted
2025-04-14,equal_weight,QQQ,0.20049590581034593,drifted
2025-04-14,equal_weight,IWM,0.19368814431850034,drifted
2025-04-14,equal_weight,EFA,0.202028241390781,drifted
2025-04-14,equal_weight,IEF,0.20469063799103204,drifted
2025-04-15,equal_weight,SPY,0.19807691583249765,drifted
2025-04-15,equal_weight,QQQ,0.20025179394612655,drifted
2025-04-15,equal_weight,IWM,0.19347517111755444,drifted
2025-04-15,equal_weight,EFA,0.2033756659452506,drifted
2025-04-15,equal_weight,IEF,0.20482045315857075,drifted
2025-04-16,equal_weight,SPY,0.19606408247515283,drifted
2025-04-16,equal_weight,QQQ,0.19661019469085056,drifted
2025-04-16,equal_weight,IWM,0.1939855418236528,drifted
2025-04-16,equal_weight,EFA,0.20509296604952407,drifted
2025-04-16,equal_weight,IEF,0.20824721496081972,drifted
2025-04-17,equal_weight,SPY,0.19566686136727685,drifted
2025-04-17,equal_weight,QQQ,0.19589705475025362,drifted
2025-04-17,equal_weight,IWM,0.19489481932572875,drifted
2025-04-17,equal_weight,EFA,0.20660216890113056,drifted
2025-04-17,equal_weight,IEF,0.20693909565561025,drifted
2025-04-21,equal_weight,SPY,0.19404619037547166,drifted
2025-04-21,equal_weight,QQQ,0.19408659708643844,drifted
2025-04-21,equal_weight,IWM,0.19402239816997952,drifted
2025-04-21,equal_weight,EFA,0.20874811648507535,drifted
2025-04-21,equal_weight,IEF,0.209096697883035,drifted
2025-04-22,equal_weight,SPY,0.19525933747996163,drifted
2025-04-22,equal_weight,QQQ,0.19534455897094902,drifted
2025-04-22,equal_weight,IWM,0.195209895699425,drifted
2025-04-22,equal_weight,EFA,0.20896529399685584,drifted
2025-04-22,equal_weight,IEF,0.20522091385280847,drifted
2025-04-23,equal_weight,SPY,0.19604887696600215,drifted
2025-04-23,equal_weight,QQQ,0.19752172735596998,drifted
2025-04-23,equal_weight,IWM,0.19587059803173942,drifted
2025-04-23,equal_weight,EFA,0.20743691166900818,drifted
2025-04-23,equal_weight,IEF,0.2031218859772804,drifted
2025-04-24,equal_weight,SPY,0.1967393356877686,drifted
2025-04-24,equal_weight,QQQ,0.19959344203312107,drifted
2025-04-24,equal_weight,IWM,0.1963636014587005,drifted
2025-04-24,equal_weight,EFA,0.20658917915455655,drifted
2025-04-24,equal_weight,IEF,0.2007144416658533,drifted
2025-04-25,equal_weight,SPY,0.19710497534584193,drifted
2025-04-25,equal_weight,QQQ,0.2007431024344201,drifted
2025-04-25,equal_weight,IWM,0.19537768091359248,drifted
2025-04-25,equal_weight,EFA,0.2063716004195516,drifted
2025-04-25,equal_weight,IEF,0.2004026408865939,drifted
2025-04-28,equal_weight,SPY,0.19658828957042007,drifted
2025-04-28,equal_weight,QQQ,0.20007708338147306,drifted
2025-04-28,equal_weight,IWM,0.19561411444619475,drifted
2025-04-28,equal_weight,EFA,0.20712190018217394,drifted
2025-04-28,equal_weight,IEF,0.20059861241973817,drifted
2025-04-29,equal_weight,SPY,0.19687729988210084,drifted
2025-04-29,equal_weight,QQQ,0.20043198460827674,drifted
2025-04-29,equal_weight,IWM,0.19582381694541542,drifted
2025-04-29,equal_weight,EFA,0.20654173725899622,drifted
2025-04-29,equal_weight,IEF,0.20032516130521083,drifted
2025-04-30,equal_weight,SPY,0.19717346508773048,drifted
2025-04-30,equal_weight,QQQ,0.20062851922383673,drifted
2025-04-30,equal_weight,IWM,0.19481086396771105,drifted
2025-04-30,equal_weight,EFA,0.20652666930425004,drifted
2025-04-30,equal_weight,IEF,0.20086048241647173,drifted
2025-05-01,equal_weight,SPY,0.2,target
2025-05-01,equal_weight,QQQ,0.2,target
2025-05-01,equal_weight,IWM,0.2,target
2025-05-01,equal_weight,EFA,0.2,target
2025-05-01,equal_weight,IEF,0.2,target
2025-05-01,equal_weight,SPY,0.2,drifted
2025-05-01,equal_weight,QQQ,0.2,drifted
2025-05-01,equal_weight,IWM,0.2,drifted
2025-05-01,equal_weight,EFA,0.2,drifted
2025-05-01,equal_weight,IEF,0.2,drifted
2025-05-02,equal_weight,SPY,0.20037822675127467,drifted
2025-05-02,equal_weight,QQQ,0.20037813116086378,drifted
2025-05-02,equal_weight,IWM,0.2018882371080677,drifted
2025-05-02,equal_weight,EFA,0.20123354118595277,drifted
2025-05-02,equal_weight,IEF,0.19612186379384114,drifted
2025-05-05,equal_weight,SPY,0.20000720993520194,drifted
2025-05-05,equal_weight,QQQ,0.19996728261337773,drifted
2025-05-05,equal_weight,IWM,0.2011198200846456,drifted
2025-05-05,equal_weight,EFA,0.2023713511217047,drifted
2025-05-05,equal_weight,IEF,0.19653433624507005,drifted
2025-05-06,equal_weight,SPY,0.19942932361543828,drifted
2025-05-06,equal_weight,QQQ,0.1991997944648989,drifted
2025-05-06,equal_weight,IWM,0.20002308234836547,drifted
2025-05-06,equal_weight,EFA,0.20322790194958826,drifted
2025-05-06,equal_weight,IEF,0.19811989762170915,drifted
2025-05-07,equal_weight,SPY,0.19984434503204518,drifted
2025-05-07,equal_weight,QQQ,0.19955878305845554,drifted
2025-05-07,equal_weight,IWM,0.2002592900020583,drifted
2025-05-07,equal_weight,EFA,0.20211521834115947,drifted
2025-05-07,equal_weight,IEF,0.19822236356628148,drifted
2025-05-08,equal_weight,SPY,0.2002322577606475,drifted
2025-05-08,equal_weight,QQQ,0.20061273766284302,drifted
2025-05-08,equal_weight,IWM,0.20305460479440263,drifted
2025-05-08,equal_weight,EFA,0.20040354351450804,drifted
2025-05-08,equal_weight,IEF,0.1956968562675988,drifted
2025-05-09,equal_weight,SPY,0.19990336224791064,drifted
2025-05-09,equal_weight,QQQ,0.2004072984060213,drifted
2025-05-09,equal_weight,IWM,0.2026064021202373,drifted
2025-05-09,equal_weight,EFA,0.20131308561445999,drifted
2025-05-09,equal_weight,IEF,0.19576985161137087,drifted
2025-05-12,equal_weight,SPY,0.20212761623028383,drifted
2025-05-12,equal_weight,QQQ,0.2041461685164595,drifted
2025-05-12,equal_weight,IWM,0.20527920642389524,drifted
2025-05-12,equal_weight,EFA,0.19804982878407812,drifted
2025-05-12,equal_weight,IEF,0.19039718004528325,drifted
2025-05-13,equal_weight,SPY,0.20238844088992045,drifted
2025-05-13,equal_weight,QQQ,0.20616347255751172,drifted
2025-05-13,equal_weight,IWM,0.20494218570969003,drifted
2025-05-13,equal_weight,EFA,0.1972551405081304,drifted
2025-05-13,equal_weight,IEF,0.18925076033474722,drifted
2025-05-14,equal_weight,SPY,0.20305069383791396,drifted
2025-05-14,equal_weight,QQQ,0.20781208239248858,drifted
2025-05-14,equal_weight,IWM,0.20352943855312242,drifted
2025-05-14,equal_weight,EFA,0.19668856874091642,drifted
2025-05-14,equal_weight,IEF,0.18891921647555854,drifted
2025-05-15,equal_weight,SPY,0.20283940416736063,drifted
2025-05-15,equal_weight,QQQ,0.20681381427756781,drifted
2025-05-15,equal_weight,IWM,0.2036503596115708,drifted
2025-05-15,equal_weight,EFA,0.1976635832539119,drifted
2025-05-15,equal_weight,IEF,0.18903283868958892,drifted
2025-05-16,equal_weight,SPY,0.20323354813069122,drifted
2025-05-16,equal_weight,QQQ,0.2068076368082271,drifted
2025-05-16,equal_weight,IWM,0.20443740338445088,drifted
2025-05-16,equal_weight,EFA,0.19725331273439117,drifted
2025-05-16,equal_weight,IEF,0.18826809894223961,drifted
2025-05-19,equal_weight,SPY,0.20318365668776162,drifted
2025-05-19,equal_weight,QQQ,0.20672894827247346,drifted
2025-05-19,equal_weight,IWM,0.20330770841636786,drifted
2025-05-19,equal_weight,EFA,0.19886356465844063,drifted
2025-05-19,equal_weight,IEF,0.1879161219649566,drifted
2025-05-20,equal_weight,SPY,0.20261333248206512,drifted
2025-05-20,equal_weight,QQQ,0.20615469852588342,drifted
2025-05-20,equal_weight,IWM,0.20352810526756848,drifted
2025-05-20,equal_weight,EFA,0.19992324762975378,drifted
2025-05-20,equal_weight,IEF,0.18778061609472926,drifted
2025-05-21,equal_weight,SPY,0.20212373647715656,drifted
2025-05-21,equal_weight,QQQ,0.20627447423699802,drifted
2025-05-21,equal_weight,IWM,0.20071819949497896,drifted
2025-05-21,equal_weight,EFA,0.20166641106818314,drifted
2025-05-21,equal_weight,IEF,0.18921717872268326,drifted
2025-05-22,equal_weight,SPY,0.2019909525480389,drifted
2025-05-22,equal_weight,QQQ,0.20644324995816923,drifted
2025-05-22,equal_weight,IWM,0.20049734931708765,drifted
2025-05-22,equal_weight,EFA,0.20133992366049525,drifted
2025-05-22,equal_weight,IEF,0.18972852451620895,drifted
2025-05-23,equal_weight,SPY,0.2012359259262549,drifted
2025-05-23,equal_weight,QQQ,0.2051673045299192,drifted
2025-05-23,equal_weight,IWM,0.20048723157302753,drifted
2025-05-23,equal_weight,EFA,0.20224155725751158,drifted
2025-05-23,equal_weight,IEF,0.19086798071328676,drifted
2025-05-27,equal_weight,SPY,0.2018208547833056,drifted
2025-05-27,equal_weight,QQQ,0.20631489340982326,drifted
2025-05-27,equal_weight,IWM,0.20197307377963075,drifted
2025-05-27,equal_weight,EFA,0.20158717442165214,drifted
2025-05-27,equal_weight,IEF,0.18830400360558822,drifted
2025-05-28,equal_weight,SPY,0.2020791383592443,drifted
2025-05-28,equal_weight,QQQ,0.2068601686462181,drifted
2025-05-28,equal_weight,IWM,0.20126361284584085,drifted
2025-05-28,equal_weight,EFA,0.20067859326789905,drifted
2025-05-28,equal_weight,IEF,0.1891184868807978,drifted
2025-05-29,equal_weight,SPY,0.20217455993709227,drifted
2025-05-29,equal_weight,QQQ,0.20654930536679433,drifted
2025-05-29,equal_weight,IWM,0.20116223078916526,drifted
2025-05-29,equal_weight,EFA,0.20086731473353067,drifted
2025-05-29,equal_weight,IEF,0.1892465891734175,drifted
2025-05-30,equal_weight,SPY,0.20209396281779474,drifted
2025-05-30,equal_weight,QQQ,0.20637218961094006,drifted
2025-05-30,equal_weight,IWM,0.20028173698207186,drifted
2025-05-30,equal_weight,EFA,0.2013067367352858,drifted
2025-05-30,equal_weight,IEF,0.18994537385390753,drifted
2025-06-02,equal_weight,SPY,0.2,target
2025-06-02,equal_weight,QQQ,0.2,target
2025-06-02,equal_weight,IWM,0.2,target
2025-06-02,equal_weight,EFA,0.2,target
2025-06-02,equal_weight,IEF,0.2,target
2025-06-02,equal_weight,SPY,0.2,drifted
2025-06-02,equal_weight,QQQ,0.2,drifted
2025-06-02,equal_weight,IWM,0.2,drifted
2025-06-02,equal_weight,EFA,0.2,drifted
2025-06-02,equal_weight,IEF,0.2,drifted
2025-06-03,equal_weight,SPY,0.20029426587063165,drifted
2025-06-03,equal_weight,QQQ,0.20071541106042776,drifted
2025-06-03,equal_weight,IWM,0.2023728225118147,drifted
2025-06-03,equal_weight,EFA,0.19764977053912683,drifted
2025-06-03,equal_weight,IEF,0.1989677300179991,drifted
2025-06-04,equal_weight,SPY,0.19978402552021987,drifted
2025-06-04,equal_weight,QQQ,0.20081610960117027,drifted
2025-06-04,equal_weight,IWM,0.2013415682811247,drifted
2025-06-04,equal_weight,EFA,0.19808468320959985,drifted
2025-06-04,equal_weight,IEF,0.19997361338788527,drifted
2025-06-05,equal_weight,SPY,0.19943979121511698,drifted
2025-06-05,equal_weight,QQQ,0.19992741379400417,drifted
2025-06-05,equal_weight,IWM,0.20205794461242924,drifted
2025-06-05,equal_weight,EFA,0.19857042792948765,drifted
2025-06-05,equal_weight,IEF,0.20000442244896208,drifted
2025-06-06,equal_weight,SPY,0.20020910065342076,drifted
2025-06-06,equal_weight,QQQ,0.20060048358840765,drifted
2025-06-06,equal_weight,IWM,0.20402025845013055,drifted
2025-06-06,equal_weight,EFA,0.1980163105014893,drifted
2025-06-06,equal_weight,IEF,0.19715384680655174,drifted
2025-06-09,equal_weight,SPY,0.19994608665099015,drifted
2025-06-09,equal_weight,QQQ,0.20045119644577564,drifted
2025-06-09,equal_weight,IWM,0.2049713986426582,drifted
2025-06-09,equal_weight,EFA,0.19755611880549181,drifted
2025-06-09,equal_weight,IEF,0.19707519945508423,drifted
2025-06-10,equal_weight,SPY,0.20024573954323266,drifted
2025-06-10,equal_weight,QQQ,0.20094010030855874,drifted
2025-06-10,equal_weight,IWM,0.20522139975936757,drifted
2025-06-10,equal_weight,EFA,0.19699979066266268,drifted
2025-06-10,equal_weight,IEF,0.19659296972617835,drifted
2025-06-11,equal_weight,SPY,0.19999498910914076,drifted
2025-06-11,equal_weight,QQQ,0.20058430764761198,drifted
2025-06-11,equal_weight,IWM,0.2047074694481269,drifted
2025-06-11,equal_weight,EFA,0.19698644559285786,drifted
2025-06-11,equal_weight,IEF,0.19772678820226255,drifted
2025-06-12,equal_weight,SPY,0.20022381973158915,drifted
2025-06-12,equal_weight,QQQ,0.20048850206679697,drifted
2025-06-12,equal_weight,IWM,0.20331820725967575,drifted
2025-06-12,equal_weight,EFA,0.197942203055519,drifted
2025-06-12,equal_weight,IEF,0.1980272678864191,drifted
2025-06-13,equal_weight,SPY,0.20033831119010445,drifted
2025-06-13,equal_weight,QQQ,0.20032426201163134,drifted
2025-06-13,equal_weight,IWM,0.20197341700722193,drifted
2025-06-13,equal_weight,EFA,0.19772426990674377,drifted
2025-06-13,equal_weight,IEF,0.1996397398842985,drifted
2025-06-16,equal_weight,SPY,0.2007899098366535,drifted
2025-06-16,equal_weight,QQQ,0.20165004461874614,drifted
2025-06-16,equal_weight,IWM,0.20288496802071904,drifted
2025-06-16,equal_weight,EFA,0.19703863417115736,drifted
2025-06-16,equal_weight,IEF,0.19763644335272415,drifted
2025-06-17,equal_weight,SPY,0.2005318293195826,drifted
2025-06-17,equal_weight,QQQ,0.2011458924509884,drifted
2025-06-17,equal_weight,IWM,0.20221801578775592,drifted
2025-06-17,equal_weight,EFA,0.19604662285950014,drifted
2025-06-17,equal_weight,IEF,0.2000576395821729,drifted
2025-06-18,equal_weight,SPY,0.20020784175673714,drifted
2025-06-18,equal_weight,QQQ,0.20081699345429,drifted
2025-06-18,equal_weight,IWM,0.20298675666270255,drifted
2025-06-18,equal_weight,EFA,0.1960970476956467,drifted
2025-06-18,equal_weight,IEF,0.19989136043062355,drifted
2025-06-20,equal_weight,SPY,0.20040805545427307,drifted
2025-06-20,equal_weight,QQQ,0.20066831651605538,drifted
2025-06-20,equal_weight,IWM,0.2032406173969172,drifted
2025-06-20,equal_weight,EFA,0.19499344832670096,drifted
2025-06-20,equal_weight,IEF,0.20068956230605342,drifted
2025-06-23,equal_weight,SPY,0.2006423680968698,drifted
2025-06-23,equal_weight,QQQ,0.20098346952986462,drifted
2025-06-23,equal_weight,IWM,0.20395357999033237,drifted
2025-06-23,equal_weight,EFA,0.194767497256453,drifted
2025-06-23,equal_weight,IEF,0.19965308512648025,drifted
2025-06-24,equal_weight,SPY,0.20066008747811837,drifted
2025-06-24,equal_weight,QQQ,0.2018451217372626,drifted
2025-06-24,equal_weight,IWM,0.2043150398524854,drifted
2025-06-24,equal_weight,EFA,0.1950042366859334,drifted
2025-06-24,equal_weight,IEF,0.19817551424620025,drifted
2025-06-25,equal_weight,SPY,0.20132277814487773,drifted
2025-06-25,equal_weight,QQQ,0.20291573979629454,drifted
2025-06-25,equal_weight,IWM,0.20248683019925867,drifted
2025-06-25,equal_weight,EFA,0.19447255449947695,drifted
2025-06-25,equal_weight,IEF,0.19880209736009202,drifted
2025-06-26,equal_weight,SPY,0.20095976841697102,drifted
2025-06-26,equal_weight,QQQ,0.20285661316350154,drifted
2025-06-26,equal_weight,IWM,0.20380734587032817,drifted
2025-06-26,equal_weight,EFA,0.1947707096302554,drifted
2025-06-26,equal_weight,IEF,0.19760556291894382,drifted
2025-06-27,equal_weight,SPY,0.20135366233808247,drifted
2025-06-27,equal_weight,QQQ,0.2029418028479471,drifted
2025-06-27,equal_weight,IWM,0.2032632657092513,drifted
2025-06-27,equal_weight,EFA,0.19594224465156962,drifted
2025-06-27,equal_weight,IEF,0.19649902445314948,drifted
2025-06-30,equal_weight,SPY,0.2016183505000074,drifted
2025-06-30,equal_weight,QQQ,0.20355154822963173,drifted
2025-06-30,equal_weight,IWM,0.20285342437887974,drifted
2025-06-30,equal_weight,EFA,0.1953755044743518,drifted
2025-06-30,equal_weight,IEF,0.19660117241712938,drifted
2025-07-01,equal_weight,SPY,0.2,target
2025-07-01,equal_weight,QQQ,0.2,target
2025-07-01,equal_weight,IWM,0.2,target
2025-07-01,equal_weight,EFA,0.2,target
2025-07-01,equal_weight,IEF,0.2,target
2025-07-01,equal_weight,SPY,0.2,drifted
2025-07-01,equal_weight,QQQ,0.2,drifted
2025-07-01,equal_weight,IWM,0.2,drifted
2025-07-01,equal_weight,EFA,0.2,drifted
2025-07-01,equal_weight,IEF,0.2,drifted
2025-07-02,equal_weight,SPY,0.19986075624139088,drifted
2025-07-02,equal_weight,QQQ,0.20034463784569823,drifted
2025-07-02,equal_weight,IWM,0.20171489428497208,drifted
2025-07-02,equal_weight,EFA,0.19953848441121216,drifted
2025-07-02,equal_weight,IEF,0.19854122721672665,drifted
2025-07-03,equal_weight,SPY,0.20047901644187763,drifted
2025-07-03,equal_weight,QQQ,0.20135501667905883,drifted
2025-07-03,equal_weight,IWM,0.20261863959006227,drifted
2025-07-03,equal_weight,EFA,0.1986349560279616,drifted
2025-07-03,equal_weight,IEF,0.19691237126103972,drifted
2025-07-07,equal_weight,SPY,0.2007576119561743,drifted
2025-07-07,equal_weight,QQQ,0.20161834725127228,drifted
2025-07-07,equal_weight,IWM,0.20135370854872778,drifted
2025-07-07,equal_weight,EFA,0.19823287713636034,drifted
2025-07-07,equal_weight,IEF,0.19803745510746532,drifted
2025-07-08,equal_weight,SPY,0.20013573497142176,drifted
2025-07-08,equal_weight,QQQ,0.2012169140366672,drifted
2025-07-08,equal_weight,IWM,0.2022293335934213,drifted
2025-07-08,equal_weight,EFA,0.1991785507691959,drifted
2025-07-08,equal_weight,IEF,0.19723946662929406,drifted
2025-07-09,equal_weight,SPY,0.19986905893382545,drifted
2025-07-09,equal_weight,QQQ,0.20116496209232304,drifted
2025-07-09,equal_weight,IWM,0.20293368843686016,drifted
2025-07-09,equal_weight,EFA,0.19921262043215537,drifted
2025-07-09,equal_weight,IEF,0.19681967010483595,drifted
2025-07-10,equal_weight,SPY,0.2002162833473159,drifted
2025-07-10,equal_weight,QQQ,0.20065871246658573,drifted
2025-07-10,equal_weight,IWM,0.20375689637519434,drifted
2025-07-10,equal_weight,EFA,0.19886463062318077,drifted
2025-07-10,equal_weight,IEF,0.19650347718772315,drifted
2025-07-11,equal_weight,SPY,0.20087476114858102,drifted
2025-07-11,equal_weight,QQQ,0.20157422797149538,drifted
2025-07-11,equal_weight,IWM,0.20231918098038795,drifted
2025-07-11,equal_weight,EFA,0.19830524757641854,drifted
2025-07-11,equal_weight,IEF,0.19692658232311716,drifted
2025-07-14,equal_weight,SPY,0.2007780796602192,drifted
2025-07-14,equal_weight,QQQ,0.20182282962714676,drifted
2025-07-14,equal_weight,IWM,0.20319318294620292,drifted
2025-07-14,equal_weight,EFA,0.19783230693453005,drifted
2025-07-14,equal_weight,IEF,0.19637360083190114,drifted
2025-07-15,equal_weight,SPY,0.201428913851227,drifted
2025-07-15,equal_weight,QQQ,0.2035324232325654,drifted
2025-07-15,equal_weight,IWM,0.20071817578983947,drifted
2025-07-15,equal_weight,EFA,0.1972413326916459,drifted
2025-07-15,equal_weight,IEF,0.19707915443472224,drifted
2025-07-16,equal_weight,SPY,0.20124658909346546,drifted
2025-07-16,equal_weight,QQQ,0.20287813681553815,drifted
2025-07-16,equal_weight,IWM,0.2018777799981175,drifted
2025-07-16,equal_weight,EFA,0.19720948328448773,drifted
2025-07-16,equal_weight,IEF,0.19678801080839112,drifted
2025-07-17,equal_weight,SPY,0.20127597246804294,drifted
2025-07-17,equal_weight,QQQ,0.2033056928064654,drifted
2025-07-17,equal_weight,IWM,0.20331226311575076,drifted
2025-07-17,equal_weight,EFA,0.19654876052120565,drifted
2025-07-17,equal_weight,IEF,0.1955573110885353,drifted
2025-07-18,equal_weight,SPY,0.201491445914679,drifted
2025-07-18,equal_weight,QQQ,0.20347670863707637,drifted
2025-07-18,equal_weight,IWM,0.20223281866028664,drifted
2025-07-18,equal_weight,EFA,0.1963478375828527,drifted
2025-07-18,equal_weight,IEF,0.19645118920510535,drifted
2025-07-21,equal_weight,SPY,0.20140032023788157,drifted
2025-07-21,equal_weight,QQQ,0.2040522471183325,drifted
2025-07-21,equal_weight,IWM,0.20094203813736963,drifted
2025-07-21,equal_weight,EFA,0.19692955052573677,drifted
2025-07-21,equal_weight,IEF,0.19667584398067958,drifted
2025-07-22,equal_weight,SPY,0.2009690446009913,drifted
2025-07-22,equal_weight,QQQ,0.2025324888776509,drifted
2025-07-22,equal_weight,IWM,0.20214900513194098,drifted
2025-07-22,equal_weight,EFA,0.19756354401595436,drifted
2025-07-22,equal_weight,IEF,0.19678591737346243,drifted
2025-07-23,equal_weight,SPY,0.20068657144158938,drifted
2025-07-23,equal_weight,QQQ,0.20145642964760987,drifted
2025-07-23,equal_weight,IWM,0.2032190801224705,drifted
2025-07-23,equal_weight,EFA,0.20048366888288185,drifted
2025-07-23,equal_weight,IEF,0.1941542499054484,drifted
2025-07-24,equal_weight,SPY,0.2015769111468454,drifted
2025-07-24,equal_weight,QQQ,0.20271374514378385,drifted
2025-07-24,equal_weight,IWM,0.20123552054047364,drifted
2025-07-24,equal_weight,EFA,0.19981108310658027,drifted
2025-07-24,equal_weight,IEF,0.19466274006231685,drifted
2025-07-25,equal_weight,SPY,0.20196435227296067,drifted
2025-07-25,equal_weight,QQQ,0.20273584424411698,drifted
2025-07-25,equal_weight,IWM,0.20151962627343692,drifted
2025-07-25,equal_weight,EFA,0.19911165351277949,drifted
2025-07-25,equal_weight,IEF,0.19466852369670598,drifted
2025-07-28,equal_weight,SPY,0.20257922243801912,drifted
2025-07-28,equal_weight,QQQ,0.20403979970010783,drifted
2025-07-28,equal_weight,IWM,0.20194960278596444,drifted
2025-07-28,equal_weight,EFA,0.1965540881181394,drifted
2025-07-28,equal_weight,IEF,0.1948772869577692,drifted
2025-07-29,equal_weight,SPY,0.20229918541329722,drifted
2025-07-29,equal_weight,QQQ,0.2039801572170231,drifted
2025-07-29,equal_weight,IWM,0.20091362766987622,drifted
2025-07-29,equal_weight,EFA,0.19640473331116845,drifted
2025-07-29,equal_weight,IEF,0.19640229638863507,drifted
2025-07-30,equal_weight,SPY,0.2026712399513752,drifted
2025-07-30,equal_weight,QQQ,0.20488709830835702,drifted
2025-07-30,equal_weight,IWM,0.20051425635512105,drifted
2025-07-30,equal_weight,EFA,0.195599072096036,drifted
2025-07-30,equal_weight,IEF,0.19632833328911067,drifted
2025-07-31,equal_weight,SPY,0.2030775717986544,drifted
2025-07-31,equal_weight,QQQ,0.20497890523859744,drifted
2025-07-31,equal_weight,IWM,0.19969755490358027,drifted
2025-07-31,equal_weight,EFA,0.19461670043428664,drifted
2025-07-31,equal_weight,IEF,0.19762926762488117,drifted
2025-08-01,equal_weight,SPY,0.2,target
2025-08-01,equal_weight,QQQ,0.2,target
2025-08-01,equal_weight,IWM,0.2,target
2025-08-01,equal_weight,EFA,0.2,target
2025-08-01,equal_weight,IEF,0.2,target
2025-08-01,equal_weight,SPY,0.2,drifted
2025-08-01,equal_weight,QQQ,0.2,drifted
2025-08-01,equal_weight,IWM,0.2,drifted
2025-08-01,equal_weight,EFA,0.2,drifted
2025-08-01,equal_weight,IEF,0.2,drifted
2025-08-04,equal_weight,SPY,0.20020979740020234,drifted
2025-08-04,equal_weight,QQQ,0.20085113518180583,drifted
2025-08-04,equal_weight,IWM,0.20162592396227974,drifted
2025-08-04,equal_weight,EFA,0.1998329906008475,drifted
2025-08-04,equal_weight,IEF,0.19748015285486456,drifted
2025-08-05,equal_weight,SPY,0.19949756925220485,drifted
2025-08-05,equal_weight,QQQ,0.19979069465515314,drifted
2025-08-05,equal_weight,IWM,0.20296170466050825,drifted
2025-08-05,equal_weight,EFA,0.20011414964615457,drifted
2025-08-05,equal_weight,IEF,0.19763588178597913,drifted
2025-08-06,equal_weight,SPY,0.20003678106479916,drifted
2025-08-06,equal_weight,QQQ,0.20130954181592425,drifted
2025-08-06,equal_weight,IWM,0.20169812318240177,drifted
2025-08-06,equal_weight,EFA,0.20043566718674793,drifted
2025-08-06,equal_weight,IEF,0.1965198867501268,drifted
2025-08-07,equal_weight,SPY,0.1995673082409503,drifted
2025-08-07,equal_weight,QQQ,0.2016857499072814,drifted
2025-08-07,equal_weight,IWM,0.2007360218591943,drifted
2025-08-07,equal_weight,EFA,0.20193144633068208,drifted
2025-08-07,equal_weight,IEF,0.19607947366189193,drifted
2025-08-08,equal_weight,SPY,0.2001903719706932,drifted
2025-08-08,equal_weight,QQQ,0.20262262929731123,drifted
2025-08-08,equal_weight,IWM,0.20024098627678372,drifted
2025-08-08,equal_weight,EFA,0.20222537738298374,drifted
2025-08-08,equal_weight,IEF,0.19472063507222817,drifted
2025-08-11,equal_weight,SPY,0.20016078242617982,drifted
2025-08-11,equal_weight,QQQ,0.20239347597656798,drifted
2025-08-11,equal_weight,IWM,0.20056255251889696,drifted
2025-08-11,equal_weight,EFA,0.20174418807276376,drifted
2025-08-11,equal_weight,IEF,0.19513900100559142,drifted
2025-08-12,equal_weight,SPY,0.19968487940757546,drifted
2025-08-12,equal_weight,QQQ,0.20229640629827128,drifted
2025-08-12,equal_weight,IWM,0.20385612086809574,drifted
2025-08-12,equal_weight,EFA,0.20157867532564808,drifted
2025-08-12,equal_weight,IEF,0.19258391810040956,drifted
2025-08-13,equal_weight,SPY,0.1990443767143781,drifted
2025-08-13,equal_weight,QQQ,0.20106010732724078,drifted
2025-08-13,equal_weight,IWM,0.20644654378405095,drifted
2025-08-13,equal_weight,EFA,0.2014557351689514,drifted
2025-08-13,equal_weight,IEF,0.19199323700537882,drifted
2025-08-14,equal_weight,SPY,0.19974157734692427,drifted
2025-08-14,equal_weight,QQQ,0.20158917809241206,drifted
2025-08-14,equal_weight,IWM,0.20448061171252221,drifted
2025-08-14,equal_weight,EFA,0.20216464213084864,drifted
2025-08-14,equal_weight,IEF,0.1920239907172929,drifted
2025-08-15,equal_weight,SPY,0.19958122664599154,drifted
2025-08-15,equal_weight,QQQ,0.20101222580759406,drifted
2025-08-15,equal_weight,IWM,0.2037999604174893,drifted
2025-08-15,equal_weight,EFA,0.20366937886891323,drifted
2025-08-15,equal_weight,IEF,0.1919372082600119,drifted
2025-08-18,equal_weight,SPY,0.19949411267478798,drifted
2025-08-18,equal_weight,QQQ,0.20088817730112382,drifted
2025-08-18,equal_weight,IWM,0.20449996676207613,drifted
2025-08-18,equal_weight,EFA,0.2034039381903311,drifted
2025-08-18,equal_weight,IEF,0.1917138050716811,drifted
2025-08-19,equal_weight,SPY,0.19938325501773088,drifted
2025-08-19,equal_weight,QQQ,0.1991327849694874,drifted
2025-08-19,equal_weight,IWM,0.20392359070770702,drifted
2025-08-19,equal_weight,EFA,0.20442198664149924,drifted
2025-08-19,equal_weight,IEF,0.19313838266357547,drifted
2025-08-20,equal_weight,SPY,0.1991357189495945,drifted
2025-08-20,equal_weight,QQQ,0.19823143588825917,drifted
2025-08-20,equal_weight,IWM,0.2034908077011032,drifted
2025-08-20,equal_weight,EFA,0.20544563049285125,drifted
2025-08-20,equal_weight,IEF,0.19369640696819188,drifted
2025-08-21,equal_weight,SPY,0.1989472209868169,drifted
2025-08-21,equal_weight,QQQ,0.1979208839209953,drifted
2025-08-21,equal_weight,IWM,0.20462417203682748,drifted
2025-08-21,equal_weight,EFA,0.2047847493165488,drifted
2025-08-21,equal_weight,IEF,0.1937229737388115,drifted
2025-08-22,equal_weight,SPY,0.198374820496094,drifted
2025-08-22,equal_weight,QQQ,0.19736517493466332,drifted
2025-08-22,equal_weight,IWM,0.20882848478082736,drifted
2025-08-22,equal_weight,EFA,0.2041287491200258,drifted
2025-08-22,equal_weight,IEF,0.1913027706683895,drifted
2025-08-25,equal_weight,SPY,0.19883625874071678,drifted
2025-08-25,equal_weight,QQQ,0.19812556165884387,drifted
2025-08-25,equal_weight,IWM,0.208028156827555,drifted
2025-08-25,equal_weight,EFA,0.2027967224796169,drifted
2025-08-25,equal_weight,IEF,0.1922133002932675,drifted
2025-08-26,equal_weight,SPY,0.1989467565088768,drifted
2025-08-26,equal_weight,QQQ,0.1982017409414332,drifted
2025-08-26,equal_weight,IWM,0.2089886113028989,drifted
2025-08-26,equal_weight,EFA,0.20184372410605925,drifted
2025-08-26,equal_weight,IEF,0.19201916714073186,drifted
2025-08-27,equal_weight,SPY,0.19897897578501345,drifted
2025-08-27,equal_weight,QQQ,0.1980871389650369,drifted
2025-08-27,equal_weight,IWM,0.21002496208298818,drifted
2025-08-27,equal_weight,EFA,0.20093530744533517,drifted
2025-08-27,equal_weight,IEF,0.19197361572162633,drifted
2025-08-28,equal_weight,SPY,0.19901118779678995,drifted
2025-08-28,equal_weight,QQQ,0.19865592175670524,drifted
2025-08-28,equal_weight,IWM,0.20956608641008626,drifted
2025-08-28,equal_weight,EFA,0.2010013167273436,drifted
2025-08-28,equal_weight,IEF,0.19176548730907492,drifted
2025-08-29,equal_weight,SPY,0.19896975883447873,drifted
2025-08-29,equal_weight,QQQ,0.19749332866459676,drifted
2025-08-29,equal_weight,IWM,0.2098425972203294,drifted
2025-08-29,equal_weight,EFA,0.20097879628257453,drifted
2025-08-29,equal_weight,IEF,0.19271551899802064,drifted
2025-09-02,equal_weight,SPY,0.2,target
2025-09-02,equal_weight,QQQ,0.2,target
2025-09-02,equal_weight,IWM,0.2,target
2025-09-02,equal_weight,EFA,0.2,target
2025-09-02,equal_weight,IEF,0.2,target
2025-09-02,equal_weight,SPY,0.2,drifted
2025-09-02,equal_weight,QQQ,0.2,drifted
2025-09-02,equal_weight,IWM,0.2,drifted
2025-09-02,equal_weight,EFA,0.2,drifted
2025-09-02,equal_weight,IEF,0.2,drifted
2025-09-03,equal_weight,SPY,0.20039045355093557,drifted
2025-09-03,equal_weight,QQQ,0.20087835157954287,drifted
2025-09-03,equal_weight,IWM,0.1991142769034178,drifted
2025-09-03,equal_weight,EFA,0.19961831557271903,drifted
2025-09-03,equal_weight,IEF,0.19999860239338485,drifted
2025-09-04,equal_weight,SPY,0.20039582120862157,drifted
2025-09-04,equal_weight,QQQ,0.20102199549131142,drifted
2025-09-04,equal_weight,IWM,0.19993691632809052,drifted
2025-09-04,equal_weight,EFA,0.19940940226279924,drifted
2025-09-04,equal_weight,IEF,0.19923586470917717,drifted
2025-09-05,equal_weight,SPY,0.19930244204772166,drifted
2025-09-05,equal_weight,QQQ,0.20079521325512906,drifted
2025-09-05,equal_weight,IWM,0.20041827488346092,drifted
2025-09-05,equal_weight,EFA,0.19978988479442267,drifted
2025-09-05,equal_weight,IEF,0.19969418501926575,drifted
2025-09-08,equal_weight,SPY,0.1988979648900751,drifted
2025-09-08,equal_weight,QQQ,0.2008717653520412,drifted
2025-09-08,equal_weight,IWM,0.19992417158810089,drifted
2025-09-08,equal_weight,EFA,0.200889310211794,drifted
2025-09-08,equal_weight,IEF,0.1994167879579888,drifted
2025-09-09,equal_weight,SPY,0.19961530689504395,drifted
2025-09-09,equal_weight,QQQ,0.20170107432914255,drifted
2025-09-09,equal_weight,IWM,0.19900610004987268,drifted
2025-09-09,equal_weight,EFA,0.20047621156795073,drifted
2025-09-09,equal_weight,IEF,0.19920130715799012,drifted
2025-09-10,equal_weight,SPY,0.2000360447106416,drifted
2025-09-10,equal_weight,QQQ,0.20160950472466502,drifted
2025-09-10,equal_weight,IWM,0.1984980604568153,drifted
2025-09-10,equal_weight,EFA,0.20027628617791338,drifted
2025-09-10,equal_weight,IEF,0.1995801039299647,drifted
2025-09-11,equal_weight,SPY,0.19991164444188417,drifted
2025-09-11,equal_weight,QQQ,0.20098666557208197,drifted
2025-09-11,equal_weight,IWM,0.20037608671300403,drifted
2025-09-11,equal_weight,EFA,0.20060793475873895,drifted
2025-09-11,equal_weight,IEF,0.19811766851429105,drifted
2025-09-12,equal_weight,SPY,0.20036398370158404,drifted
2025-09-12,equal_weight,QQQ,0.20239898285666763,drifted
2025-09-12,equal_weight,IWM,0.1988443639752653,drifted
2025-09-12,equal_weight,EFA,0.20033207135511308,drifted
2025-09-12,equal_weight,IEF,0.19806059811137,drifted
2025-09-15,equal_weight,SPY,0.20036802532243372,drifted
2025-09-15,equal_weight,QQQ,0.20305394488620565,drifted
2025-09-15,equal_weight,IWM,0.1986335189453972,drifted
2025-09-15,equal_weight,EFA,0.20060381535174948,drifted
2025-09-15,equal_weight,IEF,0.1973406954942139,drifted
2025-09-16,equal_weight,SPY,0.20033450626282218,drifted
2025-09-16,equal_weight,QQQ,0.20312811347563461,drifted
2025-09-16,equal_weight,IWM,0.19854662888581148,drifted
2025-09-16,equal_weight,EFA,0.20028895742094543,drifted
2025-09-16,equal_weight,IEF,0.19770179395478632,drifted
2025-09-17,equal_weight,SPY,0.2003509294647296,drifted
2025-09-17,equal_weight,QQQ,0.2029914435426154,drifted
2025-09-17,equal_weight,IWM,0.19931884980828177,drifted
2025-09-17,equal_weight,EFA,0.1998025693980343,drifted
2025-09-17,equal_weight,IEF,0.19753620778633887,drifted
2025-09-18,equal_weight,SPY,0.19971874628261824,drifted
2025-09-18,equal_weight,QQQ,0.2032259756715266,drifted
2025-09-18,equal_weight,IWM,0.20269159255284783,drifted
2025-09-18,equal_weight,EFA,0.19901322100071017,drifted
2025-09-18,equal_weight,IEF,0.19535046449229723,drifted
2025-09-19,equal_weight,SPY,0.20071257444416526,drifted
2025-09-19,equal_weight,QQQ,0.20460641711371616,drifted
2025-09-19,equal_weight,IWM,0.20115644900743623,drifted
2025-09-19,equal_weight,EFA,0.19825041676618338,drifted
2025-09-19,equal_weight,IEF,0.1952741426684989,drifted
2025-09-22,equal_weight,SPY,0.20092989772475509,drifted
2025-09-22,equal_weight,QQQ,0.20507035242570107,drifted
2025-09-22,equal_weight,IWM,0.20158907721710378,drifted
2025-09-22,equal_weight,EFA,0.19816775058219246,drifted
2025-09-22,equal_weight,IEF,0.19424292205024762,drifted
2025-09-23,equal_weight,SPY,0.20038683778291783,drifted
2025-09-23,equal_weight,QQQ,0.2042695887382875,drifted
2025-09-23,equal_weight,IWM,0.20168970134193542,drifted
2025-09-23,equal_weight,EFA,0.19833049966993183,drifted
2025-09-23,equal_weight,IEF,0.1953233724669273,drifted
2025-09-24,equal_weight,SPY,0.200729337068996,drifted
2025-09-24,equal_weight,QQQ,0.2045512053875937,drifted
2025-09-24,equal_weight,IWM,0.20081741524187213,drifted
2025-09-24,equal_weight,EFA,0.1981478481205462,drifted
2025-09-24,equal_weight,IEF,0.195754194180992,drifted
2025-09-25,equal_weight,SPY,0.20092175990156905,drifted
2025-09-25,equal_weight,QQQ,0.20480945082561938,drifted
2025-09-25,equal_weight,IWM,0.20001072179276508,drifted
2025-09-25,equal_weight,EFA,0.1978365305373504,drifted
2025-09-25,equal_weight,IEF,0.19642153694269612,drifted
2025-09-26,equal_weight,SPY,0.20104098116989808,drifted
2025-09-26,equal_weight,QQQ,0.20460124636859772,drifted
2025-09-26,equal_weight,IWM,0.2006941216838803,drifted
2025-09-26,equal_weight,EFA,0.19834660869128062,drifted
2025-09-26,equal_weight,IEF,0.19531704208634343,drifted
2025-09-29,equal_weight,SPY,0.20098603344919655,drifted
2025-09-29,equal_weight,QQQ,0.20491668398430368,drifted
2025-09-29,equal_weight,IWM,0.20030909886735837,drifted
2025-09-29,equal_weight,EFA,0.198505159014506,drifted
2025-09-29,equal_weight,IEF,0.19528302468463538,drifted
2025-09-30,equal_weight,SPY,0.20127403157323473,drifted
2025-09-30,equal_weight,QQQ,0.20500023645143625,drifted
2025-09-30,equal_weight,IWM,0.20012459416314485,drifted
2025-09-30,equal_weight,EFA,0.19885291239141176,drifted
2025-09-30,equal_weight,IEF,0.1947482254207724,drifted
2025-10-01,equal_weight,SPY,0.2,target
2025-10-01,equal_weight,QQQ,0.2,target
2025-10-01,equal_weight,IWM,0.2,target
2025-10-01,equal_weight,EFA,0.2,target
2025-10-01,equal_weight,IEF,0.2,target
2025-10-01,equal_weight,SPY,0.2,drifted
2025-10-01,equal_weight,QQQ,0.2,drifted
2025-10-01,equal_weight,IWM,0.2,drifted
2025-10-01,equal_weight,EFA,0.2,drifted
2025-10-01,equal_weight,IEF,0.2,drifted
2025-10-02,equal_weight,SPY,0.1996632352183723,drifted
2025-10-02,equal_weight,QQQ,0.2002533807122956,drifted
2025-10-02,equal_weight,IWM,0.200691848936467,drifted
2025-10-02,equal_weight,EFA,0.19975129372907363,drifted
2025-10-02,equal_weight,IEF,0.19964024140379152,drifted
2025-10-03,equal_weight,SPY,0.19927695489874328,drifted
2025-10-03,equal_weight,QQQ,0.1990275341225597,drifted
2025-10-03,equal_weight,IWM,0.2017923090213518,drifted
2025-10-03,equal_weight,EFA,0.201038176380253,drifted
2025-10-03,equal_weight,IEF,0.19886502557709218,drifted
2025-10-06,equal_weight,SPY,0.1994130346181405,drifted
2025-10-06,equal_weight,QQQ,0.1999421719640197,drifted
2025-10-06,equal_weight,IWM,0.20201063805200542,drifted
2025-10-06,equal_weight,EFA,0.20092040881249798,drifted
2025-10-06,equal_weight,IEF,0.19771374655333634,drifted
2025-10-07,equal_weight,SPY,0.19971571038634733,drifted
2025-10-07,equal_weight,QQQ,0.19993245383389863,drifted
2025-10-07,equal_weight,IWM,0.20088977097312088,drifted
2025-10-07,equal_weight,EFA,0.20021511806305017,drifted
2025-10-07,equal_weight,IEF,0.19924694674358293,drifted
2025-10-08,equal_weight,SPY,0.19966392371082,drifted
2025-10-08,equal_weight,QQQ,0.20097357615011222,drifted
2025-10-08,equal_weight,IWM,0.20174046955736247,drifted
2025-10-08,equal_weight,EFA,0.1995664408228399,drifted
2025-10-08,equal_weight,IEF,0.1980555897588655,drifted
2025-10-09,equal_weight,SPY,0.19986665988740593,drifted
2025-10-09,equal_weight,QQQ,0.20151801656216028,drifted
2025-10-09,equal_weight,IWM,0.20122681496573339,drifted
2025-10-09,equal_weight,EFA,0.19870020060407909,drifted
2025-10-09,equal_weight,IEF,0.1986883079806213,drifted
2025-10-10,equal_weight,SPY,0.19860425927885755,drifted
2025-10-10,equal_weight,QQQ,0.198663238767971,drifted
2025-10-10,equal_weight,IWM,0.19935664421795746,drifted
2025-10-10,equal_weight,EFA,0.19919391847124823,drifted
2025-10-10,equal_weight,IEF,0.20418193926396572,drifted
2025-10-13,equal_weight,SPY,0.198766213559353,drifted
2025-10-13,equal_weight,QQQ,0.19997613474243578,drifted
2025-10-13,equal_weight,IWM,0.20197467145812817,drifted
2025-10-13,equal_weight,EFA,0.19791884111948663,drifted
2025-10-13,equal_weight,IEF,0.2013641391205964,drifted
2025-10-14,equal_weight,SPY,0.19798441675673828,drifted
2025-10-14,equal_weight,QQQ,0.19810475157807367,drifted
2025-10-14,equal_weight,IWM,0.20430252753180825,drifted
2025-10-14,equal_weight,EFA,0.1982731066015573,drifted
2025-10-14,equal_weight,IEF,0.20133519753182258,drifted
2025-10-15,equal_weight,SPY,0.19787262116809395,drifted
2025-10-15,equal_weight,QQQ,0.1985088006737535,drifted
2025-10-15,equal_weight,IWM,0.20527735082480258,drifted
2025-10-15,equal_weight,EFA,0.19823578642480255,drifted
2025-10-15,equal_weight,IEF,0.20010544090854743,drifted
2025-10-16,equal_weight,SPY,0.19740185334677265,drifted
2025-10-16,equal_weight,QQQ,0.19865612379529932,drifted
2025-10-16,equal_weight,IWM,0.20185239135270153,drifted
2025-10-16,equal_weight,EFA,0.200159850778653,drifted
2025-10-16,equal_weight,IEF,0.20192978072657355,drifted
2025-10-17,equal_weight,SPY,0.19830515616353916,drifted
2025-10-17,equal_weight,QQQ,0.19974185236059427,drifted
2025-10-17,equal_weight,IWM,0.20027392459534404,drifted
2025-10-17,equal_weight,EFA,0.20030112904244118,drifted
2025-10-17,equal_weight,IEF,0.2013779378380812,drifted
2025-10-20,equal_weight,SPY,0.19830339374724074,drifted
2025-10-20,equal_weight,QQQ,0.20017503560667382,drifted
2025-10-20,equal_weight,IWM,0.20207861351215237,drifted
2025-10-20,equal_weight,EFA,0.19987364545930383,drifted
2025-10-20,equal_weight,IEF,0.19956931167462916,drifted
2025-10-21,equal_weight,SPY,0.1987193091897911,drifted
2025-10-21,equal_weight,QQQ,0.20054542193318461,drifted
2025-10-21,equal_weight,IWM,0.20155073944173701,drifted
2025-10-21,equal_weight,EFA,0.1988244917246386,drifted
2025-10-21,equal_weight,IEF,0.20036003771064856,drifted
2025-10-22,equal_weight,SPY,0.198918883670545,drifted
2025-10-22,equal_weight,QQQ,0.19985183947352464,drifted
2025-10-22,equal_weight,IWM,0.19981043377045293,drifted
2025-10-22,equal_weight,EFA,0.19976816534023395,drifted
2025-10-22,equal_weight,IEF,0.20165067774524342,drifted
2025-10-23,equal_weight,SPY,0.19897247120343234,drifted
2025-10-23,equal_weight,QQQ,0.20039783683806958,drifted
2025-10-23,equal_weight,IWM,0.20120088226329194,drifted
2025-10-23,equal_weight,EFA,0.19956943710313138,drifted
2025-10-23,equal_weight,IEF,0.19985937259207465,drifted
2025-10-24,equal_weight,SPY,0.19925880850998037,drifted
2025-10-24,equal_weight,QQQ,0.2011850298051266,drifted
2025-10-24,equal_weight,IWM,0.20229833013171614,drifted
2025-10-24,equal_weight,EFA,0.19854990198902978,drifted
2025-10-24,equal_weight,IEF,0.19870792956414696,drifted
2025-10-27,equal_weight,SPY,0.20000593113749,drifted
2025-10-27,equal_weight,QQQ,0.20313915394562887,drifted
2025-10-27,equal_weight,IWM,0.20138917087279123,drifted
2025-10-27,equal_weight,EFA,0.19833841037493435,drifted
2025-10-27,equal_weight,IEF,0.19712733366915547,drifted
2025-10-28,equal_weight,SPY,0.20031393345543025,drifted
2025-10-28,equal_weight,QQQ,0.20447343933722625,drifted
2025-10-28,equal_weight,IWM,0.20008806697633288,drifted
2025-10-28,equal_weight,EFA,0.19803485226236958,drifted
2025-10-28,equal_weight,IEF,0.19708970796864117,drifted
2025-10-29,equal_weight,SPY,0.2010287734308356,drifted
2025-10-29,equal_weight,QQQ,0.20602816429640775,drifted
2025-10-29,equal_weight,IWM,0.19899658783922122,drifted
2025-10-29,equal_weight,EFA,0.19752479387589664,drifted
2025-10-29,equal_weight,IEF,0.19642168055763873,drifted
2025-10-30,equal_weight,SPY,0.20044563681337751,drifted
2025-10-30,equal_weight,QQQ,0.204539354685752,drifted
2025-10-30,equal_weight,IWM,0.19900842736801988,drifted
2025-10-30,equal_weight,EFA,0.19826267294710434,drifted
2025-10-30,equal_weight,IEF,0.1977439081857463,drifted
2025-10-31,equal_weight,SPY,0.2006200672335968,drifted
2025-10-31,equal_weight,QQQ,0.20503232844253008,drifted
2025-10-31,equal_weight,IWM,0.19964933039851,drifted
2025-10-31,equal_weight,EFA,0.19734784661967178,drifted
2025-10-31,equal_weight,IEF,0.19735042730569125,drifted
2025-11-03,equal_weight,SPY,0.2,target
2025-11-03,equal_weight,QQQ,0.2,target
2025-11-03,equal_weight,IWM,0.2,target
2025-11-03,equal_weight,EFA,0.2,target
2025-11-03,equal_weight,IEF,0.2,target
2025-11-03,equal_weight,SPY,0.2,drifted
2025-11-03,equal_weight,QQQ,0.2,drifted
2025-11-03,equal_weight,IWM,0.2,drifted
2025-11-03,equal_weight,EFA,0.2,drifted
2025-11-03,equal_weight,IEF,0.2,drifted
2025-11-04,equal_weight,SPY,0.1999666893771468,drifted
2025-11-04,equal_weight,QQQ,0.19825778603187735,drifted
2025-11-04,equal_weight,IWM,0.19886952855604043,drifted
2025-11-04,equal_weight,EFA,0.2002889019004128,drifted
2025-11-04,equal_weight,IEF,0.2026170941345227,drifted
2025-11-05,equal_weight,SPY,0.19962712399493937,drifted
2025-11-05,equal_weight,QQQ,0.19852121731846883,drifted
2025-11-05,equal_weight,IWM,0.2007007269299132,drifted
2025-11-05,equal_weight,EFA,0.20053613525420502,drifted
2025-11-05,equal_weight,IEF,0.20061479650247363,drifted
2025-11-06,equal_weight,SPY,0.1992418761525758,drifted
2025-11-06,equal_weight,QQQ,0.19655624347678366,drifted
2025-11-06,equal_weight,IWM,0.1989026334733007,drifted
2025-11-06,equal_weight,EFA,0.20186865106073618,drifted
2025-11-06,equal_weight,IEF,0.2034305958366036,drifted
2025-11-07,equal_weight,SPY,0.19914828185949182,drifted
2025-11-07,equal_weight,QQQ,0.19565138999977283,drifted
2025-11-07,equal_weight,IWM,0.19965485107302877,drifted
2025-11-07,equal_weight,EFA,0.20232633335328845,drifted
2025-11-07,equal_weight,IEF,0.2032191437144181,drifted
2025-11-10,equal_weight,SPY,0.19999850737265093,drifted
2025-11-10,equal_weight,QQQ,0.19774805966651102,drifted
2025-11-10,equal_weight,IWM,0.19940399793065822,drifted
2025-11-10,equal_weight,EFA,0.20216857422733292,drifted
2025-11-10,equal_weight,IEF,0.2006808608028469,drifted
2025-11-11,equal_weight,SPY,0.20001405437530603,drifted
2025-11-11,equal_weight,QQQ,0.19678621201139032,drifted
2025-11-11,equal_weight,IWM,0.19913523734593902,drifted
2025-11-11,equal_weight,EFA,0.20320435673858173,drifted
2025-11-11,equal_weight,IEF,0.20086013952878287,drifted
2025-11-12,equal_weight,SPY,0.1999823513296918,drifted
2025-11-12,equal_weight,QQQ,0.1964905769247414,drifted
2025-11-12,equal_weight,IWM,0.19850408792160865,drifted
2025-11-12,equal_weight,EFA,0.20426492996750398,drifted
2025-11-12,equal_weight,IEF,0.2007580538564543,drifted
2025-11-13,equal_weight,SPY,0.19979464966027222,drifted
2025-11-13,equal_weight,QQQ,0.1955431990010084,drifted
2025-11-13,equal_weight,IWM,0.1959943624391193,drifted
2025-11-13,equal_weight,EFA,0.20530317433003578,drifted
2025-11-13,equal_weight,IEF,0.20336461456956437,drifted
2025-11-14,equal_weight,SPY,0.1998080579207478,drifted
2025-11-14,equal_weight,QQQ,0.19573624654843672,drifted
2025-11-14,equal_weight,IWM,0.19661086277552234,drifted
2025-11-14,equal_weight,EFA,0.2047702115494528,drifted
2025-11-14,equal_weight,IEF,0.20307462120584036,drifted
2025-11-17,equal_weight,SPY,0.19992073089717213,drifted
2025-11-17,equal_weight,QQQ,0.19599999443566973,drifted
2025-11-17,equal_weight,IWM,0.19462501338601837,drifted
2025-11-17,equal_weight,EFA,0.2041203550452756,drifted
2025-11-17,equal_weight,IEF,0.20533390623586403,drifted
2025-11-18,equal_weight,SPY,0.19939438560738867,drifted
2025-11-18,equal_weight,QQQ,0.19473912912848598,drifted
2025-11-18,equal_weight,IWM,0.1963536310023234,drifted
2025-11-18,equal_weight,EFA,0.20264297544832693,drifted
2025-11-18,equal_weight,IEF,0.20686987881347502,drifted
2025-11-19,equal_weight,SPY,0.1999371415501374,drifted
2025-11-19,equal_weight,QQQ,0.1956790404358433,drifted
2025-11-19,equal_weight,IWM,0.1960968100575829,drifted
2025-11-19,equal_weight,EFA,0.2018018517221291,drifted
2025-11-19,equal_weight,IEF,0.20648515623430716,drifted
2025-11-20,equal_weight,SPY,0.19960610188226377,drifted
2025-11-20,equal_weight,QQQ,0.19368280894125145,drifted
2025-11-20,equal_weight,IWM,0.19512317013198624,drifted
2025-11-20,equal_weight,EFA,0.20175568450732867,drifted
2025-11-20,equal_weight,IEF,0.2098322345371699,drifted
2025-11-21,equal_weight,SPY,0.1990502309630532,drifted
2025-11-21,equal_weight,QQQ,0.19267519114646023,drifted
2025-11-21,equal_weight,IWM,0.19811813606757656,drifted
2025-11-21,equal_weight,EFA,0.20228798501087808,drifted
2025-11-21,equal_weight,IEF,0.20786845681203192,drifted
2025-11-24,equal_weight,SPY,0.19959114144969242,drifted
2025-11-24,equal_weight,QQQ,0.1952654798349776,drifted
2025-11-24,equal_weight,IWM,0.1993481628475078,drifted
2025-11-24,equal_weight,EFA,0.20006816619219733,drifted
2025-11-24,equal_weight,IEF,0.20572704967562483,drifted
2025-11-25,equal_weight,SPY,0.19940464702674143,drifted
2025-11-25,equal_weight,QQQ,0.19445641737107333,drifted
2025-11-25,equal_weight,IWM,0.20160744771536426,drifted
2025-11-25,equal_weight,EFA,0.200388961463644,drifted
2025-11-25,equal_weight,IEF,0.20414252642317698,drifted
2025-11-26,equal_weight,SPY,0.1993367813514147,drifted
2025-11-26,equal_weight,QQQ,0.19476326858143803,drifted
2025-11-26,equal_weight,IWM,0.20192893448068977,drifted
2025-11-26,equal_weight,EFA,0.20113101288685406,drifted
2025-11-26,equal_weight,IEF,0.2028400026996034,drifted
2025-11-28,equal_weight,SPY,0.19959127404499458,drifted
2025-11-28,equal_weight,QQQ,0.19552563376644222,drifted
2025-11-28,equal_weight,IWM,0.20226814966899523,drifted
2025-11-28,equal_weight,EFA,0.20097011845496018,drifted
2025-11-28,equal_weight,IEF,0.2016448240646079,drifted
2025-12-01,equal_weight,SPY,0.2,target
2025-12-01,equal_weight,QQQ,0.2,target
2025-12-01,equal_weight,IWM,0.2,target
2025-12-01,equal_weight,EFA,0.2,target
2025-12-01,equal_weight,IEF,0.2,target
2025-12-01,equal_weight,SPY,0.2,drifted
2025-12-01,equal_weight,QQQ,0.2,drifted
2025-12-01,equal_weight,IWM,0.2,drifted
2025-12-01,equal_weight,EFA,0.2,drifted
2025-12-01,equal_weight,IEF,0.2,drifted
2025-12-02,equal_weight,SPY,0.19988864933299175,drifted
2025-12-02,equal_weight,QQQ,0.20108052407253196,drifted
2025-12-02,equal_weight,IWM,0.1991535530119851,drifted
2025-12-02,equal_weight,EFA,0.2001931263282694,drifted
2025-12-02,equal_weight,IEF,0.19968414725422168,drifted
2025-12-03,equal_weight,SPY,0.19932636612202184,drifted
2025-12-03,equal_weight,QQQ,0.200311260628568,drifted
2025-12-03,equal_weight,IWM,0.20150825805554515,drifted
2025-12-03,equal_weight,EFA,0.2000086673005863,drifted
2025-12-03,equal_weight,IEF,0.19884544789327857,drifted
2025-12-04,equal_weight,SPY,0.19914225698095217,drifted
2025-12-04,equal_weight,QQQ,0.199794008037082,drifted
2025-12-04,equal_weight,IWM,0.2029399765440828,drifted
2025-12-04,equal_weight,EFA,0.2002212799946717,drifted
2025-12-04,equal_weight,IEF,0.19790247844321124,drifted
2025-12-05,equal_weight,SPY,0.19953303620450707,drifted
2025-12-05,equal_weight,QQQ,0.20062125464050617,drifted
2025-12-05,equal_weight,IWM,0.20210645213021594,drifted
2025-12-05,equal_weight,EFA,0.20023382960511088,drifted
2025-12-05,equal_weight,IEF,0.19750542741965998,drifted
2025-12-08,equal_weight,SPY,0.19932031940558545,drifted
2025-12-08,equal_weight,QQQ,0.20062560772116692,drifted
2025-12-08,equal_weight,IWM,0.2025800956002165,drifted
2025-12-08,equal_weight,EFA,0.19999488918357833,drifted
2025-12-08,equal_weight,IEF,0.19747908808945286,drifted
2025-12-09,equal_weight,SPY,0.19916102484684012,drifted
2025-12-09,equal_weight,QQQ,0.20088593617410028,drifted
2025-12-09,equal_weight,IWM,0.2030129915219073,drifted
2025-12-09,equal_weight,EFA,0.1997354723061961,drifted
2025-12-09,equal_weight,IEF,0.19720457515095624,drifted
2025-12-10,equal_weight,SPY,0.19893792373057995,drifted
2025-12-10,equal_weight,QQQ,0.20015524371729193,drifted
2025-12-10,equal_weight,IWM,0.20419010230657597,drifted
2025-12-10,equal_weight,EFA,0.20039987238645351,drifted
2025-12-10,equal_weight,IEF,0.19631685785909853,drifted
2025-12-11,equal_weight,SPY,0.1987219432788312,drifted
2025-12-11,equal_weight,QQQ,0.19882859245145482,drifted
2025-12-11,equal_weight,IWM,0.20588274993626168,drifted
2025-12-11,equal_weight,EFA,0.2008979751159122,drifted
2025-12-11,equal_weight,IEF,0.19566873921754013,drifted
2025-12-12,equal_weight,SPY,0.19870669426738402,drifted
2025-12-12,equal_weight,QQQ,0.19713190072521683,drifted
2025-12-12,equal_weight,IWM,0.20491593219972756,drifted
2025-12-12,equal_weight,EFA,0.20199837253647276,drifted
2025-12-12,equal_weight,IEF,0.19724710027119882,drifted
2025-12-15,equal_weight,SPY,0.19869268911321855,drifted
2025-12-15,equal_weight,QQQ,0.19642539509624565,drifted
2025-12-15,equal_weight,IWM,0.203659411896724,drifted
2025-12-15,equal_weight,EFA,0.2035265828569466,drifted
2025-12-15,equal_weight,IEF,0.1976959210368653,drifted
2025-12-16,equal_weight,SPY,0.1984486781167498,drifted
2025-12-16,equal_weight,QQQ,0.19711156022395154,drifted
2025-12-16,equal_weight,IWM,0.20300154636057968,drifted
2025-12-16,equal_weight,EFA,0.20288880739285503,drifted
2025-12-16,equal_weight,IEF,0.19854940790586398,drifted
2025-12-17,equal_weight,SPY,0.19818450991149772,drifted
2025-12-17,equal_weight,QQQ,0.19534969919456524,drifted
2025-12-17,equal_weight,IWM,0.20280498491332333,drifted
2025-12-17,equal_weight,EFA,0.20321111669100145,drifted
2025-12-17,equal_weight,IEF,0.2004496892896123,drifted
2025-12-18,equal_weight,SPY,0.19819493382862235,drifted
2025-12-18,equal_weight,QQQ,0.19670538026505316,drifted
2025-12-18,equal_weight,IWM,0.20249243593862032,drifted
2025-12-18,equal_weight,EFA,0.20313406962743802,drifted
2025-12-18,equal_weight,IEF,0.19947318034026618,drifted
2025-12-19,equal_weight,SPY,0.19860573930798156,drifted
2025-12-19,equal_weight,QQQ,0.19788899294832207,drifted
2025-12-19,equal_weight,IWM,0.20277132721557595,drifted
2025-12-19,equal_weight,EFA,0.20308834105140575,drifted
2025-12-19,equal_weight,IEF,0.19764559947671476,drifted
2025-12-22,equal_weight,SPY,0.1988988804699405,drifted
2025-12-22,equal_weight,QQQ,0.19789818054282318,drifted
2025-12-22,equal_weight,IWM,0.20405848747330235,drifted
2025-12-22,equal_weight,EFA,0.20263703087962967,drifted
2025-12-22,equal_weight,IEF,0.19650742063430432,drifted
2025-12-23,equal_weight,SPY,0.1994496411955009,drifted
2025-12-23,equal_weight,QQQ,0.19846847503814155,drifted
2025-12-23,equal_weight,IWM,0.20248768414947657,drifted
2025-12-23,equal_weight,EFA,0.20352073947546298,drifted
2025-12-23,equal_weight,IEF,0.19607346014141797,drifted
2025-12-24,equal_weight,SPY,0.19964176044306822,drifted
2025-12-24,equal_weight,QQQ,0.1985424200234211,drifted
2025-12-24,equal_weight,IWM,0.20247702136697956,drifted
2025-12-24,equal_weight,EFA,0.2032556655641881,drifted
2025-12-24,equal_weight,IEF,0.19608313260234286,drifted
2025-12-26,equal_weight,SPY,0.19973058691280351,drifted
2025-12-26,equal_weight,QQQ,0.19863818609288497,drifted
2025-12-26,equal_weight,IWM,0.2015534935506393,drifted
2025-12-26,equal_weight,EFA,0.20370420975217882,drifted
2025-12-26,equal_weight,IEF,0.19637352369149344,drifted
2025-12-29,equal_weight,SPY,0.1996646279512212,drifted
2025-12-29,equal_weight,QQQ,0.1983180959274432,drifted
2025-12-29,equal_weight,IWM,0.20096898958672016,drifted
2025-12-29,equal_weight,EFA,0.2037515174902745,drifted
2025-12-29,equal_weight,IEF,0.1972967690443409,drifted
2025-12-30,equal_weight,SPY,0.1998319390651639,drifted
2025-12-30,equal_weight,QQQ,0.19826605205650488,drifted
2025-12-30,equal_weight,IWM,0.19989233755804092,drifted
2025-12-30,equal_weight,EFA,0.2045108696662812,drifted
2025-12-30,equal_weight,IEF,0.19749880165400907,drifted
2025-12-31,equal_weight,SPY,0.19957898358643986,drifted
2025-12-31,equal_weight,QQQ,0.19784416454455683,drifted
2025-12-31,equal_weight,IWM,0.19961307996953273,drifted
2025-12-31,equal_weight,EFA,0.2049017486168943,drifted
2025-12-31,equal_weight,IEF,0.1980620232825763,drifted
2026-01-02,equal_weight,SPY,0.2,target
2026-01-02,equal_weight,QQQ,0.2,target
2026-01-02,equal_weight,IWM,0.2,target
2026-01-02,equal_weight,EFA,0.2,target
2026-01-02,equal_weight,IEF,0.2,target
2026-01-02,equal_weight,SPY,0.2,drifted
2026-01-02,equal_weight,QQQ,0.2,drifted
2026-01-02,equal_weight,IWM,0.2,drifted
2026-01-02,equal_weight,EFA,0.2,drifted
2026-01-02,equal_weight,IEF,0.2,drifted
2026-01-05,equal_weight,SPY,0.1995386706434979,drifted
2026-01-05,equal_weight,QQQ,0.19979295848431752,drifted
2026-01-05,equal_weight,IWM,0.20136570493700873,drifted
2026-01-05,equal_weight,EFA,0.20048586478347666,drifted
2026-01-05,equal_weight,IEF,0.198816801151699,drifted
2026-01-06,equal_weight,SPY,0.19957317307762582,drifted
2026-01-06,equal_weight,QQQ,0.20039151615725104,drifted
2026-01-06,equal_weight,IWM,0.20286366444490353,drifted
2026-01-06,equal_weight,EFA,0.19963967991600273,drifted
2026-01-06,equal_weight,IEF,0.1975319664042168,drifted
2026-01-07,equal_weight,SPY,0.1991903950620567,drifted
2026-01-07,equal_weight,QQQ,0.20084711419734186,drifted
2026-01-07,equal_weight,IWM,0.20265341758463337,drifted
2026-01-07,equal_weight,EFA,0.19914869992221826,drifted
2026-01-07,equal_weight,IEF,0.19816037323374983,drifted
2026-01-08,equal_weight,SPY,0.19907562438368057,drifted
2026-01-08,equal_weight,QQQ,0.1996096632967886,drifted
2026-01-08,equal_weight,IWM,0.20476925880223618,drifted
2026-01-08,equal_weight,EFA,0.19907449678715697,drifted
2026-01-08,equal_weight,IEF,0.1974709567301376,drifted
2026-01-09,equal_weight,SPY,0.19902826600092827,drifted
2026-01-09,equal_weight,QQQ,0.20022571529095057,drifted
2026-01-09,equal_weight,IWM,0.20491896389337208,drifted
2026-01-09,equal_weight,EFA,0.19947586322978103,drifted
2026-01-09,equal_weight,IEF,0.1963511915849681,drifted
2026-01-12,equal_weight,SPY,0.19885455752753095,drifted
2026-01-12,equal_weight,QQQ,0.1999030166042554,drifted
2026-01-12,equal_weight,IWM,0.20541671480656237,drifted
2026-01-12,equal_weight,EFA,0.20019759340958054,drifted
2026-01-12,equal_weight,IEF,0.1956281176520707,drifted
2026-01-13,equal_weight,SPY,0.19879801695978772,drifted
2026-01-13,equal_weight,QQQ,0.19994964621731515,drifted
2026-01-13,equal_weight,IWM,0.20565171806279575,drifted
2026-01-13,equal_weight,EFA,0.1993917731017507,drifted
2026-01-13,equal_weight,IEF,0.19620884565835064,drifted
2026-01-14,equal_weight,SPY,0.19788616162964698,drifted
2026-01-14,equal_weight,QQQ,0.19787888290403205,drifted
2026-01-14,equal_weight,IWM,0.20716788556371907,drifted
2026-01-14,equal_weight,EFA,0.20038584529424255,drifted
2026-01-14,equal_weight,IEF,0.19668122460835943,drifted
2026-01-15,equal_weight,SPY,0.19791266069816188,drifted
2026-01-15,equal_weight,QQQ,0.19807832581955373,drifted
2026-01-15,equal_weight,IWM,0.20845439031790156,drifted
2026-01-15,equal_weight,EFA,0.19978787439607337,drifted
2026-01-15,equal_weight,IEF,0.1957667487683095,drifted
2026-01-16,equal_weight,SPY,0.1978148561009243,drifted
2026-01-16,equal_weight,QQQ,0.19798075839306606,drifted
2026-01-16,equal_weight,IWM,0.20872245866113784,drifted
2026-01-16,equal_weight,EFA,0.2004002448782094,drifted
2026-01-16,equal_weight,IEF,0.1950816819666623,drifted
2026-01-20,equal_weight,SPY,0.19664802774615533,drifted
2026-01-20,equal_weight,QQQ,0.1966340815452335,drifted
2026-01-20,equal_weight,IWM,0.20926854000853626,drifted
2026-01-20,equal_weight,EFA,0.20027267773850133,drifted
2026-01-20,equal_weight,IEF,0.1971766729615735,drifted
2026-01-21,equal_weight,SPY,0.19662502976702664,drifted
2026-01-21,equal_weight,QQQ,0.19699540758601836,drifted
2026-01-21,equal_weight,IWM,0.21096106086509872,drifted
2026-01-21,equal_weight,EFA,0.20000435197123898,drifted
2026-01-21,equal_weight,IEF,0.1954141498106173,drifted
2026-01-22,equal_weight,SPY,0.19670748579375133,drifted
2026-01-22,equal_weight,QQQ,0.19747916296118387,drifted
2026-01-22,equal_weight,IWM,0.21152093121114562,drifted
2026-01-22,equal_weight,EFA,0.1998324485980629,drifted
2026-01-22,equal_weight,IEF,0.19445997143585625,drifted
2026-01-23,equal_weight,SPY,0.1971295779451069,drifted
2026-01-23,equal_weight,QQQ,0.19845579205117334,drifted
2026-01-23,equal_weight,IWM,0.2079865891407118,drifted
2026-01-23,equal_weight,EFA,0.20129609631728151,drifted
2026-01-23,equal_weight,IEF,0.19513194454572638,drifted
2026-01-26,equal_weight,SPY,0.19763380739222472,drifted
2026-01-26,equal_weight,QQQ,0.19882917897648103,drifted
2026-01-26,equal_weight,IWM,0.20681478868671826,drifted
2026-01-26,equal_weight,EFA,0.20179558743118803,drifted
2026-01-26,equal_weight,IEF,0.19492663751338787,drifted
2026-01-27,equal_weight,SPY,0.19719700079906932,drifted
2026-01-27,equal_weight,QQQ,0.19939377365413544,drifted
2026-01-27,equal_weight,IWM,0.20612273379091864,drifted
2026-01-27,equal_weight,EFA,0.2037842553984314,drifted
2026-01-27,equal_weight,IEF,0.19350223635744512,drifted
2026-01-28,equal_weight,SPY,0.19772884174174443,drifted
2026-01-28,equal_weight,QQQ,0.20061378241762787,drifted
2026-01-28,equal_weight,IWM,0.2055829050964213,drifted
2026-01-28,equal_weight,EFA,0.20219259390204342,drifted
2026-01-28,equal_weight,IEF,0.1938818768421631,drifted
2026-01-29,equal_weight,SPY,0.1973315468006644,drifted
2026-01-29,equal_weight,QQQ,0.19940809999827033,drifted
2026-01-29,equal_weight,IWM,0.2056324384529312,drifted
2026-01-29,equal_weight,EFA,0.2035486765726563,drifted
2026-01-29,equal_weight,IEF,0.1940792381754777,drifted
2026-01-30,equal_weight,SPY,0.19831185834063025,drifted
2026-01-30,equal_weight,QQQ,0.19858402203507697,drifted
2026-01-30,equal_weight,IWM,0.20434453452398862,drifted
2026-01-30,equal_weight,EFA,0.2032550455209328,drifted
2026-01-30,equal_weight,IEF,0.1955045395793714,drifted
2026-02-02,equal_weight,SPY,0.2,target
2026-02-02,equal_weight,QQQ,0.2,target
2026-02-02,equal_weight,IWM,0.2,target
2026-02-02,equal_weight,EFA,0.2,target
2026-02-02,equal_weight,IEF,0.2,target
2026-02-02,equal_weight,SPY,0.2,drifted
2026-02-02,equal_weight,QQQ,0.2,drifted
2026-02-02,equal_weight,IWM,0.2,drifted
2026-02-02,equal_weight,EFA,0.2,drifted
2026-02-02,equal_weight,IEF,0.2,drifted
2026-02-03,equal_weight,SPY,0.19910911505092277,drifted
2026-02-03,equal_weight,QQQ,0.19772184781016275,drifted
2026-02-03,equal_weight,IWM,0.20126658035825626,drifted
2026-02-03,equal_weight,EFA,0.20090604969260026,drifted
2026-02-03,equal_weight,IEF,0.200996407088058,drifted
2026-02-04,equal_weight,SPY,0.19924809663698978,drifted
2026-02-04,equal_weight,QQQ,0.19534968092357174,drifted
2026-02-04,equal_weight,IWM,0.20064678975005443,drifted
2026-02-04,equal_weight,EFA,0.20268201548196038,drifted
2026-02-04,equal_weight,IEF,0.20207341720742372,drifted
2026-02-05,equal_weight,SPY,0.19887071974768625,drifted
2026-02-05,equal_weight,QQQ,0.19460334830211007,drifted
2026-02-05,equal_weight,IWM,0.19914871495457606,drifted
2026-02-05,equal_weight,EFA,0.20193818587742002,drifted
2026-02-05,equal_weight,IEF,0.20543903111820758,drifted
2026-02-06,equal_weight,SPY,0.19877575007747195,drifted
2026-02-06,equal_weight,QQQ,0.19488317676504074,drifted
2026-02-06,equal_weight,IWM,0.20232255565425142,drifted
2026-02-06,equal_weight,EFA,0.2025428565919022,drifted
2026-02-06,equal_weight,IEF,0.20147566091133381,drifted
2026-02-09,equal_weight,SPY,0.19841727809877646,drifted
2026-02-09,equal_weight,QQQ,0.19508121851701574,drifted
2026-02-09,equal_weight,IWM,0.20239918351524006,drifted
2026-02-09,equal_weight,EFA,0.20391342340842034,drifted
2026-02-09,equal_weight,IEF,0.20018889646054733,drifted
2026-02-10,equal_weight,SPY,0.1980146153403672,drifted
2026-02-10,equal_weight,QQQ,0.19429452336416278,drifted
2026-02-10,equal_weight,IWM,0.201976163235706,drifted
2026-02-10,equal_weight,EFA,0.20452822938916485,drifted
2026-02-10,equal_weight,IEF,0.20118646867059914,drifted
2026-02-11,equal_weight,SPY,0.19789608363348826,drifted
2026-02-11,equal_weight,QQQ,0.19474400575023745,drifted
2026-02-11,equal_weight,IWM,0.20098404336835005,drifted
2026-02-11,equal_weight,EFA,0.20582601376924253,drifted
2026-02-11,equal_weight,IEF,0.20054985347868173,drifted
2026-02-12,equal_weight,SPY,0.1970939805719501,drifted
2026-02-12,equal_weight,QQQ,0.1929913370637838,drifted
2026-02-12,equal_weight,IWM,0.19915893195335888,drifted
2026-02-12,equal_weight,EFA,0.20664092447487803,drifted
2026-02-12,equal_weight,IEF,0.20411482593602914,drifted
2026-02-13,equal_weight,SPY,0.19641690027604866,drifted
2026-02-13,equal_weight,QQQ,0.1926025298547908,drifted
2026-02-13,equal_weight,IWM,0.20094852424435564,drifted
2026-02-13,equal_weight,EFA,0.20596389957726702,drifted
2026-02-13,equal_weight,IEF,0.2040681460475379,drifted
2026-02-17,equal_weight,SPY,0.19671038713433633,drifted
2026-02-17,equal_weight,QQQ,0.19238121436164105,drifted
2026-02-17,equal_weight,IWM,0.2009857187894957,drifted
2026-02-17,equal_weight,EFA,0.20589986107569253,drifted
2026-02-17,equal_weight,IEF,0.20402281863883442,drifted
2026-02-18,equal_weight,SPY,0.19711578657041767,drifted
2026-02-18,equal_weight,QQQ,0.1932437001791938,drifted
2026-02-18,equal_weight,IWM,0.20111413711435752,drifted
2026-02-18,equal_weight,EFA,0.20552637403411284,drifted
2026-02-18,equal_weight,IEF,0.20300000210191832,drifted
2026-02-19,equal_weight,SPY,0.1968277791850945,drifted
2026-02-19,equal_weight,QQQ,0.19273067725713597,drifted
2026-02-19,equal_weight,IWM,0.20181665274519478,drifted
2026-02-19,equal_weight,EFA,0.20519688347390994,drifted
2026-02-19,equal_weight,IEF,0.20342800733866478,drifted
2026-02-20,equal_weight,SPY,0.1973016538000579,drifted
2026-02-20,equal_weight,QQQ,0.19350484872045853,drifted
2026-02-20,equal_weight,IWM,0.20085756264602053,drifted
2026-02-20,equal_weight,EFA,0.2058822919114398,drifted
2026-02-20,equal_weight,IEF,0.20245364292202334,drifted
2026-02-23,equal_weight,SPY,0.19678412078483135,drifted
2026-02-23,equal_weight,QQQ,0.19261828249738028,drifted
2026-02-23,equal_weight,IWM,0.19924610290490494,drifted
2026-02-23,equal_weight,EFA,0.2066103010471608,drifted
2026-02-23,equal_weight,IEF,0.20474119276572267,drifted
2026-02-24,equal_weight,SPY,0.1970312067372182,drifted
2026-02-24,equal_weight,QQQ,0.19352510583670374,drifted
2026-02-24,equal_weight,IWM,0.2002160235632972,drifted
2026-02-24,equal_weight,EFA,0.20575046737070657,drifted
2026-02-24,equal_weight,IEF,0.20347719649207432,drifted
2026-02-25,equal_weight,SPY,0.19727018813842115,drifted
2026-02-25,equal_weight,QQQ,0.19492321410983937,drifted
2026-02-25,equal_weight,IWM,0.19972508105599626,drifted
2026-02-25,equal_weight,EFA,0.20622809713005738,drifted
2026-02-25,equal_weight,IEF,0.20185341956568595,drifted
2026-02-26,equal_weight,SPY,0.1965714359121655,drifted
2026-02-26,equal_weight,QQQ,0.19296125710837345,drifted
2026-02-26,equal_weight,IWM,0.20119578718731845,drifted
2026-02-26,equal_weight,EFA,0.20646938585253719,drifted
2026-02-26,equal_weight,IEF,0.20280213393960544,drifted
2026-02-27,equal_weight,SPY,0.19652900774100393,drifted
2026-02-27,equal_weight,QQQ,0.19322998874809716,drifted
2026-02-27,equal_weight,IWM,0.1986426717807302,drifted
2026-02-27,equal_weight,EFA,0.20704752639551804,drifted
2026-02-27,equal_weight,IEF,0.20455080533465073,drifted
2026-03-02,equal_weight,SPY,0.2,target
2026-03-02,equal_weight,QQQ,0.2,target
2026-03-02,equal_weight,IWM,0.2,target
2026-03-02,equal_weight,EFA,0.2,target
2026-03-02,equal_weight,IEF,0.2,target
2026-03-02,equal_weight,SPY,0.2,drifted
2026-03-02,equal_weight,QQQ,0.2,drifted
2026-03-02,equal_weight,IWM,0.2,drifted
2026-03-02,equal_weight,EFA,0.2,drifted
2026-03-02,equal_weight,IEF,0.2,drifted
2026-03-03,equal_weight,SPY,0.20101312638065041,drifted
2026-03-03,equal_weight,QQQ,0.20062958776670795,drifted
2026-03-03,equal_weight,IWM,0.19928757072313488,drifted
2026-03-03,equal_weight,EFA,0.19649874413086804,drifted
2026-03-03,equal_weight,IEF,0.20257097099863872,drifted
2026-03-04,equal_weight,SPY,0.20071948361972392,drifted
2026-03-04,equal_weight,QQQ,0.20196535341839678,drifted
2026-03-04,equal_weight,IWM,0.19952313605387317,drifted
2026-03-04,equal_weight,EFA,0.19734819456582037,drifted
2026-03-04,equal_weight,IEF,0.2004438323421858,drifted
2026-03-05,equal_weight,SPY,0.20171461755180342,drifted
2026-03-05,equal_weight,QQQ,0.20348973232836529,drifted
2026-03-05,equal_weight,IWM,0.19778500030970195,drifted
2026-03-05,equal_weight,EFA,0.19507133250796727,drifted
2026-03-05,equal_weight,IEF,0.20193931730216208,drifted
2026-03-06,equal_weight,SPY,0.2015056109015892,drifted
2026-03-06,equal_weight,QQQ,0.20288007137919606,drifted
2026-03-06,equal_weight,IWM,0.19562715941122957,drifted
2026-03-06,equal_weight,EFA,0.1957049502400867,drifted
2026-03-06,equal_weight,IEF,0.20428220806789854,drifted
2026-03-09,equal_weight,SPY,0.20152705927130618,drifted
2026-03-09,equal_weight,QQQ,0.20382602249754458,drifted
2026-03-09,equal_weight,IWM,0.19605938362012443,drifted
2026-03-09,equal_weight,EFA,0.19542780974816987,drifted
2026-03-09,equal_weight,IEF,0.20315972486285477,drifted
2026-03-10,equal_weight,SPY,0.2013478264266661,drifted
2026-03-10,equal_weight,QQQ,0.20397592143672139,drifted
2026-03-10,equal_weight,IWM,0.1959991870873126,drifted
2026-03-10,equal_weight,EFA,0.19602269790451007,drifted
2026-03-10,equal_weight,IEF,0.20265436714478982,drifted
2026-03-11,equal_weight,SPY,0.20150083469877603,drifted
2026-03-11,equal_weight,QQQ,0.20436056872858996,drifted
2026-03-11,equal_weight,IWM,0.19599931996332315,drifted
2026-03-11,equal_weight,EFA,0.1960024806284637,drifted
2026-03-11,equal_weight,IEF,0.2021367959808471,drifted
2026-03-12,equal_weight,SPY,0.20136187163384595,drifted
2026-03-12,equal_weight,QQQ,0.20380937254020287,drifted
2026-03-12,equal_weight,IWM,0.19460526078435994,drifted
2026-03-12,equal_weight,EFA,0.19577381773879365,drifted
2026-03-12,equal_weight,IEF,0.20444967730279764,drifted
2026-03-13,equal_weight,SPY,0.20133685907734264,drifted
2026-03-13,equal_weight,QQQ,0.20372932217805634,drifted
2026-03-13,equal_weight,IWM,0.19504011821696907,drifted
2026-03-13,equal_weight,EFA,0.19452064288993437,drifted
2026-03-13,equal_weight,IEF,0.20537305763769756,drifted
2026-03-16,equal_weight,SPY,0.20122528258070305,drifted
2026-03-16,equal_weight,QQQ,0.20382617486582877,drifted
2026-03-16,equal_weight,IWM,0.19479156447909332,drifted
2026-03-16,equal_weight,EFA,0.1960515324478652,drifted
2026-03-16,equal_weight,IEF,0.20410544562650962,drifted
2026-03-17,equal_weight,SPY,0.2010194141636289,drifted
2026-03-17,equal_weight,QQQ,0.20407451715913205,drifted
2026-03-17,equal_weight,IWM,0.195309592506957,drifted
2026-03-17,equal_weight,EFA,0.19587475156661974,drifted
2026-03-17,equal_weight,IEF,0.20372172460366228,drifted
2026-03-18,equal_weight,SPY,0.20084035535732378,drifted
2026-03-18,equal_weight,QQQ,0.2038956179581612,drifted
2026-03-18,equal_weight,IWM,0.19470755936056286,drifted
2026-03-18,equal_weight,EFA,0.1950801212798345,drifted
2026-03-18,equal_weight,IEF,0.2054763460441177,drifted
2026-03-19,equal_weight,SPY,0.20039142693187126,drifted
2026-03-19,equal_weight,QQQ,0.20329793940565172,drifted
2026-03-19,equal_weight,IWM,0.19602675065224037,drifted
2026-03-19,equal_weight,EFA,0.1947818273197619,drifted
2026-03-19,equal_weight,IEF,0.20550205569047472,drifted
2026-03-20,equal_weight,SPY,0.20127679483416788,drifted
2026-03-20,equal_weight,QQQ,0.20333726330584348,drifted
2026-03-20,equal_weight,IWM,0.19539241116615524,drifted
2026-03-20,equal_weight,EFA,0.19246251595639152,drifted
2026-03-20,equal_weight,IEF,0.2075310147374419,drifted
2026-03-23,equal_weight,SPY,0.20059202687912675,drifted
2026-03-23,equal_weight,QQQ,0.2028418093324775,drifted
2026-03-23,equal_weight,IWM,0.19686511781176497,drifted
2026-03-23,equal_weight,EFA,0.19437801564770787,drifted
2026-03-23,equal_weight,IEF,0.20532303032892302,drifted
2026-03-24,equal_weight,SPY,0.20048974060112268,drifted
2026-03-24,equal_weight,QQQ,0.20203046396222196,drifted
2026-03-24,equal_weight,IWM,0.19848860330101223,drifted
2026-03-24,equal_weight,EFA,0.19377390834785432,drifted
2026-03-24,equal_weight,IEF,0.2052172837877888,drifted
2026-03-25,equal_weight,SPY,0.19985229034110147,drifted
2026-03-25,equal_weight,QQQ,0.201588976626623,drifted
2026-03-25,equal_weight,IWM,0.19916538038886233,drifted
2026-03-25,equal_weight,EFA,0.19488995469294026,drifted
2026-03-25,equal_weight,IEF,0.20450339795047293,drifted
2026-03-26,equal_weight,SPY,0.19978513217614305,drifted
2026-03-26,equal_weight,QQQ,0.20028822909345673,drifted
2026-03-26,equal_weight,IWM,0.1991927822502139,drifted
2026-03-26,equal_weight,EFA,0.19426262088275334,drifted
2026-03-26,equal_weight,IEF,0.206471235597433,drifted
2026-03-27,equal_weight,SPY,0.19887560132489182,drifted
2026-03-27,equal_weight,QQQ,0.19887239511904758,drifted
2026-03-27,equal_weight,IWM,0.19818757325567782,drifted
2026-03-27,equal_weight,EFA,0.19494555717448725,drifted
2026-03-27,equal_weight,IEF,0.20911887312589544,drifted
2026-03-30,equal_weight,SPY,0.19880471150452927,drifted
2026-03-30,equal_weight,QQQ,0.19794383024737297,drifted
2026-03-30,equal_weight,IWM,0.19592775859526199,drifted
2026-03-30,equal_weight,EFA,0.1960926044214568,drifted
2026-03-30,equal_weight,IEF,0.21123109523137912,drifted
2026-03-31,equal_weight,SPY,0.19938049142454836,drifted
2026-03-31,equal_weight,QQQ,0.19944037503147968,drifted
2026-03-31,equal_weight,IWM,0.19763083733112172,drifted
2026-03-31,equal_weight,EFA,0.1973219678441106,drifted
2026-03-31,equal_weight,IEF,0.20622632836873964,drifted
2026-04-01,equal_weight,SPY,0.2,target
2026-04-01,equal_weight,QQQ,0.2,target
2026-04-01,equal_weight,IWM,0.2,target
2026-04-01,equal_weight,EFA,0.2,target
2026-04-01,equal_weight,IEF,0.2,target
2026-04-01,equal_weight,SPY,0.2,drifted
2026-04-01,equal_weight,QQQ,0.2,drifted
2026-04-01,equal_weight,IWM,0.2,drifted
2026-04-01,equal_weight,EFA,0.2,drifted
2026-04-01,equal_weight,IEF,0.2,drifted
2026-04-02,equal_weight,SPY,0.1999757983228964,drifted
2026-04-02,equal_weight,QQQ,0.20002497159503363,drifted
2026-04-02,equal_weight,IWM,0.20118090954304182,drifted
2026-04-02,equal_weight,EFA,0.19855994857919032,drifted
2026-04-02,equal_weight,IEF,0.200258371959838,drifted
2026-04-06,equal_weight,SPY,0.2002257240935651,drifted
2026-04-06,equal_weight,QQQ,0.20053219204343906,drifted
2026-04-06,equal_weight,IWM,0.2013383549993899,drifted
2026-04-06,equal_weight,EFA,0.19886214917747405,drifted
2026-04-06,equal_weight,IEF,0.1990415796861319,drifted
2026-04-07,equal_weight,SPY,0.20015816210293022,drifted
2026-04-07,equal_weight,QQQ,0.20040702197124788,drifted
2026-04-07,equal_weight,IWM,0.2016203559697036,drifted
2026-04-07,equal_weight,EFA,0.1984251528151695,drifted
2026-04-07,equal_weight,IEF,0.19938930714094877,drifted
2026-04-08,equal_weight,SPY,0.2001970729723984,drifted
2026-04-08,equal_weight,QQQ,0.20127915201836888,drifted
2026-04-08,equal_weight,IWM,0.2025292285521316,drifted
2026-04-08,equal_weight,EFA,0.20109090303408772,drifted
2026-04-08,equal_weight,IEF,0.1949036434230134,drifted
2026-04-09,equal_weight,SPY,0.20072144342213769,drifted
2026-04-09,equal_weight,QQQ,0.20200611942024915,drifted
2026-04-09,equal_weight,IWM,0.20304988570108573,drifted
2026-04-09,equal_weight,EFA,0.19999034523429637,drifted
2026-04-09,equal_weight,IEF,0.19423220622223125,drifted
2026-04-10,equal_weight,SPY,0.2006342791952007,drifted
2026-04-10,equal_weight,QQQ,0.20234348828814894,drifted
2026-04-10,equal_weight,IWM,0.2025844143955831,drifted
2026-04-10,equal_weight,EFA,0.20048714655532546,drifted
2026-04-10,equal_weight,IEF,0.1939506715657418,drifted
2026-04-13,equal_weight,SPY,0.20085954214976867,drifted
2026-04-13,equal_weight,QQQ,0.20268506472668757,drifted
2026-04-13,equal_weight,IWM,0.20374690088524405,drifted
2026-04-13,equal_weight,EFA,0.19999531400556306,drifted
2026-04-13,equal_weight,IEF,0.19271317823273656,drifted
2026-04-14,equal_weight,SPY,0.2010604385542079,drifted
2026-04-14,equal_weight,QQQ,0.2040848571130302,drifted
2026-04-14,equal_weight,IWM,0.20427011258067157,drifted
2026-04-14,equal_weight,EFA,0.19938211539488035,drifted
2026-04-14,equal_weight,IEF,0.19120247635720988,drifted
2026-04-15,equal_weight,SPY,0.20185997503111072,drifted
2026-04-15,equal_weight,QQQ,0.2061382145214176,drifted
2026-04-15,equal_weight,IWM,0.2039841111835688,drifted
2026-04-15,equal_weight,EFA,0.1979753681828806,drifted
2026-04-15,equal_weight,IEF,0.19004233108102242,drifted
2026-04-16,equal_weight,SPY,0.20215385927742743,drifted
2026-04-16,equal_weight,QQQ,0.20692414061396264,drifted
2026-04-16,equal_weight,IWM,0.20420392810758511,drifted
2026-04-16,equal_weight,EFA,0.19720327312577174,drifted
2026-04-16,equal_weight,IEF,0.18951479887525297,drifted
2026-04-17,equal_weight,SPY,0.20195117702520687,drifted
2026-04-17,equal_weight,QQQ,0.20692059495721307,drifted
2026-04-17,equal_weight,IWM,0.2059162164755004,drifted
2026-04-17,equal_weight,EFA,0.1971284853674276,drifted
2026-04-17,equal_weight,IEF,0.1880835261746519,drifted
2026-04-20,equal_weight,SPY,0.20171670687584542,drifted
2026-04-20,equal_weight,QQQ,0.20643700240760743,drifted
2026-04-20,equal_weight,IWM,0.20726255272763372,drifted
2026-04-20,equal_weight,EFA,0.19651875578290656,drifted
2026-04-20,equal_weight,IEF,0.18806498220600695,drifted
2026-04-21,equal_weight,SPY,0.20229039271207147,drifted
2026-04-21,equal_weight,QQQ,0.2075958513669918,drifted
2026-04-21,equal_weight,IWM,0.20707938931225303,drifted
2026-04-21,equal_weight,EFA,0.19402359865417004,drifted
2026-04-21,equal_weight,IEF,0.1890107679545137,drifted
2026-04-22,equal_weight,SPY,0.202746359204533,drifted
2026-04-22,equal_weight,QQQ,0.20942400991470353,drifted
2026-04-22,equal_weight,IWM,0.20693995027297565,drifted
2026-04-22,equal_weight,EFA,0.1931554821012633,drifted
2026-04-22,equal_weight,IEF,0.18773419850652456,drifted
2026-04-23,equal_weight,SPY,0.20284447709574946,drifted
2026-04-23,equal_weight,QQQ,0.20915685141288518,drifted
2026-04-23,equal_weight,IWM,0.2071249996524484,drifted
2026-04-23,equal_weight,EFA,0.1926129721696561,drifted
2026-04-23,equal_weight,IEF,0.1882606996692609,drifted
2026-04-24,equal_weight,SPY,0.20283318681326182,drifted
2026-04-24,equal_weight,QQQ,0.21150660334767238,drifted
2026-04-24,equal_weight,IWM,0.20636371487401572,drifted
2026-04-24,equal_weight,EFA,0.192121711493296,drifted
2026-04-24,equal_weight,IEF,0.187174783471754,drifted
2026-04-27,equal_weight,SPY,0.2032518668678082,drifted
2026-04-27,equal_weight,QQQ,0.2116902276647459,drifted
2026-04-27,equal_weight,IWM,0.20679971266795347,drifted
2026-04-27,equal_weight,EFA,0.19145070414940543,drifted
2026-04-27,equal_weight,IEF,0.18680748865008703,drifted
2026-04-28,equal_weight,SPY,0.20358567000285116,drifted
2026-04-28,equal_weight,QQQ,0.21093186955433324,drifted
2026-04-28,equal_weight,IWM,0.20572623160126458,drifted
2026-04-28,equal_weight,EFA,0.1919044746683404,drifted
2026-04-28,equal_weight,IEF,0.18785175417321062,drifted
2026-04-29,equal_weight,SPY,0.20415886047963222,drifted
2026-04-29,equal_weight,QQQ,0.21285182554822416,drifted
2026-04-29,equal_weight,IWM,0.20495877735294016,drifted
2026-04-29,equal_weight,EFA,0.19051088790379703,drifted
2026-04-29,equal_weight,IEF,0.18751964871540647,drifted
2026-04-30,equal_weight,SPY,0.20347061295959207,drifted
2026-04-30,equal_weight,QQQ,0.21200333030760832,drifted
2026-04-30,equal_weight,IWM,0.20663391194638525,drifted
2026-04-30,equal_weight,EFA,0.19249442880489165,drifted
2026-04-30,equal_weight,IEF,0.18539771598152285,drifted
2026-05-01,equal_weight,SPY,0.2,target
2026-05-01,equal_weight,QQQ,0.2,target
2026-05-01,equal_weight,IWM,0.2,target
2026-05-01,equal_weight,EFA,0.2,target
2026-05-01,equal_weight,IEF,0.2,target
2026-05-01,equal_weight,SPY,0.2,drifted
2026-05-01,equal_weight,QQQ,0.2,drifted
2026-05-01,equal_weight,IWM,0.2,drifted
2026-05-01,equal_weight,EFA,0.2,drifted
2026-05-01,equal_weight,IEF,0.2,drifted
2026-05-04,equal_weight,SPY,0.20038815759681203,drifted
2026-05-04,equal_weight,QQQ,0.20074605041654373,drifted
2026-05-04,equal_weight,IWM,0.2001167628457638,drifted
2026-05-04,equal_weight,EFA,0.19836710838001004,drifted
2026-05-04,equal_weight,IEF,0.20038192076087036,drifted
2026-05-05,equal_weight,SPY,0.19989299922713077,drifted
2026-05-05,equal_weight,QQQ,0.20123371123181258,drifted
2026-05-05,equal_weight,IWM,0.20136882454432414,drifted
2026-05-05,equal_weight,EFA,0.19891433307255976,drifted
2026-05-05,equal_weight,IEF,0.19859013192417266,drifted
2026-05-06,equal_weight,SPY,0.19940755435044008,drifted
2026-05-06,equal_weight,QQQ,0.20210620579825625,drifted
2026-05-06,equal_weight,IWM,0.20109895747861978,drifted
2026-05-06,equal_weight,EFA,0.20102380075836263,drifted
2026-05-06,equal_weight,IEF,0.19636348161432124,drifted
2026-05-07,equal_weight,SPY,0.20046356513897973,drifted
2026-05-07,equal_weight,QQQ,0.2035582555346399,drifted
2026-05-07,equal_weight,IWM,0.19957564330519417,drifted
2026-05-07,equal_weight,EFA,0.1989964961442963,drifted
2026-05-07,equal_weight,IEF,0.19740603987688998,drifted
2026-05-08,equal_weight,SPY,0.20004461136995522,drifted
2026-05-08,equal_weight,QQQ,0.20619211415171132,drifted
2026-05-08,equal_weight,IWM,0.1988643835587685,drifted
2026-05-08,equal_weight,EFA,0.19900275684158586,drifted
2026-05-08,equal_weight,IEF,0.19589613407797912,drifted
2026-05-11,equal_weight,SPY,0.20034329629432093,drifted
2026-05-11,equal_weight,QQQ,0.20662747713507973,drifted
2026-05-11,equal_weight,IWM,0.1995198349699531,drifted
2026-05-11,equal_weight,EFA,0.19842619438978257,drifted
2026-05-11,equal_weight,IEF,0.19508319721086376,drifted
2026-05-12,equal_weight,SPY,0.20120543714378375,drifted
2026-05-12,equal_weight,QQQ,0.20606870200344812,drifted
2026-05-12,equal_weight,IWM,0.198741265405385,drifted
2026-05-12,equal_weight,EFA,0.19842811083705444,drifted
2026-05-12,equal_weight,IEF,0.19555648461032868,drifted
2026-05-13,equal_weight,SPY,0.20138462625153802,drifted
2026-05-13,equal_weight,QQQ,0.20727106562376665,drifted
2026-05-13,equal_weight,IWM,0.19788154852914283,drifted
2026-05-13,equal_weight,EFA,0.19882110808270517,drifted
2026-05-13,equal_weight,IEF,0.1946416515128474,drifted
2026-05-14,equal_weight,SPY,0.20227115825277703,drifted
2026-05-14,equal_weight,QQQ,0.2080210484103328,drifted
2026-05-14,equal_weight,IWM,0.19843770520613827,drifted
2026-05-14,equal_weight,EFA,0.19742620428160984,drifted
2026-05-14,equal_weight,IEF,0.19384388384914197,drifted
2026-05-15,equal_weight,SPY,0.20292510633649985,drifted
2026-05-15,equal_weight,QQQ,0.20804753475063337,drifted
2026-05-15,equal_weight,IWM,0.1966506656353026,drifted
2026-05-15,equal_weight,EFA,0.19710443983042936,drifted
2026-05-15,equal_weight,IEF,0.19527225344713484,drifted
2026-05-18,equal_weight,SPY,0.2028745739449853,drifted
2026-05-18,equal_weight,QQQ,0.2072466831246879,drifted
2026-05-18,equal_weight,IWM,0.1955849015763485,drifted
2026-05-18,equal_weight,EFA,0.19901637650172607,drifted
2026-05-18,equal_weight,IEF,0.19527746485225225,drifted
2026-05-19,equal_weight,SPY,0.20292753111571152,drifted
2026-05-19,equal_weight,QQQ,0.2074047872741528,drifted
2026-05-19,equal_weight,IWM,0.19482822946322104,drifted
2026-05-19,equal_weight,EFA,0.19895860378301897,drifted
2026-05-19,equal_weight,IEF,0.19588084836389572,drifted
2026-05-20,equal_weight,SPY,0.20196532684517454,drifted
2026-05-20,equal_weight,QQQ,0.20771162911709362,drifted
2026-05-20,equal_weight,IWM,0.1967673431158875,drifted
2026-05-20,equal_weight,EFA,0.19927570794261043,drifted
2026-05-20,equal_weight,IEF,0.19427999297923376,drifted
2026-05-21,equal_weight,SPY,0.2015878801716465,drifted
2026-05-21,equal_weight,QQQ,0.20730770474411167,drifted
2026-05-21,equal_weight,IWM,0.19784584179776038,drifted
2026-05-21,equal_weight,EFA,0.19960158995178284,drifted
2026-05-21,equal_weight,IEF,0.19365698333469847,drifted
2026-05-22,equal_weight,SPY,0.20171950072830686,drifted
2026-05-22,equal_weight,QQQ,0.20750692278730593,drifted
2026-05-22,equal_weight,IWM,0.19903566995056005,drifted
2026-05-22,equal_weight,EFA,0.19854874179914672,drifted
2026-05-22,equal_weight,IEF,0.19318916473468037,drifted
2026-05-26,equal_weight,SPY,0.20068947217378116,drifted
2026-05-26,equal_weight,QQQ,0.20872718315178881,drifted
2026-05-26,equal_weight,IWM,0.20043219037808663,drifted
2026-05-26,equal_weight,EFA,0.19840248130056437,drifted
2026-05-26,equal_weight,IEF,0.19174867299577886,drifted
2026-05-27,equal_weight,SPY,0.20084886328659435,drifted
2026-05-27,equal_weight,QQQ,0.20869167614335166,drifted
2026-05-27,equal_weight,IWM,0.2005294319824313,drifted
2026-05-27,equal_weight,EFA,0.19791439367410346,drifted
2026-05-27,equal_weight,IEF,0.19201563491351917,drifted
2026-05-28,equal_weight,SPY,0.20109002549122915,drifted
2026-05-28,equal_weight,QQQ,0.2095478830442858,drifted
2026-05-28,equal_weight,IWM,0.2008102153241308,drifted
2026-05-28,equal_weight,EFA,0.19691444675910375,drifted
2026-05-28,equal_weight,IEF,0.19163742938125047,drifted
2026-05-29,equal_weight,SPY,0.20146961078052603,drifted
2026-05-29,equal_weight,QQQ,0.2101931886066217,drifted
2026-05-29,equal_weight,IWM,0.19958970075038618,drifted
2026-05-29,equal_weight,EFA,0.1970026377997875,drifted
2026-05-29,equal_weight,IEF,0.1917448620626786,drifted
2026-06-01,equal_weight,SPY,0.2,target
2026-06-01,equal_weight,QQQ,0.2,target
2026-06-01,equal_weight,IWM,0.2,target
2026-06-01,equal_weight,EFA,0.2,target
2026-06-01,equal_weight,IEF,0.2,target
2026-06-01,equal_weight,SPY,0.2,drifted
2026-06-01,equal_weight,QQQ,0.2,drifted
2026-06-01,equal_weight,IWM,0.2,drifted
2026-06-01,equal_weight,EFA,0.2,drifted
2026-06-01,equal_weight,IEF,0.2,drifted
2026-06-02,equal_weight,SPY,0.1994127900599812,drifted
2026-06-02,equal_weight,QQQ,0.20005932876756594,drifted
2026-06-02,equal_weight,IWM,0.20098920325347658,drifted
2026-06-02,equal_weight,EFA,0.20024827224578387,drifted
2026-06-02,equal_weight,IEF,0.1992904056731925,drifted
2026-06-03,equal_weight,SPY,0.19938832277985105,drifted
2026-06-03,equal_weight,QQQ,0.2009219418131473,drifted
2026-06-03,equal_weight,IWM,0.19961603046747006,drifted
2026-06-03,equal_weight,EFA,0.1999106485271588,drifted
2026-06-03,equal_weight,IEF,0.20016305641237275,drifted
2026-06-04,equal_weight,SPY,0.19921694160245232,drifted
2026-06-04,equal_weight,QQQ,0.19902609130199572,drifted
2026-06-04,equal_weight,IWM,0.20169129766788743,drifted
2026-06-04,equal_weight,EFA,0.20057314262177084,drifted
2026-06-04,equal_weight,IEF,0.19949252680589372,drifted
2026-06-05,equal_weight,SPY,0.19967649911633475,drifted
2026-06-05,equal_weight,QQQ,0.1949410159574854,drifted
2026-06-05,equal_weight,IWM,0.20015015091410018,drifted
2026-06-05,equal_weight,EFA,0.2010726022456165,drifted
2026-06-05,equal_weight,IEF,0.20415973176646313,drifted
2026-06-08,equal_weight,SPY,0.19888647943140206,drifted
2026-06-08,equal_weight,QQQ,0.196756356461822,drifted
2026-06-08,equal_weight,IWM,0.20064518372268328,drifted
2026-06-08,equal_weight,EFA,0.2010361328146381,drifted
2026-06-08,equal_weight,IEF,0.20267584756945442,drifted
2026-06-09,equal_weight,SPY,0.1986209827645517,drifted
2026-06-09,equal_weight,QQQ,0.19480444574442077,drifted
2026-06-09,equal_weight,IWM,0.20161098575180653,drifted
2026-06-09,equal_weight,EFA,0.20139800994257845,drifted
2026-06-09,equal_weight,IEF,0.2035655757966425,drifted
2026-06-10,equal_weight,SPY,0.197848408326911,drifted
2026-06-10,equal_weight,QQQ,0.19321648222386312,drifted
2026-06-10,equal_weight,IWM,0.201917436355897,drifted
2026-06-10,equal_weight,EFA,0.20119357682647426,drifted
2026-06-10,equal_weight,IEF,0.20582409626685455,drifted
2026-06-11,equal_weight,SPY,0.19657956637177965,drifted
2026-06-11,equal_weight,QQQ,0.19514471268531525,drifted
2026-06-11,equal_weight,IWM,0.20311663982275996,drifted
2026-06-11,equal_weight,EFA,0.20267770848212208,drifted
2026-06-11,equal_weight,IEF,0.20248137263802304,drifted
2026-06-12,equal_weight,SPY,0.19681494402248031,drifted
2026-06-12,equal_weight,QQQ,0.19547096320495116,drifted
2026-06-12,equal_weight,IWM,0.2040350189947994,drifted
2026-06-12,equal_weight,EFA,0.20238769857659886,drifted
2026-06-12,equal_weight,IEF,0.20129137520117016,drifted
2026-06-15,equal_weight,SPY,0.1977440875401209,drifted
2026-06-15,equal_weight,QQQ,0.19905310894273023,drifted
2026-06-15,equal_weight,IWM,0.20308990330942342,drifted
2026-06-15,equal_weight,EFA,0.2011647658150074,drifted
2026-06-15,equal_weight,IEF,0.19894813439271816,drifted
2026-06-16,equal_weight,SPY,0.1977070938358665,drifted
2026-06-16,equal_weight,QQQ,0.19640437105190028,drifted
2026-06-16,equal_weight,IWM,0.2024948370025419,drifted
2026-06-16,equal_weight,EFA,0.20278047350789702,drifted
2026-06-16,equal_weight,IEF,0.20061322460179426,drifted
2026-06-17,equal_weight,SPY,0.196825264712896,drifted
2026-06-17,equal_weight,QQQ,0.19600703031505817,drifted
2026-06-17,equal_weight,IWM,0.2026033341197399,drifted
2026-06-17,equal_weight,EFA,0.2033901997118644,drifted
2026-06-17,equal_weight,IEF,0.20117417114044156,drifted
2026-06-18,equal_weight,SPY,0.1963364705913856,drifted
2026-06-18,equal_weight,QQQ,0.19835872939663482,drifted
2026-06-18,equal_weight,IWM,0.2039605499669249,drifted
2026-06-18,equal_weight,EFA,0.20201637257787247,drifted
2026-06-18,equal_weight,IEF,0.1993278774671823,drifted
2026-06-22,equal_weight,SPY,0.19567169173190876,drifted
2026-06-22,equal_weight,QQQ,0.1978133811692932,drifted
2026-06-22,equal_weight,IWM,0.20569835285666763,drifted
2026-06-22,equal_weight,EFA,0.2022967806142943,drifted
2026-06-22,equal_weight,IEF,0.19851979362783626,drifted
2026-06-23,equal_weight,SPY,0.1958015757672097,drifted
2026-06-23,equal_weight,QQQ,0.1942474303486608,drifted
2026-06-23,equal_weight,IWM,0.20686472207165785,drifted
2026-06-23,equal_weight,EFA,0.20125001835082598,drifted
2026-06-23,equal_weight,IEF,0.20183625346164555,drifted
2026-06-24,equal_weight,SPY,0.19552322735087704,drifted
2026-06-24,equal_weight,QQQ,0.19323729510084325,drifted
2026-06-24,equal_weight,IWM,0.20762516467459163,drifted
2026-06-24,equal_weight,EFA,0.20066466082637188,drifted
2026-06-24,equal_weight,IEF,0.20294965204731602,drifted
2026-06-25,equal_weight,SPY,0.19477794300647291,drifted
2026-06-25,equal_weight,QQQ,0.19378091073626202,drifted
2026-06-25,equal_weight,IWM,0.20808057743539643,drifted
2026-06-25,equal_weight,EFA,0.2013484894394501,drifted
2026-06-25,equal_weight,IEF,0.2020120793824186,drifted
2026-06-26,equal_weight,SPY,0.19416833449980792,drifted
2026-06-26,equal_weight,QQQ,0.19190337329922377,drifted
2026-06-26,equal_weight,IWM,0.20958333723912007,drifted
2026-06-26,equal_weight,EFA,0.2009847112205415,drifted
2026-06-26,equal_weight,IEF,0.20336024374130673,drifted
2026-06-29,equal_weight,SPY,0.19556505112894237,drifted
2026-06-29,equal_weight,QQQ,0.19487714029388328,drifted
2026-06-29,equal_weight,IWM,0.20707396530334737,drifted
2026-06-29,equal_weight,EFA,0.20091687104171263,drifted
2026-06-29,equal_weight,IEF,0.20156697223211423,drifted
2026-06-30,equal_weight,SPY,0.19597867294818394,drifted
2026-06-30,equal_weight,QQQ,0.1970774928408584,drifted
2026-06-30,equal_weight,IWM,0.20692788647565968,drifted
2026-06-30,equal_weight,EFA,0.20061654550501076,drifted
2026-06-30,equal_weight,IEF,0.19939940223028707,drifted
2026-07-01,equal_weight,SPY,0.2,target
2026-07-01,equal_weight,QQQ,0.2,target
2026-07-01,equal_weight,IWM,0.2,target
2026-07-01,equal_weight,EFA,0.2,target
2026-07-01,equal_weight,IEF,0.2,target
2026-07-01,equal_weight,SPY,0.2,drifted
2026-07-01,equal_weight,QQQ,0.2,drifted
2026-07-01,equal_weight,IWM,0.2,drifted
2026-07-01,equal_weight,EFA,0.2,drifted
2026-07-01,equal_weight,IEF,0.2,drifted
2026-07-02,equal_weight,SPY,0.2001534931856392,drifted
2026-07-02,equal_weight,QQQ,0.19694286042042128,drifted
2026-07-02,equal_weight,IWM,0.19925178835683252,drifted
2026-07-02,equal_weight,EFA,0.20304317589930093,drifted
2026-07-02,equal_weight,IEF,0.2006086821378061,drifted
2026-07-06,equal_weight,SPY,0.2003568490563943,drifted
2026-07-06,equal_weight,QQQ,0.19824024188172887,drifted
2026-07-06,equal_weight,IWM,0.19860565240109204,drifted
2026-07-06,equal_weight,EFA,0.20359526377668835,drifted
2026-07-06,equal_weight,IEF,0.1992019928840964,drifted
2026-07-07,equal_weight,SPY,0.20140880255358543,drifted
2026-07-07,equal_weight,QQQ,0.19652331387643168,drifted
2026-07-07,equal_weight,IWM,0.19878287711496045,drifted
2026-07-07,equal_weight,EFA,0.20310648351915656,drifted
2026-07-07,equal_weight,IEF,0.20017852293586585,drifted
2026-07-08,equal_weight,SPY,0.20156259253669162,drifted
2026-07-08,equal_weight,QQQ,0.19784182213000243,drifted
2026-07-08,equal_weight,IWM,0.1977253770584925,drifted
2026-07-08,equal_weight,EFA,0.20232548132645334,drifted
2026-07-08,equal_weight,IEF,0.20054472694836017,drifted
2026-07-09,equal_weight,SPY,0.2014443642938482,drifted
2026-07-09,equal_weight,QQQ,0.1993290233623588,drifted
2026-07-09,equal_weight,IWM,0.1984610876725615,drifted
2026-07-09,equal_weight,EFA,0.20159578842045536,drifted
2026-07-09,equal_weight,IEF,0.19916973625077605,drifted
2026-07-10,equal_weight,SPY,0.2020552893190071,drifted
2026-07-10,equal_weight,QQQ,0.19968927426498717,drifted
2026-07-10,equal_weight,IWM,0.19737511023426552,drifted
2026-07-10,equal_weight,EFA,0.20213373608874294,drifted
2026-07-10,equal_weight,IEF,0.19874659009299717,drifted
2026-07-13,equal_weight,SPY,0.20250180505271065,drifted
2026-07-13,equal_weight,QQQ,0.19784685687277748,drifted
2026-07-13,equal_weight,IWM,0.1976470834171221,drifted
2026-07-13,equal_weight,EFA,0.2020105558097008,drifted
2026-07-13,equal_weight,IEF,0.19999369884768892,drifted
2026-07-14,equal_weight,SPY,0.20209136876026396,drifted
2026-07-14,equal_weight,QQQ,0.1989449199402087,drifted
2026-07-14,equal_weight,IWM,0.19723842009877632,drifted
2026-07-14,equal_weight,EFA,0.20228883764762057,drifted
2026-07-14,equal_weight,IEF,0.19943645355313044,drifted
2026-07-15,equal_weight,SPY,0.2022978852423061,drifted
2026-07-15,equal_weight,QQQ,0.19782451789649705,drifted
2026-07-15,equal_weight,IWM,0.197501835844631,drifted
2026-07-15,equal_weight,EFA,0.20303480272013108,drifted
2026-07-15,equal_weight,IEF,0.19934095829643467,drifted
2026-07-16,equal_weight,SPY,0.20246222359826802,drifted
2026-07-16,equal_weight,QQQ,0.19579116390208692,drifted
2026-07-16,equal_weight,IWM,0.19861823860537453,drifted
2026-07-16,equal_weight,EFA,0.20266687145715842,drifted
2026-07-16,equal_weight,IEF,0.20046150243711197,drifted
2026-07-17,equal_weight,SPY,0.20180412932307035,drifted
2026-07-17,equal_weight,QQQ,0.19414313273016495,drifted
2026-07-17,equal_weight,IWM,0.1989031057477851,drifted
2026-07-17,equal_weight,EFA,0.20308403193431698,drifted
2026-07-17,equal_weight,IEF,0.20206560026466264,drifted
2026-07-20,equal_weight,SPY,0.2021721737653402,drifted
2026-07-20,equal_weight,QQQ,0.19501622769558688,drifted
2026-07-20,equal_weight,IWM,0.1984137774527734,drifted
2026-07-20,equal_weight,EFA,0.2022845425576897,drifted
2026-07-20,equal_weight,IEF,0.20211327852860989,drifted
2026-07-21,equal_weight,SPY,0.20171709480509223,drifted
2026-07-21,equal_weight,QQQ,0.19654666520202005,drifted
2026-07-21,equal_weight,IWM,0.1991705907810765,drifted
2026-07-21,equal_weight,EFA,0.20306726130143557,drifted
2026-07-21,equal_weight,IEF,0.19949838791037575,drifted
2026-07-22,equal_weight,SPY,0.20212193414504237,drifted
2026-07-22,equal_weight,QQQ,0.1961636278511122,drifted
2026-07-22,equal_weight,IWM,0.19794973388762419,drifted
2026-07-22,equal_weight,EFA,0.20408363531392937,drifted
2026-07-22,equal_weight,IEF,0.19968106880229186,drifted
2026-07-23,equal_weight,SPY,0.20175323744962817,drifted
2026-07-23,equal_weight,QQQ,0.19449056044868687,drifted
2026-07-23,equal_weight,IWM,0.19890158743569644,drifted
2026-07-23,equal_weight,EFA,0.2035875284204771,drifted
2026-07-23,equal_weight,IEF,0.20126708624551143,drifted
2026-07-24,equal_weight,SPY,0.2021998320396986,drifted
2026-07-24,equal_weight,QQQ,0.19254795203740724,drifted
2026-07-24,equal_weight,IWM,0.19851233952284586,drifted
2026-07-24,equal_weight,EFA,0.20484134373330243,drifted
2026-07-24,equal_weight,IEF,0.2018985326667459,drifted
2026-07-27,equal_weight,SPY,0.20180585487351688,drifted
2026-07-27,equal_weight,QQQ,0.19153868061762014,drifted
2026-07-27,equal_weight,IWM,0.19926634282128974,drifted
2026-07-27,equal_weight,EFA,0.20538623275265538,drifted
2026-07-27,equal_weight,IEF,0.20200288893491794,drifted
2026-07-28,equal_weight,SPY,0.20239005667483184,drifted
2026-07-28,equal_weight,QQQ,0.18977161156985034,drifted
2026-07-28,equal_weight,IWM,0.1996788518965634,drifted
2026-07-28,equal_weight,EFA,0.205449142051474,drifted
2026-07-28,equal_weight,IEF,0.20271033780728048,drifted
2026-07-29,equal_weight,SPY,0.20172071889814588,drifted
2026-07-29,equal_weight,QQQ,0.18818676578433813,drifted
2026-07-29,equal_weight,IWM,0.19882159173904895,drifted
2026-07-29,equal_weight,EFA,0.2069288680549369,drifted
2026-07-29,equal_weight,IEF,0.20434205552353019,drifted
2026-07-30,equal_weight,SPY,0.20143855069963704,drifted
2026-07-30,equal_weight,QQQ,0.19091925359651224,drifted
2026-07-30,equal_weight,IWM,0.19798988844293514,drifted
2026-07-30,equal_weight,EFA,0.20887467283718522,drifted
2026-07-30,equal_weight,IEF,0.20077763442373037,drifted
2026-07-31,equal_weight,SPY,0.20291074917395052,drifted
2026-07-31,equal_weight,QQQ,0.192180093788894,drifted
2026-07-31,equal_weight,IWM,0.1970705380358332,drifted
2026-07-31,equal_weight,EFA,0.2075994507131157,drifted
2026-07-31,equal_weight,IEF,0.2002391682882066,drifted
2026-08-03,equal_weight,SPY,0.2,target
2026-08-03,equal_weight,QQQ,0.2,target
2026-08-03,equal_weight,IWM,0.2,target
2026-08-03,equal_weight,EFA,0.2,target
2026-08-03,equal_weight,IEF,0.2,target
2026-08-03,equal_weight,SPY,0.2,drifted
2026-08-03,equal_weight,QQQ,0.2,drifted
2026-08-03,equal_weight,IWM,0.2,drifted
2026-08-03,equal_weight,EFA,0.2,drifted
2026-08-03,equal_weight,IEF,0.2,drifted
2026-08-04,equal_weight,SPY,0.20010692453305742,drifted
2026-08-04,equal_weight,QQQ,0.20323994259272118,drifted
2026-08-04,equal_weight,IWM,0.20020609019641802,drifted
2026-08-04,equal_weight,EFA,0.19897332832501416,drifted
2026-08-04,equal_weight,IEF,0.19747371435278938,drifted
2026-08-05,equal_weight,SPY,0.20034749683991301,drifted
2026-08-05,equal_weight,QQQ,0.20204639219932477,drifted
2026-08-05,equal_weight,IWM,0.19955633898774142,drifted
2026-08-05,equal_weight,EFA,0.1998156706874795,drifted
2026-08-05,equal_weight,IEF,0.19823410128554136,drifted
2026-08-06,equal_weight,SPY,0.20062391535655144,drifted
2026-08-06,equal_weight,QQQ,0.2019002872563813,drifted
2026-08-06,equal_weight,IWM,0.1991366029285022,drifted
2026-08-06,equal_weight,EFA,0.20028098933329846,drifted
2026-08-06,equal_weight,IEF,0.19805820512526653,drifted
2026-08-07,equal_weight,SPY,0.20015088930792818,drifted
2026-08-07,equal_weight,QQQ,0.2025475119367473,drifted
2026-08-07,equal_weight,IWM,0.19965096299005108,drifted
2026-08-07,equal_weight,EFA,0.2007955665169333,drifted
2026-08-07,equal_weight,IEF,0.19685506924834026,drifted
2026-08-10,equal_weight,SPY,0.20080941568499386,drifted
2026-08-10,equal_weight,QQQ,0.20266711174470803,drifted
2026-08-10,equal_weight,IWM,0.1993176445540721,drifted
2026-08-10,equal_weight,EFA,0.20051367633400888,drifted
2026-08-10,equal_weight,IEF,0.1966921516822171,drifted
2026-08-11,equal_weight,SPY,0.2002216821994112,drifted
2026-08-11,equal_weight,QQQ,0.20204112979799502,drifted
2026-08-11,equal_weight,IWM,0.2000425603784932,drifted
2026-08-11,equal_weight,EFA,0.2007162063290574,drifted
2026-08-11,equal_weight,IEF,0.19697842129504325,drifted
2026-08-12,equal_weight,SPY,0.1999088814580431,drifted
2026-08-12,equal_weight,QQQ,0.20269192018598275,drifted
2026-08-12,equal_weight,IWM,0.20036954168735757,drifted
2026-08-12,equal_weight,EFA,0.20066021876464898,drifted
2026-08-12,equal_weight,IEF,0.1963694379039676,drifted
2026-08-13,equal_weight,SPY,0.20023616164737726,drifted
2026-08-13,equal_weight,QQQ,0.20394877972867717,drifted
2026-08-13,equal_weight,IWM,0.19982704622969213,drifted
2026-08-13,equal_weight,EFA,0.19994557211217778,drifted
2026-08-13,equal_weight,IEF,0.19604244028207565,drifted
2026-08-14,equal_weight,SPY,0.1998930041347732,drifted
2026-08-14,equal_weight,QQQ,0.2037244679282624,drifted
2026-08-14,equal_weight,IWM,0.20092746404350617,drifted
2026-08-14,equal_weight,EFA,0.19990685060799462,drifted
2026-08-14,equal_weight,IEF,0.19554821328546365,drifted
2026-08-17,equal_weight,SPY,0.19949219116477357,drifted
2026-08-17,equal_weight,QQQ,0.2039463605111112,drifted
2026-08-17,equal_weight,IWM,0.20079683706914483,drifted
2026-08-17,equal_weight,EFA,0.20010304985628904,drifted
2026-08-17,equal_weight,IEF,0.19566156139868127,drifted
2026-08-18,equal_weight,SPY,0.2000082004909735,drifted
2026-08-18,equal_weight,QQQ,0.2023784480009058,drifted
2026-08-18,equal_weight,IWM,0.20013245631872265,drifted
2026-08-18,equal_weight,EFA,0.19978748093188772,drifted
2026-08-18,equal_weight,IEF,0.19769341425751036,drifted
2026-08-19,equal_weight,SPY,0.19988945025950894,drifted
2026-08-19,equal_weight,QQQ,0.20143262209543603,drifted
2026-08-19,equal_weight,IWM,0.20058546399718385,drifted
2026-08-19,equal_weight,EFA,0.19997530291304438,drifted
2026-08-19,equal_weight,IEF,0.19811716073482685,drifted
2026-08-20,equal_weight,SPY,0.19964832747941438,drifted
2026-08-20,equal_weight,QQQ,0.2014347081338351,drifted
2026-08-20,equal_weight,IWM,0.19932862269892104,drifted
2026-08-20,equal_weight,EFA,0.20084601761037715,drifted
2026-08-20,equal_weight,IEF,0.19874232407745224,drifted
2026-08-21,equal_weight,SPY,0.19959849280620012,drifted
2026-08-21,equal_weight,QQQ,0.20127199946530125,drifted
2026-08-21,equal_weight,IWM,0.1999937112996551,drifted
2026-08-21,equal_weight,EFA,0.20163567096252116,drifted
2026-08-21,equal_weight,IEF,0.19750012546632228,drifted
2026-08-24,equal_weight,SPY,0.19979295450563572,drifted
2026-08-24,equal_weight,QQQ,0.20004529147153155,drifted
2026-08-24,equal_weight,IWM,0.19944651325358684,drifted
2026-08-24,equal_weight,EFA,0.20203420254977636,drifted
2026-08-24,equal_weight,IEF,0.1986810382194695,drifted
2026-08-25,equal_weight,SPY,0.1993837419902941,drifted
2026-08-25,equal_weight,QQQ,0.2002392239024488,drifted
2026-08-25,equal_weight,IWM,0.19924291467587782,drifted
2026-08-25,equal_weight,EFA,0.202429188749435,drifted
2026-08-25,equal_weight,IEF,0.19870493068194434,drifted
2026-08-26,equal_weight,SPY,0.19970373895585358,drifted
2026-08-26,equal_weight,QQQ,0.2006994712122928,drifted
2026-08-26,equal_weight,IWM,0.1993183549718877,drifted
2026-08-26,equal_weight,EFA,0.20170306839583327,drifted
2026-08-26,equal_weight,IEF,0.1985753664641326,drifted
2026-08-27,equal_weight,SPY,0.2002142977519302,drifted
2026-08-27,equal_weight,QQQ,0.20263968894855694,drifted
2026-08-27,equal_weight,IWM,0.19911142748774416,drifted
2026-08-27,equal_weight,EFA,0.20043836555485398,drifted
2026-08-27,equal_weight,IEF,0.19759622025691465,drifted
2026-08-28,equal_weight,SPY,0.20093092107334634,drifted
2026-08-28,equal_weight,QQQ,0.20250474283003017,drifted
2026-08-28,equal_weight,IWM,0.1975664883765242,drifted
2026-08-28,equal_weight,EFA,0.20105342487153283,drifted
2026-08-28,equal_weight,IEF,0.1979444228485664,drifted
2026-08-31,equal_weight,SPY,0.20082459398869795,drifted
2026-08-31,equal_weight,QQQ,0.20309798031353538,drifted
2026-08-31,equal_weight,IWM,0.19683522748225285,drifted
2026-08-31,equal_weight,EFA,0.20104438343584322,drifted
2026-08-31,equal_weight,IEF,0.19819781477967052,drifted
2026-09-01,equal_weight,SPY,0.2,target
2026-09-01,equal_weight,QQQ,0.2,target
2026-09-01,equal_weight,IWM,0.2,target
2026-09-01,equal_weight,EFA,0.2,target
2026-09-01,equal_weight,IEF,0.2,target
2026-09-01,equal_weight,SPY,0.2,drifted
2026-09-01,equal_weight,QQQ,0.2,drifted
2026-09-01,equal_weight,IWM,0.2,drifted
2026-09-01,equal_weight,EFA,0.2,drifted
2026-09-01,equal_weight,IEF,0.2,drifted
2026-09-02,equal_weight,SPY,0.19989757165999103,drifted
2026-09-02,equal_weight,QQQ,0.19946453798244868,drifted
2026-09-02,equal_weight,IWM,0.20137064821294295,drifted
2026-09-02,equal_weight,EFA,0.20007980851323678,drifted
2026-09-02,equal_weight,IEF,0.19918743363138058,drifted
2026-09-03,equal_weight,SPY,0.20045929349885036,drifted
2026-09-03,equal_weight,QQQ,0.20030564397275877,drifted
2026-09-03,equal_weight,IWM,0.20064653378749103,drifted
2026-09-03,equal_weight,EFA,0.2006962972654844,drifted
2026-09-03,equal_weight,IEF,0.1978922314754155,drifted
2026-09-04,equal_weight,SPY,0.19961878022653298,drifted
2026-09-04,equal_weight,QQQ,0.20059747153028384,drifted
2026-09-04,equal_weight,IWM,0.2011354965349628,drifted
2026-09-04,equal_weight,EFA,0.20088762494363296,drifted
2026-09-04,equal_weight,IEF,0.1977606267645873,drifted
2026-09-08,equal_weight,SPY,0.1992119261458139,drifted
2026-09-08,equal_weight,QQQ,0.20112618137591373,drifted
2026-09-08,equal_weight,IWM,0.20092037714022312,drifted
2026-09-08,equal_weight,EFA,0.2004876384160753,drifted
2026-09-08,equal_weight,IEF,0.19825387692197405,drifted
2026-09-09,equal_weight,SPY,0.1996917981237762,drifted
2026-09-09,equal_weight,QQQ,0.20197404603231156,drifted
2026-09-09,equal_weight,IWM,0.19957747548349197,drifted
2026-09-09,equal_weight,EFA,0.1996605610046022,drifted
2026-09-09,equal_weight,IEF,0.19909611935581806,drifted
2026-09-10,equal_weight,SPY,0.20021879089685454,drifted
2026-09-10,equal_weight,QQQ,0.20156103613501927,drifted
2026-09-10,equal_weight,IWM,0.19927449703613365,drifted
2026-09-10,equal_weight,EFA,0.1996937294782484,drifted
2026-09-10,equal_weight,IEF,0.1992519464537441,drifted
2026-09-11,equal_weight,SPY,0.2007440232728498,drifted
2026-09-11,equal_weight,QQQ,0.2021318877746737,drifted
2026-09-11,equal_weight,IWM,0.19892795632567695,drifted
2026-09-11,equal_weight,EFA,0.20047934541679746,drifted
2026-09-11,equal_weight,IEF,0.19771678721000205,drifted
2026-09-14,equal_weight,SPY,0.2008431577741862,drifted
2026-09-14,equal_weight,QQQ,0.20151833809628564,drifted
2026-09-14,equal_weight,IWM,0.19923995687624158,drifted
2026-09-14,equal_weight,EFA,0.19987225338015474,drifted
2026-09-14,equal_weight,IEF,0.19852629387313186,drifted
2026-09-15,equal_weight,SPY,0.20087228795529574,drifted
2026-09-15,equal_weight,QQQ,0.20115151296368164,drifted
2026-09-15,equal_weight,IWM,0.1987788736419422,drifted
2026-09-15,equal_weight,EFA,0.19996861506484803,drifted
2026-09-15,equal_weight,IEF,0.19922871037423234,drifted
2026-09-16,equal_weight,SPY,0.20050845247138255,drifted
2026-09-16,equal_weight,QQQ,0.20172806579691055,drifted
2026-09-16,equal_weight,IWM,0.19844499300581636,drifted
2026-09-16,equal_weight,EFA,0.19976771526941553,drifted
2026-09-16,equal_weight,IEF,0.19955077345647498,drifted
2026-09-17,equal_weight,SPY,0.2007930887368184,drifted
2026-09-17,equal_weight,QQQ,0.20320755939824736,drifted
2026-09-17,equal_weight,IWM,0.19754369416367593,drifted
2026-09-17,equal_weight,EFA,0.19972960875724768,drifted
2026-09-17,equal_weight,IEF,0.1987260489440108,drifted
2026-09-18,equal_weight,SPY,0.20152981726462763,drifted
2026-09-18,equal_weight,QQQ,0.20497807938441093,drifted
2026-09-18,equal_weight,IWM,0.19709100250510814,drifted
2026-09-18,equal_weight,EFA,0.19818460780439176,drifted
2026-09-18,equal_weight,IEF,0.19821649304146166,drifted
2026-09-21,equal_weight,SPY,0.20202554794935515,drifted
2026-09-21,equal_weight,QQQ,0.20817662580214313,drifted
2026-09-21,equal_weight,IWM,0.1955727055691237,drifted
2026-09-21,equal_weight,EFA,0.19780068526153885,drifted
2026-09-21,equal_weight,IEF,0.19642443541783922,drifted
2026-09-22,equal_weight,SPY,0.2012941362903978,drifted
2026-09-22,equal_weight,QQQ,0.20913107824146834,drifted
2026-09-22,equal_weight,IWM,0.19600729185328664,drifted
2026-09-22,equal_weight,EFA,0.19780235402753457,drifted
2026-09-22,equal_weight,IEF,0.19576513958731265,drifted
2026-09-23,equal_weight,SPY,0.20228168884628175,drifted
2026-09-23,equal_weight,QQQ,0.20991163618084416,drifted
2026-09-23,equal_weight,IWM,0.1947436095280143,drifted
2026-09-23,equal_weight,EFA,0.19701884420488763,drifted
2026-09-23,equal_weight,IEF,0.19604422123997223,drifted
2026-09-24,equal_weight,SPY,0.20252634853324303,drifted
2026-09-24,equal_weight,QQQ,0.2103068827085018,drifted
2026-09-24,equal_weight,IWM,0.1949592945000851,drifted
2026-09-24,equal_weight,EFA,0.19685398837239454,drifted
2026-09-24,equal_weight,IEF,0.1953534858857756,drifted
2026-09-25,equal_weight,SPY,0.20262373319446256,drifted
2026-09-25,equal_weight,QQQ,0.2102306182195956,drifted
2026-09-25,equal_weight,IWM,0.19421208397461398,drifted
2026-09-25,equal_weight,EFA,0.19787087650241736,drifted
2026-09-25,equal_weight,IEF,0.1950626881089107,drifted
2026-09-28,equal_weight,SPY,0.202552997014872,drifted
2026-09-28,equal_weight,QQQ,0.20946620552503262,drifted
2026-09-28,equal_weight,IWM,0.19424713337849786,drifted
2026-09-28,equal_weight,EFA,0.19830308237725813,drifted
2026-09-28,equal_weight,IEF,0.19543058170433947,drifted
2026-09-29,equal_weight,SPY,0.20254334567761245,drifted
2026-09-29,equal_weight,QQQ,0.21024153771921614,drifted
2026-09-29,equal_weight,IWM,0.19389438086359823,drifted
2026-09-29,equal_weight,EFA,0.1977138542270994,drifted
2026-09-29,equal_weight,IEF,0.19560688151247382,drifted
2026-09-30,equal_weight,SPY,0.20257404556179714,drifted
2026-09-30,equal_weight,QQQ,0.21123168471393197,drifted
2026-09-30,equal_weight,IWM,0.1935429492348607,drifted
2026-09-30,equal_weight,EFA,0.19691886343709952,drifted
2026-09-30,equal_weight,IEF,0.19573245705231057,drifted
2026-10-01,equal_weight,SPY,0.2,target
2026-10-01,equal_weight,QQQ,0.2,target
2026-10-01,equal_weight,IWM,0.2,target
2026-10-01,equal_weight,EFA,0.2,target
2026-10-01,equal_weight,IEF,0.2,target
2026-10-01,equal_weight,SPY,0.2,drifted
2026-10-01,equal_weight,QQQ,0.2,drifted
2026-10-01,equal_weight,IWM,0.2,drifted
2026-10-01,equal_weight,EFA,0.2,drifted
2026-10-01,equal_weight,IEF,0.2,drifted
2026-10-02,equal_weight,SPY,0.20008577003539751,drifted
2026-10-02,equal_weight,QQQ,0.20063779737215162,drifted
2026-10-02,equal_weight,IWM,0.20039650912552187,drifted
2026-10-02,equal_weight,EFA,0.2008190466813668,drifted
2026-10-02,equal_weight,IEF,0.1980608767855622,drifted
2026-10-05,equal_weight,SPY,0.2005743046334828,drifted
2026-10-05,equal_weight,QQQ,0.2015448594299714,drifted
2026-10-05,equal_weight,IWM,0.2008585914719256,drifted
2026-10-05,equal_weight,EFA,0.2000955921761463,drifted
2026-10-05,equal_weight,IEF,0.19692665228847375,drifted
2026-10-06,equal_weight,SPY,0.2013931971429586,drifted
2026-10-06,equal_weight,QQQ,0.2021820439183753,drifted
2026-10-06,equal_weight,IWM,0.19913196539133224,drifted
2026-10-06,equal_weight,EFA,0.20017889871447944,drifted
2026-10-06,equal_weight,IEF,0.19711389483285427,drifted
2026-10-07,equal_weight,SPY,0.20207554393374075,drifted
2026-10-07,equal_weight,QQQ,0.20283853420842474,drifted
2026-10-07,equal_weight,IWM,0.19769607873851422,drifted
2026-10-07,equal_weight,EFA,0.19917670077630717,drifted
2026-10-07,equal_weight,IEF,0.19821314234301313,drifted
2026-10-08,equal_weight,SPY,0.2019636828560161,drifted
2026-10-08,equal_weight,QQQ,0.20086093293161464,drifted
2026-10-08,equal_weight,IWM,0.1983336900564026,drifted
2026-10-08,equal_weight,EFA,0.19913706639656653,drifted
2026-10-08,equal_weight,IEF,0.19970462775940015,drifted
2026-10-09,equal_weight,SPY,0.2022790654409529,drifted
2026-10-09,equal_weight,QQQ,0.20096272657010866,drifted
2026-10-09,equal_weight,IWM,0.19843415245787188,drifted
2026-10-09,equal_weight,EFA,0.19961073068824214,drifted
2026-10-09,equal_weight,IEF,0.19871332484282453,drifted
2024-11-01,sixty_forty,SPY,0.4,target
2024-11-01,sixty_forty,QQQ,0.06666666666666665,target
2024-11-01,sixty_forty,IWM,0.06666666666666665,target
2024-11-01,sixty_forty,EFA,0.06666666666666665,target
2024-11-01,sixty_forty,IEF,0.4,target
2024-11-01,sixty_forty,SPY,0.4,drifted
2024-11-01,sixty_forty,QQQ,0.06666666666666665,drifted
2024-11-01,sixty_forty,IWM,0.06666666666666665,drifted
2024-11-01,sixty_forty,EFA,0.06666666666666665,drifted
2024-11-01,sixty_forty,IEF,0.4,drifted
2024-11-04,sixty_forty,SPY,0.3985534467718298,drifted
2024-11-04,sixty_forty,QQQ,0.06637503788658332,drifted
2024-11-04,sixty_forty,IWM,0.0669063950765925,drifted
2024-11-04,sixty_forty,EFA,0.06661929315743262,drifted
2024-11-04,sixty_forty,IEF,0.4015458271075617,drifted
2024-11-05,sixty_forty,SPY,0.400250644604,drifted
2024-11-05,sixty_forty,QQQ,0.06670149365815813,drifted
2024-11-05,sixty_forty,IWM,0.06763736855561074,drifted
2024-11-05,sixty_forty,EFA,0.06676104504555949,drifted
2024-11-05,sixty_forty,IEF,0.39864944813667147,drifted
2024-11-06,sixty_forty,SPY,0.4058952007930814,drifted
2024-11-06,sixty_forty,QQQ,0.06779381063682828,drifted
2024-11-06,sixty_forty,IWM,0.0708042395637096,drifted
2024-11-06,sixty_forty,EFA,0.06510480799830375,drifted
2024-11-06,sixty_forty,IEF,0.390401941008077,drifted
2024-11-07,sixty_forty,SPY,0.40575393507352325,drifted
2024-11-07,sixty_forty,QQQ,0.06830902433011657,drifted
2024-11-07,sixty_forty,IWM,0.06998780794217219,drifted
2024-11-07,sixty_forty,EFA,0.06556291556031363,drifted
2024-11-07,sixty_forty,IEF,0.3903863170938743,drifted
2024-11-08,sixty_forty,SPY,0.40658593746190624,drifted
2024-11-08,sixty_forty,QQQ,0.06823349560302774,drifted
2024-11-08,sixty_forty,IWM,0.07034283993867611,drifted
2024-11-08,sixty_forty,EFA,0.06450942647838283,drifted
2024-11-08,sixty_forty,IEF,0.3903283005180072,drifted
2024-11-11,sixty_forty,SPY,0.406833301884279,drifted
2024-11-11,sixty_forty,QQQ,0.06817021665970448,drifted
2024-11-11,sixty_forty,IWM,0.07137583553676734,drifted
2024-11-11,sixty_forty,EFA,0.06450351967706641,drifted
2024-11-11,sixty_forty,IEF,0.38911712624218275,drifted
2024-11-12,sixty_forty,SPY,0.40813289237834266,drifted
2024-11-12,sixty_forty,QQQ,0.06847691504706112,drifted
2024-11-12,sixty_forty,IWM,0.07056695163472072,drifted
2024-11-12,sixty_forty,EFA,0.0637061192626535,drifted
2024-11-12,sixty_forty,IEF,0.38911712167722196,drifted
2024-11-13,sixty_forty,SPY,0.4088280389890614,drifted
2024-11-13,sixty_forty,QQQ,0.06847202655517692,drifted
2024-11-13,sixty_forty,IWM,0.06995360973663017,drifted
2024-11-13,sixty_forty,EFA,0.06340607944027978,drifted
2024-11-13,sixty_forty,IEF,0.3893402452788518,drifted
2024-11-14,sixty_forty,SPY,0.4078134514325916,drifted
2024-11-14,sixty_forty,QQQ,0.06826638033518839,drifted
2024-11-14,sixty_forty,IWM,0.06928467357579965,drifted
2024-11-14,sixty_forty,EFA,0.06378989721580165,drifted
2024-11-14,sixty_forty,IEF,0.39084559744061864,drifted
2024-11-15,sixty_forty,SPY,0.4058148307575132,drifted
2024-11-15,sixty_forty,QQQ,0.0671736912521512,drifted
2024-11-15,sixty_forty,IWM,0.06879783409805881,drifted
2024-11-15,sixty_forty,EFA,0.06406829615305187,drifted
2024-11-15,sixty_forty,IEF,0.39414534773922494,drifted
2024-11-18,sixty_forty,SPY,0.40605611676283215,drifted
2024-11-18,sixty_forty,QQQ,0.06740441777435019,drifted
2024-11-18,sixty_forty,IWM,0.06869284450556622,drifted
2024-11-18,sixty_forty,EFA,0.06419246107587348,drifted
2024-11-18,sixty_forty,IEF,0.393654159881378,drifted
2024-11-19,sixty_forty,SPY,0.4062335210650653,drifted
2024-11-19,sixty_forty,QQQ,0.06765049972586436,drifted
2024-11-19,sixty_forty,IWM,0.0689810320762812,drifted
2024-11-19,sixty_forty,EFA,0.06390408602657144,drifted
2024-11-19,sixty_forty,IEF,0.39323086110621774,drifted
2024-11-20,sixty_forty,SPY,0.4066038840466692,drifted
2024-11-20,sixty_forty,QQQ,0.06765023985193663,drifted
2024-11-20,sixty_forty,IWM,0.06911029796325067,drifted
2024-11-20,sixty_forty,EFA,0.06376730109311374,drifted
2024-11-20,sixty_forty,IEF,0.3928682770450298,drifted
2024-11-21,sixty_forty,SPY,0.40744890564811054,drifted
2024-11-21,sixty_forty,QQQ,0.06767141370240222,drifted
2024-11-21,sixty_forty,IWM,0.06993113841046232,drifted
2024-11-21,sixty_forty,EFA,0.06357509687388394,drifted
2024-11-21,sixty_forty,IEF,0.39137344536514096,drifted
2024-11-22,sixty_forty,SPY,0.407423928853709,drifted
2024-11-22,sixty_forty,QQQ,0.06756639985329109,drifted
2024-11-22,sixty_forty,IWM,0.07099832667092909,drifted
2024-11-22,sixty_forty,EFA,0.06362084898369524,drifted
2024-11-22,sixty_forty,IEF,0.3903904956383755,drifted
2024-11-25,sixty_forty,SPY,0.40592020803149836,drifted
2024-11-25,sixty_forty,QQQ,0.06719556307823782,drifted
2024-11-25,sixty_forty,IWM,0.07156891816464707,drifted
2024-11-25,sixty_forty,EFA,0.06349755418881357,drifted
2024-11-25,sixty_forty,IEF,0.39181775653680323,drifted
2024-11-26,sixty_forty,SPY,0.4077299345846634,drifted
2024-11-26,sixty_forty,QQQ,0.06750506742804115,drifted
2024-11-26,sixty_forty,IWM,0.07098942717192512,drifted
2024-11-26,sixty_forty,EFA,0.06308310337631959,drifted
2024-11-26,sixty_forty,IEF,0.39069246743905084,drifted
2024-11-27,sixty_forty,SPY,0.4063949743750599,drifted
2024-11-27,sixty_forty,QQQ,0.06695716733367822,drifted
2024-11-27,sixty_forty,IWM,0.07106938357443561,drifted
2024-11-27,sixty_forty,EFA,0.06340940839178778,drifted
2024-11-27,sixty_forty,IEF,0.39216906632503856,drifted
2024-11-29,sixty_forty,SPY,0.40652695720304055,drifted
2024-11-29,sixty_forty,QQQ,0.06715030968239598,drifted
2024-11-29,sixty_forty,IWM,0.07092333884686229,drifted
2024-11-29,sixty_forty,EFA,0.06387966683004448,drifted
2024-11-29,sixty_forty,IEF,0.3915197274376567,drifted
2024-12-02,sixty_forty,SPY,0.4,target
2024-12-02,sixty_forty,QQQ,0.06666666666666665,target
2024-12-02,sixty_forty,IWM,0.06666666666666665,target
2024-12-02,sixty_forty,EFA,0.06666666666666665,target
2024-12-02,sixty_forty,IEF,0.4,target
2024-12-02,sixty_forty,SPY,0.4,drifted
2024-12-02,sixty_forty,QQQ,0.06666666666666665,drifted
2024-12-02,sixty_forty,IWM,0.06666666666666665,drifted
2024-12-02,sixty_forty,EFA,0.06666666666666665,drifted
2024-12-02,sixty_forty,IEF,0.4,drifted
2024-12-03,sixty_forty,SPY,0.40052347943151045,drifted
2024-12-03,sixty_forty,QQQ,0.06692754191377548,drifted
2024-12-03,sixty_forty,IWM,0.06624823906325204,drifted
2024-12-03,sixty_forty,EFA,0.06710210707323963,drifted
2024-12-03,sixty_forty,IEF,0.39919863251822246,drifted
2024-12-04,sixty_forty,SPY,0.4009571229948155,drifted
2024-12-04,sixty_forty,QQQ,0.06740974586698757,drifted
2024-12-04,sixty_forty,IWM,0.06614685658836911,drifted
2024-12-04,sixty_forty,EFA,0.0668105184870706,drifted
2024-12-04,sixty_forty,IEF,0.3986757560627573,drifted
2024-12-05,sixty_forty,SPY,0.4008317563318141,drifted
2024-12-05,sixty_forty,QQQ,0.067312699860224,drifted
2024-12-05,sixty_forty,IWM,0.06546251896822405,drifted
2024-12-05,sixty_forty,EFA,0.06722706564673869,drifted
2024-12-05,sixty_forty,IEF,0.39916595919299924,drifted
2024-12-06,sixty_forty,SPY,0.40045089844461323,drifted
2024-12-06,sixty_forty,QQQ,0.06772221480240166,drifted
2024-12-06,sixty_forty,IWM,0.06550963075852813,drifted
2024-12-06,sixty_forty,EFA,0.06702775414324286,drifted
2024-12-06,sixty_forty,IEF,0.39928950185121403,drifted
2024-12-09,sixty_forty,SPY,0.40012668060231965,drifted
2024-12-09,sixty_forty,QQQ,0.06748794439214455,drifted
2024-12-09,sixty_forty,IWM,0.06546496711475272,drifted
2024-12-09,sixty_forty,EFA,0.06727812698205096,drifted
2024-12-09,sixty_forty,IEF,0.3996422809087323,drifted
2024-12-10,sixty_forty,SPY,0.40011444045681854,drifted
2024-12-10,sixty_forty,QQQ,0.06746568202263409,drifted
2024-12-10,sixty_forty,IWM,0.0653826104908563,drifted
2024-12-10,sixty_forty,EFA,0.06687872921276904,drifted
2024-12-10,sixty_forty,IEF,0.40015853781692196,drifted
2024-12-11,sixty_forty,SPY,0.40166683601474557,drifted
2024-12-11,sixty_forty,QQQ,0.06841107013560949,drifted
2024-12-11,sixty_forty,IWM,0.06542721220120842,drifted
2024-12-11,sixty_forty,EFA,0.06704319466173861,drifted
2024-12-11,sixty_forty,IEF,0.3974516869866978,drifted
2024-12-12,sixty_forty,SPY,0.4017924424811107,drifted
2024-12-12,sixty_forty,QQQ,0.0683429623169733,drifted
2024-12-12,sixty_forty,IWM,0.06493169505110435,drifted
2024-12-12,sixty_forty,EFA,0.06682025633469935,drifted
2024-12-12,sixty_forty,IEF,0.39811264381611233,drifted
2024-12-13,sixty_forty,SPY,0.40253737040347487,drifted
2024-12-13,sixty_forty,QQQ,0.06900747263660088,drifted
2024-12-13,sixty_forty,IWM,0.06461863162440676,drifted
2024-12-13,sixty_forty,EFA,0.06677123722257143,drifted
2024-12-13,sixty_forty,IEF,0.397065288112946,drifted
2024-12-16,sixty_forty,SPY,0.40304730423597634,drifted
2024-12-16,sixty_forty,QQQ,0.06979187307443209,drifted
2024-12-16,sixty_forty,IWM,0.06480408046279316,drifted
2024-12-16,sixty_forty,EFA,0.06635214876913066,drifted
2024-12-16,sixty_forty,IEF,0.3960045934576677,drifted
2024-12-17,sixty_forty,SPY,0.4025198137513441,drifted
2024-12-17,sixty_forty,QQQ,0.06968067856478484,drifted
2024-12-17,sixty_forty,IWM,0.0642430327871087,drifted
2024-12-17,sixty_forty,EFA,0.06643395566490641,drifted
2024-12-17,sixty_forty,IEF,0.397122519231856,drifted
2024-12-18,sixty_forty,SPY,0.39933003865560973,drifted
2024-12-18,sixty_forty,QQQ,0.06868149965297117,drifted
2024-12-18,sixty_forty,IWM,0.06278345713542405,drifted
2024-12-18,sixty_forty,EFA,0.06626561064467823,drifted
2024-12-18,sixty_forty,IEF,0.40293939391131683,drifted
2024-12-19,sixty_forty,SPY,0.4003056441969051,drifted
2024-12-19,sixty_forty,QQQ,0.06856374323134942,drifted
2024-12-19,sixty_forty,IWM,0.06267680133398382,drifted
2024-12-19,sixty_forty,EFA,0.06623681798313931,drifted
2024-12-19,sixty_forty,IEF,0.40221699325462223,drifted
2024-12-20,sixty_forty,SPY,0.40218122616820184,drifted
2024-12-20,sixty_forty,QQQ,0.0686618311461744,drifted
2024-12-20,sixty_forty,IWM,0.06280610343336403,drifted
2024-12-20,sixty_forty,EFA,0.06557398767801777,drifted
2024-12-20,sixty_forty,IEF,0.4007768515742419,drifted
2024-12-23,sixty_forty,SPY,0.4039487524670894,drifted
2024-12-23,sixty_forty,QQQ,0.06922096846822814,drifted
2024-12-23,sixty_forty,IWM,0.0625625148646353,drifted
2024-12-23,sixty_forty,EFA,0.0658972912525923,drifted
2024-12-23,sixty_forty,IEF,0.39837047294745476,drifted
2024-12-24,sixty_forty,SPY,0.4058253786626807,drifted
2024-12-24,sixty_forty,QQQ,0.06971068969134395,drifted
2024-12-24,sixty_forty,IWM,0.06271811441932261,drifted
2024-12-24,sixty_forty,EFA,0.06570953242863746,drifted
2024-12-24,sixty_forty,IEF,0.39603628479801545,drifted
2024-12-26,sixty_forty,SPY,0.4053517894466792,drifted
2024-12-26,sixty_forty,QQQ,0.06957741314226269,drifted
2024-12-26,sixty_forty,IWM,0.06328290243927329,drifted
2024-12-26,sixty_forty,EFA,0.06593993940922356,drifted
2024-12-26,sixty_forty,IEF,0.3958479555625612,drifted
2024-12-27,sixty_forty,SPY,0.4040092976842521,drifted
2024-12-27,sixty_forty,QQQ,0.06915307958498017,drifted
2024-12-27,sixty_forty,IWM,0.06281504003091519,drifted
2024-12-27,sixty_forty,EFA,0.0663248702544455,drifted
2024-12-27,sixty_forty,IEF,0.397697712445407,drifted
2024-12-30,sixty_forty,SPY,0.40104987516346374,drifted
2024-12-30,sixty_forty,QQQ,0.06851538944543861,drifted
2024-12-30,sixty_forty,IWM,0.06258969765441807,drifted
2024-12-30,sixty_forty,EFA,0.06616151426108177,drifted
2024-12-30,sixty_forty,IEF,0.4016835234755978,drifted
2024-12-31,sixty_forty,SPY,0.4006722346447801,drifted
2024-12-31,sixty_forty,QQQ,0.06811722450107256,drifted
2024-12-31,sixty_forty,IWM,0.06283872235432537,drifted
2024-12-31,sixty_forty,EFA,0.06634056627630289,drifted
2024-12-31,sixty_forty,IEF,0.40203125222351915,drifted
2025-01-02,sixty_forty,SPY,0.4,target
2025-01-02,sixty_forty,QQQ,0.06666666666666665,target
2025-01-02,sixty_forty,IWM,0.06666666666666665,target
2025-01-02,sixty_forty,EFA,0.06666666666666665,target
2025-01-02,sixty_forty,IEF,0.4,target
2025-01-02,sixty_forty,SPY,0.4,drifted
2025-01-02,sixty_forty,QQQ,0.06666666666666665,drifted
2025-01-02,sixty_forty,IWM,0.06666666666666665,drifted
2025-01-02,sixty_forty,EFA,0.06666666666666665,drifted
2025-01-02,sixty_forty,IEF,0.4,drifted
2025-01-03,sixty_forty,SPY,0.4022948477268594,drifted
2025-01-03,sixty_forty,QQQ,0.0673048846527995,drifted
2025-01-03,sixty_forty,IWM,0.06720635829383989,drifted
2025-01-03,sixty_forty,EFA,0.06651117924017198,drifted
2025-01-03,sixty_forty,IEF,0.3966827300863292,drifted
2025-01-06,sixty_forty,SPY,0.40325570324601473,drifted
2025-01-06,sixty_forty,QQQ,0.06785015520484837,drifted
2025-01-06,sixty_forty,IWM,0.0670078921273796,drifted
2025-01-06,sixty_forty,EFA,0.06691882507871368,drifted
2025-01-06,sixty_forty,IEF,0.39496742434304355,drifted
2025-01-07,sixty_forty,SPY,0.40197622018910595,drifted
2025-01-07,sixty_forty,QQQ,0.06718746004633278,drifted
2025-01-07,sixty_forty,IWM,0.06701733105848968,drifted
2025-01-07,sixty_forty,EFA,0.06741616732818313,drifted
2025-01-07,sixty_forty,IEF,0.3964028213778884,drifted
2025-01-08,sixty_forty,SPY,0.402209633705243,drifted
2025-01-08,sixty_forty,QQQ,0.06714014495542299,drifted
2025-01-08,sixty_forty,IWM,0.06665477399698753,drifted
2025-01-08,sixty_forty,EFA,0.06725103799711328,drifted
2025-01-08,sixty_forty,IEF,0.3967444093452331,drifted
2025-01-10,sixty_forty,SPY,0.4011122607334822,drifted
2025-01-10,sixty_forty,QQQ,0.06692883196968244,drifted
2025-01-10,sixty_forty,IWM,0.06601772704709362,drifted
2025-01-10,sixty_forty,EFA,0.06707084824840968,drifted
2025-01-10,sixty_forty,IEF,0.39887033200133215,drifted
2025-01-13,sixty_forty,SPY,0.4018756146816326,drifted
2025-01-13,sixty_forty,QQQ,0.06673722223263469,drifted
2025-01-13,sixty_forty,IWM,0.06616889612689593,drifted
2025-01-13,sixty_forty,EFA,0.06690674105654623,drifted
2025-01-13,sixty_forty,IEF,0.3983115259022905,drifted
2025-01-14,sixty_forty,SPY,0.4017799269553523,drifted
2025-01-14,sixty_forty,QQQ,0.06656638491789024,drifted
2025-01-14,sixty_forty,IWM,0.06681332984933601,drifted
2025-01-14,sixty_forty,EFA,0.06703985990020292,drifted
2025-01-14,sixty_forty,IEF,0.39780049837721854,drifted
2025-01-15,sixty_forty,SPY,0.40296426495773163,drifted
2025-01-15,sixty_forty,QQQ,0.06707841633957808,drifted
2025-01-15,sixty_forty,IWM,0.06710710049113001,drifted
2025-01-15,sixty_forty,EFA,0.0668801821886271,drifted
2025-01-15,sixty_forty,IEF,0.39597003602293324,drifted
2025-01-16,sixty_forty,SPY,0.40211770419421955,drifted
2025-01-16,sixty_forty,QQQ,0.06659660630138778,drifted
2025-01-16,sixty_forty,IWM,0.06722993215928016,drifted
2025-01-16,sixty_forty,EFA,0.06721106391581273,drifted
2025-01-16,sixty_forty,IEF,0.39684469342929973,drifted
2025-01-17,sixty_forty,SPY,0.4037225870259697,drifted
2025-01-17,sixty_forty,QQQ,0.06731509798957613,drifted
2025-01-17,sixty_forty,IWM,0.06711605793164785,drifted
2025-01-17,sixty_forty,EFA,0.06707937929893568,drifted
2025-01-17,sixty_forty,IEF,0.39476687775387076,drifted
2025-01-21,sixty_forty,SPY,0.4041616778813744,drifted
2025-01-21,sixty_forty,QQQ,0.06716869894605323,drifted
2025-01-21,sixty_forty,IWM,0.06785827959785941,drifted
2025-01-21,sixty_forty,EFA,0.06788657481256,drifted
2025-01-21,sixty_forty,IEF,0.3929247687621528,drifted
2025-01-22,sixty_forty,SPY,0.4058187549207558,drifted
2025-01-22,sixty_forty,QQQ,0.06792458859314159,drifted
2025-01-22,sixty_forty,IWM,0.06731333510250519,drifted
2025-01-22,sixty_forty,EFA,0.06762811438372314,drifted
2025-01-22,sixty_forty,IEF,0.3913152069998742,drifted
2025-01-23,sixty_forty,SPY,0.4071360560241761,drifted
2025-01-23,sixty_forty,QQQ,0.06791925115611819,drifted
2025-01-23,sixty_forty,IWM,0.06747123262505227,drifted
2025-01-23,sixty_forty,EFA,0.06803194604731012,drifted
2025-01-23,sixty_forty,IEF,0.3894415141473434,drifted
2025-01-24,sixty_forty,SPY,0.40618267204556135,drifted
2025-01-24,sixty_forty,QQQ,0.06757454326202712,drifted
2025-01-24,sixty_forty,IWM,0.06732190251598469,drifted
2025-01-24,sixty_forty,EFA,0.06845149343689826,drifted
2025-01-24,sixty_forty,IEF,0.3904693887395285,drifted
2025-01-27,sixty_forty,SPY,0.4027828409942419,drifted
2025-01-27,sixty_forty,QQQ,0.0659914815064057,drifted
2025-01-27,sixty_forty,IWM,0.06706782210845841,drifted
2025-01-27,sixty_forty,EFA,0.06885249879459744,drifted
2025-01-27,sixty_forty,IEF,0.39530535659629656,drifted
2025-01-28,sixty_forty,SPY,0.4044376373412056,drifted
2025-01-28,sixty_forty,QQQ,0.06666909972928606,drifted
2025-01-28,sixty_forty,IWM,0.06684333981847677,drifted
2025-01-28,sixty_forty,EFA,0.06845985778624003,drifted
2025-01-28,sixty_forty,IEF,0.3935900653247914,drifted
2025-01-29,sixty_forty,SPY,0.40366009177780743,drifted
2025-01-29,sixty_forty,QQQ,0.06671503192322603,drifted
2025-01-29,sixty_forty,IWM,0.06686157334244998,drifted
2025-01-29,sixty_forty,EFA,0.06862726634840673,drifted
2025-01-29,sixty_forty,IEF,0.39413603660810986,drifted
2025-01-30,sixty_forty,SPY,0.4039147850990294,drifted
2025-01-30,sixty_forty,QQQ,0.06668378431738849,drifted
2025-01-30,sixty_forty,IWM,0.06722315483143657,drifted
2025-01-30,sixty_forty,EFA,0.06905504032121107,drifted
2025-01-30,sixty_forty,IEF,0.39312323543093447,drifted
2025-01-31,sixty_forty,SPY,0.4034313240786024,drifted
2025-01-31,sixty_forty,QQQ,0.06686302651043245,drifted
2025-01-31,sixty_forty,IWM,0.06689640883244348,drifted
2025-01-31,sixty_forty,EFA,0.06869125512637296,drifted
2025-01-31,sixty_forty,IEF,0.3941179854521488,drifted
2025-02-03,sixty_forty,SPY,0.4,target
2025-02-03,sixty_forty,QQQ,0.06666666666666665,target
2025-02-03,sixty_forty,IWM,0.06666666666666665,target
2025-02-03,sixty_forty,EFA,0.06666666666666665,target
2025-02-03,sixty_forty,IEF,0.4,target
2025-02-03,sixty_forty,SPY,0.4,drifted
2025-02-03,sixty_forty,QQQ,0.06666666666666665,drifted
2025-02-03,sixty_forty,IWM,0.06666666666666665,drifted
2025-02-03,sixty_forty,EFA,0.06666666666666665,drifted
2025-02-03,sixty_forty,IEF,0.4,drifted
2025-02-04,sixty_forty,SPY,0.40020553542260645,drifted
2025-02-04,sixty_forty,QQQ,0.06706976708441227,drifted
2025-02-04,sixty_forty,IWM,0.06717409466875242,drifted
2025-02-04,sixty_forty,EFA,0.06702639296618121,drifted
2025-02-04,sixty_forty,IEF,0.39852420985804776,drifted
2025-02-05,sixty_forty,SPY,0.39958132176656064,drifted
2025-02-05,sixty_forty,QQQ,0.06699739043440478,drifted
2025-02-05,sixty_forty,IWM,0.06752554611108913,drifted
2025-02-05,sixty_forty,EFA,0.067299439711872,drifted
2025-02-05,sixty_forty,IEF,0.39859630197607354,drifted
2025-02-06,sixty_forty,SPY,0.40042198073198243,drifted
2025-02-06,sixty_forty,QQQ,0.06725505163061006,drifted
2025-02-06,sixty_forty,IWM,0.06721277390040231,drifted
2025-02-06,sixty_forty,EFA,0.06752672999317046,drifted
2025-02-06,sixty_forty,IEF,0.3975834637438348,drifted
2025-02-07,sixty_forty,SPY,0.3996542164655378,drifted
2025-02-07,sixty_forty,QQQ,0.06689170891510322,drifted
2025-02-07,sixty_forty,IWM,0.06691894879703865,drifted
2025-02-07,sixty_forty,EFA,0.0673766510688266,drifted
2025-02-07,sixty_forty,IEF,0.39915847475349375,drifted
2025-02-10,sixty_forty,SPY,0.40068659122722244,drifted
2025-02-10,sixty_forty,QQQ,0.06741847036159092,drifted
2025-02-10,sixty_forty,IWM,0.06694002185429479,drifted
2025-02-10,sixty_forty,EFA,0.06755015611507306,drifted
2025-02-10,sixty_forty,IEF,0.3974047604418187,drifted
2025-02-11,sixty_forty,SPY,0.40137222380744914,drifted
2025-02-11,sixty_forty,QQQ,0.0673218496031698,drifted
2025-02-11,sixty_forty,IWM,0.06661401008390762,drifted
2025-02-11,sixty_forty,EFA,0.0679348785650565,drifted
2025-02-11,sixty_forty,IEF,0.396757037940417,drifted
2025-02-12,sixty_forty,SPY,0.4018264199728949,drifted
2025-02-12,sixty_forty,QQQ,0.06765555807096656,drifted
2025-02-12,sixty_forty,IWM,0.06628834764703197,drifted
2025-02-12,sixty_forty,EFA,0.06848575213001112,drifted
2025-02-12,sixty_forty,IEF,0.3957439221790955,drifted
2025-02-13,sixty_forty,SPY,0.4021464848372428,drifted
2025-02-13,sixty_forty,QQQ,0.06796594339531842,drifted
2025-02-13,sixty_forty,IWM,0.06638786443525739,drifted
2025-02-13,sixty_forty,EFA,0.06864656435062119,drifted
2025-02-13,sixty_forty,IEF,0.3948531429815603,drifted
2025-02-14,sixty_forty,SPY,0.401334735293514,drifted
2025-02-14,sixty_forty,QQQ,0.06811687537378182,drifted
2025-02-14,sixty_forty,IWM,0.06620729305008013,drifted
2025-02-14,sixty_forty,EFA,0.06861184030895252,drifted
2025-02-14,sixty_forty,IEF,0.39572925597367137,drifted
2025-02-18,sixty_forty,SPY,0.40248488446592184,drifted
2025-02-18,sixty_forty,QQQ,0.0682665294374079,drifted
2025-02-18,sixty_forty,IWM,0.06656595914198632,drifted
2025-02-18,sixty_forty,EFA,0.06910111460475486,drifted
2025-02-18,sixty_forty,IEF,0.3935815123499291,drifted
2025-02-19,sixty_forty,SPY,0.40316552952483664,drifted
2025-02-19,sixty_forty,QQQ,0.06824031155371559,drifted
2025-02-19,sixty_forty,IWM,0.06629352454377653,drifted
2025-02-19,sixty_forty,EFA,0.06834405474329361,drifted
2025-02-19,sixty_forty,IEF,0.3939565796343777,drifted
2025-02-20,sixty_forty,SPY,0.40208302406766927,drifted
2025-02-20,sixty_forty,QQQ,0.06805131846151333,drifted
2025-02-20,sixty_forty,IWM,0.06575545980366783,drifted
2025-02-20,sixty_forty,EFA,0.06876377172504922,drifted
2025-02-20,sixty_forty,IEF,0.3953464259421004,drifted
2025-02-21,sixty_forty,SPY,0.3985042114948697,drifted
2025-02-21,sixty_forty,QQQ,0.06719510927363834,drifted
2025-02-21,sixty_forty,IWM,0.06439430878063798,drifted
2025-02-21,sixty_forty,EFA,0.06890669862256234,drifted
2025-02-21,sixty_forty,IEF,0.4009996718282917,drifted
2025-02-24,sixty_forty,SPY,0.39758822022145257,drifted
2025-02-24,sixty_forty,QQQ,0.06655214668082104,drifted
2025-02-24,sixty_forty,IWM,0.06407475529295137,drifted
2025-02-24,sixty_forty,EFA,0.069020231182092,drifted
2025-02-24,sixty_forty,IEF,0.402764646622683,drifted
2025-02-25,sixty_forty,SPY,0.3953177841779158,drifted
2025-02-25,sixty_forty,QQQ,0.06566493253371476,drifted
2025-02-25,sixty_forty,IWM,0.06378446024833105,drifted
2025-02-25,sixty_forty,EFA,0.0695953778634952,drifted
2025-02-25,sixty_forty,IEF,0.4056374451765432,drifted
2025-02-26,sixty_forty,SPY,0.39486754732414364,drifted
2025-02-26,sixty_forty,QQQ,0.06571542558507279,drifted
2025-02-26,sixty_forty,IWM,0.0637594889789946,drifted
2025-02-26,sixty_forty,EFA,0.06957399062273305,drifted
2025-02-26,sixty_forty,IEF,0.40608354748905584,drifted
2025-02-27,sixty_forty,SPY,0.3926311556157764,drifted
2025-02-27,sixty_forty,QQQ,0.06455904787818129,drifted
2025-02-27,sixty_forty,IWM,0.063443983087606,drifted
2025-02-27,sixty_forty,EFA,0.06950806430022023,drifted
2025-02-27,sixty_forty,IEF,0.409857749118216,drifted
2025-02-28,sixty_forty,SPY,0.39472622451443534,drifted
2025-02-28,sixty_forty,QQQ,0.06491541759413044,drifted
2025-02-28,sixty_forty,IWM,0.06347072015483658,drifted
2025-02-28,sixty_forty,EFA,0.06894890188007584,drifted
2025-02-28,sixty_forty,IEF,0.4079387358565217,drifted
2025-03-03,sixty_forty,SPY,0.4,target
2025-03-03,sixty_forty,QQQ,0.06666666666666665,target
2025-03-03,sixty_forty,IWM,0.06666666666666665,target
2025-03-03,sixty_forty,EFA,0.06666666666666665,target
2025-03-03,sixty_forty,IEF,0.4,target
2025-03-03,sixty_forty,SPY,0.4,drifted
2025-03-03,sixty_forty,QQQ,0.06666666666666665,drifted
2025-03-03,sixty_forty,IWM,0.06666666666666665,drifted
2025-03-03,sixty_forty,EFA,0.06666666666666665,drifted
2025-03-03,sixty_forty,IEF,0.4,drifted
2025-03-04,sixty_forty,SPY,0.3980370496587261,drifted
2025-03-04,sixty_forty,QQQ,0.06693157077896444,drifted
2025-03-04,sixty_forty,IWM,0.06637530768972413,drifted
2025-03-04,sixty_forty,EFA,0.0671178824888183,drifted
2025-03-04,sixty_forty,IEF,0.40153818938376706,drifted
2025-03-05,sixty_forty,SPY,0.4002437642335715,drifted
2025-03-05,sixty_forty,QQQ,0.06745499803500801,drifted
2025-03-05,sixty_forty,IWM,0.06668936128232483,drifted
2025-03-05,sixty_forty,EFA,0.06836754335265108,drifted
2025-03-05,sixty_forty,IEF,0.39724433309644475,drifted
2025-03-06,sixty_forty,SPY,0.39746959815150196,drifted
2025-03-06,sixty_forty,QQQ,0.06632195795110282,drifted
2025-03-06,sixty_forty,IWM,0.06639225349889899,drifted
2025-03-06,sixty_forty,EFA,0.06840839525826199,drifted
2025-03-06,sixty_forty,IEF,0.4014077951402343,drifted
2025-03-07,sixty_forty,SPY,0.39844827707613706,drifted
2025-03-07,sixty_forty,QQQ,0.06660088968158488,drifted
2025-03-07,sixty_forty,IWM,0.06640080504868016,drifted
2025-03-07,sixty_forty,EFA,0.06890465161596081,drifted
2025-03-07,sixty_forty,IEF,0.3996453765776371,drifted
2025-03-10,sixty_forty,SPY,0.3932201340091169,drifted
2025-03-10,sixty_forty,QQQ,0.0649085288489615,drifted
2025-03-10,sixty_forty,IWM,0.06562943471659839,drifted
2025-03-10,sixty_forty,EFA,0.06821470059593476,drifted
2025-03-10,sixty_forty,IEF,0.40802720182938834,drifted
2025-03-11,sixty_forty,SPY,0.39195887662472095,drifted
2025-03-11,sixty_forty,QQQ,0.06508672731515021,drifted
2025-03-11,sixty_forty,IWM,0.06596071419479527,drifted
2025-03-11,sixty_forty,EFA,0.06833299836989963,drifted
2025-03-11,sixty_forty,IEF,0.40866068349543394,drifted
2025-03-12,sixty_forty,SPY,0.3931691814376592,drifted
2025-03-12,sixty_forty,QQQ,0.06567570320366406,drifted
2025-03-12,sixty_forty,IWM,0.06592990017290042,drifted
2025-03-12,sixty_forty,EFA,0.06867182530364933,drifted
2025-03-12,sixty_forty,IEF,0.40655338988212714,drifted
2025-03-13,sixty_forty,SPY,0.39035868910975363,drifted
2025-03-13,sixty_forty,QQQ,0.06489825439280475,drifted
2025-03-13,sixty_forty,IWM,0.06535329014986396,drifted
2025-03-13,sixty_forty,EFA,0.06864279779311125,drifted
2025-03-13,sixty_forty,IEF,0.4107469685544664,drifted
2025-03-14,sixty_forty,SPY,0.39406999020006406,drifted
2025-03-14,sixty_forty,QQQ,0.0657408838381037,drifted
2025-03-14,sixty_forty,IWM,0.06620242723137526,drifted
2025-03-14,sixty_forty,EFA,0.0691402232222625,drifted
2025-03-14,sixty_forty,IEF,0.4048464755081944,drifted
2025-03-17,sixty_forty,SPY,0.39496821483137257,drifted
2025-03-17,sixty_forty,QQQ,0.06581046599666075,drifted
2025-03-17,sixty_forty,IWM,0.06667638762706926,drifted
2025-03-17,sixty_forty,EFA,0.06953974339320915,drifted
2025-03-17,sixty_forty,IEF,0.40300518815168823,drifted
2025-03-18,sixty_forty,SPY,0.3928636864507894,drifted
2025-03-18,sixty_forty,QQQ,0.06504693549656328,drifted
2025-03-18,sixty_forty,IWM,0.06646357691165496,drifted
2025-03-18,sixty_forty,EFA,0.06991672198836427,drifted
2025-03-18,sixty_forty,IEF,0.40570907915262816,drifted
2025-03-19,sixty_forty,SPY,0.3941343045855739,drifted
2025-03-19,sixty_forty,QQQ,0.0654180844858485,drifted
2025-03-19,sixty_forty,IWM,0.06698588272088377,drifted
2025-03-19,sixty_forty,EFA,0.0695921140853501,drifted
2025-03-19,sixty_forty,IEF,0.40386961412234385,drifted
2025-03-20,sixty_forty,SPY,0.39369269456860023,drifted
2025-03-20,sixty_forty,QQQ,0.06531215174573186,drifted
2025-03-20,sixty_forty,IWM,0.06667890921675379,drifted
2025-03-20,sixty_forty,EFA,0.06913264013439355,drifted
2025-03-20,sixty_forty,IEF,0.4051836043345205,drifted
2025-03-21,sixty_forty,SPY,0.3941519720450102,drifted
2025-03-21,sixty_forty,QQQ,0.06558228482808126,drifted
2025-03-21,sixty_forty,IWM,0.06632137138508896,drifted
2025-03-21,sixty_forty,EFA,0.06876306653811977,drifted
2025-03-21,sixty_forty,IEF,0.4051813052036999,drifted
2025-03-24,sixty_forty,SPY,0.3981076816833983,drifted
2025-03-24,sixty_forty,QQQ,0.06650309931924915,drifted
2025-03-24,sixty_forty,IWM,0.06744566096183209,drifted
2025-03-24,sixty_forty,EFA,0.0682230952707419,drifted
2025-03-24,sixty_forty,IEF,0.39972046276477835,drifted
2025-03-25,sixty_forty,SPY,0.3982625253111031,drifted
2025-03-25,sixty_forty,QQQ,0.06674817360641049,drifted
2025-03-25,sixty_forty,IWM,0.06693626725592824,drifted
2025-03-25,sixty_forty,EFA,0.06846038105454634,drifted
2025-03-25,sixty_forty,IEF,0.39959265277201184,drifted
2025-03-26,sixty_forty,SPY,0.3968730140205352,drifted
2025-03-26,sixty_forty,QQQ,0.06608025602269692,drifted
2025-03-26,sixty_forty,IWM,0.0668228521146125,drifted
2025-03-26,sixty_forty,EFA,0.06815103993091977,drifted
2025-03-26,sixty_forty,IEF,0.4020728379112355,drifted
2025-03-27,sixty_forty,SPY,0.3965891359163683,drifted
2025-03-27,sixty_forty,QQQ,0.06583155898175574,drifted
2025-03-27,sixty_forty,IWM,0.0666337141345026,drifted
2025-03-27,sixty_forty,EFA,0.06843168259946182,drifted
2025-03-27,sixty_forty,IEF,0.40251390836791157,drifted
2025-03-28,sixty_forty,SPY,0.3919103580567887,drifted
2025-03-28,sixty_forty,QQQ,0.06464397600438619,drifted
2025-03-28,sixty_forty,IWM,0.06583462408284635,drifted
2025-03-28,sixty_forty,EFA,0.06840035519985077,drifted
2025-03-28,sixty_forty,IEF,0.4092106866561279,drifted
2025-03-31,sixty_forty,SPY,0.39339556416717236,drifted
2025-03-31,sixty_forty,QQQ,0.06445351764381754,drifted
2025-03-31,sixty_forty,IWM,0.06532907454971908,drifted
2025-03-31,sixty_forty,EFA,0.06759796430180558,drifted
2025-03-31,sixty_forty,IEF,0.40922387933748544,drifted
2025-04-01,sixty_forty,SPY,0.4,target
2025-04-01,sixty_forty,QQQ,0.06666666666666665,target
2025-04-01,sixty_forty,IWM,0.06666666666666665,target
2025-04-01,sixty_forty,EFA,0.06666666666666665,target
2025-04-01,sixty_forty,IEF,0.4,target
2025-04-01,sixty_forty,SPY,0.4,drifted
2025-04-01,sixty_forty,QQQ,0.06666666666666665,drifted
2025-04-01,sixty_forty,IWM,0.06666666666666665,drifted
2025-04-01,sixty_forty,EFA,0.06666666666666665,drifted
2025-04-01,sixty_forty,IEF,0.4,drifted
2025-04-02,sixty_forty,SPY,0.40098844091570884,drifted
2025-04-02,sixty_forty,QQQ,0.06689582552398943,drifted
2025-04-02,sixty_forty,IWM,0.06745966556786964,drifted
2025-04-02,sixty_forty,EFA,0.0665652803857533,drifted
2025-04-02,sixty_forty,IEF,0.3980907876066788,drifted
2025-04-03,sixty_forty,SPY,0.390992511580975,drifted
2025-04-03,sixty_forty,QQQ,0.06493643996870763,drifted
2025-04-03,sixty_forty,IWM,0.06474605960449238,drifted
2025-04-03,sixty_forty,EFA,0.06683902585517738,drifted
2025-04-03,sixty_forty,IEF,0.41248596299064755,drifted
2025-04-04,sixty_forty,SPY,0.3806901674586942,drifted
2025-04-04,sixty_forty,QQQ,0.06298594824599879,drifted
2025-04-04,sixty_forty,IWM,0.06397310378076884,drifted
2025-04-04,sixty_forty,EFA,0.06456337546431494,drifted
2025-04-04,sixty_forty,IEF,0.4277874050502232,drifted
2025-04-07,sixty_forty,SPY,0.38298312240597504,drifted
2025-04-07,sixty_forty,QQQ,0.06363157682566284,drifted
2025-04-07,sixty_forty,IWM,0.06388969671653592,drifted
2025-04-07,sixty_forty,EFA,0.06349825274890722,drifted
2025-04-07,sixty_forty,IEF,0.4259973513029189,drifted
2025-04-08,sixty_forty,SPY,0.3812498046184589,drifted
2025-04-08,sixty_forty,QQQ,0.06319264535870307,drifted
2025-04-08,sixty_forty,IWM,0.06291042750084196,drifted
2025-04-08,sixty_forty,EFA,0.06399739673685208,drifted
2025-04-08,sixty_forty,IEF,0.428649725785144,drifted
2025-04-09,sixty_forty,SPY,0.3987378734728508,drifted
2025-04-09,sixty_forty,QQQ,0.06698913777063725,drifted
2025-04-09,sixty_forty,IWM,0.06460422805045879,drifted
2025-04-09,sixty_forty,EFA,0.06524581250513775,drifted
2025-04-09,sixty_forty,IEF,0.4044229482009154,drifted
2025-04-10,sixty_forty,SPY,0.3917826870520052,drifted
2025-04-10,sixty_forty,QQQ,0.06590923415603492,drifted
2025-04-10,sixty_forty,IWM,0.06359690578302268,drifted
2025-04-10,sixty_forty,EFA,0.06572330618456111,drifted
2025-04-10,sixty_forty,IEF,0.4129878668243761,drifted
2025-04-11,sixty_forty,SPY,0.3954313473644018,drifted
2025-04-11,sixty_forty,QQQ,0.06656096356450977,drifted
2025-04-11,sixty_forty,IWM,0.06398364224437018,drifted
2025-04-11,sixty_forty,EFA,0.06680521774836419,drifted
2025-04-11,sixty_forty,IEF,0.4072188290783541,drifted
2025-04-14,sixty_forty,SPY,0.39569617140521063,drifted
2025-04-14,sixty_forty,QQQ,0.06641271526211047,drifted
2025-04-14,sixty_forty,IWM,0.06415769701770818,drifted
2025-04-14,sixty_forty,EFA,0.06692028954986526,drifted
2025-04-14,sixty_forty,IEF,0.40681312676510556,drifted
2025-04-15,sixty_forty,SPY,0.3942500187001453,drifted
2025-04-15,sixty_forty,QQQ,0.06642981185379598,drifted
2025-04-15,sixty_forty,IWM,0.06418179314377492,drifted
2025-04-15,sixty_forty,EFA,0.0674660983462555,drifted
2025-04-15,sixty_forty,IEF,0.40767227795602823,drifted
2025-04-16,sixty_forty,SPY,0.3893306313624084,drifted
2025-04-16,sixty_forty,QQQ,0.06506917726841985,drifted
2025-04-16,sixty_forty,IWM,0.0642005346074821,drifted
2025-04-16,sixty_forty,EFA,0.06787659503296108,drifted
2025-04-16,sixty_forty,IEF,0.4135230617287286,drifted
2025-04-17,sixty_forty,SPY,0.3896414081280222,drifted
2025-04-17,sixty_forty,QQQ,0.06501663399348483,drifted
2025-04-17,sixty_forty,IWM,0.06468400023411204,drifted
2025-04-17,sixty_forty,EFA,0.06856957402871597,drifted
2025-04-17,sixty_forty,IEF,0.41208838361566485,drifted
2025-04-21,sixty_forty,SPY,0.3860700888356728,drifted
2025-04-21,sixty_forty,QQQ,0.06435841352513896,drifted
2025-04-21,sixty_forty,IWM,0.06433712539666772,drifted
2025-04-21,sixty_forty,EFA,0.06922012032266753,drifted
2025-04-21,sixty_forty,IEF,0.41601425191985286,drifted
2025-04-22,sixty_forty,SPY,0.3902063464300426,drifted
2025-04-22,sixty_forty,QQQ,0.06506277551589092,drifted
2025-04-22,sixty_forty,IWM,0.0650179236589897,drifted
2025-04-22,sixty_forty,EFA,0.06959938933313987,drifted
2025-04-22,sixty_forty,IEF,0.41011356506193697,drifted
2025-04-23,sixty_forty,SPY,0.3926404072247298,drifted
2025-04-23,sixty_forty,QQQ,0.06593169746323795,drifted
2025-04-23,sixty_forty,IWM,0.06538055931486779,drifted
2025-04-23,sixty_forty,EFA,0.06924133302166616,drifted
2025-04-23,sixty_forty,IEF,0.40680600297549824,drifted
2025-04-24,sixty_forty,SPY,0.39515559491656976,drifted
2025-04-24,sixty_forty,QQQ,0.06681468913535221,drifted
2025-04-24,sixty_forty,IWM,0.06573348730958861,drifted
2025-04-24,sixty_forty,EFA,0.06915653963043909,drifted
2025-04-24,sixty_forty,IEF,0.40313968900805025,drifted
2025-04-25,sixty_forty,SPY,0.3958543188226065,drifted
2025-04-25,sixty_forty,QQQ,0.06719348740697192,drifted
2025-04-25,sixty_forty,IWM,0.0653975533050239,drifted
2025-04-25,sixty_forty,EFA,0.06907747945400954,drifted
2025-04-25,sixty_forty,IEF,0.4024771610113882,drifted
2025-04-28,sixty_forty,SPY,0.39502866974867407,drifted
2025-04-28,sixty_forty,QQQ,0.0670065209785094,drifted
2025-04-28,sixty_forty,IWM,0.06551185693936014,drifted
2025-04-28,sixty_forty,EFA,0.06936585497502662,drifted
2025-04-28,sixty_forty,IEF,0.4030870973584297,drifted
2025-04-29,sixty_forty,SPY,0.395599106187241,drifted
2025-04-29,sixty_forty,QQQ,0.06712362980212548,drifted
2025-04-29,sixty_forty,IWM,0.06558037840503657,drifted
2025-04-29,sixty_forty,EFA,0.06916975420642633,drifted
2025-04-29,sixty_forty,IEF,0.40252713139917073,drifted
2025-04-30,sixty_forty,SPY,0.39564335618859486,drifted
2025-04-30,sixty_forty,QQQ,0.06709603027089923,drifted
2025-04-30,sixty_forty,IWM,0.06515043662010243,drifted
2025-04-30,sixty_forty,EFA,0.06906854373941662,drifted
2025-04-30,sixty_forty,IEF,0.4030416331809869,drifted
2025-05-01,sixty_forty,SPY,0.4,target
2025-05-01,sixty_forty,QQQ,0.06666666666666665,target
2025-05-01,sixty_forty,IWM,0.06666666666666665,target
2025-05-01,sixty_forty,EFA,0.06666666666666665,target
2025-05-01,sixty_forty,IEF,0.4,target
2025-05-01,sixty_forty,SPY,0.4,drifted
2025-05-01,sixty_forty,QQQ,0.06666666666666665,drifted
2025-05-01,sixty_forty,IWM,0.06666666666666665,drifted
2025-05-01,sixty_forty,EFA,0.06666666666666665,drifted
2025-05-01,sixty_forty,IEF,0.4,drifted
2025-05-02,sixty_forty,SPY,0.4031078551585619,drifted
2025-05-02,sixty_forty,QQQ,0.06718461047600068,drifted
2025-05-02,sixty_forty,IWM,0.0676909325943507,drifted
2025-05-02,sixty_forty,EFA,0.06747142016426318,drifted
2025-05-02,sixty_forty,IEF,0.39454518160682345,drifted
2025-05-05,sixty_forty,SPY,0.40233350628979136,drifted
2025-05-05,sixty_forty,QQQ,0.06704219811471387,drifted
2025-05-05,sixty_forty,IWM,0.06742860455317494,drifted
2025-05-05,sixty_forty,EFA,0.06784820015219828,drifted
2025-05-05,sixty_forty,IEF,0.3953474908901215,drifted
2025-05-06,sixty_forty,SPY,0.4004945196699532,drifted
2025-05-06,sixty_forty,QQQ,0.06667226309909055,drifted
2025-05-06,sixty_forty,IWM,0.06694781793347293,drifted
2025-05-06,sixty_forty,EFA,0.06802047253239873,drifted
2025-05-06,sixty_forty,IEF,0.39786492676508456,drifted
2025-05-07,sixty_forty,SPY,0.40098071099877514,drifted
2025-05-07,sixty_forty,QQQ,0.06673462347575111,drifted
2025-05-07,sixty_forty,IWM,0.06696888060243338,drifted
2025-05-07,sixty_forty,EFA,0.06758952318708782,drifted
2025-05-07,sixty_forty,IEF,0.3977262617359526,drifted
2025-05-08,sixty_forty,SPY,0.4032001519250965,drifted
2025-05-08,sixty_forty,QQQ,0.06732771832769832,drifted
2025-05-08,sixty_forty,IWM,0.06814723429833235,drifted
2025-05-08,sixty_forty,EFA,0.06725751059882237,drifted
2025-05-08,sixty_forty,IEF,0.39406738485005044,drifted
2025-05-09,sixty_forty,SPY,0.4027107969876948,drifted
2025-05-09,sixty_forty,QQQ,0.0672876650294919,drifted
2025-05-09,sixty_forty,IWM,0.06802602413748954,drifted
2025-05-09,sixty_forty,EFA,0.0675917872184251,drifted
2025-05-09,sixty_forty,IEF,0.3943837266268986,drifted
2025-05-12,sixty_forty,SPY,0.40935525568036457,drifted
2025-05-12,sixty_forty,QQQ,0.06890721529281506,drifted
2025-05-12,sixty_forty,IWM,0.06928965934057736,drifted
2025-05-12,sixty_forty,EFA,0.06684946521359438,drifted
2025-05-12,sixty_forty,IEF,0.3855984044726487,drifted
2025-05-13,sixty_forty,SPY,0.41049702008450795,drifted
2025-05-13,sixty_forty,QQQ,0.06969229629502646,drifted
2025-05-13,sixty_forty,IWM,0.06927944777339586,drifted
2025-05-13,sixty_forty,EFA,0.06668088933249207,drifted
2025-05-13,sixty_forty,IEF,0.3838503465145777,drifted
2025-05-14,sixty_forty,SPY,0.411610165247197,drifted
2025-05-14,sixty_forty,QQQ,0.0702103531858379,drifted
2025-05-14,sixty_forty,IWM,0.0687634405084357,drifted
2025-05-14,sixty_forty,EFA,0.06645221836926193,drifted
2025-05-14,sixty_forty,IEF,0.38296382268926743,drifted
2025-05-15,sixty_forty,SPY,0.41124970454081977,drifted
2025-05-15,sixty_forty,QQQ,0.06988461336834573,drifted
2025-05-15,sixty_forty,IWM,0.06881564799476207,drifted
2025-05-15,sixty_forty,EFA,0.06679265183979424,drifted
2025-05-15,sixty_forty,IEF,0.3832573822562783,drifted
2025-05-16,sixty_forty,SPY,0.41230697997829857,drifted
2025-05-16,sixty_forty,QQQ,0.06992630970061461,drifted
2025-05-16,sixty_forty,IWM,0.06912488051254546,drifted
2025-05-16,sixty_forty,EFA,0.0666957780119487,drifted
2025-05-16,sixty_forty,IEF,0.38194605179659263,drifted
2025-05-19,sixty_forty,SPY,0.4124860079985968,drifted
2025-05-19,sixty_forty,QQQ,0.06994722574373702,drifted
2025-05-19,sixty_forty,IWM,0.06878964119383127,drifted
2025-05-19,sixty_forty,EFA,0.06728595470352101,drifted
2025-05-19,sixty_forty,IEF,0.3814911703603137,drifted
2025-05-20,sixty_forty,SPY,0.4118199374580018,drifted
2025-05-20,sixty_forty,QQQ,0.06983631828301783,drifted
2025-05-20,sixty_forty,IWM,0.06894654179914751,drifted
2025-05-20,sixty_forty,EFA,0.06772537154613095,drifted
2025-05-20,sixty_forty,IEF,0.38167183091370194,drifted
2025-05-21,sixty_forty,SPY,0.4101669232385523,drifted
2025-05-21,sixty_forty,QQQ,0.06976499306403951,drifted
2025-05-21,sixty_forty,IWM,0.06788578105648164,drifted
2025-05-21,sixty_forty,EFA,0.06820647984421346,drifted
2025-05-21,sixty_forty,IEF,0.3839758227967132,drifted
2025-05-22,sixty_forty,SPY,0.40963522826768217,drifted
2025-05-22,sixty_forty,QQQ,0.06977740566608186,drifted
2025-05-22,sixty_forty,IWM,0.06776770313927592,drifted
2025-05-22,sixty_forty,EFA,0.06805249158247127,drifted
2025-05-22,sixty_forty,IEF,0.3847671713444887,drifted
2025-05-23,sixty_forty,SPY,0.4078390775734485,drifted
2025-05-23,sixty_forty,QQQ,0.06930111496623514,drifted
2025-05-23,sixty_forty,IWM,0.06772028670132699,drifted
2025-05-23,sixty_forty,EFA,0.06831286029012175,drifted
2025-05-23,sixty_forty,IEF,0.38682666046886766,drifted
2025-05-27,sixty_forty,SPY,0.41039624462043295,drifted
2025-05-27,sixty_forty,QQQ,0.06992245470664828,drifted
2025-05-27,sixty_forty,IWM,0.06845096284574069,drifted
2025-05-27,sixty_forty,EFA,0.06832017718148914,drifted
2025-05-27,sixty_forty,IEF,0.38291016064568906,drifted
2025-05-28,sixty_forty,SPY,0.4101758120774483,drifted
2025-05-28,sixty_forty,QQQ,0.06998004045169408,drifted
2025-05-28,sixty_forty,IWM,0.06808674603999718,drifted
2025-05-28,sixty_forty,EFA,0.06788883605086136,drifted
2025-05-28,sixty_forty,IEF,0.38386856537999914,drifted
2025-05-29,sixty_forty,SPY,0.41021440016034677,drifted
2025-05-29,sixty_forty,QQQ,0.06984846777205786,drifted
2025-05-29,sixty_forty,IWM,0.06802672886883089,drifted
2025-05-29,sixty_forty,EFA,0.06792699755009864,drifted
2025-05-29,sixty_forty,IEF,0.3839834056486658,drifted
2025-05-30,sixty_forty,SPY,0.4096227063976865,drifted
2025-05-30,sixty_forty,QQQ,0.06971570192315706,drifted
2025-05-30,sixty_forty,IWM,0.06765825328702176,drifted
2025-05-30,sixty_forty,EFA,0.0680045139794197,drifted
2025-05-30,sixty_forty,IEF,0.3849988244127151,drifted
2025-06-02,sixty_forty,SPY,0.4,target
2025-06-02,sixty_forty,QQQ,0.06666666666666665,target
2025-06-02,sixty_forty,IWM,0.06666666666666665,target
2025-06-02,sixty_forty,EFA,0.06666666666666665,target
2025-06-02,sixty_forty,IEF,0.4,target
2025-06-02,sixty_forty,SPY,0.4,drifted
2025-06-02,sixty_forty,QQQ,0.06666666666666665,drifted
2025-06-02,sixty_forty,IWM,0.06666666666666665,drifted
2025-06-02,sixty_forty,EFA,0.06666666666666665,drifted
2025-06-02,sixty_forty,IEF,0.4,drifted
2025-06-03,sixty_forty,SPY,0.4010818651837654,drifted
2025-06-03,sixty_forty,QQQ,0.06698753214369678,drifted
2025-06-03,sixty_forty,IWM,0.06754068300684446,drifted
2025-06-03,sixty_forty,EFA,0.06596439350239015,drifted
2025-06-03,sixty_forty,IEF,0.3984255261633032,drifted
2025-06-04,sixty_forty,SPY,0.3997295158436438,drifted
2025-06-04,sixty_forty,QQQ,0.0669657530220934,drifted
2025-06-04,sixty_forty,IWM,0.06714097669441248,drifted
2025-06-04,sixty_forty,EFA,0.06605490963657415,drifted
2025-06-04,sixty_forty,IEF,0.4001088448032761,drifted
2025-06-05,sixty_forty,SPY,0.3992494113760127,drifted
2025-06-05,sixty_forty,QQQ,0.06670426012521022,drifted
2025-06-05,sixty_forty,IWM,0.06741509551901688,drifted
2025-06-05,sixty_forty,EFA,0.06625151211844509,drifted
2025-06-05,sixty_forty,IEF,0.4003797208613151,drifted
2025-06-06,sixty_forty,SPY,0.40218584330626467,drifted
2025-06-06,sixty_forty,QQQ,0.06716201078134301,drifted
2025-06-06,sixty_forty,IWM,0.06830696792214465,drifted
2025-06-06,sixty_forty,EFA,0.06629681715060097,drifted
2025-06-06,sixty_forty,IEF,0.39604836083964673,drifted
2025-06-09,sixty_forty,SPY,0.4018873523691386,drifted
2025-06-09,sixty_forty,QQQ,0.0671504353733079,drifted
2025-06-09,sixty_forty,IWM,0.06866468697608227,drifted
2025-06-09,sixty_forty,EFA,0.06618059469671622,drifted
2025-06-09,sixty_forty,IEF,0.39611693058475517,drifted
2025-06-10,sixty_forty,SPY,0.4026127724624693,drifted
2025-06-10,sixty_forty,QQQ,0.06733480827827976,drifted
2025-06-10,sixty_forty,IWM,0.06876946705101573,drifted
2025-06-10,sixty_forty,EFA,0.06601441481696445,drifted
2025-06-10,sixty_forty,IEF,0.3952685373912709,drifted
2025-06-11,sixty_forty,SPY,0.401514544125328,drifted
2025-06-11,sixty_forty,QQQ,0.06711627893159755,drifted
2025-06-11,sixty_forty,IWM,0.06849590468960867,drifted
2025-06-11,sixty_forty,EFA,0.0659124204839641,drifted
2025-06-11,sixty_forty,IEF,0.3969608517695016,drifted
2025-06-12,sixty_forty,SPY,0.40161829815397154,drifted
2025-06-12,sixty_forty,QQQ,0.06702486839265445,drifted
2025-06-12,sixty_forty,IWM,0.0679708608869249,drifted
2025-06-12,sixty_forty,EFA,0.06617362079311685,drifted
2025-06-12,sixty_forty,IEF,0.3972123517733323,drifted
2025-06-13,sixty_forty,SPY,0.4006912802853728,drifted
2025-06-13,sixty_forty,QQQ,0.06677719681675129,drifted
2025-06-13,sixty_forty,IWM,0.0673269352588951,drifted
2025-06-13,sixty_forty,EFA,0.0659105010767216,drifted
2025-06-13,sixty_forty,IEF,0.3992940865622592,drifted
2025-06-16,sixty_forty,SPY,0.4026358306579021,drifted
2025-06-16,sixty_forty,QQQ,0.06739343731907209,drifted
2025-06-16,sixty_forty,IWM,0.06780616092169796,drifted
2025-06-16,sixty_forty,EFA,0.06585225838435046,drifted
2025-06-16,sixty_forty,IEF,0.3963123127169773,drifted
2025-06-17,sixty_forty,SPY,0.40067002111031486,drifted
2025-06-17,sixty_forty,QQQ,0.0669828236644928,drifted
2025-06-17,sixty_forty,IWM,0.0673398473528129,drifted
2025-06-17,sixty_forty,EFA,0.06528473541768662,drifted
2025-06-17,sixty_forty,IEF,0.39972257245469295,drifted
2025-06-18,sixty_forty,SPY,0.40034949093812466,drifted
2025-06-18,sixty_forty,QQQ,0.06692793215598765,drifted
2025-06-18,sixty_forty,IWM,0.06765106699786173,drifted
2025-06-18,sixty_forty,EFA,0.06535487698729586,drifted
2025-06-18,sixty_forty,IEF,0.3997166329207302,drifted
2025-06-20,sixty_forty,SPY,0.40008421168126684,drifted
2025-06-20,sixty_forty,QQQ,0.06676729721995574,drifted
2025-06-20,sixty_forty,IWM,0.06762316515383517,drifted
2025-06-20,sixty_forty,EFA,0.06487912863579175,drifted
2025-06-20,sixty_forty,IEF,0.4006461973091505,drifted
2025-06-23,sixty_forty,SPY,0.4010872320011741,drifted
2025-06-23,sixty_forty,QQQ,0.06696151651679602,drifted
2025-06-23,sixty_forty,IWM,0.06795106606094782,drifted
2025-06-23,sixty_forty,EFA,0.06489054555073782,drifted
2025-06-23,sixty_forty,IEF,0.3991096398703442,drifted
2025-06-24,sixty_forty,SPY,0.4021005168703942,drifted
2025-06-24,sixty_forty,QQQ,0.06741253230638228,drifted
2025-06-24,sixty_forty,IWM,0.0682374392117536,drifted
2025-06-24,sixty_forty,EFA,0.0651278033986049,drifted
2025-06-24,sixty_forty,IEF,0.397121708212865,drifted
2025-06-25,sixty_forty,SPY,0.40256177278199273,drifted
2025-06-25,sixty_forty,QQQ,0.06762450552497189,drifted
2025-06-25,sixty_forty,IWM,0.06748156540882527,drifted
2025-06-25,sixty_forty,EFA,0.06481069605249733,drifted
2025-06-25,sixty_forty,IEF,0.3975214602317128,drifted
2025-06-26,sixty_forty,SPY,0.4028828758961834,drifted
2025-06-26,sixty_forty,QQQ,0.06778094304618465,drifted
2025-06-26,sixty_forty,IWM,0.06809861353495314,drifted
2025-06-26,sixty_forty,EFA,0.06507918164774233,drifted
2025-06-26,sixty_forty,IEF,0.39615838587493646,drifted
2025-06-27,sixty_forty,SPY,0.40415373242283914,drifted
2025-06-27,sixty_forty,QQQ,0.06789023695357703,drifted
2025-06-27,sixty_forty,IWM,0.06799777610775551,drifted
2025-06-27,sixty_forty,EFA,0.06554867076142855,drifted
2025-06-27,sixty_forty,IEF,0.39440958375439983,drifted
2025-06-30,sixty_forty,SPY,0.4044368519105015,drifted
2025-06-30,sixty_forty,QQQ,0.06805245914979172,drifted
2025-06-30,sixty_forty,IWM,0.06781905859230151,drifted
2025-06-30,sixty_forty,EFA,0.06531899979513525,drifted
2025-06-30,sixty_forty,IEF,0.39437263055227,drifted
2025-07-01,sixty_forty,SPY,0.4,target
2025-07-01,sixty_forty,QQQ,0.06666666666666665,target
2025-07-01,sixty_forty,IWM,0.06666666666666665,target
2025-07-01,sixty_forty,EFA,0.06666666666666665,target
2025-07-01,sixty_forty,IEF,0.4,target
2025-07-01,sixty_forty,SPY,0.4,drifted
2025-07-01,sixty_forty,QQQ,0.06666666666666665,drifted
2025-07-01,sixty_forty,IWM,0.06666666666666665,drifted
2025-07-01,sixty_forty,EFA,0.06666666666666665,drifted
2025-07-01,sixty_forty,IEF,0.4,drifted
2025-07-02,sixty_forty,SPY,0.4007889581242591,drifted
2025-07-02,sixty_forty,QQQ,0.06695988428645319,drifted
2025-07-02,sixty_forty,IWM,0.06741785617730665,drifted
2025-07-02,sixty_forty,EFA,0.06669044887120695,drifted
2025-07-02,sixty_forty,IEF,0.39814285254077403,drifted
2025-07-03,sixty_forty,SPY,0.40270888513359515,drifted
2025-07-03,sixty_forty,QQQ,0.06741142266992058,drifted
2025-07-03,sixty_forty,IWM,0.06783446958255261,drifted
2025-07-03,sixty_forty,EFA,0.06650077658191574,drifted
2025-07-03,sixty_forty,IEF,0.3955444460320159,drifted
2025-07-07,sixty_forty,SPY,0.40232317799272305,drifted
2025-07-07,sixty_forty,QQQ,0.06734135210564263,drifted
2025-07-07,sixty_forty,IWM,0.06725296169727063,drifted
2025-07-07,sixty_forty,EFA,0.06621059124900647,drifted
2025-07-07,sixty_forty,IEF,0.39687191695535734,drifted
2025-07-08,sixty_forty,SPY,0.4020302170598478,drifted
2025-07-08,sixty_forty,QQQ,0.0673670127241606,drifted
2025-07-08,sixty_forty,IWM,0.06770596872837413,drifted
2025-07-08,sixty_forty,EFA,0.06668457285655,drifted
2025-07-08,sixty_forty,IEF,0.39621222863106753,drifted
2025-07-09,sixty_forty,SPY,0.4019564289525072,drifted
2025-07-09,sixty_forty,QQQ,0.06742710304463916,drifted
2025-07-09,sixty_forty,IWM,0.06801995028926092,drifted
2025-07-09,sixty_forty,EFA,0.06677271104252673,drifted
2025-07-09,sixty_forty,IEF,0.395823806671066,drifted
2025-07-10,sixty_forty,SPY,0.4026337921193598,drifted
2025-07-10,sixty_forty,QQQ,0.0672539190881389,drifted
2025-07-10,sixty_forty,IWM,0.06829232408609999,drifted
2025-07-10,sixty_forty,EFA,0.06665260437994278,drifted
2025-07-10,sixty_forty,IEF,0.39516736032645855,drifted
2025-07-11,sixty_forty,SPY,0.40322711885927576,drifted
2025-07-11,sixty_forty,QQQ,0.06743853294168398,drifted
2025-07-11,sixty_forty,IWM,0.0676877639001045,drifted
2025-07-11,sixty_forty,EFA,0.0663448651435849,drifted
2025-07-11,sixty_forty,IEF,0.3953017191553508,drifted
2025-07-14,sixty_forty,SPY,0.4034715189844337,drifted
2025-07-14,sixty_forty,QQQ,0.06759516425067143,drifted
2025-07-14,sixty_forty,IWM,0.06805412748022371,drifted
2025-07-14,sixty_forty,EFA,0.06625864529812386,drifted
2025-07-14,sixty_forty,IEF,0.3946205439865473,drifted
2025-07-15,sixty_forty,SPY,0.4038620520416917,drifted
2025-07-15,sixty_forty,QQQ,0.06801325964258302,drifted
2025-07-15,sixty_forty,IWM,0.06707283875543088,drifted
2025-07-15,sixty_forty,EFA,0.0659110020877479,drifted
2025-07-15,sixty_forty,IEF,0.3951408474725465,drifted
2025-07-16,sixty_forty,SPY,0.4038159446824488,drifted
2025-07-16,sixty_forty,QQQ,0.0678482940113607,drifted
2025-07-16,sixty_forty,IWM,0.06751374587063946,drifted
2025-07-16,sixty_forty,EFA,0.06595253295272603,drifted
2025-07-16,sixty_forty,IEF,0.39486948248282494,drifted
2025-07-17,sixty_forty,SPY,0.40468783095062594,drifted
2025-07-17,sixty_forty,QQQ,0.06812813507817465,drifted
2025-07-17,sixty_forty,IWM,0.06813033680165971,drifted
2025-07-17,sixty_forty,EFA,0.06586387386104056,drifted
2025-07-17,sixty_forty,IEF,0.3931898233084992,drifted
2025-07-18,sixty_forty,SPY,0.40436945100791766,drifted
2025-07-18,sixty_forty,QQQ,0.06805893966611509,drifted
2025-07-18,sixty_forty,IWM,0.06764288304003403,drifted
2025-07-18,sixty_forty,EFA,0.0656744731184853,drifted
2025-07-18,sixty_forty,IEF,0.394254253167448,drifted
2025-07-21,sixty_forty,SPY,0.4040963321138779,drifted
2025-07-21,sixty_forty,QQQ,0.06823620780304615,drifted
2025-07-21,sixty_forty,IWM,0.06719613659906273,drifted
2025-07-21,sixty_forty,EFA,0.06585433839619488,drifted
2025-07-21,sixty_forty,IEF,0.39461698508781823,drifted
2025-07-22,sixty_forty,SPY,0.40344768151250604,drifted
2025-07-22,sixty_forty,QQQ,0.06776438566353768,drifted
2025-07-22,sixty_forty,IWM,0.06763607765436841,drifted
2025-07-22,sixty_forty,EFA,0.06610184994981193,drifted
2025-07-22,sixty_forty,IEF,0.39505000521977596,drifted
2025-07-23,sixty_forty,SPY,0.4048543359626079,drifted
2025-07-23,sixty_forty,QQQ,0.06773456777610008,drifted
2025-07-23,sixty_forty,IWM,0.06832721387959682,drifted
2025-07-23,sixty_forty,EFA,0.06740750186877881,drifted
2025-07-23,sixty_forty,IEF,0.39167638051291637,drifted
2025-07-24,sixty_forty,SPY,0.40569642237925924,drifted
2025-07-24,sixty_forty,QQQ,0.06799740498059276,drifted
2025-07-24,sixty_forty,IWM,0.06750155583660764,drifted
2025-07-24,sixty_forty,EFA,0.06702374882360386,drifted
2025-07-24,sixty_forty,IEF,0.3917808679799366,drifted
2025-07-25,sixty_forty,SPY,0.40620829405966974,drifted
2025-07-25,sixty_forty,QQQ,0.0679599976500203,drifted
2025-07-25,sixty_forty,IWM,0.06755230373315275,drifted
2025-07-25,sixty_forty,EFA,0.06674511631266612,drifted
2025-07-25,sixty_forty,IEF,0.39153428824449105,drifted
2025-07-28,sixty_forty,SPY,0.4068832845615266,drifted
2025-07-28,sixty_forty,QQQ,0.06830281250310741,drifted
2025-07-28,sixty_forty,IWM,0.0676031140710802,drifted
2025-07-28,sixty_forty,EFA,0.06579695259054617,drifted
2025-07-28,sixty_forty,IEF,0.39141383627373955,drifted
2025-07-29,sixty_forty,SPY,0.40547590055283744,drifted
2025-07-29,sixty_forty,QQQ,0.06814085597486651,drifted
2025-07-29,sixty_forty,IWM,0.06711646246980368,drifted
2025-07-29,sixty_forty,EFA,0.06561023791691395,drifted
2025-07-29,sixty_forty,IEF,0.39365654308557857,drifted
2025-07-30,sixty_forty,SPY,0.40601946780354103,drifted
2025-07-30,sixty_forty,QQQ,0.06840976436759469,drifted
2025-07-30,sixty_forty,IWM,0.06694971593063848,drifted
2025-07-30,sixty_forty,EFA,0.06530858479176481,drifted
2025-07-30,sixty_forty,IEF,0.39331246710646106,drifted
2025-07-31,sixty_forty,SPY,0.4056772291659668,drifted
2025-07-31,sixty_forty,QQQ,0.06824590358761494,drifted
2025-07-31,sixty_forty,IWM,0.06648752496149991,drifted
2025-07-31,sixty_forty,EFA,0.06479589965083445,drifted
2025-07-31,sixty_forty,IEF,0.39479344263408384,drifted
2025-08-01,sixty_forty,SPY,0.4,target
2025-08-01,sixty_forty,QQQ,0.06666666666666665,target
2025-08-01,sixty_forty,IWM,0.06666666666666665,target
2025-08-01,sixty_forty,EFA,0.06666666666666665,target
2025-08-01,sixty_forty,IEF,0.4,target
2025-08-01,sixty_forty,SPY,0.4,drifted
2025-08-01,sixty_forty,QQQ,0.06666666666666665,drifted
2025-08-01,sixty_forty,IWM,0.06666666666666665,drifted
2025-08-01,sixty_forty,EFA,0.06666666666666665,drifted
2025-08-01,sixty_forty,IEF,0.4,drifted
2025-08-04,sixty_forty,SPY,0.4019672018539283,drifted
2025-08-04,sixty_forty,QQQ,0.06720913915186015,drifted
2025-08-04,sixty_forty,IWM,0.0674684002554284,drifted
2025-08-04,sixty_forty,EFA,0.0668684459277148,drifted
2025-08-04,sixty_forty,IEF,0.3964868128110684,drifted
2025-08-05,sixty_forty,SPY,0.4009105212351226,drifted
2025-08-05,sixty_forty,QQQ,0.0669165977246106,drifted
2025-08-05,sixty_forty,IWM,0.06797867522163979,drifted
2025-08-05,sixty_forty,EFA,0.06702493363861411,drifted
2025-08-05,sixty_forty,IEF,0.397169272180013,drifted
2025-08-06,sixty_forty,SPY,0.4023827914906982,drifted
2025-08-06,sixty_forty,QQQ,0.06749050096222473,drifted
2025-08-06,sixty_forty,IWM,0.06762077571647428,drifted
2025-08-06,sixty_forty,EFA,0.06719752808091335,drifted
2025-08-06,sixty_forty,IEF,0.3953084037496895,drifted
2025-08-07,sixty_forty,SPY,0.4020516473271283,drifted
2025-08-07,sixty_forty,QQQ,0.0677199159082098,drifted
2025-08-07,sixty_forty,IWM,0.06740102623166257,drifted
2025-08-07,sixty_forty,EFA,0.067802413264316,drifted
2025-08-07,sixty_forty,IEF,0.39502499726868334,drifted
2025-08-08,sixty_forty,SPY,0.40380568441474474,drifted
2025-08-08,sixty_forty,QQQ,0.06811863519031928,drifted
2025-08-08,sixty_forty,IWM,0.06731796315960138,drifted
2025-08-08,sixty_forty,EFA,0.06798508516027293,drifted
2025-08-08,sixty_forty,IEF,0.39277263207506163,drifted
2025-08-11,sixty_forty,SPY,0.4034823220105286,drifted
2025-08-11,sixty_forty,QQQ,0.06799716096310816,drifted
2025-08-11,sixty_forty,IWM,0.06738203443068576,drifted
2025-08-11,sixty_forty,EFA,0.06777902283442915,drifted
2025-08-11,sixty_forty,IEF,0.39335945976124836,drifted
2025-08-12,sixty_forty,SPY,0.40458294662375827,drifted
2025-08-12,sixty_forty,QQQ,0.06831236328823952,drifted
2025-08-12,sixty_forty,IWM,0.06883905474198049,drifted
2025-08-12,sixty_forty,EFA,0.06806999665483149,drifted
2025-08-12,sixty_forty,IEF,0.3901956386911902,drifted
2025-08-13,sixty_forty,SPY,0.4041252984797464,drifted
2025-08-13,sixty_forty,QQQ,0.0680363153410315,drifted
2025-08-13,sixty_forty,IWM,0.06985902047240548,drifted
2025-08-13,sixty_forty,EFA,0.06817019103101364,drifted
2025-08-13,sixty_forty,IEF,0.38980917467580306,drifted
2025-08-14,sixty_forty,SPY,0.4050419722803111,drifted
2025-08-14,sixty_forty,QQQ,0.06813143209796753,drifted
2025-08-14,sixty_forty,IWM,0.06910865476050554,drifted
2025-08-14,sixty_forty,EFA,0.068325922642701,drifted
2025-08-14,sixty_forty,IEF,0.38939201821851477,drifted
2025-08-15,sixty_forty,SPY,0.40488589677386444,drifted
2025-08-15,sixty_forty,QQQ,0.06796482203958236,drifted
2025-08-15,sixty_forty,IWM,0.06890739100967311,drifted
2025-08-15,sixty_forty,EFA,0.06886323970656222,drifted
2025-08-15,sixty_forty,IEF,0.38937865047031794,drifted
2025-08-18,sixty_forty,SPY,0.40492173400222603,drifted
2025-08-18,sixty_forty,QQQ,0.06795855443440518,drifted
2025-08-18,sixty_forty,IWM,0.06918038836204252,drifted
2025-08-18,sixty_forty,EFA,0.06880961234946041,drifted
2025-08-18,sixty_forty,IEF,0.389129710851866,drifted
2025-08-19,sixty_forty,SPY,0.40379944090744824,drifted
2025-08-19,sixty_forty,QQQ,0.06721536305365877,drifted
2025-08-19,sixty_forty,IWM,0.06883245361493087,drifted
2025-08-19,sixty_forty,EFA,0.06900068238569528,drifted
2025-08-19,sixty_forty,IEF,0.39115206003826675,drifted
2025-08-20,sixty_forty,SPY,0.40308689811566106,drifted
2025-08-20,sixty_forty,QQQ,0.066876077466743,drifted
2025-08-20,sixty_forty,IWM,0.06865039825096224,drifted
2025-08-20,sixty_forty,EFA,0.06930988437065311,drifted
2025-08-20,sixty_forty,IEF,0.39207674179598057,drifted
2025-08-21,sixty_forty,SPY,0.4028153723753587,drifted
2025-08-21,sixty_forty,QQQ,0.0667895519910938,drifted
2025-08-21,sixty_forty,IWM,0.06905161550482775,drifted
2025-08-21,sixty_forty,EFA,0.06910580324065464,drifted
2025-08-21,sixty_forty,IEF,0.39223765688806506,drifted
2025-08-22,sixty_forty,SPY,0.4036948124910376,drifted
2025-08-22,sixty_forty,QQQ,0.06694002888761992,drifted
2025-08-22,sixty_forty,IWM,0.0708280212474878,drifted
2025-08-22,sixty_forty,EFA,0.0692340194637264,drifted
2025-08-22,sixty_forty,IEF,0.3893031179101283,drifted
2025-08-25,sixty_forty,SPY,0.4036945918356416,drifted
2025-08-25,sixty_forty,QQQ,0.06704194551220431,drifted
2025-08-25,sixty_forty,IWM,0.07039279655924545,drifted
2025-08-25,sixty_forty,EFA,0.06862257804948514,drifted
2025-08-25,sixty_forty,IEF,0.39024808804342354,drifted
2025-08-26,sixty_forty,SPY,0.40397609787091887,drifted
2025-08-26,sixty_forty,QQQ,0.0670772147799674,drifted
2025-08-26,sixty_forty,IWM,0.07072780440951816,drifted
2025-08-26,sixty_forty,EFA,0.06830976745986962,drifted
2025-08-26,sixty_forty,IEF,0.3899091154797259,drifted
2025-08-27,sixty_forty,SPY,0.40405063684255527,drifted
2025-08-27,sixty_forty,QQQ,0.06703994256460118,drifted
2025-08-27,sixty_forty,IWM,0.07108013911827589,drifted
2025-08-27,sixty_forty,EFA,0.0680038670895912,drifted
2025-08-27,sixty_forty,IEF,0.38982541438497637,drifted
2025-08-28,sixty_forty,SPY,0.40423638139294116,drifted
2025-08-28,sixty_forty,QQQ,0.06725245939038023,drifted
2025-08-28,sixty_forty,IWM,0.0709459581736306,drifted
2025-08-28,sixty_forty,EFA,0.06804646330741644,drifted
2025-08-28,sixty_forty,IEF,0.38951873773563167,drifted
2025-08-29,sixty_forty,SPY,0.40353160632292495,drifted
2025-08-29,sixty_forty,QQQ,0.0667562084316403,drifted
2025-08-29,sixty_forty,IWM,0.07093047776650406,drifted
2025-08-29,sixty_forty,EFA,0.06793435760944173,drifted
2025-08-29,sixty_forty,IEF,0.39084734986948905,drifted
2025-09-02,sixty_forty,SPY,0.4,target
2025-09-02,sixty_forty,QQQ,0.06666666666666665,target
2025-09-02,sixty_forty,IWM,0.06666666666666665,target
2025-09-02,sixty_forty,EFA,0.06666666666666665,target
2025-09-02,sixty_forty,IEF,0.4,target
2025-09-02,sixty_forty,SPY,0.4,drifted
2025-09-02,sixty_forty,QQQ,0.06666666666666665,drifted
2025-09-02,sixty_forty,IWM,0.06666666666666665,drifted
2025-09-02,sixty_forty,EFA,0.06666666666666665,drifted
2025-09-02,sixty_forty,IEF,0.4,drifted
2025-09-03,sixty_forty,SPY,0.4005211985133579,drifted
2025-09-03,sixty_forty,QQQ,0.06691606037474877,drifted
2025-09-03,sixty_forty,IWM,0.06632841652659419,drifted
2025-09-03,sixty_forty,EFA,0.06649632054293522,drifted
2025-09-03,sixty_forty,IEF,0.3997380040423639,drifted
2025-09-04,sixty_forty,SPY,0.4010378222129371,drifted
2025-09-04,sixty_forty,QQQ,0.0670484900022007,drifted
2025-09-04,sixty_forty,IWM,0.06668657478367447,drifted
2025-09-04,sixty_forty,EFA,0.06651062875624471,drifted
2025-09-04,sixty_forty,IEF,0.39871648424494305,drifted
2025-09-05,sixty_forty,SPY,0.39927258293312523,drifted
2025-09-05,sixty_forty,QQQ,0.06704385439975893,drifted
2025-09-05,sixty_forty,IWM,0.06691799780737247,drifted
2025-09-05,sixty_forty,EFA,0.06670818357448935,drifted
2025-09-05,sixty_forty,IEF,0.4000573812852541,drifted
2025-09-08,sixty_forty,SPY,0.3989163842809337,drifted
2025-09-08,sixty_forty,QQQ,0.06714585070679363,drifted
2025-09-08,sixty_forty,IWM,0.0668290964367611,drifted
2025-09-08,sixty_forty,EFA,0.06715171546599245,drifted
2025-09-08,sixty_forty,IEF,0.39995695310951906,drifted
2025-09-09,sixty_forty,SPY,0.40001957636539137,drifted
2025-09-09,sixty_forty,QQQ,0.06736655917542023,drifted
2025-09-09,sixty_forty,IWM,0.06646645913944119,drifted
2025-09-09,sixty_forty,EFA,0.06695746472732152,drifted
2025-09-09,sixty_forty,IEF,0.39918994059242563,drifted
2025-09-10,sixty_forty,SPY,0.40032820029442767,drifted
2025-09-10,sixty_forty,QQQ,0.06724618914341622,drifted
2025-09-10,sixty_forty,IWM,0.06620837711153425,drifted
2025-09-10,sixty_forty,EFA,0.06680149846929939,drifted
2025-09-10,sixty_forty,IEF,0.39941573498132243,drifted
2025-09-11,sixty_forty,SPY,0.40114082726884814,drifted
2025-09-11,sixty_forty,QQQ,0.0672163257612125,drifted
2025-09-11,sixty_forty,IWM,0.06701212879432479,drifted
2025-09-11,sixty_forty,EFA,0.06708966614599368,drifted
2025-09-11,sixty_forty,IEF,0.3975410520296208,drifted
2025-09-12,sixty_forty,SPY,0.40178292762220247,drifted
2025-09-12,sixty_forty,QQQ,0.0676439401080386,drifted
2025-09-12,sixty_forty,IWM,0.06645594783986224,drifted
2025-09-12,sixty_forty,EFA,0.0669531558172955,drifted
2025-09-12,sixty_forty,IEF,0.39716402861260125,drifted
2025-09-15,sixty_forty,SPY,0.4022722473555444,drifted
2025-09-15,sixty_forty,QQQ,0.06794411318234526,drifted
2025-09-15,sixty_forty,IWM,0.06646498939282824,drifted
2025-09-15,sixty_forty,EFA,0.0671242725311637,drifted
2025-09-15,sixty_forty,IEF,0.39619437753811837,drifted
2025-09-16,sixty_forty,SPY,0.40198464111277427,drifted
2025-09-16,sixty_forty,QQQ,0.06793170026693095,drifted
2025-09-16,sixty_forty,IWM,0.06639952418057762,drifted
2025-09-16,sixty_forty,EFA,0.06698220738375443,drifted
2025-09-16,sixty_forty,IEF,0.39670192705596274,drifted
2025-09-17,sixty_forty,SPY,0.4021178921210283,drifted
2025-09-17,sixty_forty,QQQ,0.0679029304680873,drifted
2025-09-17,sixty_forty,IWM,0.06667440638535847,drifted
2025-09-17,sixty_forty,EFA,0.06683621605130198,drifted
2025-09-17,sixty_forty,IEF,0.396468554974224,drifted
2025-09-18,sixty_forty,SPY,0.4027472623344885,drifted
2025-09-18,sixty_forty,QQQ,0.06830330724282646,drifted
2025-09-18,sixty_forty,IWM,0.06812370355673322,drifted
2025-09-18,sixty_forty,EFA,0.06688741994953817,drifted
2025-09-18,sixty_forty,IEF,0.39393830691641357,drifted
2025-09-19,sixty_forty,SPY,0.40412828409977397,drifted
2025-09-19,sixty_forty,QQQ,0.06866140175236078,drifted
2025-09-19,sixty_forty,IWM,0.06750366853206559,drifted
2025-09-19,sixty_forty,EFA,0.06652846819359783,drifted
2025-09-19,sixty_forty,IEF,0.3931781774222018,drifted
2025-09-22,sixty_forty,SPY,0.40511910029906417,drifted
2025-09-22,sixty_forty,QQQ,0.068911195408159,drifted
2025-09-22,sixty_forty,IWM,0.06774135865052164,drifted
2025-09-22,sixty_forty,EFA,0.06659166682279179,drifted
2025-09-22,sixty_forty,IEF,0.39163667881946346,drifted
2025-09-23,sixty_forty,SPY,0.4036597009788519,drifted
2025-09-23,sixty_forty,QQQ,0.06858018721976088,drifted
2025-09-23,sixty_forty,IWM,0.06771403204834955,drifted
2025-09-23,sixty_forty,EFA,0.06658623480257307,drifted
2025-09-23,sixty_forty,IEF,0.39345984495046465,drifted
2025-09-24,sixty_forty,SPY,0.40382540650874027,drifted
2025-09-24,sixty_forty,QQQ,0.0685857009191644,drifted
2025-09-24,sixty_forty,IWM,0.06733376689245385,drifted
2025-09-24,sixty_forty,EFA,0.06643866519007104,drifted
2025-09-24,sixty_forty,IEF,0.3938164604895705,drifted
2025-09-25,sixty_forty,SPY,0.4036307315334992,drifted
2025-09-25,sixty_forty,QQQ,0.06857344910627354,drifted
2025-09-25,sixty_forty,IWM,0.06696675859573938,drifted
2025-09-25,sixty_forty,EFA,0.06623880491587027,drifted
2025-09-25,sixty_forty,IEF,0.3945902558486176,drifted
2025-09-26,sixty_forty,SPY,0.4045374892193216,drifted
2025-09-26,sixty_forty,QQQ,0.0686169174857182,drifted
2025-09-26,sixty_forty,IWM,0.06730658894737347,drifted
2025-09-26,sixty_forty,EFA,0.06651930583855178,drifted
2025-09-26,sixty_forty,IEF,0.39301969850903495,drifted
2025-09-29,sixty_forty,SPY,0.4044872643465303,drifted
2025-09-29,sixty_forty,QQQ,0.06873295911937471,drifted
2025-09-29,sixty_forty,IWM,0.06718748730456482,drifted
2025-09-29,sixty_forty,EFA,0.06658241151596085,drifted
2025-09-29,sixty_forty,IEF,0.3930098777135693,drifted
2025-09-30,sixty_forty,SPY,0.40523459493948105,drifted
2025-09-30,sixty_forty,QQQ,0.06878945678483193,drifted
2025-09-30,sixty_forty,IWM,0.06715339630853985,drifted
2025-09-30,sixty_forty,EFA,0.06672667339448402,drifted
2025-09-30,sixty_forty,IEF,0.39209587857266315,drifted
2025-10-01,sixty_forty,SPY,0.4,target
2025-10-01,sixty_forty,QQQ,0.06666666666666665,target
2025-10-01,sixty_forty,IWM,0.06666666666666665,target
2025-10-01,sixty_forty,EFA,0.06666666666666665,target
2025-10-01,sixty_forty,IEF,0.4,target
2025-10-01,sixty_forty,SPY,0.4,drifted
2025-10-01,sixty_forty,QQQ,0.06666666666666665,drifted
2025-10-01,sixty_forty,IWM,0.06666666666666665,drifted
2025-10-01,sixty_forty,EFA,0.06666666666666665,drifted
2025-10-01,sixty_forty,IEF,0.4,drifted
2025-10-02,sixty_forty,SPY,0.399790576241062,drifted
2025-10-02,sixty_forty,QQQ,0.06682870649807594,drifted
2025-10-02,sixty_forty,IWM,0.06697503243853026,drifted
2025-10-02,sixty_forty,EFA,0.06666114965824185,drifted
2025-10-02,sixty_forty,IEF,0.39974453516408975,drifted
2025-10-03,sixty_forty,SPY,0.39979194519711986,drifted
2025-10-03,sixty_forty,QQQ,0.06654859234733157,drifted
2025-10-03,sixty_forty,IWM,0.06747304673743897,drifted
2025-10-03,sixty_forty,EFA,0.06722088833167085,drifted
2025-10-03,sixty_forty,IEF,0.3989655273864387,drifted
2025-10-06,sixty_forty,SPY,0.40074511659367384,drifted
2025-10-06,sixty_forty,QQQ,0.06696808057135269,drifted
2025-10-06,sixty_forty,IWM,0.06766088690769809,drifted
2025-10-06,sixty_forty,EFA,0.06729572852797558,drifted
2025-10-06,sixty_forty,IEF,0.3973301873993,drifted
2025-10-07,sixty_forty,SPY,0.4001231956796743,drifted
2025-10-07,sixty_forty,QQQ,0.06675957222172138,drifted
2025-10-07,sixty_forty,IWM,0.0670792305936838,drifted
2025-10-07,sixty_forty,EFA,0.06685395681341058,drifted
2025-10-07,sixty_forty,IEF,0.39918404469150975,drifted
2025-10-08,sixty_forty,SPY,0.40085140781527384,drifted
2025-10-08,sixty_forty,QQQ,0.06724678435993706,drifted
2025-10-08,sixty_forty,IWM,0.06750339080826881,drifted
2025-10-08,sixty_forty,EFA,0.06677594969733613,drifted
2025-10-08,sixty_forty,IEF,0.39762246731918405,drifted
2025-10-09,sixty_forty,SPY,0.4006983564419574,drifted
2025-10-09,sixty_forty,QQQ,0.0673348405343424,drifted
2025-10-09,sixty_forty,IWM,0.06723753899578391,drifted
2025-10-09,sixty_forty,EFA,0.0663933009567434,drifted
2025-10-09,sixty_forty,IEF,0.3983359630711729,drifted
2025-10-10,sixty_forty,SPY,0.3953725412273153,drifted
2025-10-10,sixty_forty,QQQ,0.06591499249591976,drifted
2025-10-10,sixty_forty,IWM,0.06614505929295746,drifted
2025-10-10,sixty_forty,EFA,0.06609106809438568,drifted
2025-10-10,sixty_forty,IEF,0.4064763388894217,drifted
2025-10-13,sixty_forty,SPY,0.3974460801825607,drifted
2025-10-13,sixty_forty,QQQ,0.06664423282355904,drifted
2025-10-13,sixty_forty,IWM,0.0673102670298836,drifted
2025-10-13,sixty_forty,EFA,0.0659586172356248,drifted
2025-10-13,sixty_forty,IEF,0.40264080272837177,drifted
2025-10-14,sixty_forty,SPY,0.39641836249613405,drifted
2025-10-14,sixty_forty,QQQ,0.06610988422704617,drifted
2025-10-14,sixty_forty,IWM,0.06817815491466309,drifted
2025-10-14,sixty_forty,EFA,0.06616606627731443,drifted
2025-10-14,sixty_forty,IEF,0.4031275320848423,drifted
2025-10-15,sixty_forty,SPY,0.397083372217892,drifted
2025-10-15,sixty_forty,QQQ,0.06639333890757719,drifted
2025-10-15,sixty_forty,IWM,0.06865715110414622,drifted
2025-10-15,sixty_forty,EFA,0.06630202644437315,drifted
2025-10-15,sixty_forty,IEF,0.40156411132601133,drifted
2025-10-16,sixty_forty,SPY,0.39524398604852806,drifted
2025-10-16,sixty_forty,QQQ,0.06629255407232107,drifted
2025-10-16,sixty_forty,IWM,0.0673591647351619,drifted
2025-10-16,sixty_forty,EFA,0.0667943553782637,drifted
2025-10-16,sixty_forty,IEF,0.40430993976572527,drifted
2025-10-17,sixty_forty,SPY,0.39681990333981965,drifted
2025-10-17,sixty_forty,QQQ,0.06661580236579238,drifted
2025-10-17,sixty_forty,IWM,0.06679325350292528,drifted
2025-10-17,sixty_forty,EFA,0.06680232644407343,drifted
2025-10-17,sixty_forty,IEF,0.4029687143473891,drifted
2025-10-20,sixty_forty,SPY,0.39801795656280564,drifted
2025-10-20,sixty_forty,QQQ,0.06696242654711144,drifted
2025-10-20,sixty_forty,IWM,0.0675992102263849,drifted
2025-10-20,sixty_forty,EFA,0.06686160570527108,drifted
2025-10-20,sixty_forty,IEF,0.40055880095842705,drifted
2025-10-21,sixty_forty,SPY,0.3980493940602817,drifted
2025-10-21,sixty_forty,QQQ,0.06695120536896525,drifted
2025-10-21,sixty_forty,IWM,0.06728682618906322,drifted
2025-10-21,sixty_forty,EFA,0.06637668040246458,drifted
2025-10-21,sixty_forty,IEF,0.4013358939792252,drifted
2025-10-22,sixty_forty,SPY,0.3974604704273291,drifted
2025-10-22,sixty_forty,QQQ,0.06655410207683249,drifted
2025-10-22,sixty_forty,IWM,0.06654031326510051,drifted
2025-10-22,sixty_forty,EFA,0.06652623715038053,drifted
2025-10-22,sixty_forty,IEF,0.40291887708035734,drifted
2025-10-23,sixty_forty,SPY,0.3987212235254052,drifted
2025-10-23,sixty_forty,QQQ,0.06692958596453752,drifted
2025-10-23,sixty_forty,IWM,0.06719778994652108,drifted
2025-10-23,sixty_forty,EFA,0.06665291405955412,drifted
2025-10-23,sixty_forty,IEF,0.40049848650398223,drifted
2025-10-24,sixty_forty,SPY,0.39987269355830796,drifted
2025-10-24,sixty_forty,QQQ,0.06728970593016044,drifted
2025-10-24,sixty_forty,IWM,0.06766206788800956,drifted
2025-10-24,sixty_forty,EFA,0.06640834325618171,drifted
2025-10-24,sixty_forty,IEF,0.3987671893673405,drifted
2025-10-27,sixty_forty,SPY,0.4019322511578775,drifted
2025-10-27,sixty_forty,QQQ,0.06803813015220518,drifted
2025-10-27,sixty_forty,IWM,0.06745200200427688,drifted
2025-10-27,sixty_forty,EFA,0.0664301997776517,drifted
2025-10-27,sixty_forty,IEF,0.3961474169079887,drifted
2025-10-28,sixty_forty,SPY,0.4023690240212029,drifted
2025-10-28,sixty_forty,QQQ,0.06845403179994315,drifted
2025-10-28,sixty_forty,IWM,0.06698588796659138,drifted
2025-10-28,sixty_forty,EFA,0.06629850858970342,drifted
2025-10-28,sixty_forty,IEF,0.3958925476225591,drifted
2025-10-29,sixty_forty,SPY,0.40377327777820465,drifted
2025-10-29,sixty_forty,QQQ,0.0689691213458789,drifted
2025-10-29,sixty_forty,IWM,0.06661526039883475,drifted
2025-10-29,sixty_forty,EFA,0.06612256884474879,drifted
2025-10-29,sixty_forty,IEF,0.3945197716323329,drifted
2025-10-30,sixty_forty,SPY,0.4021045940821405,drifted
2025-10-30,sixty_forty,QQQ,0.06838613492853722,drifted
2025-10-30,sixty_forty,IWM,0.06653691259960468,drifted
2025-10-30,sixty_forty,EFA,0.06628757543644286,drifted
2025-10-30,sixty_forty,IEF,0.39668478295327475,drifted
2025-10-31,sixty_forty,SPY,0.40260193919066145,drifted
2025-10-31,sixty_forty,QQQ,0.0685760686571999,drifted
2025-10-31,sixty_forty,IWM,0.06677564602993723,drifted
2025-10-31,sixty_forty,EFA,0.06600588103321726,drifted
2025-10-31,sixty_forty,IEF,0.3960404650889843,drifted
2025-11-03,sixty_forty,SPY,0.4,target
2025-11-03,sixty_forty,QQQ,0.06666666666666665,target
2025-11-03,sixty_forty,IWM,0.06666666666666665,target
2025-11-03,sixty_forty,EFA,0.06666666666666665,target
2025-11-03,sixty_forty,IEF,0.4,target
2025-11-03,sixty_forty,SPY,0.4,drifted
2025-11-03,sixty_forty,QQQ,0.06666666666666665,drifted
2025-11-03,sixty_forty,IWM,0.06666666666666665,drifted
2025-11-03,sixty_forty,EFA,0.06666666666666665,drifted
2025-11-03,sixty_forty,IEF,0.4,drifted
2025-11-04,sixty_forty,SPY,0.3982185279765816,drifted
2025-11-04,sixty_forty,QQQ,0.06580256271633898,drifted
2025-11-04,sixty_forty,IWM,0.06600560253948125,drifted
2025-11-04,sixty_forty,EFA,0.06647669830515245,drifted
2025-11-04,sixty_forty,IEF,0.40349660846244567,drifted
2025-11-05,sixty_forty,SPY,0.39909333322706464,drifted
2025-11-05,sixty_forty,QQQ,0.06614706855327823,drifted
2025-11-05,sixty_forty,IWM,0.06687327894845962,drifted
2025-11-05,sixty_forty,EFA,0.06681843716880793,drifted
2025-11-05,sixty_forty,IEF,0.40106788210238964,drifted
2025-11-06,sixty_forty,SPY,0.396716728398014,drifted
2025-11-06,sixty_forty,QQQ,0.0652282135362946,drifted
2025-11-06,sixty_forty,IWM,0.06600687528229156,drifted
2025-11-06,sixty_forty,EFA,0.06699116367284834,drifted
2025-11-06,sixty_forty,IEF,0.40505701911055153,drifted
2025-11-07,sixty_forty,SPY,0.3967311778250663,drifted
2025-11-07,sixty_forty,QQQ,0.06496081351456363,drifted
2025-11-07,sixty_forty,IWM,0.06629005573560226,drifted
2025-11-07,sixty_forty,EFA,0.06717705000748356,drifted
2025-11-07,sixty_forty,IEF,0.4048409029172843,drifted
2025-11-10,sixty_forty,SPY,0.3995446182480866,drifted
2025-11-10,sixty_forty,QQQ,0.06584146889118246,drifted
2025-11-10,sixty_forty,IWM,0.0663928240240138,drifted
2025-11-10,sixty_forty,EFA,0.0673133072112662,drifted
2025-11-10,sixty_forty,IEF,0.4009077816254509,drifted
2025-11-11,sixty_forty,SPY,0.3994461198123589,drifted
2025-11-11,sixty_forty,QQQ,0.06549997121121198,drifted
2025-11-11,sixty_forty,IWM,0.06628184048047991,drifted
2025-11-11,sixty_forty,EFA,0.0676362402646358,drifted
2025-11-11,sixty_forty,IEF,0.40113582823131333,drifted
2025-11-12,sixty_forty,SPY,0.3994717510657038,drifted
2025-11-12,sixty_forty,QQQ,0.06541613489901896,drifted
2025-11-12,sixty_forty,IWM,0.06608647802210002,drifted
2025-11-12,sixty_forty,EFA,0.06800439198166139,drifted
2025-11-12,sixty_forty,IEF,0.4010212440315158,drifted
2025-11-13,sixty_forty,SPY,0.39749630621766846,drifted
2025-11-13,sixty_forty,QQQ,0.06483965698535489,drifted
2025-11-13,sixty_forty,IWM,0.06498925708763867,drifted
2025-11-13,sixty_forty,EFA,0.06807594163116558,drifted
2025-11-13,sixty_forty,IEF,0.4045988380781724,drifted
2025-11-14,sixty_forty,SPY,0.3977053543025286,drifted
2025-11-14,sixty_forty,QQQ,0.06493344503842928,drifted
2025-11-14,sixty_forty,IWM,0.06522358979042406,drifted
2025-11-14,sixty_forty,EFA,0.06793036809287957,drifted
2025-11-14,sixty_forty,IEF,0.40420724277573844,drifted
2025-11-17,sixty_forty,SPY,0.39637015952985594,drifted
2025-11-17,sixty_forty,QQQ,0.06476612731596086,drifted
2025-11-17,sixty_forty,IWM,0.06431177935551753,drifted
2025-11-17,sixty_forty,EFA,0.06744941468342998,drifted
2025-11-17,sixty_forty,IEF,0.40710251911523565,drifted
2025-11-18,sixty_forty,SPY,0.39466826064279603,drifted
2025-11-18,sixty_forty,QQQ,0.06424232485960923,drifted
2025-11-18,sixty_forty,IWM,0.06477493150281283,drifted
2025-11-18,sixty_forty,EFA,0.06684971796643904,drifted
2025-11-18,sixty_forty,IEF,0.40946476502834284,drifted
2025-11-19,sixty_forty,SPY,0.39563942608430797,drifted
2025-11-19,sixty_forty,QQQ,0.06453556907480276,drifted
2025-11-19,sixty_forty,IWM,0.06467335082302209,drifted
2025-11-19,sixty_forty,EFA,0.0665548916850219,drifted
2025-11-19,sixty_forty,IEF,0.40859676233284536,drifted
2025-11-20,sixty_forty,SPY,0.39302962735489405,drifted
2025-11-20,sixty_forty,QQQ,0.06356108481103262,drifted
2025-11-20,sixty_forty,IWM,0.06403376961100671,drifted
2025-11-20,sixty_forty,EFA,0.06621036861339628,drifted
2025-11-20,sixty_forty,IEF,0.4131651496096703,drifted
2025-11-21,sixty_forty,SPY,0.39356223818269026,drifted
2025-11-21,sixty_forty,QQQ,0.06349291759421406,drifted
2025-11-21,sixty_forty,IWM,0.06528654993104974,drifted
2025-11-21,sixty_forty,EFA,0.06666065457712282,drifted
2025-11-21,sixty_forty,IEF,0.41099763971492315,drifted
2025-11-24,sixty_forty,SPY,0.3956751560602712,drifted
2025-11-24,sixty_forty,QQQ,0.06451664023906799,drifted
2025-11-24,sixty_forty,IWM,0.06586557806131987,drifted
2025-11-24,sixty_forty,EFA,0.06610347057974927,drifted
2025-11-24,sixty_forty,IEF,0.4078391550595918,drifted
2025-11-25,sixty_forty,SPY,0.3964654081044179,drifted
2025-11-25,sixty_forty,QQQ,0.06443785206036058,drifted
2025-11-25,sixty_forty,IWM,0.06680751947290603,drifted
2025-11-25,sixty_forty,EFA,0.06640374448883803,drifted
2025-11-25,sixty_forty,IEF,0.4058854758734776,drifted
2025-11-26,sixty_forty,SPY,0.39723241406369403,drifted
2025-11-26,sixty_forty,QQQ,0.06468640895492808,drifted
2025-11-26,sixty_forty,IWM,0.06706632996451806,drifted
2025-11-26,sixty_forty,EFA,0.06680131755787304,drifted
2025-11-26,sixty_forty,IEF,0.40421352945898686,drifted
2025-11-28,sixty_forty,SPY,0.3983618575249486,drifted
2025-11-28,sixty_forty,QQQ,0.06504121571582637,drifted
2025-11-28,sixty_forty,IWM,0.06728410030767064,drifted
2025-11-28,sixty_forty,EFA,0.06685231278921784,drifted
2025-11-28,sixty_forty,IEF,0.4024605136623365,drifted
2025-12-01,sixty_forty,SPY,0.4,target
2025-12-01,sixty_forty,QQQ,0.06666666666666665,target
2025-12-01,sixty_forty,IWM,0.06666666666666665,target
2025-12-01,sixty_forty,EFA,0.06666666666666665,target
2025-12-01,sixty_forty,IEF,0.4,target
2025-12-01,sixty_forty,SPY,0.4,drifted
2025-12-01,sixty_forty,QQQ,0.06666666666666665,drifted
2025-12-01,sixty_forty,IWM,0.06666666666666665,drifted
2025-12-01,sixty_forty,EFA,0.06666666666666665,drifted
2025-12-01,sixty_forty,IEF,0.4,drifted
2025-12-02,sixty_forty,SPY,0.40006214518890254,drifted
2025-12-02,sixty_forty,QQQ,0.06707459885341309,drifted
2025-12-02,sixty_forty,IWM,0.06643181750258621,drifted
2025-12-02,sixty_forty,EFA,0.06677858884451554,drifted
2025-12-02,sixty_forty,IEF,0.3996528496105826,drifted
2025-12-03,sixty_forty,SPY,0.3998711302373535,drifted
2025-12-03,sixty_forty,QQQ,0.06697448991585024,drifted
2025-12-03,sixty_forty,IWM,0.06737470851489862,drifted
2025-12-03,sixty_forty,EFA,0.06687331720229477,drifted
2025-12-03,sixty_forty,IEF,0.3989063541296028,drifted
2025-12-04,sixty_forty,SPY,0.40025595101742023,drifted
2025-12-04,sixty_forty,QQQ,0.06692765087197046,drifted
2025-12-04,sixty_forty,IWM,0.06798149770130923,drifted
2025-12-04,sixty_forty,EFA,0.0670707798310714,drifted
2025-12-04,sixty_forty,IEF,0.3977641205782287,drifted
2025-12-05,sixty_forty,SPY,0.4010455909188032,drifted
2025-12-05,sixty_forty,QQQ,0.06720547062334538,drifted
2025-12-05,sixty_forty,IWM,0.06770299216682996,drifted
2025-12-05,sixty_forty,EFA,0.0670756883533578,drifted
2025-12-05,sixty_forty,IEF,0.3969702579376638,drifted
2025-12-08,sixty_forty,SPY,0.40077852002339837,drifted
2025-12-08,sixty_forty,QQQ,0.06723384949836257,drifted
2025-12-08,sixty_forty,IWM,0.06788883938424507,drifted
2025-12-08,sixty_forty,EFA,0.06702248248637581,drifted
2025-12-08,sixty_forty,IEF,0.3970763086076182,drifted
2025-12-09,sixty_forty,SPY,0.40074952313998524,drifted
2025-12-09,sixty_forty,QQQ,0.06737006164501858,drifted
2025-12-09,sixty_forty,IWM,0.06808340102871706,drifted
2025-12-09,sixty_forty,EFA,0.06698423661825369,drifted
2025-12-09,sixty_forty,IEF,0.3968127775680254,drifted
2025-12-10,sixty_forty,SPY,0.40104761164481395,drifted
2025-12-10,sixty_forty,QQQ,0.06725027665725263,drifted
2025-12-10,sixty_forty,IWM,0.06860595113953352,drifted
2025-12-10,sixty_forty,EFA,0.06733246958597078,drifted
2025-12-10,sixty_forty,IEF,0.3957636909724292,drifted
2025-12-11,sixty_forty,SPY,0.401194599708506,drifted
2025-12-11,sixty_forty,QQQ,0.06690165182818743,drifted
2025-12-11,sixty_forty,IWM,0.06927522789273145,drifted
2025-12-11,sixty_forty,EFA,0.06759795569882225,drifted
2025-12-11,sixty_forty,IEF,0.3950305648717528,drifted
2025-12-12,sixty_forty,SPY,0.40011161151424357,drifted
2025-12-12,sixty_forty,QQQ,0.06615677340483957,drifted
2025-12-12,sixty_forty,IWM,0.06876906702419222,drifted
2025-12-12,sixty_forty,EFA,0.06778994424991285,drifted
2025-12-12,sixty_forty,IEF,0.3971726038068118,drifted
2025-12-15,sixty_forty,SPY,0.3997917178127529,drifted
2025-12-15,sixty_forty,QQQ,0.06587161181593129,drifted
2025-12-15,sixty_forty,IWM,0.06829755244503145,drifted
2025-12-15,sixty_forty,EFA,0.06825300798609422,drifted
2025-12-15,sixty_forty,IEF,0.39778610994019015,drifted
2025-12-16,sixty_forty,SPY,0.3988930941582269,drifted
2025-12-16,sixty_forty,QQQ,0.06603423523085968,drifted
2025-12-16,sixty_forty,IWM,0.06800743624256443,drifted
2025-12-16,sixty_forty,EFA,0.06796966762307834,drifted
2025-12-16,sixty_forty,IEF,0.3990955667452706,drifted
2025-12-17,sixty_forty,SPY,0.39727334691398347,drifted
2025-12-17,sixty_forty,QQQ,0.065265131679835,drifted
2025-12-17,sixty_forty,IWM,0.06775589673425632,drifted
2025-12-17,sixty_forty,EFA,0.06789158286051511,drifted
2025-12-17,sixty_forty,IEF,0.4018140418114101,drifted
2025-12-18,sixty_forty,SPY,0.3979364382272198,drifted
2025-12-18,sixty_forty,QQQ,0.06582428461608317,drifted
2025-12-18,sixty_forty,IWM,0.06776082950993771,drifted
2025-12-18,sixty_forty,EFA,0.06797554188076914,drifted
2025-12-18,sixty_forty,IEF,0.40050290576599035,drifted
2025-12-19,sixty_forty,SPY,0.3997087665334981,drifted
2025-12-19,sixty_forty,QQQ,0.06637771022926917,drifted
2025-12-19,sixty_forty,IWM,0.06801538680948625,drifted
2025-12-19,sixty_forty,EFA,0.06812172244857297,drifted
2025-12-19,sixty_forty,IEF,0.39777641397917346,drifted
2025-12-22,sixty_forty,SPY,0.4008668637219214,drifted
2025-12-22,sixty_forty,QQQ,0.06647500376660427,drifted
2025-12-22,sixty_forty,IWM,0.06854428214644481,drifted
2025-12-22,sixty_forty,EFA,0.0680668076585073,drifted
2025-12-22,sixty_forty,IEF,0.39604704270652213,drifted
2025-12-23,sixty_forty,SPY,0.401898043748926,drifted
2025-12-23,sixty_forty,QQQ,0.0666534932373202,drifted
2025-12-23,sixty_forty,IWM,0.0680033011968476,drifted
2025-12-23,sixty_forty,EFA,0.06835024166772684,drifted
2025-12-23,sixty_forty,IEF,0.3950949201491794,drifted
2025-12-24,sixty_forty,SPY,0.4021489035097613,drifted
2025-12-24,sixty_forty,QQQ,0.06665574070892026,drifted
2025-12-24,sixty_forty,IWM,0.06797668646408064,drifted
2025-12-24,sixty_forty,EFA,0.06823809712739139,drifted
2025-12-24,sixty_forty,IEF,0.39498057218984634,drifted
2025-12-26,sixty_forty,SPY,0.40207188649042097,drifted
2025-12-26,sixty_forty,QQQ,0.06664546764876911,drifted
2025-12-26,sixty_forty,IWM,0.06762358788175962,drifted
2025-12-26,sixty_forty,EFA,0.06834517867883007,drifted
2025-12-26,sixty_forty,IEF,0.3953138793002202,drifted
2025-12-29,sixty_forty,SPY,0.4013618883018774,drifted
2025-12-29,sixty_forty,QQQ,0.06644251937413546,drifted
2025-12-29,sixty_forty,IWM,0.06733064837966869,drifted
2025-12-29,sixty_forty,EFA,0.06826287881117017,drifted
2025-12-29,sixty_forty,IEF,0.39660206513314833,drifted
2025-12-30,sixty_forty,SPY,0.4014498342902708,drifted
2025-12-30,sixty_forty,QQQ,0.06638401091422041,drifted
2025-12-30,sixty_forty,IWM,0.066928528512487,drifted
2025-12-30,sixty_forty,EFA,0.06847491874269006,drifted
2025-12-30,sixty_forty,IEF,0.39676270754033166,drifted
2025-12-31,sixty_forty,SPY,0.4007335131811286,drifted
2025-12-31,sixty_forty,QQQ,0.06620836330527025,drifted
2025-12-31,sixty_forty,IWM,0.06680032918600626,drifted
2025-12-31,sixty_forty,EFA,0.06857017716717762,drifted
2025-12-31,sixty_forty,IEF,0.39768761716041723,drifted
2026-01-02,sixty_forty,SPY,0.4,target
2026-01-02,sixty_forty,QQQ,0.06666666666666665,target
2026-01-02,sixty_forty,IWM,0.06666666666666665,target
2026-01-02,sixty_forty,EFA,0.06666666666666665,target
2026-01-02,sixty_forty,IEF,0.4,target
2026-01-02,sixty_forty,SPY,0.4,drifted
2026-01-02,sixty_forty,QQQ,0.06666666666666665,drifted
2026-01-02,sixty_forty,IWM,0.06666666666666665,drifted
2026-01-02,sixty_forty,EFA,0.06666666666666665,drifted
2026-01-02,sixty_forty,IEF,0.4,drifted
2026-01-05,sixty_forty,SPY,0.40017417080486634,drifted
2026-01-05,sixty_forty,QQQ,0.06678069071045513,drifted
2026-01-05,sixty_forty,IWM,0.06730638038050114,drifted
2026-01-05,sixty_forty,EFA,0.06701229427449716,drifted
2026-01-05,sixty_forty,IEF,0.39872646382968024,drifted
2026-01-06,sixty_forty,SPY,0.4010814710135879,drifted
2026-01-06,sixty_forty,QQQ,0.06712101534786562,drifted
2026-01-06,sixty_forty,IWM,0.0679490598995497,drifted
2026-01-06,sixty_forty,EFA,0.06686918826029416,drifted
2026-01-06,sixty_forty,IEF,0.39697926547870266,drifted
2026-01-07,sixty_forty,SPY,0.40014759628818586,drifted
2026-01-07,sixty_forty,QQQ,0.06724595492539245,drifted
2026-01-07,sixty_forty,IWM,0.06785072635389326,drifted
2026-01-07,sixty_forty,EFA,0.06667730602921072,drifted
2026-01-07,sixty_forty,IEF,0.39807841640331765,drifted
2026-01-08,sixty_forty,SPY,0.4004561535067075,drifted
2026-01-08,sixty_forty,QQQ,0.06692173574244457,drifted
2026-01-08,sixty_forty,IWM,0.06865155724131698,drifted
2026-01-08,sixty_forty,EFA,0.06674231420971784,drifted
2026-01-08,sixty_forty,IEF,0.3972282392998131,drifted
2026-01-09,sixty_forty,SPY,0.4011457166653368,drifted
2026-01-09,sixty_forty,QQQ,0.06725986687643273,drifted
2026-01-09,sixty_forty,IWM,0.06883642399227657,drifted
2026-01-09,sixty_forty,EFA,0.06700797640503149,drifted
2026-01-09,sixty_forty,IEF,0.39575001606092236,drifted
2026-01-12,sixty_forty,SPY,0.4014002072658299,drifted
2026-01-12,sixty_forty,QQQ,0.06725276444561212,drifted
2026-01-12,sixty_forty,IWM,0.06910772117774602,drifted
2026-01-12,sixty_forty,EFA,0.06735186802511879,drifted
2026-01-12,sixty_forty,IEF,0.3948874390856931,drifted
2026-01-13,sixty_forty,SPY,0.40093255278106943,drifted
2026-01-13,sixty_forty,QQQ,0.06720918993690272,drifted
2026-01-13,sixty_forty,IWM,0.06912583063593278,drifted
2026-01-13,sixty_forty,EFA,0.06702167172472284,drifted
2026-01-13,sixty_forty,IEF,0.3957107549213723,drifted
2026-01-14,sixty_forty,SPY,0.39938852929366586,drifted
2026-01-14,sixty_forty,QQQ,0.06656230647162366,drifted
2026-01-14,sixty_forty,IWM,0.06968693216576442,drifted
2026-01-14,sixty_forty,EFA,0.06740559604593839,drifted
2026-01-14,sixty_forty,IEF,0.3969566360230076,drifted
2026-01-15,sixty_forty,SPY,0.40003946414652775,drifted
2026-01-15,sixty_forty,QQQ,0.06672905364784779,drifted
2026-01-15,sixty_forty,IWM,0.07022456463674076,drifted
2026-01-15,sixty_forty,EFA,0.06730497005972261,drifted
2026-01-15,sixty_forty,IEF,0.39570194750916104,drifted
2026-01-16,sixty_forty,SPY,0.4003697307708845,drifted
2026-01-16,sixty_forty,QQQ,0.06678425178137826,drifted
2026-01-16,sixty_forty,IWM,0.07040771711753349,drifted
2026-01-16,sixty_forty,EFA,0.06760040985611722,drifted
2026-01-16,sixty_forty,IEF,0.3948378904740864,drifted
2026-01-20,sixty_forty,SPY,0.3973860181534126,drifted
2026-01-20,sixty_forty,QQQ,0.06622630594883717,drifted
2026-01-20,sixty_forty,IWM,0.0704815881721077,drifted
2026-01-20,sixty_forty,EFA,0.06745178417125908,drifted
2026-01-20,sixty_forty,IEF,0.3984543035543833,drifted
2026-01-21,sixty_forty,SPY,0.3985378736061976,drifted
2026-01-21,sixty_forty,QQQ,0.06654809829530317,drifted
2026-01-21,sixty_forty,IWM,0.07126591217006845,drifted
2026-01-21,sixty_forty,EFA,0.06756456628898123,drifted
2026-01-21,sixty_forty,IEF,0.39608354963944975,drifted
2026-01-22,sixty_forty,SPY,0.39929292464558114,drifted
2026-01-22,sixty_forty,QQQ,0.06680988966700975,drifted
2026-01-22,sixty_forty,IWM,0.07156041105591221,drifted
2026-01-22,sixty_forty,EFA,0.06760603823983787,drifted
2026-01-22,sixty_forty,IEF,0.3947307363916589,drifted
2026-01-23,sixty_forty,SPY,0.3994105383366172,drifted
2026-01-23,sixty_forty,QQQ,0.06701627052067866,drifted
2026-01-23,sixty_forty,IWM,0.07023471262019422,drifted
2026-01-23,sixty_forty,EFA,0.067975409062775,drifted
2026-01-23,sixty_forty,IEF,0.39536306945973504,drifted
2026-01-26,sixty_forty,SPY,0.40023017214462614,drifted
2026-01-26,sixty_forty,QQQ,0.0671084884878376,drifted
2026-01-26,sixty_forty,IWM,0.06980377798240019,drifted
2026-01-26,sixty_forty,EFA,0.06810970565655342,drifted
2026-01-26,sixty_forty,IEF,0.3947478557285827,drifted
2026-01-27,sixty_forty,SPY,0.400603870927605,drifted
2026-01-27,sixty_forty,QQQ,0.06751109908791136,drifted
2026-01-27,sixty_forty,IWM,0.06978940239812884,drifted
2026-01-27,sixty_forty,EFA,0.06899763621818787,drifted
2026-01-27,sixty_forty,IEF,0.3930979913681667,drifted
2026-01-28,sixty_forty,SPY,0.40106543481504014,drifted
2026-01-28,sixty_forty,QQQ,0.06781952257316147,drifted
2026-01-28,sixty_forty,IWM,0.06949938486189333,drifted
2026-01-28,sixty_forty,EFA,0.06835325579834527,drifted
2026-01-28,sixty_forty,IEF,0.39326240195155976,drifted
2026-01-29,sixty_forty,SPY,0.4003948899415992,drifted
2026-01-29,sixty_forty,QQQ,0.06743471883297315,drifted
2026-01-29,sixty_forty,IWM,0.06953963088827558,drifted
2026-01-29,sixty_forty,EFA,0.06883495592014528,drifted
2026-01-29,sixty_forty,IEF,0.3937958044170068,drifted
2026-01-30,sixty_forty,SPY,0.40075388763652137,drifted
2026-01-30,sixty_forty,QQQ,0.06688398054707477,drifted
2026-01-30,sixty_forty,IWM,0.06882414673618283,drifted
2026-01-30,sixty_forty,EFA,0.06845720200145604,drifted
2026-01-30,sixty_forty,IEF,0.39508078307876493,drifted
2026-02-02,sixty_forty,SPY,0.4,target
2026-02-02,sixty_forty,QQQ,0.06666666666666665,target
2026-02-02,sixty_forty,IWM,0.06666666666666665,target
2026-02-02,sixty_forty,EFA,0.06666666666666665,target
2026-02-02,sixty_forty,IEF,0.4,target
2026-02-02,sixty_forty,SPY,0.4,drifted
2026-02-02,sixty_forty,QQQ,0.06666666666666665,drifted
2026-02-02,sixty_forty,IWM,0.06666666666666665,drifted
2026-02-02,sixty_forty,EFA,0.06666666666666665,drifted
2026-02-02,sixty_forty,IEF,0.4,drifted
2026-02-03,sixty_forty,SPY,0.39814820768433523,drifted
2026-02-03,sixty_forty,QQQ,0.06589569351250579,drifted
2026-02-03,sixty_forty,IWM,0.0670770632607657,drifted
2026-02-03,sixty_forty,EFA,0.06695690750403448,drifted
2026-02-03,sixty_forty,IEF,0.40192212803835886,drifted
2026-02-04,sixty_forty,SPY,0.39762042511296564,drifted
2026-02-04,sixty_forty,QQQ,0.0649734547745174,drifted
2026-02-04,sixty_forty,IWM,0.06673527726199731,drifted
2026-02-04,sixty_forty,EFA,0.06741219491255472,drifted
2026-02-04,sixty_forty,IEF,0.403258647937965,drifted
2026-02-05,sixty_forty,SPY,0.3949048701519011,drifted
2026-02-05,sixty_forty,QQQ,0.06440516573603844,drifted
2026-02-05,sixty_forty,IWM,0.06590948256890543,drifted
2026-02-05,sixty_forty,EFA,0.06683267499426246,drifted
2026-02-05,sixty_forty,IEF,0.4079478065488926,drifted
2026-02-06,sixty_forty,SPY,0.39738498856675697,drifted
2026-02-06,sixty_forty,QQQ,0.06493385044909956,drifted
2026-02-06,sixty_forty,IWM,0.06741260476871233,drifted
2026-02-06,sixty_forty,EFA,0.06748600765744117,drifted
2026-02-06,sixty_forty,IEF,0.40278254855798984,drifted
2026-02-09,sixty_forty,SPY,0.3977585662122756,drifted
2026-02-09,sixty_forty,QQQ,0.06517848522382136,drifted
2026-02-09,sixty_forty,IWM,0.06762348673207066,drifted
2026-02-09,sixty_forty,EFA,0.06812940864117725,drifted
2026-02-09,sixty_forty,IEF,0.4013100531906552,drifted
2026-02-10,sixty_forty,SPY,0.3965572572363569,drifted
2026-02-10,sixty_forty,QQQ,0.06485119221199763,drifted
2026-02-10,sixty_forty,IWM,0.06741515281771736,drifted
2026-02-10,sixty_forty,EFA,0.06826697576048496,drifted
2026-02-10,sixty_forty,IEF,0.4029094219734432,drifted
2026-02-11,sixty_forty,SPY,0.39681997258789076,drifted
2026-02-11,sixty_forty,QQQ,0.06508324099917327,drifted
2026-02-11,sixty_forty,IWM,0.0671686549793314,drifted
2026-02-11,sixty_forty,EFA,0.06878683637237673,drifted
2026-02-11,sixty_forty,IEF,0.4021412950612278,drifted
2026-02-12,sixty_forty,SPY,0.3933953962851692,drifted
2026-02-12,sixty_forty,QQQ,0.06420110117306548,drifted
2026-02-12,sixty_forty,IWM,0.0662528325591703,drifted
2026-02-12,sixty_forty,EFA,0.06874181556824398,drifted
2026-02-12,sixty_forty,IEF,0.40740885441435104,drifted
2026-02-13,sixty_forty,SPY,0.3925164860878906,drifted
2026-02-13,sixty_forty,QQQ,0.06414898456971795,drifted
2026-02-13,sixty_forty,IWM,0.06692873551960839,drifted
2026-02-13,sixty_forty,EFA,0.06859917689483248,drifted
2026-02-13,sixty_forty,IEF,0.4078066169279506,drifted
2026-02-17,sixty_forty,SPY,0.39294059707818774,drifted
2026-02-17,sixty_forty,QQQ,0.06404880320009529,drifted
2026-02-17,sixty_forty,IWM,0.06691347069147541,drifted
2026-02-17,sixty_forty,EFA,0.06854951885361157,drifted
2026-02-17,sixty_forty,IEF,0.4075476101766299,drifted
2026-02-18,sixty_forty,SPY,0.39415550856911674,drifted
2026-02-18,sixty_forty,QQQ,0.06440213832957654,drifted
2026-02-18,sixty_forty,IWM,0.06702511112373552,drifted
2026-02-18,sixty_forty,EFA,0.06849557299227482,drifted
2026-02-18,sixty_forty,IEF,0.40592166898529647,drifted
2026-02-19,sixty_forty,SPY,0.3934878102383181,drifted
2026-02-19,sixty_forty,QQQ,0.06421618302866858,drifted
2026-02-19,sixty_forty,IWM,0.06724355092483776,drifted
2026-02-19,sixty_forty,EFA,0.0683698143627268,drifted
2026-02-19,sixty_forty,IEF,0.4066826414454488,drifted
2026-02-20,sixty_forty,SPY,0.3947643078003225,drifted
2026-02-20,sixty_forty,QQQ,0.06452793323478588,drifted
2026-02-20,sixty_forty,IWM,0.0669798378584709,drifted
2026-02-20,sixty_forty,EFA,0.06865543098549506,drifted
2026-02-20,sixty_forty,IEF,0.4050724901209257,drifted
2026-02-23,sixty_forty,SPY,0.3925702536904983,drifted
2026-02-23,sixty_forty,QQQ,0.06404328401757002,drifted
2026-02-23,sixty_forty,IWM,0.06624695533720366,drifted
2026-02-23,sixty_forty,EFA,0.06869546348020701,drifted
2026-02-23,sixty_forty,IEF,0.40844404347452085,drifted
2026-02-24,sixty_forty,SPY,0.39372879182572024,drifted
2026-02-24,sixty_forty,QQQ,0.06445375445072986,drifted
2026-02-24,sixty_forty,IWM,0.06668217213501626,drifted
2026-02-24,sixty_forty,EFA,0.06852542487807442,drifted
2026-02-24,sixty_forty,IEF,0.40660985671045924,drifted
2026-02-25,sixty_forty,SPY,0.395117506174148,drifted
2026-02-25,sixty_forty,QQQ,0.06506944864242674,drifted
2026-02-25,sixty_forty,IWM,0.06667241233286061,drifted
2026-02-25,sixty_forty,EFA,0.06884325520749919,drifted
2026-02-25,sixty_forty,IEF,0.4042973776430656,drifted
2026-02-26,sixty_forty,SPY,0.3935537617264883,drifted
2026-02-26,sixty_forty,QQQ,0.06438764297067479,drifted
2026-02-26,sixty_forty,IWM,0.06713535507982961,drifted
2026-02-26,sixty_forty,EFA,0.068895058520381,drifted
2026-02-26,sixty_forty,IEF,0.40602818170262633,drifted
2026-02-27,sixty_forty,SPY,0.3923519042878278,drifted
2026-02-27,sixty_forty,QQQ,0.06429428656382975,drifted
2026-02-27,sixty_forty,IWM,0.0660952730268212,drifted
2026-02-27,sixty_forty,EFA,0.06889185824959923,drifted
2026-02-27,sixty_forty,IEF,0.408366677871922,drifted
2026-03-02,sixty_forty,SPY,0.4,target
2026-03-02,sixty_forty,QQQ,0.06666666666666665,target
2026-03-02,sixty_forty,IWM,0.06666666666666665,target
2026-03-02,sixty_forty,EFA,0.06666666666666665,target
2026-03-02,sixty_forty,IEF,0.4,target
2026-03-02,sixty_forty,SPY,0.4,drifted
2026-03-02,sixty_forty,QQQ,0.06666666666666665,drifted
2026-03-02,sixty_forty,IWM,0.06666666666666665,drifted
2026-03-02,sixty_forty,EFA,0.06666666666666665,drifted
2026-03-02,sixty_forty,IEF,0.4,drifted
2026-03-03,sixty_forty,SPY,0.3996390108754005,drifted
2026-03-03,sixty_forty,QQQ,0.06647941476186153,drifted
2026-03-03,sixty_forty,IWM,0.0660347320575292,drifted
2026-03-03,sixty_forty,EFA,0.06511064323399138,drifted
2026-03-03,sixty_forty,IEF,0.40273619907121744,drifted
2026-03-04,sixty_forty,SPY,0.40066213946915236,drifted
2026-03-04,sixty_forty,QQQ,0.06719150954686447,drifted
2026-03-04,sixty_forty,IWM,0.06637901241017014,drifted
2026-03-04,sixty_forty,EFA,0.0656554348297342,drifted
2026-03-04,sixty_forty,IEF,0.400111903744079,drifted
2026-03-05,sixty_forty,SPY,0.40098726619039116,drifted
2026-03-05,sixty_forty,QQQ,0.0674193343501001,drifted
2026-03-05,sixty_forty,IWM,0.06552926731358077,drifted
2026-03-05,sixty_forty,EFA,0.06463018668308967,drifted
2026-03-05,sixty_forty,IEF,0.4014339454628382,drifted
2026-03-06,sixty_forty,SPY,0.3991607713295509,drifted
2026-03-06,sixty_forty,QQQ,0.06698057142328069,drifted
2026-03-06,sixty_forty,IWM,0.06458603269508226,drifted
2026-03-06,sixty_forty,EFA,0.06461171522827992,drifted
2026-03-06,sixty_forty,IEF,0.4046609093238063,drifted
2026-03-09,sixty_forty,SPY,0.39993014147289924,drifted
2026-03-09,sixty_forty,QQQ,0.06741540508096236,drifted
2026-03-09,sixty_forty,IWM,0.06484659124834619,drifted
2026-03-09,sixty_forty,EFA,0.06463769835089056,drifted
2026-03-09,sixty_forty,IEF,0.40317016384690163,drifted
2026-03-10,sixty_forty,SPY,0.40002734142953916,drifted
2026-03-10,sixty_forty,QQQ,0.06754145054693088,drifted
2026-03-10,sixty_forty,IWM,0.06490015737471823,drifted
2026-03-10,sixty_forty,EFA,0.06490794238525222,drifted
2026-03-10,sixty_forty,IEF,0.40262310826355957,drifted
2026-03-11,sixty_forty,SPY,0.4005731076876246,drifted
2026-03-11,sixty_forty,QQQ,0.06770968486457829,drifted
2026-03-11,sixty_forty,IWM,0.06493939741385954,drifted
2026-03-11,sixty_forty,EFA,0.06494044461999116,drifted
2026-03-11,sixty_forty,IEF,0.40183736541394627,drifted
2026-03-12,sixty_forty,SPY,0.3988604152310169,drifted
2026-03-12,sixty_forty,QQQ,0.06728474321691,drifted
2026-03-12,sixty_forty,IWM,0.06424613763997819,drifted
2026-03-12,sixty_forty,EFA,0.06463191996997335,drifted
2026-03-12,sixty_forty,IEF,0.4049767839421216,drifted
2026-03-13,sixty_forty,SPY,0.39822034259955563,drifted
2026-03-13,sixty_forty,QQQ,0.06715872497391334,drifted
2026-03-13,sixty_forty,IWM,0.0642943564440123,drifted
2026-03-13,sixty_forty,EFA,0.0641231130498554,drifted
2026-03-13,sixty_forty,IEF,0.4062034629326632,drifted
2026-03-16,sixty_forty,SPY,0.39890646194684043,drifted
2026-03-16,sixty_forty,QQQ,0.06734373966756778,drifted
2026-03-16,sixty_forty,IWM,0.06435872338944393,drifted
2026-03-16,sixty_forty,EFA,0.06477501415746871,drifted
2026-03-16,sixty_forty,IEF,0.4046160608386792,drifted
2026-03-17,sixty_forty,SPY,0.3988868650280119,drifted
2026-03-17,sixty_forty,QQQ,0.06749152788749217,drifted
2026-03-17,sixty_forty,IWM,0.06459279185308196,drifted
2026-03-17,sixty_forty,EFA,0.06477970126718759,drifted
2026-03-17,sixty_forty,IEF,0.40424911396422636,drifted
2026-03-18,sixty_forty,SPY,0.3974959387919238,drifted
2026-03-18,sixty_forty,QQQ,0.06725713393244043,drifted
2026-03-18,sixty_forty,IWM,0.06422635527291774,drifted
2026-03-18,sixty_forty,EFA,0.06434924877672872,drifted
2026-03-18,sixty_forty,IEF,0.4066713232259893,drifted
2026-03-19,sixty_forty,SPY,0.39688446767487434,drifted
2026-03-19,sixty_forty,QQQ,0.06710682495733909,drifted
2026-03-19,sixty_forty,IWM,0.06470667081739316,drifted
2026-03-19,sixty_forty,EFA,0.06429573280000757,drifted
2026-03-19,sixty_forty,IEF,0.4070063037503858,drifted
2026-03-20,sixty_forty,SPY,0.39672972324543043,drifted
2026-03-20,sixty_forty,QQQ,0.06679850688805147,drifted
2026-03-20,sixty_forty,IWM,0.06418853638018997,drifted
2026-03-20,sixty_forty,EFA,0.06322603387490008,drifted
2026-03-20,sixty_forty,IEF,0.40905719961142806,drifted
2026-03-23,sixty_forty,SPY,0.3972676192668053,drifted
2026-03-23,sixty_forty,QQQ,0.0669538764285334,drifted
2026-03-23,sixty_forty,IWM,0.06498109445204575,drifted
2026-03-23,sixty_forty,EFA,0.06416015358435478,drifted
2026-03-23,sixty_forty,IEF,0.40663725626826075,drifted
2026-03-24,sixty_forty,SPY,0.3972014175732441,drifted
2026-03-24,sixty_forty,QQQ,0.06670897177263131,drifted
2026-03-24,sixty_forty,IWM,0.06553947545887033,drifted
2026-03-24,sixty_forty,EFA,0.06398271789677525,drifted
2026-03-24,sixty_forty,IEF,0.406567417298479,drifted
2026-03-25,sixty_forty,SPY,0.39682384571785156,drifted
2026-03-25,sixty_forty,QQQ,0.06671203085602975,drifted
2026-03-25,sixty_forty,IWM,0.06590998785892918,drifted
2026-03-25,sixty_forty,EFA,0.06449511718632644,drifted
2026-03-25,sixty_forty,IEF,0.40605901838086295,drifted
2026-03-26,sixty_forty,SPY,0.3954468296832971,drifted
2026-03-26,sixty_forty,QQQ,0.06607377332101201,drifted
2026-03-26,sixty_forty,IWM,0.06571239259118451,drifted
2026-03-26,sixty_forty,EFA,0.06408596468723819,drifted
2026-03-26,sixty_forty,IEF,0.40868103971726816,drifted
2026-03-27,sixty_forty,SPY,0.3925212014557334,drifted
2026-03-27,sixty_forty,QQQ,0.06541914556006213,drifted
2026-03-27,sixty_forty,IWM,0.06519387316297712,drifted
2026-03-27,sixty_forty,EFA,0.06412741081260163,drifted
2026-03-27,sixty_forty,IEF,0.4127383690086258,drifted
2026-03-30,sixty_forty,SPY,0.39106828020787476,drifted
2026-03-30,sixty_forty,QQQ,0.06489580711876647,drifted
2026-03-30,sixty_forty,IWM,0.06423483881826673,drifted
2026-03-30,sixty_forty,EFA,0.06428888345773698,drifted
2026-03-30,sixty_forty,IEF,0.41551219039735515,drifted
2026-03-31,sixty_forty,SPY,0.3950691800186854,drifted
2026-03-31,sixty_forty,QQQ,0.0658646397342602,drifted
2026-03-31,sixty_forty,IWM,0.06526704484555808,drifted
2026-03-31,sixty_forty,EFA,0.06516504154014074,drifted
2026-03-31,sixty_forty,IEF,0.4086340938613557,drifted
2026-04-01,sixty_forty,SPY,0.4,target
2026-04-01,sixty_forty,QQQ,0.06666666666666665,target
2026-04-01,sixty_forty,IWM,0.06666666666666665,target
2026-04-01,sixty_forty,EFA,0.06666666666666665,target
2026-04-01,sixty_forty,IEF,0.4,target
2026-04-01,sixty_forty,SPY,0.4,drifted
2026-04-01,sixty_forty,QQQ,0.06666666666666665,drifted
2026-04-01,sixty_forty,IWM,0.06666666666666665,drifted
2026-04-01,sixty_forty,EFA,0.06666666666666665,drifted
2026-04-01,sixty_forty,IEF,0.4,drifted
2026-04-02,sixty_forty,SPY,0.39979556291245416,drifted
2026-04-02,sixty_forty,QQQ,0.06664897851477326,drifted
2026-04-02,sixty_forty,IWM,0.06703414084149108,drifted
2026-04-02,sixty_forty,EFA,0.06616082802672182,drifted
2026-04-02,sixty_forty,IEF,0.4003604897045596,drifted
2026-04-06,sixty_forty,SPY,0.4009410615210314,drifted
2026-04-06,sixty_forty,QQQ,0.06692579113815923,drifted
2026-04-06,sixty_forty,IWM,0.0671948406761087,drifted
2026-04-06,sixty_forty,EFA,0.06636842955496194,drifted
2026-04-06,sixty_forty,IEF,0.3985698771097386,drifted
2026-04-07,sixty_forty,SPY,0.4006184778436849,drifted
2026-04-07,sixty_forty,QQQ,0.06685276220880118,drifted
2026-04-07,sixty_forty,IWM,0.06725751214461055,drifted
2026-04-07,sixty_forty,EFA,0.06619164052695073,drifted
2026-04-07,sixty_forty,IEF,0.39907960727595254,drifted
2026-04-08,sixty_forty,SPY,0.4036904694419056,drifted
2026-04-08,sixty_forty,QQQ,0.06764540739844445,drifted
2026-04-08,sixty_forty,IWM,0.0680655300766138,drifted
2026-04-08,sixty_forty,EFA,0.0675821411380973,drifted
2026-04-08,sixty_forty,IEF,0.39301645194493884,drifted
2026-04-09,sixty_forty,SPY,0.4048478940343365,drifted
2026-04-09,sixty_forty,QQQ,0.06790650651222914,drifted
2026-04-09,sixty_forty,IWM,0.0682573796538463,drifted
2026-04-09,sixty_forty,EFA,0.06722888257054636,drifted
2026-04-09,sixty_forty,IEF,0.3917593372290417,drifted
2026-04-10,sixty_forty,SPY,0.40492302189303264,drifted
2026-04-10,sixty_forty,QQQ,0.06806209542612617,drifted
2026-04-10,sixty_forty,IWM,0.06814313552212113,drifted
2026-04-10,sixty_forty,EFA,0.06743767944302809,drifted
2026-04-10,sixty_forty,IEF,0.391434067715692,drifted
2026-04-13,sixty_forty,SPY,0.40606894876233357,drifted
2026-04-13,sixty_forty,QQQ,0.06829325464825102,drifted
2026-04-13,sixty_forty,IWM,0.06865103259932402,drifted
2026-04-13,sixty_forty,EFA,0.0673869627555268,drifted
2026-04-13,sixty_forty,IEF,0.38959980123456467,drifted
2026-04-14,sixty_forty,SPY,0.40737402290524244,drifted
2026-04-14,sixty_forty,QQQ,0.06891697993400596,drifted
2026-04-14,sixty_forty,IWM,0.06897953845758631,drifted
2026-04-14,sixty_forty,EFA,0.06732892111764284,drifted
2026-04-14,sixty_forty,IEF,0.3874005375855225,drifted
2026-04-15,sixty_forty,SPY,0.4092431597849581,drifted
2026-04-15,sixty_forty,QQQ,0.06965278303286954,drifted
2026-04-15,sixty_forty,IWM,0.06892492530513132,drifted
2026-04-15,sixty_forty,EFA,0.06689460951192003,drifted
2026-04-15,sixty_forty,IEF,0.38528452236512095,drifted
2026-04-16,sixty_forty,SPY,0.4100008134456801,drifted
2026-04-16,sixty_forty,QQQ,0.06994595294603756,drifted
2026-04-16,sixty_forty,IWM,0.06902644758813307,drifted
2026-04-16,sixty_forty,EFA,0.0666600369678136,drifted
2026-04-16,sixty_forty,IEF,0.38436674905233575,drifted
2026-04-17,sixty_forty,SPY,0.4107239982936419,drifted
2026-04-17,sixty_forty,QQQ,0.07013844908953577,drifted
2026-04-17,sixty_forty,IWM,0.06979800183236058,drifted
2026-04-17,sixty_forty,EFA,0.06681928513640509,drifted
2026-04-17,sixty_forty,IEF,0.3825202656480567,drifted
2026-04-20,sixty_forty,SPY,0.4104231323760552,drifted
2026-04-20,sixty_forty,QQQ,0.07000454786210135,drifted
2026-04-20,sixty_forty,IWM,0.07028449901531918,drifted
2026-04-20,sixty_forty,EFA,0.06664118585602029,drifted
2026-04-20,sixty_forty,IEF,0.38264663489050393,drifted
2026-04-21,sixty_forty,SPY,0.41053271564836913,drifted
2026-04-21,sixty_forty,QQQ,0.07021662231576382,drifted
2026-04-21,sixty_forty,IWM,0.07004193567920904,drifted
2026-04-21,sixty_forty,EFA,0.06562598268383016,drifted
2026-04-21,sixty_forty,IEF,0.3835827436728279,drifted
2026-04-22,sixty_forty,SPY,0.4120298761208198,drifted
2026-04-22,sixty_forty,QQQ,0.07093341420978067,drifted
2026-04-22,sixty_forty,IWM,0.07009204539270826,drifted
2026-04-22,sixty_forty,EFA,0.06542314715661844,drifted
2026-04-22,sixty_forty,IEF,0.38152151712007293,drifted
2026-04-23,sixty_forty,SPY,0.41179367409205864,drifted
2026-04-23,sixty_forty,QQQ,0.07076806620356638,drifted
2026-04-23,sixty_forty,IWM,0.0700805906610388,drifted
2026-04-23,sixty_forty,EFA,0.06517045688003774,drifted
2026-04-23,sixty_forty,IEF,0.3821872121632985,drifted
2026-04-24,sixty_forty,SPY,0.41253650193629554,drifted
2026-04-24,sixty_forty,QQQ,0.07169618513644815,drifted
2026-04-24,sixty_forty,IWM,0.0699528566620303,drifted
2026-04-24,sixty_forty,EFA,0.06512512412348849,drifted
2026-04-24,sixty_forty,IEF,0.3806893321417375,drifted
2026-04-27,sixty_forty,SPY,0.41335204324876235,drifted
2026-04-27,sixty_forty,QQQ,0.07175218075440747,drifted
2026-04-27,sixty_forty,IWM,0.07009454582291821,drifted
2026-04-27,sixty_forty,EFA,0.06489201547575461,drifted
2026-04-27,sixty_forty,IEF,0.3799092146981573,drifted
2026-04-28,sixty_forty,SPY,0.41306619097322506,drifted
2026-04-28,sixty_forty,QQQ,0.07132855004844676,drifted
2026-04-28,sixty_forty,IWM,0.06956821573740084,drifted
2026-04-28,sixty_forty,EFA,0.06489426161548183,drifted
2026-04-28,sixty_forty,IEF,0.38114278162544557,drifted
2026-04-29,sixty_forty,SPY,0.4140603871329741,drifted
2026-04-29,sixty_forty,QQQ,0.07194847277377131,drifted
2026-04-29,sixty_forty,IWM,0.06928045354622751,drifted
2026-04-29,sixty_forty,EFA,0.06439675767943011,drifted
2026-04-29,sixty_forty,IEF,0.3803139288675969,drifted
2026-04-30,sixty_forty,SPY,0.4146338384177667,drifted
2026-04-30,sixty_forty,QQQ,0.07200364491968053,drifted
2026-04-30,sixty_forty,IWM,0.07018000520352252,drifted
2026-04-30,sixty_forty,EFA,0.06537774892768612,drifted
2026-04-30,sixty_forty,IEF,0.3778047625313442,drifted
2026-05-01,sixty_forty,SPY,0.4,target
2026-05-01,sixty_forty,QQQ,0.06666666666666665,target
2026-05-01,sixty_forty,IWM,0.06666666666666665,target
2026-05-01,sixty_forty,EFA,0.06666666666666665,target
2026-05-01,sixty_forty,IEF,0.4,target
2026-05-01,sixty_forty,SPY,0.4,drifted
2026-05-01,sixty_forty,QQQ,0.06666666666666665,drifted
2026-05-01,sixty_forty,IWM,0.06666666666666665,drifted
2026-05-01,sixty_forty,EFA,0.06666666666666665,drifted
2026-05-01,sixty_forty,IEF,0.4,drifted
2026-05-04,sixty_forty,SPY,0.4002625925937136,drifted
2026-05-04,sixty_forty,QQQ,0.0668295767876192,drifted
2026-05-04,sixty_forty,IWM,0.06662008314156405,drifted
2026-05-04,sixty_forty,EFA,0.06603761256628614,drifted
2026-05-04,sixty_forty,IEF,0.4002501349108169,drifted
2026-05-05,sixty_forty,SPY,0.4007992649869937,drifted
2026-05-05,sixty_forty,QQQ,0.06724791418755571,drifted
2026-05-05,sixty_forty,IWM,0.06729306610762795,drifted
2026-05-05,sixty_forty,EFA,0.06647282862924064,drifted
2026-05-05,sixty_forty,IEF,0.39818692608858197,drifted
2026-05-06,sixty_forty,SPY,0.40164601965423785,drifted
2026-05-06,sixty_forty,QQQ,0.06784693904126295,drifted
2026-05-06,sixty_forty,IWM,0.06750880634973143,drifted
2026-05-06,sixty_forty,EFA,0.06748357628122517,drifted
2026-05-06,sixty_forty,IEF,0.39551465867354263,drifted
2026-05-07,sixty_forty,SPY,0.4023557580927541,drifted
2026-05-07,sixty_forty,QQQ,0.06809453226150763,drifted
2026-05-07,sixty_forty,IWM,0.06676226442382754,drifted
2026-05-07,sixty_forty,EFA,0.06656852747649351,drifted
2026-05-07,sixty_forty,IEF,0.3962189177454172,drifted
2026-05-08,sixty_forty,SPY,0.40281443327643573,drifted
2026-05-08,sixty_forty,QQQ,0.06919886439271021,drifted
2026-05-08,sixty_forty,IWM,0.06673964989901589,drifted
2026-05-08,sixty_forty,EFA,0.06678608850348264,drifted
2026-05-08,sixty_forty,IEF,0.3944609639283555,drifted
2026-05-11,sixty_forty,SPY,0.4037642902617866,drifted
2026-05-11,sixty_forty,QQQ,0.06940486504679874,drifted
2026-05-11,sixty_forty,IWM,0.06701745291695378,drifted
2026-05-11,sixty_forty,EFA,0.06665010595067003,drifted
2026-05-11,sixty_forty,IEF,0.3931632858237909,drifted
2026-05-12,sixty_forty,SPY,0.4045943880984171,drifted
2026-05-12,sixty_forty,QQQ,0.06906228245854996,drifted
2026-05-12,sixty_forty,IWM,0.06660655050550411,drifted
2026-05-12,sixty_forty,EFA,0.06650159924875836,drifted
2026-05-12,sixty_forty,IEF,0.3932351796887705,drifted
2026-05-13,sixty_forty,SPY,0.40545452527409653,drifted
2026-05-13,sixty_forty,QQQ,0.06955098234970865,drifted
2026-05-13,sixty_forty,IWM,0.06640027660235716,drifted
2026-05-13,sixty_forty,EFA,0.06671555114262961,drifted
2026-05-13,sixty_forty,IEF,0.3918786646312081,drifted
2026-05-14,sixty_forty,SPY,0.40717877047268547,drifted
2026-05-14,sixty_forty,QQQ,0.0697922493875828,drifted
2026-05-14,sixty_forty,IWM,0.06657698302879292,drifted
2026-05-14,sixty_forty,EFA,0.0662376186936935,drifted
2026-05-14,sixty_forty,IEF,0.3902143784172453,drifted
2026-05-15,sixty_forty,SPY,0.40707322361281634,drifted
2026-05-15,sixty_forty,QQQ,0.06955815880761598,drifted
2026-05-15,sixty_forty,IWM,0.06574775445562987,drifted
2026-05-15,sixty_forty,EFA,0.06589946832989069,drifted
2026-05-15,sixty_forty,IEF,0.39172139479404705,drifted
2026-05-18,sixty_forty,SPY,0.40700268985709714,drifted
2026-05-18,sixty_forty,QQQ,0.06929565384126046,drifted
2026-05-18,sixty_forty,IWM,0.06539638382563402,drifted
2026-05-18,sixty_forty,EFA,0.06654374259156841,drifted
2026-05-18,sixty_forty,IEF,0.39176152988443996,drifted
2026-05-19,sixty_forty,SPY,0.40666270827819445,drifted
2026-05-19,sixty_forty,QQQ,0.06927250665877366,drifted
2026-05-19,sixty_forty,IWM,0.06507197832887238,drifted
2026-05-19,sixty_forty,EFA,0.06645150956502092,drifted
2026-05-19,sixty_forty,IEF,0.39254129716913855,drifted
2026-05-20,sixty_forty,SPY,0.4064742886125849,drifted
2026-05-20,sixty_forty,QQQ,0.06967321074428351,drifted
2026-05-20,sixty_forty,IWM,0.06600214259923569,drifted
2026-05-20,sixty_forty,EFA,0.0668435294389552,drifted
2026-05-20,sixty_forty,IEF,0.3910068286049407,drifted
2026-05-21,sixty_forty,SPY,0.40639654541663645,drifted
2026-05-21,sixty_forty,QQQ,0.0696545967731486,drifted
2026-05-21,sixty_forty,IWM,0.0664754469723035,drifted
2026-05-21,sixty_forty,EFA,0.06706537164420412,drifted
2026-05-21,sixty_forty,IEF,0.39040803919370737,drifted
2026-05-22,sixty_forty,SPY,0.40689170443597866,drifted
2026-05-22,sixty_forty,QQQ,0.0697609346892985,drifted
2026-05-22,sixty_forty,IWM,0.06691301757914742,drifted
2026-05-22,sixty_forty,EFA,0.0667493191226678,drifted
2026-05-22,sixty_forty,IEF,0.3896850241729076,drifted
2026-05-26,sixty_forty,SPY,0.4065021278121971,drifted
2026-05-26,sixty_forty,QQQ,0.0704637892929901,drifted
2026-05-26,sixty_forty,IWM,0.06766349939223491,drifted
2026-05-26,sixty_forty,EFA,0.06697829399347005,drifted
2026-05-26,sixty_forty,IEF,0.38839228950910776,drifted
2026-05-27,sixty_forty,SPY,0.40653241453253736,drifted
2026-05-27,sixty_forty,QQQ,0.07040113779014325,drifted
2026-05-27,sixty_forty,IWM,0.06764764380097699,drifted
2026-05-27,sixty_forty,EFA,0.06676547314772764,drifted
2026-05-27,sixty_forty,IEF,0.38865333072861474,drifted
2026-05-28,sixty_forty,SPY,0.40711465042797873,drifted
2026-05-28,sixty_forty,QQQ,0.07070631917644789,drifted
2026-05-28,sixty_forty,IWM,0.06775802729344918,drifted
2026-05-28,sixty_forty,EFA,0.06644350456196375,drifted
2026-05-28,sixty_forty,IEF,0.3879774985401605,drifted
2026-05-29,sixty_forty,SPY,0.40754827133243754,drifted
2026-05-29,sixty_forty,QQQ,0.07086583292521215,drifted
2026-05-29,sixty_forty,IWM,0.06729090738254478,drifted
2026-05-29,sixty_forty,EFA,0.06641868896272134,drifted
2026-05-29,sixty_forty,IEF,0.38787629939708407,drifted
2026-06-01,sixty_forty,SPY,0.4,target
2026-06-01,sixty_forty,QQQ,0.06666666666666665,target
2026-06-01,sixty_forty,IWM,0.06666666666666665,target
2026-06-01,sixty_forty,EFA,0.06666666666666665,target
2026-06-01,sixty_forty,IEF,0.4,target
2026-06-01,sixty_forty,SPY,0.4,drifted
2026-06-01,sixty_forty,QQQ,0.06666666666666665,drifted
2026-06-01,sixty_forty,IWM,0.06666666666666665,drifted
2026-06-01,sixty_forty,EFA,0.06666666666666665,drifted
2026-06-01,sixty_forty,IEF,0.4,drifted
2026-06-02,sixty_forty,SPY,0.3996894450829441,drifted
2026-06-02,sixty_forty,QQQ,0.06683088722203083,drifted
2026-06-02,sixty_forty,IWM,0.06714151676018516,drifted
2026-06-02,sixty_forty,EFA,0.06689400480001087,drifted
2026-06-02,sixty_forty,IEF,0.3994441461348291,drifted
2026-06-03,sixty_forty,SPY,0.39907503450027015,drifted
2026-06-03,sixty_forty,QQQ,0.06702409461015656,drifted
2026-06-03,sixty_forty,IWM,0.06658846510749851,drifted
2026-06-03,sixty_forty,EFA,0.06668674461111194,drifted
2026-06-03,sixty_forty,IEF,0.4006256611709629,drifted
2026-06-04,sixty_forty,SPY,0.39929271631276947,drifted
2026-06-04,sixty_forty,QQQ,0.06648503215795185,drifted
2026-06-04,sixty_forty,IWM,0.06737534925047321,drifted
2026-06-04,sixty_forty,EFA,0.06700182749906711,drifted
2026-06-04,sixty_forty,IEF,0.3998450747797383,drifted
2026-06-05,sixty_forty,SPY,0.3968158694109717,drifted
2026-06-05,sixty_forty,QQQ,0.06456751217875252,drifted
2026-06-05,sixty_forty,IWM,0.06629285911561952,drifted
2026-06-05,sixty_forty,EFA,0.06659838941815463,drifted
2026-06-05,sixty_forty,IEF,0.40572536987650154,drifted
2026-06-08,sixty_forty,SPY,0.3967398964419237,drifted
2026-06-08,sixty_forty,QQQ,0.06541511914243986,drifted
2026-06-08,sixty_forty,IWM,0.06670802831786957,drifted
2026-06-08,sixty_forty,EFA,0.06683800623517169,drifted
2026-06-08,sixty_forty,IEF,0.4042989498625951,drifted
2026-06-09,sixty_forty,SPY,0.39579956730841137,drifted
2026-06-09,sixty_forty,QQQ,0.06469903486715728,drifted
2026-06-09,sixty_forty,IWM,0.06695964328181488,drifted
2026-06-09,sixty_forty,EFA,0.06688890911938629,drifted
2026-06-09,sixty_forty,IEF,0.4056528454232301,drifted
2026-06-10,sixty_forty,SPY,0.39328955383194225,drifted
2026-06-10,sixty_forty,QQQ,0.06401367653936332,drifted
2026-06-10,sixty_forty,IWM,0.06689635019629557,drifted
2026-06-10,sixty_forty,EFA,0.06665653157811627,drifted
2026-06-10,sixty_forty,IEF,0.4091438878542825,drifted
2026-06-11,sixty_forty,SPY,0.39377543132097864,drifted
2026-06-11,sixty_forty,QQQ,0.0651502042539689,drifted
2026-06-11,sixty_forty,IWM,0.06781167877795358,drifted
2026-06-11,sixty_forty,EFA,0.06766513898139691,drifted
2026-06-11,sixty_forty,IEF,0.4055975466657019,drifted
2026-06-12,sixty_forty,SPY,0.3948761703998351,drifted
2026-06-12,sixty_forty,QQQ,0.06536328305598742,drifted
2026-06-12,sixty_forty,IWM,0.06822700661636191,drifted
2026-06-12,sixty_forty,EFA,0.06767616126821757,drifted
2026-06-12,sixty_forty,IEF,0.40385737865959803,drifted
2026-06-15,sixty_forty,SPY,0.39768057354508907,drifted
2026-06-15,sixty_forty,QQQ,0.06671885492254152,drifted
2026-06-15,sixty_forty,IWM,0.0680719124011917,drifted
2026-06-15,sixty_forty,EFA,0.06742664255397303,drifted
2026-06-15,sixty_forty,IEF,0.4001020165772045,drifted
2026-06-16,sixty_forty,SPY,0.39652424511095524,drifted
2026-06-16,sixty_forty,QQQ,0.06565191420032439,drifted
2026-06-16,sixty_forty,IWM,0.0676877688296791,drifted
2026-06-16,sixty_forty,EFA,0.06778324828994586,drifted
2026-06-16,sixty_forty,IEF,0.4023528235690955,drifted
2026-06-17,sixty_forty,SPY,0.3949674589883762,drifted
2026-06-17,sixty_forty,QQQ,0.06555425258398737,drifted
2026-06-17,sixty_forty,IWM,0.06776037633902696,drifted
2026-06-17,sixty_forty,EFA,0.06802354233716937,drifted
2026-06-17,sixty_forty,IEF,0.4036943697514402,drifted
2026-06-18,sixty_forty,SPY,0.39553108302949375,drifted
2026-06-18,sixty_forty,QQQ,0.06660083990023571,drifted
2026-06-18,sixty_forty,IWM,0.06848170471564655,drifted
2026-06-18,sixty_forty,EFA,0.06782892856901672,drifted
2026-06-18,sixty_forty,IEF,0.4015574437856072,drifted
2026-06-22,sixty_forty,SPY,0.3951689579262995,drifted
2026-06-22,sixty_forty,QQQ,0.06658236815680044,drifted
2026-06-22,sixty_forty,IWM,0.06923638521414699,drifted
2026-06-22,sixty_forty,EFA,0.06809144378493293,drifted
2026-06-22,sixty_forty,IEF,0.40092084491782004,drifted
2026-06-23,sixty_forty,SPY,0.39315096774216585,drifted
2026-06-23,sixty_forty,QQQ,0.06500506522463693,drifted
2026-06-23,sixty_forty,IWM,0.06922745246517598,drifted
2026-06-23,sixty_forty,EFA,0.06734848716337224,drifted
2026-06-23,sixty_forty,IEF,0.405268027404649,drifted
2026-06-24,sixty_forty,SPY,0.3920442862122465,drifted
2026-06-24,sixty_forty,QQQ,0.06457679261762274,drifted
2026-06-24,sixty_forty,IWM,0.06938498696327669,drifted
2026-06-24,sixty_forty,EFA,0.06705889865156614,drifted
2026-06-24,sixty_forty,IEF,0.40693503555528787,drifted
2026-06-25,sixty_forty,SPY,0.3916512053471593,drifted
2026-06-25,sixty_forty,QQQ,0.06494106920909172,drifted
2026-06-25,sixty_forty,IWM,0.06973326283253538,drifted
2026-06-25,sixty_forty,EFA,0.06747716345305908,drifted
2026-06-25,sixty_forty,IEF,0.40619729915815445,drifted
2026-06-26,sixty_forty,SPY,0.389942857771982,drifted
2026-06-26,sixty_forty,QQQ,0.06423236654692253,drifted
2026-06-26,sixty_forty,IWM,0.0701500630667907,drifted
2026-06-26,sixty_forty,EFA,0.06727199954591634,drifted
2026-06-26,sixty_forty,IEF,0.4084027130683884,drifted
2026-06-29,sixty_forty,SPY,0.3930086683909641,drifted
2026-06-29,sixty_forty,QQQ,0.06527103979350662,drifted
2026-06-29,sixty_forty,IWM,0.06935617491682894,drifted
2026-06-29,sixty_forty,EFA,0.06729395282162852,drifted
2026-06-29,sixty_forty,IEF,0.40507016407707164,drifted
2026-06-30,sixty_forty,SPY,0.3950001139483089,drifted
2026-06-30,sixty_forty,QQQ,0.06620246900485287,drifted
2026-06-30,sixty_forty,IWM,0.06951142311165243,drifted
2026-06-30,sixty_forty,EFA,0.06739131112440572,drifted
2026-06-30,sixty_forty,IEF,0.40189468281078017,drifted
2026-07-01,sixty_forty,SPY,0.4,target
2026-07-01,sixty_forty,QQQ,0.06666666666666665,target
2026-07-01,sixty_forty,IWM,0.06666666666666665,target
2026-07-01,sixty_forty,EFA,0.06666666666666665,target
2026-07-01,sixty_forty,IEF,0.4,target
2026-07-01,sixty_forty,SPY,0.4,drifted
2026-07-01,sixty_forty,QQQ,0.06666666666666665,drifted
2026-07-01,sixty_forty,IWM,0.06666666666666665,drifted
2026-07-01,sixty_forty,EFA,0.06666666666666665,drifted
2026-07-01,sixty_forty,IEF,0.4,drifted
2026-07-02,sixty_forty,SPY,0.39979912465936107,drifted
2026-07-02,sixty_forty,QQQ,0.06556433427733323,drifted
2026-07-02,sixty_forty,IWM,0.06633300049210221,drifted
2026-07-02,sixty_forty,EFA,0.06759519298630415,drifted
2026-07-02,sixty_forty,IEF,0.4007083475848993,drifted
2026-07-06,sixty_forty,SPY,0.40100854503207695,drifted
2026-07-06,sixty_forty,QQQ,0.06612870264413685,drifted
2026-07-06,sixty_forty,IWM,0.06625059577415242,drifted
2026-07-06,sixty_forty,EFA,0.06791502335875689,drifted
2026-07-06,sixty_forty,IEF,0.39869713319087685,drifted
2026-07-07,sixty_forty,SPY,0.40175474585948623,drifted
2026-07-07,sixty_forty,QQQ,0.06533492497254335,drifted
2026-07-07,sixty_forty,IWM,0.0660861253861127,drifted
2026-07-07,sixty_forty,EFA,0.06752352481957931,drifted
2026-07-07,sixty_forty,IEF,0.3993006789622784,drifted
2026-07-08,sixty_forty,SPY,0.40171428450810404,drifted
2026-07-08,sixty_forty,QQQ,0.06571646473230228,drifted
2026-07-08,sixty_forty,IWM,0.06567778555743044,drifted
2026-07-08,sixty_forty,EFA,0.06720578700139064,drifted
2026-07-08,sixty_forty,IEF,0.39968567820077266,drifted
2026-07-09,sixty_forty,SPY,0.40247679322450014,drifted
2026-07-09,sixty_forty,QQQ,0.06637507284015189,drifted
2026-07-09,sixty_forty,IWM,0.06608605675178157,drifted
2026-07-09,sixty_forty,EFA,0.06712988863819629,drifted
2026-07-09,sixty_forty,IEF,0.39793218854537005,drifted
2026-07-10,sixty_forty,SPY,0.4035712195509553,drifted
2026-07-10,sixty_forty,QQQ,0.06647425086633217,drifted
2026-07-10,sixty_forty,IWM,0.06570389241372995,drifted
2026-07-10,sixty_forty,EFA,0.06728798394790911,drifted
2026-07-10,sixty_forty,IEF,0.3969626532210734,drifted
2026-07-13,sixty_forty,SPY,0.4033261069835705,drifted
2026-07-13,sixty_forty,QQQ,0.06567579528543141,drifted
2026-07-13,sixty_forty,IWM,0.06560947995050787,drifted
2026-07-13,sixty_forty,EFA,0.06705794632555323,drifted
2026-07-13,sixty_forty,IEF,0.3983306714549369,drifted
2026-07-14,sixty_forty,SPY,0.4031561525777105,drifted
2026-07-14,sixty_forty,QQQ,0.06614653971452009,drifted
2026-07-14,sixty_forty,IWM,0.06557915121539151,drifted
2026-07-14,sixty_forty,EFA,0.06725834787479823,drifted
2026-07-14,sixty_forty,IEF,0.39785980861757964,drifted
2026-07-15,sixty_forty,SPY,0.403493665506881,drifted
2026-07-15,sixty_forty,QQQ,0.06576188356886192,drifted
2026-07-15,sixty_forty,IWM,0.0656546158765141,drifted
2026-07-15,sixty_forty,EFA,0.06749391429779159,drifted
2026-07-15,sixty_forty,IEF,0.39759592074995154,drifted
2026-07-16,sixty_forty,SPY,0.4029608685587949,drifted
2026-07-16,sixty_forty,QQQ,0.06494724139968501,drifted
2026-07-16,sixty_forty,IWM,0.06588502990632664,drifted
2026-07-16,sixty_forty,EFA,0.06722802991676123,drifted
2026-07-16,sixty_forty,IEF,0.3989788302184322,drifted
2026-07-17,sixty_forty,SPY,0.401021848458959,drifted
2026-07-17,sixty_forty,QQQ,0.06429967366064467,drifted
2026-07-17,sixty_forty,IWM,0.065876163683044,drifted
2026-07-17,sixty_forty,EFA,0.06726087498141829,drifted
2026-07-17,sixty_forty,IEF,0.40154143921593394,drifted
2026-07-20,sixty_forty,SPY,0.40147683118539496,drifted
2026-07-20,sixty_forty,QQQ,0.06454440594433594,drifted
2026-07-20,sixty_forty,IWM,0.06566889098506926,drifted
2026-07-20,sixty_forty,EFA,0.0669499958305433,drifted
2026-07-20,sixty_forty,IEF,0.40135987605465656,drifted
2026-07-21,sixty_forty,SPY,0.40261856310288757,drifted
2026-07-21,sixty_forty,QQQ,0.06538310168403895,drifted
2026-07-21,sixty_forty,IWM,0.06625597527245858,drifted
2026-07-21,sixty_forty,EFA,0.06755223946803758,drifted
2026-07-21,sixty_forty,IEF,0.39819012047257724,drifted
2026-07-22,sixty_forty,SPY,0.40303275288786966,drifted
2026-07-22,sixty_forty,QQQ,0.06519197374901738,drifted
2026-07-22,sixty_forty,IWM,0.0657855587021547,drifted
2026-07-22,sixty_forty,EFA,0.06782406678412317,drifted
2026-07-22,sixty_forty,IEF,0.3981656478768351,drifted
2026-07-23,sixty_forty,SPY,0.4014854482117768,drifted
2026-07-23,sixty_forty,QQQ,0.0645054744612597,drifted
2026-07-23,sixty_forty,IWM,0.06596845234564674,drifted
2026-07-23,sixty_forty,EFA,0.06752260924572152,drifted
2026-07-23,sixty_forty,IEF,0.40051801573559537,drifted
2026-07-24,sixty_forty,SPY,0.40165610871260454,drifted
2026-07-24,sixty_forty,QQQ,0.06374721842889743,drifted
2026-07-24,sixty_forty,IWM,0.06572185959129714,drifted
2026-07-24,sixty_forty,EFA,0.06781721510960984,drifted
2026-07-24,sixty_forty,IEF,0.401057598157591,drifted
2026-07-27,sixty_forty,SPY,0.401065781725497,drifted
2026-07-27,sixty_forty,QQQ,0.06344349351734066,drifted
2026-07-27,sixty_forty,IWM,0.06600313256957709,drifted
2026-07-27,sixty_forty,EFA,0.06803022806765331,drifted
2026-07-27,sixty_forty,IEF,0.40145736411993194,drifted
2026-07-28,sixty_forty,SPY,0.4013682195954638,drifted
2026-07-28,sixty_forty,QQQ,0.06272400854482019,drifted
2026-07-28,sixty_forty,IWM,0.06599858592637758,drifted
2026-07-28,sixty_forty,EFA,0.06790580337575614,drifted
2026-07-28,sixty_forty,IEF,0.40200338255758233,drifted
2026-07-29,sixty_forty,SPY,0.39940559442668444,drifted
2026-07-29,sixty_forty,QQQ,0.062101410522667995,drifted
2026-07-29,sixty_forty,IWM,0.06561089053151979,drifted
2026-07-29,sixty_forty,EFA,0.06828628214375806,drifted
2026-07-29,sixty_forty,IEF,0.4045958223753697,drifted
2026-07-30,sixty_forty,SPY,0.4013944938893422,drifted
2026-07-30,sixty_forty,QQQ,0.06340555379042208,drifted
2026-07-30,sixty_forty,IWM,0.06575375864478822,drifted
2026-07-30,sixty_forty,EFA,0.06936866792924072,drifted
2026-07-30,sixty_forty,IEF,0.4000775257462067,drifted
2026-07-31,sixty_forty,SPY,0.40370211776414255,drifted
2026-07-31,sixty_forty,QQQ,0.06372548125266114,drifted
2026-07-31,sixty_forty,IWM,0.06534711597575496,drifted
2026-07-31,sixty_forty,EFA,0.06883842464461279,drifted
2026-07-31,sixty_forty,IEF,0.39838686036282844,drifted
2026-08-03,sixty_forty,SPY,0.4,target
2026-08-03,sixty_forty,QQQ,0.06666666666666665,target
2026-08-03,sixty_forty,IWM,0.06666666666666665,target
2026-08-03,sixty_forty,EFA,0.06666666666666665,target
2026-08-03,sixty_forty,IEF,0.4,target
2026-08-03,sixty_forty,SPY,0.4,drifted
2026-08-03,sixty_forty,QQQ,0.06666666666666665,drifted
2026-08-03,sixty_forty,IWM,0.06666666666666665,drifted
2026-08-03,sixty_forty,EFA,0.06666666666666665,drifted
2026-08-03,sixty_forty,IEF,0.4,drifted
2026-08-04,sixty_forty,SPY,0.40183415227001623,drifted
2026-08-04,sixty_forty,QQQ,0.06802092617044952,drifted
2026-08-04,sixty_forty,IWM,0.06700554775994425,drifted
2026-08-04,sixty_forty,EFA,0.06659296348556004,drifted
2026-08-04,sixty_forty,IEF,0.39654641031403015,drifted
2026-08-05,sixty_forty,SPY,0.40164448249127027,drifted
2026-08-05,sixty_forty,QQQ,0.06750838743859235,drifted
2026-08-05,sixty_forty,IWM,0.06667640288731934,drifted
2026-08-05,sixty_forty,EFA,0.06676305162511892,drifted
2026-08-05,sixty_forty,IEF,0.3974076755576991,drifted
2026-08-06,sixty_forty,SPY,0.4021310979424403,drifted
2026-08-06,sixty_forty,QQQ,0.06744824351657353,drifted
2026-08-06,sixty_forty,IWM,0.06652498750697199,drifted
2026-08-06,sixty_forty,EFA,0.06690728935486258,drifted
2026-08-06,sixty_forty,IEF,0.39698838167915174,drifted
2026-08-07,sixty_forty,SPY,0.40230932996102836,drifted
2026-08-07,sixty_forty,QQQ,0.06785443563295927,drifted
2026-08-07,sixty_forty,IWM,0.06688407716159628,drifted
2026-08-07,sixty_forty,EFA,0.06726752510226683,drifted
2026-08-07,sixty_forty,IEF,0.3956846321421493,drifted
2026-08-10,sixty_forty,SPY,0.403298186955043,drifted
2026-08-10,sixty_forty,QQQ,0.06783818581019836,drifted
2026-08-10,sixty_forty,IWM,0.06671702818532559,drifted
2026-08-10,sixty_forty,EFA,0.06711737250080808,drifted
2026-08-10,sixty_forty,IEF,0.39502922654862505,drifted
2026-08-11,sixty_forty,SPY,0.4023207920316854,drifted
2026-08-11,sixty_forty,QQQ,0.06766279128746706,drifted
2026-08-11,sixty_forty,IWM,0.0669934781350388,drifted
2026-08-11,sixty_forty,EFA,0.06721907955292952,drifted
2026-08-11,sixty_forty,IEF,0.3958038589928791,drifted
2026-08-12,sixty_forty,SPY,0.4023132318584437,drifted
2026-08-12,sixty_forty,QQQ,0.0679856750125859,drifted
2026-08-12,sixty_forty,IWM,0.06720671712556762,drifted
2026-08-12,sixty_forty,EFA,0.06730421423986901,drifted
2026-08-12,sixty_forty,IEF,0.3951901617635339,drifted
2026-08-13,sixty_forty,SPY,0.4029716867238533,drifted
2026-08-13,sixty_forty,QQQ,0.06840721067928138,drifted
2026-08-13,sixty_forty,IWM,0.0670247248796408,drifted
2026-08-13,sixty_forty,EFA,0.06706448008202508,drifted
2026-08-13,sixty_forty,IEF,0.3945318976351994,drifted
2026-08-14,sixty_forty,SPY,0.40284682676314765,drifted
2026-08-14,sixty_forty,QQQ,0.06842807046878734,drifted
2026-08-14,sixty_forty,IWM,0.06748859775412565,drifted
2026-08-14,sixty_forty,EFA,0.0671457886217873,drifted
2026-08-14,sixty_forty,IEF,0.3940907163921521,drifted
2026-08-17,sixty_forty,SPY,0.4022332521077479,drifted
2026-08-17,sixty_forty,QQQ,0.06853568834361558,drifted
2026-08-17,sixty_forty,IWM,0.06747729849783181,drifted
2026-08-17,sixty_forty,EFA,0.0672441529585934,drifted
2026-08-17,sixty_forty,IEF,0.3945096080922113,drifted
2026-08-18,sixty_forty,SPY,0.401554612982208,drifted
2026-08-18,sixty_forty,QQQ,0.06771888949507616,drifted
2026-08-18,sixty_forty,IWM,0.0669673467095917,drifted
2026-08-18,sixty_forty,EFA,0.06685191272771092,drifted
2026-08-18,sixty_forty,IEF,0.39690723808541317,drifted
2026-08-19,sixty_forty,SPY,0.40111151934018124,drifted
2026-08-19,sixty_forty,QQQ,0.06736802516631175,drifted
2026-08-19,sixty_forty,IWM,0.067084697830902,drifted
2026-08-19,sixty_forty,EFA,0.06688063283465556,drifted
2026-08-19,sixty_forty,IEF,0.3975551248279495,drifted
2026-08-20,sixty_forty,SPY,0.40037054782185133,drifted
2026-08-20,sixty_forty,QQQ,0.0673254863222716,drifted
2026-08-20,sixty_forty,IWM,0.06662156976560932,drifted
2026-08-20,sixty_forty,EFA,0.06712872839434396,drifted
2026-08-20,sixty_forty,IEF,0.3985536676959236,drifted
2026-08-21,sixty_forty,SPY,0.40113673694371443,drifted
2026-08-21,sixty_forty,QQQ,0.06741666897424925,drifted
2026-08-21,sixty_forty,IWM,0.06698850246154005,drifted
2026-08-21,sixty_forty,EFA,0.06753848184940611,drifted
2026-08-21,sixty_forty,IEF,0.3969196097710902,drifted
2026-08-24,sixty_forty,SPY,0.40060478537266536,drifted
2026-08-24,sixty_forty,QQQ,0.0668517910229117,drifted
2026-08-24,sixty_forty,IWM,0.06665168935593092,drifted
2026-08-24,sixty_forty,EFA,0.06751645184440817,drifted
2026-08-24,sixty_forty,IEF,0.39837528240408376,drifted
2026-08-25,sixty_forty,SPY,0.4000418354678843,drifted
2026-08-25,sixty_forty,QQQ,0.06695971117720295,drifted
2026-08-25,sixty_forty,IWM,0.0666265467913538,drifted
2026-08-25,sixty_forty,EFA,0.06769203230182864,drifted
2026-08-25,sixty_forty,IEF,0.3986798742617303,drifted
2026-08-26,sixty_forty,SPY,0.40055633662619083,drifted
2026-08-26,sixty_forty,QQQ,0.06709225490046279,drifted
2026-08-26,sixty_forty,IWM,0.06663055860256667,drifted
2026-08-26,sixty_forty,EFA,0.06742774954650625,drifted
2026-08-26,sixty_forty,IEF,0.39829310032427345,drifted
2026-08-27,sixty_forty,SPY,0.40189516588391894,drifted
2026-08-27,sixty_forty,QQQ,0.06779395237925835,drifted
2026-08-27,sixty_forty,IWM,0.06661355780454778,drifted
2026-08-27,sixty_forty,EFA,0.06705749046452485,drifted
2026-08-27,sixty_forty,IEF,0.39663983346774995,drifted
2026-08-28,sixty_forty,SPY,0.40261651733562576,drifted
2026-08-28,sixty_forty,QQQ,0.06762834532604661,drifted
2026-08-28,sixty_forty,IWM,0.06597916924837866,drifted
2026-08-28,sixty_forty,EFA,0.06714366417387457,drifted
2026-08-28,sixty_forty,IEF,0.39663230391607435,drifted
2026-08-31,sixty_forty,SPY,0.4023046705079509,drifted
2026-08-31,sixty_forty,QQQ,0.06780981056488987,drifted
2026-08-31,sixty_forty,IWM,0.06571881939674336,drifted
2026-08-31,sixty_forty,EFA,0.06712416113086797,drifted
2026-08-31,sixty_forty,IEF,0.3970425383995479,drifted
2026-09-01,sixty_forty,SPY,0.4,target
2026-09-01,sixty_forty,QQQ,0.06666666666666665,target
2026-09-01,sixty_forty,IWM,0.06666666666666665,target
2026-09-01,sixty_forty,EFA,0.06666666666666665,target
2026-09-01,sixty_forty,IEF,0.4,target
2026-09-01,sixty_forty,SPY,0.4,drifted
2026-09-01,sixty_forty,QQQ,0.06666666666666665,drifted
2026-09-01,sixty_forty,IWM,0.06666666666666665,drifted
2026-09-01,sixty_forty,EFA,0.06666666666666665,drifted
2026-09-01,sixty_forty,IEF,0.4,drifted
2026-09-02,sixty_forty,SPY,0.40040575857064287,drifted
2026-09-02,sixty_forty,QQQ,0.06658972807554643,drifted
2026-09-02,sixty_forty,IWM,0.06722606856601396,drifted
2026-09-02,sixty_forty,EFA,0.06679513149087271,drifted
2026-09-02,sixty_forty,IEF,0.398983313296924,drifted
2026-09-03,sixty_forty,SPY,0.40202312881038643,drifted
2026-09-03,sixty_forty,QQQ,0.06695249719013371,drifted
2026-09-03,sixty_forty,IWM,0.06706644018200522,drifted
2026-09-03,sixty_forty,EFA,0.06708307370792312,drifted
2026-09-03,sixty_forty,IEF,0.39687486010955153,drifted
2026-09-04,sixty_forty,SPY,0.40098894181566636,drifted
2026-09-04,sixty_forty,QQQ,0.0671591518497944,drifted
2026-09-04,sixty_forty,IWM,0.06733928025676068,drifted
2026-09-04,sixty_forty,EFA,0.06725629393737002,drifted
2026-09-04,sixty_forty,IEF,0.3972563321404085,drifted
2026-09-08,sixty_forty,SPY,0.40011379755546245,drifted
2026-09-08,sixty_forty,QQQ,0.06732642448930057,drifted
2026-09-08,sixty_forty,IWM,0.06725753209926454,drifted
2026-09-08,sixty_forty,EFA,0.06711267402640889,drifted
2026-09-08,sixty_forty,IEF,0.3981895718295636,drifted
2026-09-09,sixty_forty,SPY,0.4001920392067658,drifted
2026-09-09,sixty_forty,QQQ,0.06746096243306197,drifted
2026-09-09,sixty_forty,IWM,0.06666048851605065,drifted
2026-09-09,sixty_forty,EFA,0.06668823975106555,drifted
2026-09-09,sixty_forty,IEF,0.398998270093056,drifted
2026-09-10,sixty_forty,SPY,0.40079112141166723,drifted
2026-09-10,sixty_forty,QQQ,0.067246330329928,drifted
2026-09-10,sixty_forty,IWM,0.06648347771463896,drifted
2026-09-10,sixty_forty,EFA,0.0666233452397721,drifted
2026-09-10,sixty_forty,IEF,0.3988557253039937,drifted
2026-09-11,sixty_forty,SPY,0.4025206391259971,drifted
2026-09-11,sixty_forty,QQQ,0.06755058451081837,drifted
2026-09-11,sixty_forty,IWM,0.06647986061616205,drifted
2026-09-11,sixty_forty,EFA,0.06699832032611998,drifted
2026-09-11,sixty_forty,IEF,0.39645059542090244,drifted
2026-09-14,sixty_forty,SPY,0.4021088973864488,drifted
2026-09-14,sixty_forty,QQQ,0.0672434464393969,drifted
2026-09-14,sixty_forty,IWM,0.06648318706555588,drifted
2026-09-14,sixty_forty,EFA,0.06669417429627825,drifted
2026-09-14,sixty_forty,IEF,0.39747029481232027,drifted
2026-09-15,sixty_forty,SPY,0.4016769614070715,drifted
2026-09-15,sixty_forty,QQQ,0.06703921957257772,drifted
2026-09-15,sixty_forty,IWM,0.0662484729054853,drifted
2026-09-15,sixty_forty,EFA,0.06664498663441352,drifted
2026-09-15,sixty_forty,IEF,0.398390359480452,drifted
2026-09-16,sixty_forty,SPY,0.40097732451927437,drifted
2026-09-16,sixty_forty,QQQ,0.06723605173638757,drifted
2026-09-16,sixty_forty,IWM,0.066141802152601,drifted
2026-09-16,sixty_forty,EFA,0.06658266605617782,drifted
2026-09-16,sixty_forty,IEF,0.39906215553555924,drifted
2026-09-17,sixty_forty,SPY,0.4019082817210407,drifted
2026-09-17,sixty_forty,QQQ,0.06779018270687151,drifted
2026-09-17,sixty_forty,IWM,0.06590071333764287,drifted
2026-09-17,sixty_forty,EFA,0.06662993596163708,drifted
2026-09-17,sixty_forty,IEF,0.3977708862728079,drifted
2026-09-18,sixty_forty,SPY,0.40323012674163644,drifted
2026-09-18,sixty_forty,QQQ,0.06835492802941877,drifted
2026-09-18,sixty_forty,IWM,0.0657247903382748,drifted
2026-09-18,sixty_forty,EFA,0.0660894796345626,drifted
2026-09-18,sixty_forty,IEF,0.3966006752561075,drifted
2026-09-21,sixty_forty,SPY,0.40509760928588184,drifted
2026-09-21,sixty_forty,QQQ,0.06957193803593474,drifted
2026-09-21,sixty_forty,IWM,0.06535974968826257,drifted
2026-09-21,sixty_forty,EFA,0.06610433311355716,drifted
2026-09-21,sixty_forty,IEF,0.3938663698763636,drifted
2026-09-22,sixty_forty,SPY,0.40457115952747086,drifted
2026-09-22,sixty_forty,QQQ,0.07005370712448407,drifted
2026-09-22,sixty_forty,IWM,0.06565756526105215,drifted
2026-09-22,sixty_forty,EFA,0.06625886642050877,drifted
2026-09-22,sixty_forty,IEF,0.3934587016664842,drifted
2026-09-23,sixty_forty,SPY,0.40569532845493067,drifted
2026-09-23,sixty_forty,QQQ,0.07016631994111153,drifted
2026-09-23,sixty_forty,IWM,0.06509616456353702,drifted
2026-09-23,sixty_forty,EFA,0.06585669812510228,drifted
2026-09-23,sixty_forty,IEF,0.3931854889153185,drifted
2026-09-24,sixty_forty,SPY,0.40648907062746853,drifted
2026-09-24,sixty_forty,QQQ,0.07035088678408583,drifted
2026-09-24,sixty_forty,IWM,0.06521688248259248,drifted
2026-09-24,sixty_forty,EFA,0.06585068672325588,drifted
2026-09-24,sixty_forty,IEF,0.3920924733825973,drifted
2026-09-25,sixty_forty,SPY,0.4068161349610751,drifted
2026-09-25,sixty_forty,QQQ,0.0703481326415769,drifted
2026-09-25,sixty_forty,IWM,0.06498795256251465,drifted
2026-09-25,sixty_forty,EFA,0.06621227100020803,drifted
2026-09-25,sixty_forty,IEF,0.39163550883462533,drifted
2026-09-28,sixty_forty,SPY,0.40647202543329225,drifted
2026-09-28,sixty_forty,QQQ,0.07005751093489117,drifted
2026-09-28,sixty_forty,IWM,0.0649673804737398,drifted
2026-09-28,sixty_forty,EFA,0.06632392240669642,drifted
2026-09-28,sixty_forty,IEF,0.3921791607513804,drifted
2026-09-29,sixty_forty,SPY,0.4063394173649548,drifted
2026-09-29,sixty_forty,QQQ,0.07029723576528991,drifted
2026-09-29,sixty_forty,IWM,0.06483133234754433,drifted
2026-09-29,sixty_forty,EFA,0.06610842736143202,drifted
2026-09-29,sixty_forty,IEF,0.392423587160779,drifted
2026-09-30,sixty_forty,SPY,0.40629485658614456,drifted
2026-09-30,sixty_forty,QQQ,0.07060985758671286,drifted
2026-09-30,sixty_forty,IWM,0.06469692319546487,drifted
2026-09-30,sixty_forty,EFA,0.06582541308734768,drifted
2026-09-30,sixty_forty,IEF,0.39257294954433003,drifted
2026-10-01,sixty_forty,SPY,0.4,target
2026-10-01,sixty_forty,QQQ,0.06666666666666665,target
2026-10-01,sixty_forty,IWM,0.06666666666666665,target
2026-10-01,sixty_forty,EFA,0.06666666666666665,target
2026-10-01,sixty_forty,IEF,0.4,target
2026-10-01,sixty_forty,SPY,0.4,drifted
2026-10-01,sixty_forty,QQQ,0.06666666666666665,drifted
2026-10-01,sixty_forty,IWM,0.06666666666666665,drifted
2026-10-01,sixty_forty,EFA,0.06666666666666665,drifted
2026-10-01,sixty_forty,IEF,0.4,drifted
2026-10-02,sixty_forty,SPY,0.40141146877372,drifted
2026-10-02,sixty_forty,QQQ,0.06708649072547838,drifted
2026-10-02,sixty_forty,IWM,0.06700581209995665,drifted
2026-10-02,sixty_forty,EFA,0.0671470943617868,drifted
2026-10-02,sixty_forty,IEF,0.397349134039058,drifted
2026-10-05,sixty_forty,SPY,0.40282641018701726,drifted
2026-10-05,sixty_forty,QQQ,0.06746260640928026,drifted
2026-10-05,sixty_forty,IWM,0.06723289365314306,drifted
2026-10-05,sixty_forty,EFA,0.06697749680835476,drifted
2026-10-05,sixty_forty,IEF,0.3955005929422048,drifted
2026-10-06,sixty_forty,SPY,0.40379109923950063,drifted
2026-10-06,sixty_forty,QQQ,0.06756212136131075,drifted
2026-10-06,sixty_forty,IWM,0.06654289249403901,drifted
2026-10-06,sixty_forty,EFA,0.06689274075387869,drifted
2026-10-06,sixty_forty,IEF,0.395211146151271,drifted
2026-10-07,sixty_forty,SPY,0.40395672659519744,drifted
2026-10-07,sixty_forty,QQQ,0.06758032888026445,drifted
2026-10-07,sixty_forty,IWM,0.06586700141383954,drifted
2026-10-07,sixty_forty,EFA,0.06636030474326807,drifted
2026-10-07,sixty_forty,IEF,0.3962356383674305,drifted
2026-10-08,sixty_forty,SPY,0.40280735274112267,drifted
2026-10-08,sixty_forty,QQQ,0.06676799471993596,drifted
2026-10-08,sixty_forty,IWM,0.06592791628116063,drifted
2026-10-08,sixty_forty,EFA,0.06619496585847415,drifted
2026-10-08,sixty_forty,IEF,0.3983017703993066,drifted
2026-10-09,sixty_forty,SPY,0.40389010319170365,drifted
2026-10-09,sixty_forty,QQQ,0.0668769621110236,drifted
2026-10-09,sixty_forty,IWM,0.06603549584518861,drifted
2026-10-09,sixty_forty,EFA,0.06642704097933406,drifted
2026-10-09,sixty_forty,IEF,0.39677039787275004,drifted
2024-11-01,inverse_vol,SPY,0.20413353571550139,target
2024-11-01,inverse_vol,QQQ,0.1431486166707381,target
2024-11-01,inverse_vol,IWM,0.11772722009867582,target
2024-11-01,inverse_vol,EFA,0.1940642632051899,target
2024-11-01,inverse_vol,IEF,0.3409263643098948,target
2024-11-01,inverse_vol,SPY,0.20413353571550139,drifted
2024-11-01,inverse_vol,QQQ,0.1431486166707381,drifted
2024-11-01,inverse_vol,IWM,0.11772722009867582,drifted
2024-11-01,inverse_vol,EFA,0.1940642632051899,drifted
2024-11-01,inverse_vol,IEF,0.3409263643098948,drifted
2024-11-04,inverse_vol,SPY,0.20334680228507004,drifted
2024-11-04,inverse_vol,QQQ,0.14248843221683175,drifted
2024-11-04,inverse_vol,IWM,0.11812238040094492,drifted
2024-11-04,inverse_vol,EFA,0.19388011053871307,drifted
2024-11-04,inverse_vol,IEF,0.3421622745584402,drifted
2024-11-05,inverse_vol,SPY,0.2040491350749675,drifted
2024-11-05,inverse_vol,QQQ,0.1430745292010176,drifted
2024-11-05,inverse_vol,IWM,0.11931724106922798,drifted
2024-11-05,inverse_vol,EFA,0.194136995777988,drifted
2024-11-05,inverse_vol,IEF,0.3394220988767989,drifted
2024-11-06,inverse_vol,SPY,0.20714034961986136,drifted
2024-11-06,inverse_vol,QQQ,0.14556765389652987,drifted
2024-11-06,inverse_vol,IWM,0.12503276432863902,drifted
2024-11-06,inverse_vol,EFA,0.18951618757854063,drifted
2024-11-06,inverse_vol,IEF,0.33274304457642934,drifted
2024-11-07,inverse_vol,SPY,0.20687944767968644,drifted
2024-11-07,inverse_vol,QQQ,0.14654018585251863,drifted
2024-11-07,inverse_vol,IWM,0.12347833952854799,drifted
2024-11-07,inverse_vol,EFA,0.19067568979615163,drifted
2024-11-07,inverse_vol,IEF,0.3324263371430953,drifted
2024-11-08,inverse_vol,SPY,0.20776587128431623,drifted
2024-11-08,inverse_vol,QQQ,0.14670453011857115,drifted
2024-11-08,inverse_vol,IWM,0.124381427140361,drifted
2024-11-08,inverse_vol,EFA,0.18803015193240089,drifted
2024-11-08,inverse_vol,IEF,0.3331180195243509,drifted
2024-11-11,inverse_vol,SPY,0.2077331424131662,drifted
2024-11-11,inverse_vol,QQQ,0.14645628635154512,drifted
2024-11-11,inverse_vol,IWM,0.1261113811875321,drifted
2024-11-11,inverse_vol,EFA,0.18786901935299802,drifted
2024-11-11,inverse_vol,IEF,0.33183017069475856,drifted
2024-11-12,inverse_vol,SPY,0.20890418787117768,drifted
2024-11-12,inverse_vol,QQQ,0.14747343091753182,drifted
2024-11-12,inverse_vol,IWM,0.12498580393908097,drifted
2024-11-12,inverse_vol,EFA,0.18599837923983775,drifted
2024-11-12,inverse_vol,IEF,0.3326381980323719,drifted
2024-11-13,inverse_vol,SPY,0.20955889756094,drifted
2024-11-13,inverse_vol,QQQ,0.14767353162118102,drifted
2024-11-13,inverse_vol,IWM,0.12407644530262775,drifted
2024-11-13,inverse_vol,EFA,0.18538679316926376,drifted
2024-11-13,inverse_vol,IEF,0.3333043323459875,drifted
2024-11-14,inverse_vol,SPY,0.20898432580769521,drifted
2024-11-14,inverse_vol,QQQ,0.14719162229641777,drifted
2024-11-14,inverse_vol,IWM,0.12285791047884022,drifted
2024-11-14,inverse_vol,EFA,0.18646036521682777,drifted
2024-11-14,inverse_vol,IEF,0.3345057762002191,drifted
2024-11-15,inverse_vol,SPY,0.20808614686242868,drifted
2024-11-15,inverse_vol,QQQ,0.14492340047111954,drifted
2024-11-15,inverse_vol,IWM,0.12206855439415101,drifted
2024-11-15,inverse_vol,EFA,0.18738761708973614,drifted
2024-11-15,inverse_vol,IEF,0.33753428118256457,drifted
2024-11-18,inverse_vol,SPY,0.2081312499508626,drifted
2024-11-18,inverse_vol,QQQ,0.1453662694233176,drifted
2024-11-18,inverse_vol,IWM,0.12183624835273622,drifted
2024-11-18,inverse_vol,EFA,0.18767988215727388,drifted
2024-11-18,inverse_vol,IEF,0.3369863501158097,drifted
2024-11-19,inverse_vol,SPY,0.20823732216879753,drifted
2024-11-19,inverse_vol,QQQ,0.14590758534116924,drifted
2024-11-19,inverse_vol,IWM,0.12235628508816337,drifted
2024-11-19,inverse_vol,EFA,0.18685034380186302,drifted
2024-11-19,inverse_vol,IEF,0.3366484636000068,drifted
2024-11-20,inverse_vol,SPY,0.2084880052213935,drifted
2024-11-20,inverse_vol,QQQ,0.14594961038827575,drifted
2024-11-20,inverse_vol,IWM,0.12262135142741928,drifted
2024-11-20,inverse_vol,EFA,0.18650481463227844,drifted
2024-11-20,inverse_vol,IEF,0.3364362183306331,drifted
2024-11-21,inverse_vol,SPY,0.20890184340813797,drifted
2024-11-21,inverse_vol,QQQ,0.14598169904116742,drifted
2024-11-21,inverse_vol,IWM,0.12406620455531156,drifted
2024-11-21,inverse_vol,EFA,0.18592534991154358,drifted
2024-11-21,inverse_vol,IEF,0.33512490308383946,drifted
2024-11-22,inverse_vol,SPY,0.20869159467075424,drifted
2024-11-22,inverse_vol,QQQ,0.14561739322141062,drifted
2024-11-22,inverse_vol,IWM,0.12584046661147866,drifted
2024-11-22,inverse_vol,EFA,0.1858832878999757,drifted
2024-11-22,inverse_vol,IEF,0.33396725759638074,drifted
2024-11-25,inverse_vol,SPY,0.2078584518076021,drifted
2024-11-25,inverse_vol,QQQ,0.14477436253570447,drifted
2024-11-25,inverse_vol,IWM,0.12681343014963795,drifted
2024-11-25,inverse_vol,EFA,0.18546692579042115,drifted
2024-11-25,inverse_vol,IEF,0.3350868297166344,drifted
2024-11-26,inverse_vol,SPY,0.20912103889970912,drifted
2024-11-26,inverse_vol,QQQ,0.1456751767562728,drifted
2024-11-26,inverse_vol,IWM,0.12598898688987,drifted
2024-11-26,inverse_vol,EFA,0.18455280094409515,drifted
2024-11-26,inverse_vol,IEF,0.33466199651005296,drifted
2024-11-27,inverse_vol,SPY,0.20833336875891215,drifted
2024-11-27,inverse_vol,QQQ,0.14442142575395597,drifted
2024-11-27,inverse_vol,IWM,0.1260685732958253,drifted
2024-11-27,inverse_vol,EFA,0.18541577011098428,drifted
2024-11-27,inverse_vol,IEF,0.33576086208032235,drifted
2024-11-29,inverse_vol,SPY,0.20818361544407166,drifted
2024-11-29,inverse_vol,QQQ,0.14468691775714984,drifted
2024-11-29,inverse_vol,IWM,0.12567825769469884,drifted
2024-11-29,inverse_vol,EFA,0.18659598713107556,drifted
2024-11-29,inverse_vol,IEF,0.334855221973004,drifted
2024-12-02,inverse_vol,SPY,0.20145268823978194,target
2024-12-02,inverse_vol,QQQ,0.14073302366726537,target
2024-12-02,inverse_vol,IWM,0.11622639668828419,target
2024-12-02,inverse_vol,EFA,0.191753205221227,target
2024-12-02,inverse_vol,IEF,0.34983468618344155,target
2024-12-02,inverse_vol,SPY,0.20145268823978194,drifted
2024-12-02,inverse_vol,QQQ,0.14073302366726537,drifted
2024-12-02,inverse_vol,IWM,0.11622639668828419,drifted
2024-12-02,inverse_vol,EFA,0.191753205221227,drifted
2024-12-02,inverse_vol,IEF,0.34983468618344155,drifted
2024-12-03,inverse_vol,SPY,0.20158802771237294,drifted
2024-12-03,inverse_vol,QQQ,0.1411938667935801,drifted
2024-12-03,inverse_vol,IWM,0.11542345005830687,drifted
2024-12-03,inverse_vol,EFA,0.1928829006588927,drifted
2024-12-03,inverse_vol,IEF,0.34891175477684744,drifted
2024-12-04,inverse_vol,SPY,0.2018539772835914,drifted
2024-12-04,inverse_vol,QQQ,0.14224475766608227,drifted
2024-12-04,inverse_vol,IWM,0.11527404836249741,drifted
2024-12-04,inverse_vol,EFA,0.19209012335260864,drifted
2024-12-04,inverse_vol,IEF,0.3485370933352202,drifted
2024-12-05,inverse_vol,SPY,0.2017574329137671,drifted
2024-12-05,inverse_vol,QQQ,0.14201644394458626,drifted
2024-12-05,inverse_vol,IWM,0.11406255396296348,drifted
2024-12-05,inverse_vol,EFA,0.19325573578579255,drifted
2024-12-05,inverse_vol,IEF,0.34890783339289044,drifted
2024-12-06,inverse_vol,SPY,0.20150741055220125,drifted
2024-12-06,inverse_vol,QQQ,0.14283909985132087,drifted
2024-12-06,inverse_vol,IWM,0.11411161672159147,drifted
2024-12-06,inverse_vol,EFA,0.19262703204493323,drifted
2024-12-06,inverse_vol,IEF,0.3489148408299533,drifted
2024-12-09,inverse_vol,SPY,0.20128534028103023,drifted
2024-12-09,inverse_vol,QQQ,0.14230332148003935,drifted
2024-12-09,inverse_vol,IWM,0.1140004448380036,drifted
2024-12-09,inverse_vol,EFA,0.1932899805858517,drifted
2024-12-09,inverse_vol,IEF,0.3491209128150751,drifted
2024-12-10,inverse_vol,SPY,0.20145908389777079,drifted
2024-12-10,inverse_vol,QQQ,0.1423835267808203,drifted
2024-12-10,inverse_vol,IWM,0.11395879345936244,drifted
2024-12-10,inverse_vol,EFA,0.19231424607608222,drifted
2024-12-10,inverse_vol,IEF,0.3498843497859641,drifted
2024-12-11,inverse_vol,SPY,0.20204660738520983,drifted
2024-12-11,inverse_vol,QQQ,0.1442401525872457,drifted
2024-12-11,inverse_vol,IWM,0.11392707833706546,drifted
2024-12-11,inverse_vol,EFA,0.19260213772774448,drifted
2024-12-11,inverse_vol,IEF,0.34718402396273446,drifted
2024-12-12,inverse_vol,SPY,0.2023133877646238,drifted
2024-12-12,inverse_vol,QQQ,0.14424170924196136,drifted
2024-12-12,inverse_vol,IWM,0.11317814101600504,drifted
2024-12-12,inverse_vol,EFA,0.19215505395423718,drifted
2024-12-12,inverse_vol,IEF,0.3481117080231726,drifted
2024-12-13,inverse_vol,SPY,0.20265299044082052,drifted
2024-12-13,inverse_vol,QQQ,0.14561869522398796,drifted
2024-12-13,inverse_vol,IWM,0.11261274005378524,drifted
2024-12-13,inverse_vol,EFA,0.19198046991266124,drifted
2024-12-13,inverse_vol,IEF,0.347135104368745,drifted
2024-12-16,inverse_vol,SPY,0.20288884121140893,drifted
2024-12-16,inverse_vol,QQQ,0.14725877959915307,drifted
2024-12-16,inverse_vol,IWM,0.11292431130740731,drifted
2024-12-16,inverse_vol,EFA,0.19075588624429649,drifted
2024-12-16,inverse_vol,IEF,0.3461721816377341,drifted
2024-12-17,inverse_vol,SPY,0.20267709314548504,drifted
2024-12-17,inverse_vol,QQQ,0.14706318824892606,drifted
2024-12-17,inverse_vol,IWM,0.11197637288780782,drifted
2024-12-17,inverse_vol,EFA,0.19104176924540764,drifted
2024-12-17,inverse_vol,IEF,0.3472415764723734,drifted
2024-12-18,inverse_vol,SPY,0.20140466965880954,drifted
2024-12-18,inverse_vol,QQQ,0.14519495509089672,drifted
2024-12-18,inverse_vol,IWM,0.10961392744641041,drifted
2024-12-18,inverse_vol,EFA,0.19087391227979314,drifted
2024-12-18,inverse_vol,IEF,0.35291253552409013,drifted
2024-12-19,inverse_vol,SPY,0.202029808804632,drifted
2024-12-19,inverse_vol,QQQ,0.14504155960568493,drifted
2024-12-19,inverse_vol,IWM,0.10949984912237772,drifted
2024-12-19,inverse_vol,EFA,0.1909167423770429,drifted
2024-12-19,inverse_vol,IEF,0.3525120400902624,drifted
2024-12-20,inverse_vol,SPY,0.2033409216105243,drifted
2024-12-20,inverse_vol,QQQ,0.1455099116851363,drifted
2024-12-20,inverse_vol,IWM,0.10992280468281719,drifted
2024-12-20,inverse_vol,EFA,0.18934568124610224,drifted
2024-12-20,inverse_vol,IEF,0.35188068077542006,drifted
2024-12-23,inverse_vol,SPY,0.20413801419508681,drifted
2024-12-23,inverse_vol,QQQ,0.14662549377148282,drifted
2024-12-23,inverse_vol,IWM,0.10944470868260882,drifted
2024-12-23,inverse_vol,EFA,0.1901892618560922,drifted
2024-12-23,inverse_vol,IEF,0.34960252149472937,drifted
2024-12-24,inverse_vol,SPY,0.20515457955160435,drifted
2024-12-24,inverse_vol,QQQ,0.14771193752945003,drifted
2024-12-24,inverse_vol,IWM,0.10975339509448426,drifted
2024-12-24,inverse_vol,EFA,0.18971042876727123,drifted
2024-12-24,inverse_vol,IEF,0.34766965905719005,drifted
2024-12-26,inverse_vol,SPY,0.20471732674316373,drifted
2024-12-26,inverse_vol,QQQ,0.14728719350511454,drifted
2024-12-26,inverse_vol,IWM,0.11063482517418338,drifted
2024-12-26,inverse_vol,EFA,0.19019183399036185,drifted
2024-12-26,inverse_vol,IEF,0.3471688205871765,drifted
2024-12-27,inverse_vol,SPY,0.20397031002255855,drifted
2024-12-27,inverse_vol,QQQ,0.14633941793275448,drifted
2024-12-27,inverse_vol,IWM,0.10977973903545729,drifted
2024-12-27,inverse_vol,EFA,0.19123739559620398,drifted
2024-12-27,inverse_vol,IEF,0.3486731374130257,drifted
2024-12-30,inverse_vol,SPY,0.2025195243950802,drifted
2024-12-30,inverse_vol,QQQ,0.14502098342047093,drifted
2024-12-30,inverse_vol,IWM,0.10940932131313164,drifted
2024-12-30,inverse_vol,EFA,0.19080720291051262,drifted
2024-12-30,inverse_vol,IEF,0.35224296796080456,drifted
2024-12-31,inverse_vol,SPY,0.20228368609052846,drifted
2024-12-31,inverse_vol,QQQ,0.14414605349557777,drifted
2024-12-31,inverse_vol,IWM,0.10982012004304874,drifted
2024-12-31,inverse_vol,EFA,0.19128089727930397,drifted
2024-12-31,inverse_vol,IEF,0.35246924309154115,drifted
2025-01-02,inverse_vol,SPY,0.1938107342333103,target
2025-01-02,inverse_vol,QQQ,0.13527991077598267,target
2025-01-02,inverse_vol,IWM,0.11732735356020796,target
2025-01-02,inverse_vol,EFA,0.1908025896072271,target
2025-01-02,inverse_vol,IEF,0.362779411823272,target
2025-01-02,inverse_vol,SPY,0.1938107342333103,drifted
2025-01-02,inverse_vol,QQQ,0.13527991077598267,drifted
2025-01-02,inverse_vol,IWM,0.11732735356020796,drifted
2025-01-02,inverse_vol,EFA,0.1908025896072271,drifted
2025-01-02,inverse_vol,IEF,0.362779411823272,drifted
2025-01-03,inverse_vol,SPY,0.19494152161070738,drifted
2025-01-03,inverse_vol,QQQ,0.13658820481025527,drifted
2025-01-03,inverse_vol,IWM,0.11828861380361844,drifted
2025-01-03,inverse_vol,EFA,0.19037600864079315,drifted
2025-01-03,inverse_vol,IEF,0.35980565113462565,drifted
2025-01-06,inverse_vol,SPY,0.19524432740110587,drifted
2025-01-06,inverse_vol,QQQ,0.1375800565429216,drifted
2025-01-06,inverse_vol,IWM,0.11784103855128619,drifted
2025-01-06,inverse_vol,EFA,0.19138323972532004,drifted
2025-01-06,inverse_vol,IEF,0.35795133777936633,drifted
2025-01-07,inverse_vol,SPY,0.19447381179501994,drifted
2025-01-07,inverse_vol,QQQ,0.13613058773396516,drifted
2025-01-07,inverse_vol,IWM,0.11776618084176921,drifted
2025-01-07,inverse_vol,EFA,0.19265598784114807,drifted
2025-01-07,inverse_vol,IEF,0.3589734317880976,drifted
2025-01-08,inverse_vol,SPY,0.19473913944561919,drifted
2025-01-08,inverse_vol,QQQ,0.13614126578790528,drifted
2025-01-08,inverse_vol,IWM,0.11722081498741087,drifted
2025-01-08,inverse_vol,EFA,0.19233461750674177,drifted
2025-01-08,inverse_vol,IEF,0.3595641622723231,drifted
2025-01-10,inverse_vol,SPY,0.19433778759942927,drifted
2025-01-10,inverse_vol,QQQ,0.1358036037111221,drifted
2025-01-10,inverse_vol,IWM,0.11617818387344696,drifted
2025-01-10,inverse_vol,EFA,0.19194765213516887,drifted
2025-01-10,inverse_vol,IEF,0.36173277268083287,drifted
2025-01-13,inverse_vol,SPY,0.19484974409489172,drifted
2025-01-13,inverse_vol,QQQ,0.13551365007242924,drifted
2025-01-13,inverse_vol,IWM,0.11652920219106458,drifted
2025-01-13,inverse_vol,EFA,0.19161775601232123,drifted
2025-01-13,inverse_vol,IEF,0.3614896476292933,drifted
2025-01-14,inverse_vol,SPY,0.1946750442557825,drifted
2025-01-14,inverse_vol,QQQ,0.13507772895335773,drifted
2025-01-14,inverse_vol,IWM,0.11758660777337784,drifted
2025-01-14,inverse_vol,EFA,0.19187254361102313,drifted
2025-01-14,inverse_vol,IEF,0.3607880754064588,drifted
2025-01-15,inverse_vol,SPY,0.19524640823528575,drifted
2025-01-15,inverse_vol,QQQ,0.1361150200087462,drifted
2025-01-15,inverse_vol,IWM,0.11810211954213146,drifted
2025-01-15,inverse_vol,EFA,0.19141309902830644,drifted
2025-01-15,inverse_vol,IEF,0.3591233531855302,drifted
2025-01-16,inverse_vol,SPY,0.19472551358801338,drifted
2025-01-16,inverse_vol,QQQ,0.13506054373251128,drifted
2025-01-16,inverse_vol,IWM,0.11825105796689186,drifted
2025-01-16,inverse_vol,EFA,0.1922507850791828,drifted
2025-01-16,inverse_vol,IEF,0.3597120996334006,drifted
2025-01-17,inverse_vol,SPY,0.19554688473977866,drifted
2025-01-17,inverse_vol,QQQ,0.1365485422456689,drifted
2025-01-17,inverse_vol,IWM,0.11807745737358691,drifted
2025-01-17,inverse_vol,EFA,0.19191749999323457,drifted
2025-01-17,inverse_vol,IEF,0.35790961564773094,drifted
2025-01-21,inverse_vol,SPY,0.19539596854120145,drifted
2025-01-21,inverse_vol,QQQ,0.1359985052075808,drifted
2025-01-21,inverse_vol,IWM,0.11916151341447043,drifted
2025-01-21,inverse_vol,EFA,0.1938661798201551,drifted
2025-01-21,inverse_vol,IEF,0.3555778330165922,drifted
2025-01-22,inverse_vol,SPY,0.1963581142198376,drifted
2025-01-22,inverse_vol,QQQ,0.13764184544908847,drifted
2025-01-22,inverse_vol,IWM,0.11830158013720823,drifted
2025-01-22,inverse_vol,EFA,0.19328658157893464,drifted
2025-01-22,inverse_vol,IEF,0.354411878614931,drifted
2025-01-23,inverse_vol,SPY,0.19692435805146685,drifted
2025-01-23,inverse_vol,QQQ,0.13758132693281794,drifted
2025-01-23,inverse_vol,IWM,0.11853625873035094,drifted
2025-01-23,inverse_vol,EFA,0.19437054639177656,drifted
2025-01-23,inverse_vol,IEF,0.35258750989358767,drifted
2025-01-24,inverse_vol,SPY,0.19632431890608157,drifted
2025-01-24,inverse_vol,QQQ,0.13678628602168738,drifted
2025-01-24,inverse_vol,IWM,0.11819028672009078,drifted
2025-01-24,inverse_vol,EFA,0.1954309410463127,drifted
2025-01-24,inverse_vol,IEF,0.3532681673058274,drifted
2025-01-27,inverse_vol,SPY,0.19463699905636297,drifted
2025-01-27,inverse_vol,QQQ,0.13355158578475035,drifted
2025-01-27,inverse_vol,IWM,0.11771758427872102,drifted
2025-01-27,inverse_vol,EFA,0.19653134832399824,drifted
2025-01-27,inverse_vol,IEF,0.35756248255616735,drifted
2025-01-28,inverse_vol,SPY,0.19561177592151172,drifted
2025-01-28,inverse_vol,QQQ,0.13504383221039049,drifted
2025-01-28,inverse_vol,IWM,0.11742870483729106,drifted
2025-01-28,inverse_vol,EFA,0.19558570608357714,drifted
2025-01-28,inverse_vol,IEF,0.35632998094722945,drifted
2025-01-29,inverse_vol,SPY,0.19509493210903098,drifted
2025-01-29,inverse_vol,QQQ,0.13503943223687076,drifted
2025-01-29,inverse_vol,IWM,0.11737604281498822,drifted
2025-01-29,inverse_vol,EFA,0.19592261177548959,drifted
2025-01-29,inverse_vol,IEF,0.3565669810636205,drifted
2025-01-30,inverse_vol,SPY,0.19502308609920085,drifted
2025-01-30,inverse_vol,QQQ,0.13484139715578633,drifted
2025-01-30,inverse_vol,IWM,0.11789295750209833,drifted
2025-01-30,inverse_vol,EFA,0.1969469889475682,drifted
2025-01-30,inverse_vol,IEF,0.35529557029534625,drifted
2025-01-31,inverse_vol,SPY,0.19490318884224084,drifted
2025-01-31,inverse_vol,QQQ,0.1352826467840614,drifted
2025-01-31,inverse_vol,IWM,0.11738830502510647,drifted
2025-01-31,inverse_vol,EFA,0.19602364896025812,drifted
2025-01-31,inverse_vol,IEF,0.3564022103883332,drifted
2025-02-03,inverse_vol,SPY,0.19073788670573438,target
2025-02-03,inverse_vol,QQQ,0.1334647095798194,target
2025-02-03,inverse_vol,IWM,0.11901634239471635,target
2025-02-03,inverse_vol,EFA,0.19090687938712758,target
2025-02-03,inverse_vol,IEF,0.3658741819326023,target
2025-02-03,inverse_vol,SPY,0.19073788670573438,drifted
2025-02-03,inverse_vol,QQQ,0.1334647095798194,drifted
2025-02-03,inverse_vol,IWM,0.11901634239471635,drifted
2025-02-03,inverse_vol,EFA,0.19090687938712758,drifted
2025-02-03,inverse_vol,IEF,0.3658741819326023,drifted
2025-02-04,inverse_vol,SPY,0.19055176028222037,drifted
2025-02-04,inverse_vol,QQQ,0.13407178810604914,drifted
2025-02-04,inverse_vol,IWM,0.11974367398035561,drifted
2025-02-04,inverse_vol,EFA,0.1916512184419665,drifted
2025-02-04,inverse_vol,IEF,0.36398155918940833,drifted
2025-02-05,inverse_vol,SPY,0.19005856595664106,drifted
2025-02-05,inverse_vol,QQQ,0.13378914727309424,drifted
2025-02-05,inverse_vol,IWM,0.12024617138550753,drifted
2025-02-05,inverse_vol,EFA,0.19223372431465088,drifted
2025-02-05,inverse_vol,IEF,0.3636723910701062,drifted
2025-02-06,inverse_vol,SPY,0.19044269928402693,drifted
2025-02-06,inverse_vol,QQQ,0.13429259280373765,drifted
2025-02-06,inverse_vol,IWM,0.11967932233234208,drifted
2025-02-06,inverse_vol,EFA,0.19286703351499332,drifted
2025-02-06,inverse_vol,IEF,0.36271835206490005,drifted
2025-02-07,inverse_vol,SPY,0.19019272820870378,drifted
2025-02-07,inverse_vol,QQQ,0.13364802022417835,drifted
2025-02-07,inverse_vol,IWM,0.11922834137569963,drifted
2025-02-07,inverse_vol,EFA,0.19255499639594306,drifted
2025-02-07,inverse_vol,IEF,0.3643759137954751,drifted
2025-02-10,inverse_vol,SPY,0.19059325557392098,drifted
2025-02-10,inverse_vol,QQQ,0.1346363543857823,drifted
2025-02-10,inverse_vol,IWM,0.1192091118285488,drifted
2025-02-10,inverse_vol,EFA,0.1929589551026179,drifted
2025-02-10,inverse_vol,IEF,0.36260232310913,drifted
2025-02-11,inverse_vol,SPY,0.19090782342347465,drifted
2025-02-11,inverse_vol,QQQ,0.13443525658998948,drifted
2025-02-11,inverse_vol,IWM,0.1186213529817798,drifted
2025-02-11,inverse_vol,EFA,0.19404617096850948,drifted
2025-02-11,inverse_vol,IEF,0.3619893960362466,drifted
2025-02-12,inverse_vol,SPY,0.19094214532733597,drifted
2025-02-12,inverse_vol,QQQ,0.1349731924239484,drifted
2025-02-12,inverse_vol,IWM,0.11792920926915175,drifted
2025-02-12,inverse_vol,EFA,0.19543367638944562,drifted
2025-02-12,inverse_vol,IEF,0.3607217765901181,drifted
2025-02-13,inverse_vol,SPY,0.19098054358608585,drifted
2025-02-13,inverse_vol,QQQ,0.13551174174241667,drifted
2025-02-13,inverse_vol,IWM,0.11803598540074292,drifted
2025-02-13,inverse_vol,EFA,0.19577602980851935,drifted
2025-02-13,inverse_vol,IEF,0.3596956994622351,drifted
2025-02-14,inverse_vol,SPY,0.19053912749228152,drifted
2025-02-14,inverse_vol,QQQ,0.13577283003874788,drifted
2025-02-14,inverse_vol,IWM,0.11768040052530893,drifted
2025-02-14,inverse_vol,EFA,0.19561959412599966,drifted
2025-02-14,inverse_vol,IEF,0.36038804781766204,drifted
2025-02-18,inverse_vol,SPY,0.19090936929104044,drifted
2025-02-18,inverse_vol,QQQ,0.135945933804516,drifted
2025-02-18,inverse_vol,IWM,0.11820905497537937,drifted
2025-02-18,inverse_vol,EFA,0.19683330426748763,drifted
2025-02-18,inverse_vol,IEF,0.3581023376615766,drifted
2025-02-19,inverse_vol,SPY,0.19162089576172803,drifted
2025-02-19,inverse_vol,QQQ,0.13616992665858918,drifted
2025-02-19,inverse_vol,IWM,0.1179645364522682,drifted
2025-02-19,inverse_vol,EFA,0.19507251205882403,drifted
2025-02-19,inverse_vol,IEF,0.3591721290685906,drifted
2025-02-20,inverse_vol,SPY,0.19098873447881504,drifted
2025-02-20,inverse_vol,QQQ,0.13570919892936334,drifted
2025-02-20,inverse_vol,IWM,0.1169350526907557,drifted
2025-02-20,inverse_vol,EFA,0.19614966277868692,drifted
2025-02-20,inverse_vol,IEF,0.360217351122379,drifted
2025-02-21,inverse_vol,SPY,0.1893398047550233,drifted
2025-02-21,inverse_vol,QQQ,0.1340378347462635,drifted
2025-02-21,inverse_vol,IWM,0.11454532755764946,drifted
2025-02-21,inverse_vol,EFA,0.1966103222056805,drifted
2025-02-21,inverse_vol,IEF,0.3654667107353833,drifted
2025-02-24,inverse_vol,SPY,0.18897142698177805,drifted
2025-02-24,inverse_vol,QQQ,0.13280224967926613,drifted
2025-02-24,inverse_vol,IWM,0.1140172267700299,drifted
2025-02-24,inverse_vol,EFA,0.19700393732049032,drifted
2025-02-24,inverse_vol,IEF,0.36720515924843555,drifted
2025-02-25,inverse_vol,SPY,0.18772434266226581,drifted
2025-02-25,inverse_vol,QQQ,0.13091471719156067,drifted
2025-02-25,inverse_vol,IWM,0.1133992044968382,drifted
2025-02-25,inverse_vol,EFA,0.19846800284992774,drifted
2025-02-25,inverse_vol,IEF,0.3694937327994078,drifted
2025-02-26,inverse_vol,SPY,0.1874753254148352,drifted
2025-02-26,inverse_vol,QQQ,0.1309907800502888,drifted
2025-02-26,inverse_vol,IWM,0.11333352187410994,drifted
2025-02-26,inverse_vol,EFA,0.1983697521578701,drifted
2025-02-26,inverse_vol,IEF,0.3698306205028961,drifted
2025-02-27,inverse_vol,SPY,0.18654006666376716,drifted
2025-02-27,inverse_vol,QQQ,0.12877311927234994,drifted
2025-02-27,inverse_vol,IWM,0.11284925421663358,drifted
2025-02-27,inverse_vol,EFA,0.19831630678234283,drifted
2025-02-27,inverse_vol,IEF,0.3735212530649065,drifted
2025-02-28,inverse_vol,SPY,0.18783418656090192,drifted
2025-02-28,inverse_vol,QQQ,0.12969022466488608,drifted
2025-02-28,inverse_vol,IWM,0.1130766586826748,drifted
2025-02-28,inverse_vol,EFA,0.19703431753174228,drifted
2025-02-28,inverse_vol,IEF,0.37236461255979486,drifted
2025-03-03,inverse_vol,SPY,0.18879729637214784,target
2025-03-03,inverse_vol,QQQ,0.1309195248434352,target
2025-03-03,inverse_vol,IWM,0.12182696671911296,target
2025-03-03,inverse_vol,EFA,0.1866280704378924,target
2025-03-03,inverse_vol,IEF,0.3718281416274116,target
2025-03-03,inverse_vol,SPY,0.18879729637214784,drifted
2025-03-03,inverse_vol,QQQ,0.1309195248434352,drifted
2025-03-03,inverse_vol,IWM,0.12182696671911296,drifted
2025-03-03,inverse_vol,EFA,0.1866280704378924,drifted
2025-03-03,inverse_vol,IEF,0.3718281416274116,drifted
2025-03-04,inverse_vol,SPY,0.18754179529563608,drifted
2025-03-04,inverse_vol,QQQ,0.13120956266611736,drifted
2025-03-04,inverse_vol,IWM,0.12108212344437298,drifted
2025-03-04,inverse_vol,EFA,0.18756217597480956,drifted
2025-03-04,inverse_vol,IEF,0.37260434261906406,drifted
2025-03-05,inverse_vol,SPY,0.18817760622367383,drifted
2025-03-05,inverse_vol,QQQ,0.13195243205900034,drifted
2025-03-05,inverse_vol,IWM,0.12139445061650771,drifted
2025-03-05,inverse_vol,EFA,0.19064516058668016,drifted
2025-03-05,inverse_vol,IEF,0.3678303505141378,drifted
2025-03-06,inverse_vol,SPY,0.18689058485412247,drifted
2025-03-06,inverse_vol,QQQ,0.12974802216075934,drifted
2025-03-06,inverse_vol,IWM,0.12086479727097214,drifted
2025-03-06,inverse_vol,EFA,0.19077671027052404,drifted
2025-03-06,inverse_vol,IEF,0.37171988544362206,drifted
2025-03-07,inverse_vol,SPY,0.18720599199723215,drifted
2025-03-07,inverse_vol,QQQ,0.13019302647972622,drifted
2025-03-07,inverse_vol,IWM,0.12078695907756182,drifted
2025-03-07,inverse_vol,EFA,0.1920121801806228,drifted
2025-03-07,inverse_vol,IEF,0.3698018422648569,drifted
2025-03-10,inverse_vol,SPY,0.1849964996839293,drifted
2025-03-10,inverse_vol,QQQ,0.12705431828483854,drifted
2025-03-10,inverse_vol,IWM,0.11954332705326838,drifted
2025-03-10,inverse_vol,EFA,0.19034355974979972,drifted
2025-03-10,inverse_vol,IEF,0.378062295228164,drifted
2025-03-11,inverse_vol,SPY,0.18416813978323218,drifted
2025-03-11,inverse_vol,QQQ,0.12724078275728853,drifted
2025-03-11,inverse_vol,IWM,0.11999364813971698,drifted
2025-03-11,inverse_vol,EFA,0.19043068083292652,drifted
2025-03-11,inverse_vol,IEF,0.3781667484868358,drifted
2025-03-12,inverse_vol,SPY,0.18461530073665536,drifted
2025-03-12,inverse_vol,QQQ,0.12830773997432424,drifted
2025-03-12,inverse_vol,IWM,0.11985869715517646,drifted
2025-03-12,inverse_vol,EFA,0.19124903847457494,drifted
2025-03-12,inverse_vol,IEF,0.375969223659269,drifted
2025-03-13,inverse_vol,SPY,0.18331203040825136,drifted
2025-03-13,inverse_vol,QQQ,0.12680022739520935,drifted
2025-03-13,inverse_vol,IWM,0.11882107692740569,drifted
2025-03-13,inverse_vol,EFA,0.19118531848720918,drifted
2025-03-13,inverse_vol,IEF,0.3798813467819245,drifted
2025-03-14,inverse_vol,SPY,0.18489559114706672,drifted
2025-03-14,inverse_vol,QQQ,0.12833603899772703,drifted
2025-03-14,inverse_vol,IWM,0.12026133367054255,drifted
2025-03-14,inverse_vol,EFA,0.19240502721273173,drifted
2025-03-14,inverse_vol,IEF,0.37410200897193185,drifted
2025-03-17,inverse_vol,SPY,0.1851636077848592,drifted
2025-03-17,inverse_vol,QQQ,0.128365510723902,drifted
2025-03-17,inverse_vol,IWM,0.12102203754957852,drifted
2025-03-17,inverse_vol,EFA,0.1933566069000821,drifted
2025-03-17,inverse_vol,IEF,0.3720922370415781,drifted
2025-03-18,inverse_vol,SPY,0.1840513748053261,drifted
2025-03-18,inverse_vol,QQQ,0.12678968390428694,drifted
2025-03-18,inverse_vol,IWM,0.1205534932405987,drifted
2025-03-18,inverse_vol,EFA,0.1942722106850357,drifted
2025-03-18,inverse_vol,IEF,0.3743332373647526,drifted
2025-03-19,inverse_vol,SPY,0.1847081661415446,drifted
2025-03-19,inverse_vol,QQQ,0.1275556156676607,drifted
2025-03-19,inverse_vol,IWM,0.12154134987263181,drifted
2025-03-19,inverse_vol,EFA,0.19343467814615656,drifted
2025-03-19,inverse_vol,IEF,0.3727601901720063,drifted
2025-03-20,inverse_vol,SPY,0.18469233728461518,drifted
2025-03-20,inverse_vol,QQQ,0.12748098586472698,drifted
2025-03-20,inverse_vol,IWM,0.12110969733020746,drifted
2025-03-20,inverse_vol,EFA,0.19235660767950694,drifted
2025-03-20,inverse_vol,IEF,0.3743603718409435,drifted
2025-03-21,inverse_vol,SPY,0.18508123898207357,drifted
2025-03-21,inverse_vol,QQQ,0.12812832164792257,drifted
2025-03-21,inverse_vol,IWM,0.12057328767732772,drifted
2025-03-21,inverse_vol,EFA,0.19150775973705716,drifted
2025-03-21,inverse_vol,IEF,0.37470939195561886,drifted
2025-03-24,inverse_vol,SPY,0.18709841182503742,drifted
2025-03-24,inverse_vol,QQQ,0.13003831372662536,drifted
2025-03-24,inverse_vol,IWM,0.12272201269063396,drifted
2025-03-24,inverse_vol,EFA,0.19016623503846475,drifted
2025-03-24,inverse_vol,IEF,0.36997502671923843,drifted
2025-03-25,inverse_vol,SPY,0.1871397025817281,drifted
2025-03-25,inverse_vol,QQQ,0.13049557296406017,drifted
2025-03-25,inverse_vol,IWM,0.12177465068663194,drifted
2025-03-25,inverse_vol,EFA,0.19079555353583427,drifted
2025-03-25,inverse_vol,IEF,0.3697945202317455,drifted
2025-03-26,inverse_vol,SPY,0.18662338196289124,drifted
2025-03-26,inverse_vol,QQQ,0.12928439366184477,drifted
2025-03-26,inverse_vol,IWM,0.12165736475101697,drifted
2025-03-26,inverse_vol,EFA,0.19007255763643863,drifted
2025-03-26,inverse_vol,IEF,0.3723623019878084,drifted
2025-03-27,inverse_vol,SPY,0.1864476091293532,drifted
2025-03-27,inverse_vol,QQQ,0.12876862120948698,drifted
2025-03-27,inverse_vol,IWM,0.12128551529121505,drifted
2025-03-27,inverse_vol,EFA,0.1908119938524306,drifted
2025-03-27,inverse_vol,IEF,0.3726862605175142,drifted
2025-03-28,inverse_vol,SPY,0.18422291088559156,drifted
2025-03-28,inverse_vol,QQQ,0.1264284631602444,drifted
2025-03-28,inverse_vol,IWM,0.11981471780303582,drifted
2025-03-28,inverse_vol,EFA,0.19069868611999402,drifted
2025-03-28,inverse_vol,IEF,0.37883522203113423,drifted
2025-03-31,inverse_vol,SPY,0.18544386566034882,drifted
2025-03-31,inverse_vol,QQQ,0.12641235955931532,drifted
2025-03-31,inverse_vol,IWM,0.11923079231432394,drifted
2025-03-31,inverse_vol,EFA,0.1889944609645653,drifted
2025-03-31,inverse_vol,IEF,0.3799185215014466,drifted
2025-04-01,inverse_vol,SPY,0.1809121021374564,target
2025-04-01,inverse_vol,QQQ,0.1280514555214225,target
2025-04-01,inverse_vol,IWM,0.12292740950676552,target
2025-04-01,inverse_vol,EFA,0.18432014039576974,target
2025-04-01,inverse_vol,IEF,0.3837888924385858,target
2025-04-01,inverse_vol,SPY,0.1809121021374564,drifted
2025-04-01,inverse_vol,QQQ,0.1280514555214225,drifted
2025-04-01,inverse_vol,IWM,0.12292740950676552,drifted
2025-04-01,inverse_vol,EFA,0.18432014039576974,drifted
2025-04-01,inverse_vol,IEF,0.3837888924385858,drifted
2025-04-02,inverse_vol,SPY,0.1813161309541453,drifted
2025-04-02,inverse_vol,QQQ,0.1284611355736988,drifted
2025-04-02,inverse_vol,IWM,0.12436012029768684,drifted
2025-04-02,inverse_vol,EFA,0.18399616796869753,drifted
2025-04-02,inverse_vol,IEF,0.3818664452057715,drifted
2025-04-03,inverse_vol,SPY,0.1765702008717214,drifted
2025-04-03,inverse_vol,QQQ,0.124539063760452,drifted
2025-04-03,inverse_vol,IWM,0.11920505546122045,drifted
2025-04-03,inverse_vol,EFA,0.1845166265313577,drifted
2025-04-03,inverse_vol,IEF,0.3951690533752484,drifted
2025-04-04,inverse_vol,SPY,0.17216554560446284,drifted
2025-04-04,inverse_vol,QQQ,0.1209724301360744,drifted
2025-04-04,inverse_vol,IWM,0.11795174362195948,drifted
2025-04-04,inverse_vol,EFA,0.17849137456015976,drifted
2025-04-04,inverse_vol,IEF,0.41041890607734344,drifted
2025-04-07,inverse_vol,SPY,0.17364337055920145,drifted
2025-04-07,inverse_vol,QQQ,0.12252350351647437,drifted
2025-04-07,inverse_vol,IWM,0.11809778664906206,drifted
2025-04-07,inverse_vol,EFA,0.17599355736242137,drifted
2025-04-07,inverse_vol,IEF,0.4097417819128408,drifted
2025-04-08,inverse_vol,SPY,0.1727722418418134,drifted
2025-04-08,inverse_vol,QQQ,0.12161832690724976,drifted
2025-04-08,inverse_vol,IWM,0.11623029369958562,drifted
2025-04-08,inverse_vol,EFA,0.1772895223522175,drifted
2025-04-08,inverse_vol,IEF,0.4120896151991338,drifted
2025-04-09,inverse_vol,SPY,0.18096361551510673,drifted
2025-04-09,inverse_vol,QQQ,0.12911488530805953,drifted
2025-04-09,inverse_vol,IWM,0.11953554823153906,drifted
2025-04-09,inverse_vol,EFA,0.18101428235065387,drifted
2025-04-09,inverse_vol,IEF,0.38937166859464073,drifted
2025-04-10,inverse_vol,SPY,0.17736912183642015,drifted
2025-04-10,inverse_vol,QQQ,0.12672059116669868,drifted
2025-04-10,inverse_vol,IWM,0.11738189637193432,drifted
2025-04-10,inverse_vol,EFA,0.1818899068402217,drifted
2025-04-10,inverse_vol,IEF,0.3966384837847251,drifted
2025-04-11,inverse_vol,SPY,0.17882920777881947,drifted
2025-04-11,inverse_vol,QQQ,0.12783656959098075,drifted
2025-04-11,inverse_vol,IWM,0.11796921149759367,drifted
2025-04-11,inverse_vol,EFA,0.18468608062760714,drifted
2025-04-11,inverse_vol,IEF,0.390678930504999,drifted
2025-04-14,inverse_vol,SPY,0.1789337892114799,drifted
2025-04-14,inverse_vol,QQQ,0.12754102324929043,drifted
2025-04-14,inverse_vol,IWM,0.11828008746466857,drifted
2025-04-14,inverse_vol,EFA,0.18498850601105338,drifted
2025-04-14,inverse_vol,IEF,0.39025659406350777,drifted
2025-04-15,inverse_vol,SPY,0.17796727926474706,drifted
2025-04-15,inverse_vol,QQQ,0.12735019390722216,drifted
2025-04-15,inverse_vol,IWM,0.11811706445692483,drifted
2025-04-15,inverse_vol,EFA,0.1861703247992712,drifted
2025-04-15,inverse_vol,IEF,0.39039513757183464,drifted
2025-04-16,inverse_vol,SPY,0.1754061693047446,drifted
2025-04-16,inverse_vol,QQQ,0.12450011578374255,drifted
2025-04-16,inverse_vol,IWM,0.11792266747978564,drifted
2025-04-16,inverse_vol,EFA,0.18694022504772623,drifted
2025-04-16,inverse_vol,IEF,0.39523082238400103,drifted
2025-04-17,inverse_vol,SPY,0.17528941411361007,drifted
2025-04-17,inverse_vol,QQQ,0.12421762363373451,drifted
2025-04-17,inverse_vol,IWM,0.11863690692270439,drifted
2025-04-17,inverse_vol,EFA,0.18857254383110814,drifted
2025-04-17,inverse_vol,IEF,0.39328351149884294,drifted
2025-04-21,inverse_vol,SPY,0.17332998085533435,drifted
2025-04-21,inverse_vol,QQQ,0.12271029866556368,drifted
2025-04-21,inverse_vol,IWM,0.11776101659621101,drifted
2025-04-21,inverse_vol,EFA,0.18997493575194646,drifted
2025-04-21,inverse_vol,IEF,0.3962237681309445,drifted
2025-04-22,inverse_vol,SPY,0.17521029057821527,drifted
2025-04-22,inverse_vol,QQQ,0.1240697813583313,drifted
2025-04-22,inverse_vol,IWM,0.11902295751919177,drifted
2025-04-22,inverse_vol,EFA,0.19104124217629642,drifted
2025-04-22,inverse_vol,IEF,0.3906557283679652,drifted
2025-04-23,inverse_vol,SPY,0.17643020768722678,drifted
2025-04-23,inverse_vol,QQQ,0.12581729988183316,drifted
2025-04-23,inverse_vol,IWM,0.11977300492060175,drifted
2025-04-23,inverse_vol,EFA,0.1901953071595986,drifted
2025-04-23,inverse_vol,IEF,0.3877841803507396,drifted
2025-04-24,inverse_vol,SPY,0.17760764407979868,drifted
2025-04-24,inverse_vol,QQQ,0.1275362431971499,drifted
2025-04-24,inverse_vol,IWM,0.1204515939237308,drifted
2025-04-24,inverse_vol,EFA,0.19001294778431532,drifted
2025-04-24,inverse_vol,IEF,0.3843915710150052,drifted
2025-04-25,inverse_vol,SPY,0.17799777267455877,drifted
2025-04-25,inverse_vol,QQQ,0.1283141383911235,drifted
2025-04-25,inverse_vol,IWM,0.1198872617624006,drifted
2025-04-25,inverse_vol,EFA,0.1898768794601716,drifted
2025-04-25,inverse_vol,IEF,0.38392394771174565,drifted
2025-04-28,inverse_vol,SPY,0.17747464301726515,drifted
2025-04-28,inverse_vol,QQQ,0.12784769851397038,drifted
2025-04-28,inverse_vol,IWM,0.11999411990663558,drifted
2025-04-28,inverse_vol,EFA,0.19050652775815172,drifted
2025-04-28,inverse_vol,IEF,0.3841770108039773,drifted
2025-04-29,inverse_vol,SPY,0.1778139691513853,drifted
2025-04-29,inverse_vol,QQQ,0.12813098296892186,drifted
2025-04-29,inverse_vol,IWM,0.12017575326482641,drifted
2025-04-29,inverse_vol,EFA,0.19005672003159169,drifted
2025-04-29,inverse_vol,IEF,0.38382257458327484,drifted
2025-04-30,inverse_vol,SPY,0.17794207619493763,drifted
2025-04-30,inverse_vol,QQQ,0.12815623847132254,drifted
2025-04-30,inverse_vol,IWM,0.11946053816221491,drifted
2025-04-30,inverse_vol,EFA,0.18989411182769045,drifted
2025-04-30,inverse_vol,IEF,0.38454703534383455,drifted
2025-05-01,inverse_vol,SPY,0.15808880876928863,target
2025-05-01,inverse_vol,QQQ,0.1293490345166063,target
2025-05-01,inverse_vol,IWM,0.13483430236152835,target
2025-05-01,inverse_vol,EFA,0.17772785435257676,target
2025-05-01,inverse_vol,IEF,0.4,target
2025-05-01,inverse_vol,SPY,0.15808880876928863,drifted
2025-05-01,inverse_vol,QQQ,0.1293490345166063,drifted
2025-05-01,inverse_vol,IWM,0.13483430236152835,drifted
2025-05-01,inverse_vol,EFA,0.17772785435257676,drifted
2025-05-01,inverse_vol,IEF,0.4,drifted
2025-05-02,inverse_vol,SPY,0.15915867394344657,drifted
2025-05-02,inverse_vol,QQQ,0.13022434129753227,drifted
2025-05-02,inverse_vol,IWM,0.13676975354644,drifted
2025-05-02,inverse_vol,EFA,0.1796943920199776,drifted
2025-05-02,inverse_vol,IEF,0.3941528391926036,drifted
2025-05-05,inverse_vol,SPY,0.15874290300744093,drifted
2025-05-05,inverse_vol,QQQ,0.12985828890297396,drifted
2025-05-05,inverse_vol,IWM,0.1361453472370882,drifted
2025-05-05,inverse_vol,EFA,0.1805726903885652,drifted
2025-05-05,inverse_vol,IEF,0.39468077046393174,drifted
2025-05-06,inverse_vol,SPY,0.157929071678539,drifted
2025-05-06,inverse_vol,QQQ,0.12906961561579613,drifted
2025-05-06,inverse_vol,IWM,0.13509909729573463,drifted
2025-05-06,inverse_vol,EFA,0.18093007815802686,drifted
2025-05-06,inverse_vol,IEF,0.3969721372519032,drifted
2025-05-07,inverse_vol,SPY,0.15826793615482918,drifted
2025-05-07,inverse_vol,QQQ,0.12931055831413993,drifted
2025-05-07,inverse_vol,IWM,0.13526735969819292,drifted
2025-05-07,inverse_vol,EFA,0.17995108166156615,drifted
2025-05-07,inverse_vol,IEF,0.3972030641712719,drifted
2025-05-08,inverse_vol,SPY,0.15916507019142345,drifted
2025-05-08,inverse_vol,QQQ,0.13047709828566767,drifted
2025-05-08,inverse_vol,IWM,0.13766572583579342,drifted
2025-05-08,inverse_vol,EFA,0.17909088724075178,drifted
2025-05-08,inverse_vol,IEF,0.39360121844636364,drifted
2025-05-09,inverse_vol,SPY,0.15886221474033932,drifted
2025-05-09,inverse_vol,QQQ,0.130309510124879,drifted
2025-05-09,inverse_vol,IWM,0.13732605495816144,drifted
2025-05-09,inverse_vol,EFA,0.17985681171969053,drifted
2025-05-09,inverse_vol,IEF,0.3936454084569297,drifted
2025-05-12,inverse_vol,SPY,0.16187761339488133,drifted
2025-05-12,inverse_vol,QQQ,0.1337717585867739,drifted
2025-05-12,inverse_vol,IWM,0.14021851527353915,drifted
2025-05-12,inverse_vol,EFA,0.17831586340578146,drifted
2025-05-12,inverse_vol,IEF,0.38581624933902425,drifted
2025-05-13,inverse_vol,SPY,0.16236869867013012,drifted
2025-05-13,inverse_vol,QQQ,0.13532884970994583,drifted
2025-05-13,inverse_vol,IWM,0.14023203430888123,drifted
2025-05-13,inverse_vol,EFA,0.1779095682992137,drifted
2025-05-13,inverse_vol,IEF,0.38416084901182906,drifted
2025-05-14,inverse_vol,SPY,0.16298755792292574,drifted
2025-05-14,inverse_vol,QQQ,0.13648434300500986,drifted
2025-05-14,inverse_vol,IWM,0.1393402145372874,drifted
2025-05-14,inverse_vol,EFA,0.17749391376637588,drifted
2025-05-14,inverse_vol,IEF,0.3836939707684011,drifted
2025-05-15,inverse_vol,SPY,0.1627580322103265,drifted
2025-05-15,inverse_vol,QQQ,0.1357787209205766,drifted
2025-05-15,inverse_vol,IWM,0.1393716851298426,drifted
2025-05-15,inverse_vol,EFA,0.1783081274550295,drifted
2025-05-15,inverse_vol,IEF,0.3837834342842247,drifted
2025-05-16,inverse_vol,SPY,0.16324927558568478,drifted
2025-05-16,inverse_vol,QQQ,0.1359203549094319,drifted
2025-05-16,inverse_vol,IWM,0.14006043961451753,drifted
2025-05-16,inverse_vol,EFA,0.1781289631397615,drifted
2025-05-16,inverse_vol,IEF,0.3826409667506043,drifted
2025-05-19,inverse_vol,SPY,0.1632299271987615,drifted
2025-05-19,inverse_vol,QQQ,0.13588589354457212,drifted
2025-05-19,inverse_vol,IWM,0.13930417275154114,drifted
2025-05-19,inverse_vol,EFA,0.1796059027622896,drifted
2025-05-19,inverse_vol,IEF,0.3819741037428356,drifted
2025-05-20,inverse_vol,SPY,0.16277223924086504,drifted
2025-05-20,inverse_vol,QQQ,0.13550883769734082,drifted
2025-05-20,inverse_vol,IWM,0.13945560478211558,drifted
2025-05-20,inverse_vol,EFA,0.1805635095080041,drifted
2025-05-20,inverse_vol,IEF,0.38169980877167453,drifted
2025-05-21,inverse_vol,SPY,0.16201365014266378,drifted
2025-05-21,inverse_vol,QQQ,0.1352825690244986,drifted
2025-05-21,inverse_vol,IWM,0.13722091366731284,drifted
2025-05-21,inverse_vol,EFA,0.18172815985298607,drifted
2025-05-21,inverse_vol,IEF,0.3837547073125387,drifted
2025-05-22,inverse_vol,SPY,0.16181075563205435,drifted
2025-05-22,inverse_vol,QQQ,0.1353125942617951,drifted
2025-05-22,inverse_vol,IWM,0.13698826637518052,drifted
2025-05-22,inverse_vol,EFA,0.18132585719539807,drifted
2025-05-22,inverse_vol,IEF,0.384562526535572,drifted
2025-05-23,inverse_vol,SPY,0.1609365891773593,drifted
2025-05-23,inverse_vol,QQQ,0.13425160723830998,drifted
2025-05-23,inverse_vol,IWM,0.1367524957116512,drifted
2025-05-23,inverse_vol,EFA,0.18183356270089396,drifted
2025-05-23,inverse_vol,IEF,0.3862257451717856,drifted
2025-05-27,inverse_vol,SPY,0.1619784978749829,drifted
2025-05-27,inverse_vol,QQQ,0.1354827396904347,drifted
2025-05-27,inverse_vol,IWM,0.13825602500743417,drifted
2025-05-27,inverse_vol,EFA,0.18188990425068266,drifted
2025-05-27,inverse_vol,IEF,0.3823928331764656,drifted
2025-05-28,inverse_vol,SPY,0.16203770535644269,drifted
2025-05-28,inverse_vol,QQQ,0.13571677836884258,drifted
2025-05-28,inverse_vol,IWM,0.13764458566442642,drifted
2025-05-28,inverse_vol,EFA,0.18090477150752696,drifted
2025-05-28,inverse_vol,IEF,0.38369615910276134,drifted
2025-05-29,inverse_vol,SPY,0.16207641413958382,drifted
2025-05-29,inverse_vol,QQQ,0.13548122546497804,drifted
2025-05-29,inverse_vol,IWM,0.13754316752872295,drifted
2025-05-29,inverse_vol,EFA,0.18103267041920976,drifted
2025-05-29,inverse_vol,IEF,0.3838665224475055,drifted
2025-05-30,inverse_vol,SPY,0.16184500092896068,drifted
2025-05-30,inverse_vol,QQQ,0.1352256837247126,drifted
2025-05-30,inverse_vol,IWM,0.13680014703996496,drifted
2025-05-30,inverse_vol,EFA,0.18124190951953525,drifted
2025-05-30,inverse_vol,IEF,0.3848872587868264,drifted
2025-06-02,inverse_vol,SPY,0.1572568029671193,target
2025-06-02,inverse_vol,QQQ,0.129157838145274,target
2025-06-02,inverse_vol,IWM,0.13423842652360324,target
2025-06-02,inverse_vol,EFA,0.17934693236400334,target
2025-06-02,inverse_vol,IEF,0.4,target
2025-06-02,inverse_vol,SPY,0.1572568029671193,drifted
2025-06-02,inverse_vol,QQQ,0.129157838145274,drifted
2025-06-02,inverse_vol,IWM,0.13423842652360324,drifted
2025-06-02,inverse_vol,EFA,0.17934693236400334,drifted
2025-06-02,inverse_vol,IEF,0.4,drifted
2025-06-03,inverse_vol,SPY,0.15778577470742175,drifted
2025-06-03,inverse_vol,QQQ,0.12986477707834712,drifted
2025-06-03,inverse_vol,IWM,0.13608771743693993,drifted
2025-06-03,inverse_vol,EFA,0.1775743179328655,drifted
2025-06-03,inverse_vol,IEF,0.39868741284442566,drifted
2025-06-04,inverse_vol,SPY,0.15716755553129322,drifted
2025-06-04,inverse_vol,QQQ,0.1297513882179115,drifted
2025-06-04,inverse_vol,IWM,0.13520818926909223,drifted
2025-06-04,inverse_vol,EFA,0.1777205074508303,drifted
2025-06-04,inverse_vol,IEF,0.40015235953087275,drifted
2025-06-05,inverse_vol,SPY,0.15687580459608913,drifted
2025-06-05,inverse_vol,QQQ,0.12915993817824978,drifted
2025-06-05,inverse_vol,IWM,0.13567114712521242,drifted
2025-06-05,inverse_vol,EFA,0.17813253059497783,drifted
2025-06-05,inverse_vol,IEF,0.4001605795054709,drifted
2025-06-06,inverse_vol,SPY,0.1580884412296358,drifted
2025-06-06,inverse_vol,QQQ,0.13009469974151353,drifted
2025-06-06,inverse_vol,IWM,0.1375171954287195,drifted
2025-06-06,inverse_vol,EFA,0.17832070699842079,drifted
2025-06-06,inverse_vol,IEF,0.3959789566017103,drifted
2025-06-09,inverse_vol,SPY,0.15791799388004482,drifted
2025-06-09,inverse_vol,QQQ,0.13002854038806785,drifted
2025-06-09,inverse_vol,IWM,0.13819088083223308,drifted
2025-06-09,inverse_vol,EFA,0.17794824355478644,drifted
2025-06-09,inverse_vol,IEF,0.3959143413448677,drifted
2025-06-10,inverse_vol,SPY,0.15827297420326675,drifted
2025-06-10,inverse_vol,QQQ,0.1304431922441119,drifted
2025-06-10,inverse_vol,IWM,0.1384629355984843,drifted
2025-06-10,inverse_vol,EFA,0.1775798782670368,drifted
2025-06-10,inverse_vol,IEF,0.3952410196871003,drifted
2025-06-11,inverse_vol,SPY,0.15783935713992092,drifted
2025-06-11,inverse_vol,QQQ,0.130018295301727,drifted
2025-06-11,inverse_vol,IWM,0.13791048611154189,drifted
2025-06-11,inverse_vol,EFA,0.17730339163047196,drifted
2025-06-11,inverse_vol,IEF,0.39692846981633817,drifted
2025-06-12,inverse_vol,SPY,0.15791793678681937,drifted
2025-06-12,inverse_vol,QQQ,0.12987229496097058,drifted
2025-06-12,inverse_vol,IWM,0.1368861161183542,drifted
2025-06-12,inverse_vol,EFA,0.17804862700440352,drifted
2025-06-12,inverse_vol,IEF,0.3972750251294523,drifted
2025-06-13,inverse_vol,SPY,0.1576743825709651,drifted
2025-06-13,inverse_vol,QQQ,0.12949172224012703,drifted
2025-06-13,inverse_vol,IWM,0.13569340931032206,drifted
2025-06-13,inverse_vol,EFA,0.1774768131244711,drifted
2025-06-13,inverse_vol,IEF,0.39966367275411463,drifted
2025-06-16,inverse_vol,SPY,0.15847369897866861,drifted
2025-06-16,inverse_vol,QQQ,0.1307148586786729,drifted
2025-06-16,inverse_vol,IWM,0.1366886933266153,drifted
2025-06-16,inverse_vol,EFA,0.17735817415946348,drifted
2025-06-16,inverse_vol,IEF,0.39676457485657984,drifted
2025-06-17,inverse_vol,SPY,0.15779852219318172,drifted
2025-06-17,inverse_vol,QQQ,0.12999962794415953,drifted
2025-06-17,inverse_vol,IWM,0.13583349380916862,drifted
2025-06-17,inverse_vol,EFA,0.1759395561345334,drifted
2025-06-17,inverse_vol,IEF,0.40042879991895663,drifted
2025-06-18,inverse_vol,SPY,0.15758119102066134,drifted
2025-06-18,inverse_vol,QQQ,0.12981804970738242,drifted
2025-06-18,inverse_vol,IWM,0.13638242547029766,drifted
2025-06-18,inverse_vol,EFA,0.17602682692600294,drifted
2025-06-18,inverse_vol,IEF,0.4001915068756556,drifted
2025-06-20,inverse_vol,SPY,0.1576064779092105,drifted
2025-06-20,inverse_vol,QQQ,0.12961313698689436,drifted
2025-06-20,inverse_vol,IWM,0.1364384590897641,drifted
2025-06-20,inverse_vol,EFA,0.17488937258061238,drifted
2025-06-20,inverse_vol,IEF,0.40145255343351866,drifted
2025-06-23,inverse_vol,SPY,0.15801347369753616,drifted
2025-06-23,inverse_vol,QQQ,0.1299999363173418,drifted
2025-06-23,inverse_vol,IWM,0.13711034358553018,drifted
2025-06-23,inverse_vol,EFA,0.1749332922614765,drifted
2025-06-23,inverse_vol,IEF,0.3999429541381153,drifted
2025-06-24,inverse_vol,SPY,0.15833347745388635,drifted
2025-06-24,inverse_vol,QQQ,0.13081011745254964,drifted
2025-06-24,inverse_vol,IWM,0.13761934940639656,drifted
2025-06-24,inverse_vol,EFA,0.17548512543572625,drifted
2025-06-24,inverse_vol,IEF,0.39775193025144134,drifted
2025-06-25,inverse_vol,SPY,0.15873503603124234,drifted
2025-06-25,inverse_vol,QQQ,0.13140350235178666,drifted
2025-06-25,inverse_vol,IWM,0.13628374921812192,drifted
2025-06-25,inverse_vol,EFA,0.1748729794503069,drifted
2025-06-25,inverse_vol,IEF,0.39870473294854214,drifted
2025-06-26,inverse_vol,SPY,0.1586975473100079,drifted
2025-06-26,inverse_vol,QQQ,0.13157142804439562,drifted
2025-06-26,inverse_vol,IWM,0.13738785314263596,drifted
2025-06-26,inverse_vol,EFA,0.17541601882877247,drifted
2025-06-26,inverse_vol,IEF,0.39692715267418804,drifted
2025-06-27,inverse_vol,SPY,0.15919454793425267,drifted
2025-06-27,inverse_vol,QQQ,0.13178060464726993,drifted
2025-06-27,inverse_vol,IWM,0.1371813164990748,drifted
2025-06-27,inverse_vol,EFA,0.1766775003408556,drifted
2025-06-27,inverse_vol,IEF,0.3951660305785471,drifted
2025-06-30,inverse_vol,SPY,0.15940014808547975,drifted
2025-06-30,inverse_vol,QQQ,0.13217350235214587,drifted
2025-06-30,inverse_vol,IWM,0.13690156643108883,drifted
2025-06-30,inverse_vol,EFA,0.17616242745706687,drifted
2025-06-30,inverse_vol,IEF,0.3953623556742186,drifted
2025-07-01,inverse_vol,SPY,0.1565520029256364,target
2025-07-01,inverse_vol,QQQ,0.12949405053090557,target
2025-07-01,inverse_vol,IWM,0.13421053115480563,target
2025-07-01,inverse_vol,EFA,0.17974341538865235,target
2025-07-01,inverse_vol,IEF,0.4,target
2025-07-01,inverse_vol,SPY,0.1565520029256364,drifted
2025-07-01,inverse_vol,QQQ,0.12949405053090557,drifted
2025-07-01,inverse_vol,IWM,0.13421053115480563,drifted
2025-07-01,inverse_vol,EFA,0.17974341538865235,drifted
2025-07-01,inverse_vol,IEF,0.4,drifted
2025-07-02,inverse_vol,SPY,0.156767106417806,drifted
2025-07-02,inverse_vol,QQQ,0.12998592421263067,drifted
2025-07-02,inverse_vol,IWM,0.1356417391939357,drifted
2025-07-02,inverse_vol,EFA,0.1797001528188165,drifted
2025-07-02,inverse_vol,IEF,0.3979050773568112,drifted
2025-07-03,inverse_vol,SPY,0.15761930265443014,drifted
2025-07-03,inverse_vol,QQQ,0.13094656800459267,drifted
2025-07-03,inverse_vol,IWM,0.13656765136926743,drifted
2025-07-03,inverse_vol,EFA,0.17930422316385525,drifted
2025-07-03,inverse_vol,IEF,0.39556225480785456,drifted
2025-07-07,inverse_vol,SPY,0.15761218804616195,drifted
2025-07-07,inverse_vol,QQQ,0.13092995384055764,drifted
2025-07-07,inverse_vol,IWM,0.13552061904171966,drifted
2025-07-07,inverse_vol,EFA,0.17868488738062574,drifted
2025-07-07,inverse_vol,IEF,0.397252351690935,drifted
2025-07-08,inverse_vol,SPY,0.15726673997829982,drifted
2025-07-08,inverse_vol,QQQ,0.13078800502630225,drifted
2025-07-08,inverse_vol,IWM,0.13623364023798396,drifted
2025-07-08,inverse_vol,EFA,0.179700453561111,drifted
2025-07-08,inverse_vol,IEF,0.3960111611963031,drifted
2025-07-09,inverse_vol,SPY,0.1571484802002187,drifted
2025-07-09,inverse_vol,QQQ,0.1308302419879436,drifted
2025-07-09,inverse_vol,IWM,0.13678760116221725,drifted
2025-07-09,inverse_vol,EFA,0.1798356658055286,drifted
2025-07-09,inverse_vol,IEF,0.3953980108440918,drifted
2025-07-10,inverse_vol,SPY,0.15749247087606652,drifted
2025-07-10,inverse_vol,QQQ,0.1305598402394831,drifted
2025-07-10,inverse_vol,IWM,0.1374044142353163,drifted
2025-07-10,inverse_vol,EFA,0.17960247229597948,drifted
2025-07-10,inverse_vol,IEF,0.3949408023531545,drifted
2025-07-11,inverse_vol,SPY,0.15793316124121862,drifted
2025-07-11,inverse_vol,QQQ,0.13109138368379392,drifted
2025-07-11,inverse_vol,IWM,0.13636815982736428,drifted
2025-07-11,inverse_vol,EFA,0.17900968283421068,drifted
2025-07-11,inverse_vol,IEF,0.3955976124134125,drifted
2025-07-14,inverse_vol,SPY,0.15799349972108337,drifted
2025-07-14,inverse_vol,QQQ,0.13136643108664542,drifted
2025-07-14,inverse_vol,IWM,0.13707555829457702,drifted
2025-07-14,inverse_vol,EFA,0.1787370146377204,drifted
2025-07-14,inverse_vol,IEF,0.39482749625997393,drifted
2025-07-15,inverse_vol,SPY,0.15837262609085528,drifted
2025-07-15,inverse_vol,QQQ,0.13236802768248368,drifted
2025-07-15,inverse_vol,IWM,0.13529226738975553,drifted
2025-07-15,inverse_vol,EFA,0.17805353351126404,drifted
2025-07-15,inverse_vol,IEF,0.3959135453256414,drifted
2025-07-16,inverse_vol,SPY,0.15829273044005202,drifted
2025-07-16,inverse_vol,QQQ,0.13199542455462293,drifted
2025-07-16,inverse_vol,IWM,0.13612845929496434,drifted
2025-07-16,inverse_vol,EFA,0.1780961776634688,drifted
2025-07-16,inverse_vol,IEF,0.395487208046892,drifted
2025-07-17,inverse_vol,SPY,0.15860155728565242,drifted
2025-07-17,inverse_vol,QQQ,0.132512314803393,drifted
2025-07-17,inverse_vol,IWM,0.1373431662039435,drifted
2025-07-17,inverse_vol,EFA,0.17781982740763366,drifted
2025-07-17,inverse_vol,IEF,0.3937231342993774,drifted
2025-07-18,inverse_vol,SPY,0.1585858067717412,drifted
2025-07-18,inverse_vol,QQQ,0.1324687974664923,drifted
2025-07-18,inverse_vol,IWM,0.13645432463213988,drifted
2025-07-18,inverse_vol,EFA,0.1774304632718199,drifted
2025-07-18,inverse_vol,IEF,0.3950606078578068,drifted
2025-07-21,inverse_vol,SPY,0.15844920448015135,drifted
2025-07-21,inverse_vol,QQQ,0.13278911468000007,drifted
2025-07-21,inverse_vol,IWM,0.1355278897203711,drifted
2025-07-21,inverse_vol,EFA,0.17788329165836367,drifted
2025-07-21,inverse_vol,IEF,0.3953504994611139,drifted
2025-07-22,inverse_vol,SPY,0.1580656933026045,drifted
2025-07-22,inverse_vol,QQQ,0.13176326253265808,drifted
2025-07-22,inverse_vol,IWM,0.13630382012011696,drifted
2025-07-22,inverse_vol,EFA,0.17840606821875843,drifted
2025-07-22,inverse_vol,IEF,0.3954611558258619,drifted
2025-07-23,inverse_vol,SPY,0.15829503513450402,drifted
2025-07-23,inverse_vol,QQQ,0.13143810838475165,drifted
2025-07-23,inverse_vol,IWM,0.13741730534670565,drifted
2025-07-23,inverse_vol,EFA,0.18156090666001512,drifted
2025-07-23,inverse_vol,IEF,0.3912886444740235,drifted
2025-07-24,inverse_vol,SPY,0.15890244349072064,drifted
2025-07-24,inverse_vol,QQQ,0.13217952113254605,drifted
2025-07-24,inverse_vol,IWM,0.1359948297734891,drifted
2025-07-24,inverse_vol,EFA,0.18084384192275496,drifted
2025-07-24,inverse_vol,IEF,0.3920793636804893,drifted
2025-07-25,inverse_vol,SPY,0.15922530679170263,drifted
2025-07-25,inverse_vol,QQQ,0.1322084155728317,drifted
2025-07-25,inverse_vol,IWM,0.13620175046528374,drifted
2025-07-25,inverse_vol,EFA,0.18023055230469084,drifted
2025-07-25,inverse_vol,IEF,0.39213397486549106,drifted
2025-07-28,inverse_vol,SPY,0.159753003874325,drifted
2025-07-28,inverse_vol,QQQ,0.13309453064634091,drifted
2025-07-28,inverse_vol,IWM,0.1365290609949514,drifted
2025-07-28,inverse_vol,EFA,0.1779633513462761,drifted
2025-07-28,inverse_vol,IEF,0.3926600531381066,drifted
2025-07-29,inverse_vol,SPY,0.15921732998612326,drifted
2025-07-29,inverse_vol,QQQ,0.1327930396774916,drifted
2025-07-29,inverse_vol,IWM,0.1355606257081461,drifted
2025-07-29,inverse_vol,EFA,0.1774771777628508,drifted
2025-07-29,inverse_vol,IEF,0.39495182686538827,drifted
2025-07-30,inverse_vol,SPY,0.1595521087643558,drifted
2025-07-30,inverse_vol,QQQ,0.13341855207621026,drifted
2025-07-30,inverse_vol,IWM,0.1353267483746717,drifted
2025-07-30,inverse_vol,EFA,0.1767956501587327,drifted
2025-07-30,inverse_vol,IEF,0.3949069406260296,drifted
2025-07-31,inverse_vol,SPY,0.1596234069140605,drifted
2025-07-31,inverse_vol,QQQ,0.133270789540859,drifted
2025-07-31,inverse_vol,IWM,0.1345659953808676,drifted
2025-07-31,inverse_vol,EFA,0.17563419742179523,drifted
2025-07-31,inverse_vol,IEF,0.39690561074241776,drifted
2025-08-01,inverse_vol,SPY,0.15667708185190124,target
2025-08-01,inverse_vol,QQQ,0.1309376721751719,target
2025-08-01,inverse_vol,IWM,0.13546820277122132,target
2025-08-01,inverse_vol,EFA,0.17691704320170534,target
2025-08-01,inverse_vol,IEF,0.4,target
2025-08-01,inverse_vol,SPY,0.15667708185190124,drifted
2025-08-01,inverse_vol,QQQ,0.1309376721751719,drifted
2025-08-01,inverse_vol,IWM,0.13546820277122132,drifted
2025-08-01,inverse_vol,EFA,0.17691704320170534,drifted
2025-08-01,inverse_vol,IEF,0.4,drifted
2025-08-04,inverse_vol,SPY,0.1573709152589182,drifted
2025-08-04,inverse_vol,QQQ,0.1319388142639411,drifted
2025-08-04,inverse_vol,IWM,0.1370305529207908,drifted
2025-08-04,inverse_vol,EFA,0.17736606487839243,drifted
2025-08-04,inverse_vol,IEF,0.3962936526779574,drifted
2025-08-05,inverse_vol,SPY,0.15677761725472145,drifted
2025-08-05,inverse_vol,QQQ,0.13121420385344904,drifted
2025-08-05,inverse_vol,IWM,0.13790894878392226,drifted
2025-08-05,inverse_vol,EFA,0.17757770842127013,drifted
2025-08-05,inverse_vol,IEF,0.3965215216866372,drifted
2025-08-06,inverse_vol,SPY,0.15742034432913837,drifted
2025-08-06,inverse_vol,QQQ,0.1323958897579784,drifted
2025-08-06,inverse_vol,IWM,0.1372412777325213,drifted
2025-08-06,inverse_vol,EFA,0.17811077976247572,drifted
2025-08-06,inverse_vol,IEF,0.39483170841788623,drifted
2025-08-07,inverse_vol,SPY,0.15710310107648737,drifted
2025-08-07,inverse_vol,QQQ,0.13268740909122984,drifted
2025-08-07,inverse_vol,IWM,0.1366320442859099,drifted
2025-08-07,inverse_vol,EFA,0.17949961124824132,drifted
2025-08-07,inverse_vol,IEF,0.39407783429813165,drifted
2025-08-08,inverse_vol,SPY,0.15786192083921533,drifted
2025-08-08,inverse_vol,QQQ,0.13353074886413271,drifted
2025-08-08,inverse_vol,IWM,0.13652716342353624,drifted
2025-08-08,inverse_vol,EFA,0.18006696690889404,drifted
2025-08-08,inverse_vol,IEF,0.3920131999642216,drifted
2025-08-11,inverse_vol,SPY,0.15776622127021586,drifted
2025-08-11,inverse_vol,QQQ,0.13331858159653195,drifted
2025-08-11,inverse_vol,IWM,0.13668371583663175,drifted
2025-08-11,inverse_vol,EFA,0.17955614150218566,drifted
2025-08-11,inverse_vol,IEF,0.3926753397944348,drifted
2025-08-12,inverse_vol,SPY,0.157941278758119,drifted
2025-08-12,inverse_vol,QQQ,0.13372043446607548,drifted
2025-08-12,inverse_vol,IWM,0.13941391413515786,drifted
2025-08-12,inverse_vol,EFA,0.18003595833129804,drifted
2025-08-12,inverse_vol,IEF,0.3888884143093496,drifted
2025-08-13,inverse_vol,SPY,0.15756936855012524,drifted
2025-08-13,inverse_vol,QQQ,0.13301693410601012,drifted
2025-08-13,inverse_vol,IWM,0.14130625726875282,drifted
2025-08-13,inverse_vol,EFA,0.18008009700682354,drifted
2025-08-13,inverse_vol,IEF,0.3880273430682883,drifted
2025-08-14,inverse_vol,SPY,0.15808142979837062,drifted
2025-08-14,inverse_vol,QQQ,0.1333333331327734,drifted
2025-08-14,inverse_vol,IWM,0.13992535290034705,drifted
2025-08-14,inverse_vol,EFA,0.18066822585439576,drifted
2025-08-14,inverse_vol,IEF,0.3879916583141132,drifted
2025-08-15,inverse_vol,SPY,0.15792371054870677,drifted
2025-08-15,inverse_vol,QQQ,0.13292579493041806,drifted
2025-08-15,inverse_vol,IWM,0.1394323806106433,drifted
2025-08-15,inverse_vol,EFA,0.18197745595046416,drifted
2025-08-15,inverse_vol,IEF,0.3877406579597677,drifted
2025-08-18,inverse_vol,SPY,0.1579117097402938,drifted
2025-08-18,inverse_vol,QQQ,0.13289167397693533,drifted
2025-08-18,inverse_vol,IWM,0.13996175802636202,drifted
2025-08-18,inverse_vol,EFA,0.1818058308231593,drifted
2025-08-18,inverse_vol,IEF,0.38742902743324964,drifted
2025-08-19,inverse_vol,SPY,0.15748609146561401,drifted
2025-08-19,inverse_vol,QQQ,0.13144843871966475,drifted
2025-08-19,inverse_vol,IWM,0.13926849665358834,drifted
2025-08-19,inverse_vol,EFA,0.18232462367520988,drifted
2025-08-19,inverse_vol,IEF,0.3894723494859229,drifted
2025-08-20,inverse_vol,SPY,0.15714094133857903,drifted
2025-08-20,inverse_vol,QQQ,0.13072897391893643,drifted
2025-08-20,inverse_vol,IWM,0.1388407256018788,drifted
2025-08-20,inverse_vol,EFA,0.18306330184662198,drifted
2025-08-20,inverse_vol,IEF,0.39022605729398374,drifted
2025-08-21,inverse_vol,SPY,0.157010348154942,drifted
2025-08-21,inverse_vol,QQQ,0.13053926498615698,drifted
2025-08-21,inverse_vol,IWM,0.13963015809653026,drifted
2025-08-21,inverse_vol,EFA,0.18249552045699163,drifted
2025-08-21,inverse_vol,IEF,0.39032470830537924,drifted
2025-08-22,inverse_vol,SPY,0.1570943481148727,drifted
2025-08-22,inverse_vol,QQQ,0.13061819534070176,drifted
2025-08-22,inverse_vol,IWM,0.1429867009390338,drifted
2025-08-22,inverse_vol,EFA,0.18253341801913422,drifted
2025-08-22,inverse_vol,IEF,0.3867673375862577,drifted
2025-08-25,inverse_vol,SPY,0.1573071108625236,drifted
2025-08-25,inverse_vol,QQQ,0.13099430775174925,drifted
2025-08-25,inverse_vol,IWM,0.14230061859623028,drifted
2025-08-25,inverse_vol,EFA,0.18116650325553754,drifted
2025-08-25,inverse_vol,IEF,0.3882314595339592,drifted
2025-08-26,inverse_vol,SPY,0.15746518152881037,drifted
2025-08-26,inverse_vol,QQQ,0.13110349866627125,drifted
2025-08-26,inverse_vol,IWM,0.1430217837729936,drifted
2025-08-26,inverse_vol,EFA,0.18039609154846115,drifted
2025-08-26,inverse_vol,IEF,0.3880134444834637,drifted
2025-08-27,inverse_vol,SPY,0.15752927921404694,drifted
2025-08-27,inverse_vol,QQQ,0.1310598045000618,drifted
2025-08-27,inverse_vol,IWM,0.1437662367794328,drifted
2025-08-27,inverse_vol,EFA,0.17962821276308275,drifted
2025-08-27,inverse_vol,IEF,0.38801646674337575,drifted
2025-08-28,inverse_vol,SPY,0.15759795414661212,drifted
2025-08-28,inverse_vol,QQQ,0.13147214261582904,drifted
2025-08-28,inverse_vol,IWM,0.1434914359803087,drifted
2025-08-28,inverse_vol,EFA,0.1797364602347555,drifted
2025-08-28,inverse_vol,IEF,0.3877020070224948,drifted
2025-08-29,inverse_vol,SPY,0.1573625111557166,drifted
2025-08-29,inverse_vol,QQQ,0.13053463980332497,drifted
2025-08-29,inverse_vol,IWM,0.14349598565029015,drifted
2025-08-29,inverse_vol,EFA,0.17948519982959485,drifted
2025-08-29,inverse_vol,IEF,0.3891216635610734,drifted
2025-09-02,inverse_vol,SPY,0.1560836463159423,target
2025-09-02,inverse_vol,QQQ,0.1317500816591792,target
2025-09-02,inverse_vol,IWM,0.13491970582371876,target
2025-09-02,inverse_vol,EFA,0.1772465662011596,target
2025-09-02,inverse_vol,IEF,0.4,target
2025-09-02,inverse_vol,SPY,0.1560836463159423,drifted
2025-09-02,inverse_vol,QQQ,0.1317500816591792,drifted
2025-09-02,inverse_vol,IWM,0.13491970582371876,drifted
2025-09-02,inverse_vol,EFA,0.1772465662011596,drifted
2025-09-02,inverse_vol,IEF,0.4,drifted
2025-09-03,inverse_vol,SPY,0.15639700157533232,drifted
2025-09-03,inverse_vol,QQQ,0.1323360053627019,drifted
2025-09-03,inverse_vol,IWM,0.13432961767952326,drifted
2025-09-03,inverse_vol,EFA,0.1769180765495331,drifted
2025-09-03,inverse_vol,IEF,0.4000192988329095,drifted
2025-09-04,inverse_vol,SPY,0.1565666682858663,drifted
2025-09-04,inverse_vol,QQQ,0.1325707519227004,drifted
2025-09-04,inverse_vol,IWM,0.13502731189816833,drifted
2025-09-04,inverse_vol,EFA,0.17691990957020287,drifted
2025-09-04,inverse_vol,IEF,0.39891535832306213,drifted
2025-09-05,inverse_vol,SPY,0.15562270632499486,drifted
2025-09-05,inverse_vol,QQQ,0.1323448937974423,drifted
2025-09-05,inverse_vol,IWM,0.13527440937161483,drifted
2025-09-05,inverse_vol,EFA,0.17715534824755588,drifted
2025-09-05,inverse_vol,IEF,0.3996026422583921,drifted
2025-09-08,inverse_vol,SPY,0.15533469563895866,drifted
2025-09-08,inverse_vol,QQQ,0.13241906546621598,drifted
2025-09-08,inverse_vol,IWM,0.13496508106110117,drifted
2025-09-08,inverse_vol,EFA,0.17816212623003125,drifted
2025-09-08,inverse_vol,IEF,0.39911903160369294,drifted
2025-09-09,inverse_vol,SPY,0.1559433404738377,drifted
2025-09-09,inverse_vol,QQQ,0.13300706020462336,drifted
2025-09-09,inverse_vol,IWM,0.13438703264019577,drifted
2025-09-09,inverse_vol,EFA,0.17785098189046103,drifted
2025-09-09,inverse_vol,IEF,0.3988115847908821,drifted
2025-09-10,inverse_vol,SPY,0.156192957964601,drifted
2025-09-10,inverse_vol,QQQ,0.13287940797431044,drifted
2025-09-10,inverse_vol,IWM,0.13397613406392525,drifted
2025-09-10,inverse_vol,EFA,0.17758371968657696,drifted
2025-09-10,inverse_vol,IEF,0.39936778031058634,drifted
2025-09-11,inverse_vol,SPY,0.1563886441159119,drifted
2025-09-11,inverse_vol,QQQ,0.13271739808416927,drifted
2025-09-11,inverse_vol,IWM,0.13549741093150147,drifted
2025-09-11,inverse_vol,EFA,0.17821147215905656,drifted
2025-09-11,inverse_vol,IEF,0.3971850747093608,drifted
2025-09-12,inverse_vol,SPY,0.1567595594512176,drifted
2025-09-12,inverse_vol,QQQ,0.13366453532475667,drifted
2025-09-12,inverse_vol,IWM,0.13447626728592296,drifted
2025-09-12,inverse_vol,EFA,0.17798577175642102,drifted
2025-09-12,inverse_vol,IEF,0.3971138661816817,drifted
2025-09-15,inverse_vol,SPY,0.1569053286512197,drifted
2025-09-15,inverse_vol,QQQ,0.1342190612357641,drifted
2025-09-15,inverse_vol,IWM,0.13445587852391122,drifted
2025-09-15,inverse_vol,EFA,0.1783893371114626,drifted
2025-09-15,inverse_vol,IEF,0.3960303944776424,drifted
2025-09-16,inverse_vol,SPY,0.1568150002236244,drifted
2025-09-16,inverse_vol,QQQ,0.13421324256262607,drifted
2025-09-16,inverse_vol,IWM,0.13434216533037174,drifted
2025-09-16,inverse_vol,EFA,0.17803659391539034,drifted
2025-09-16,inverse_vol,IEF,0.39659299796798747,drifted
2025-09-17,inverse_vol,SPY,0.15687797178676216,drifted
2025-09-17,inverse_vol,QQQ,0.13416580080622792,drifted
2025-09-17,inverse_vol,IWM,0.13490776892973175,drifted
2025-09-17,inverse_vol,EFA,0.177660999596672,drifted
2025-09-17,inverse_vol,IEF,0.3963874588806063,drifted
2025-09-18,inverse_vol,SPY,0.15687635236037695,drifted
2025-09-18,inverse_vol,QQQ,0.13474459695044463,drifted
2025-09-18,inverse_vol,IWM,0.13762342756514215,drifted
2025-09-18,inverse_vol,EFA,0.17751743272966033,drifted
2025-09-18,inverse_vol,IEF,0.3932381903943758,drifted
2025-09-19,inverse_vol,SPY,0.15768544798116182,drifted
2025-09-19,inverse_vol,QQQ,0.1356843555146059,drifted
2025-09-19,inverse_vol,IWM,0.13660574957530053,drifted
2025-09-19,inverse_vol,EFA,0.1768689395517853,drifted
2025-09-19,inverse_vol,IEF,0.3931555073771465,drifted
2025-09-22,inverse_vol,SPY,0.15807397260019354,drifted
2025-09-22,inverse_vol,QQQ,0.1361796373407833,drifted
2025-09-22,inverse_vol,IWM,0.13708842437006635,drifted
2025-09-22,inverse_vol,EFA,0.17703910788439395,drifted
2025-09-22,inverse_vol,IEF,0.39161885780456296,drifted
2025-09-23,inverse_vol,SPY,0.15742113057022397,drifted
2025-09-23,inverse_vol,QQQ,0.13545375240730537,drifted
2025-09-23,inverse_vol,IWM,0.1369605658024969,drifted
2025-09-23,inverse_vol,EFA,0.1769309337003478,drifted
2025-09-23,inverse_vol,IEF,0.393233617519626,drifted
2025-09-24,inverse_vol,SPY,0.15760069622154368,drifted
2025-09-24,inverse_vol,QQQ,0.13556351322450616,drifted
2025-09-24,inverse_vol,IWM,0.13629083042429832,drifted
2025-09-24,inverse_vol,EFA,0.17666766532499417,drifted
2025-09-24,inverse_vol,IEF,0.3938772948046578,drifted
2025-09-25,inverse_vol,SPY,0.15761938547813134,drifted
2025-09-25,inverse_vol,QQQ,0.1356207495604274,drifted
2025-09-25,inverse_vol,IWM,0.13562942386361593,drifted
2025-09-25,inverse_vol,EFA,0.17624206460567707,drifted
2025-09-25,inverse_vol,IEF,0.39488837649214825,drifted
2025-09-26,inverse_vol,SPY,0.15792563979917956,drifted
2025-09-26,inverse_vol,QQQ,0.13566562368817353,drifted
2025-09-26,inverse_vol,IWM,0.1362764104065296,drifted
2025-09-26,inverse_vol,EFA,0.17693479914438937,drifted
2025-09-26,inverse_vol,IEF,0.39319752696172805,drifted
2025-09-29,inverse_vol,SPY,0.15788602741347896,drifted
2025-09-29,inverse_vol,QQQ,0.13587783815558033,drifted
2025-09-29,inverse_vol,IWM,0.13601802948629396,drifted
2025-09-29,inverse_vol,EFA,0.17708021666908452,drifted
2025-09-29,inverse_vol,IEF,0.3931378882755621,drifted
2025-09-30,inverse_vol,SPY,0.15820878428074908,drifted
2025-09-30,inverse_vol,QQQ,0.1360162197385535,drifted
2025-09-30,inverse_vol,IWM,0.13597569748936109,drifted
2025-09-30,inverse_vol,EFA,0.17749872254077995,drifted
2025-09-30,inverse_vol,IEF,0.3923005759505565,drifted
2025-10-01,inverse_vol,SPY,0.1554360886603903,target
2025-10-01,inverse_vol,QQQ,0.13229557718394194,target
2025-10-01,inverse_vol,IWM,0.13401722194112245,target
2025-10-01,inverse_vol,EFA,0.17825111221454523,target
2025-10-01,inverse_vol,IEF,0.4,target
2025-10-01,inverse_vol,SPY,0.1554360886603903,drifted
2025-10-01,inverse_vol,QQQ,0.13229557718394194,drifted
2025-10-01,inverse_vol,IWM,0.13401722194112245,drifted
2025-10-01,inverse_vol,EFA,0.17825111221454523,drifted
2025-10-01,inverse_vol,IEF,0.4,drifted
2025-10-02,inverse_vol,SPY,0.15526312573327594,drifted
2025-10-02,inverse_vol,QQQ,0.1325389555675254,drifted
2025-10-02,inverse_vol,IWM,0.13455774709416135,drifted
2025-10-02,inverse_vol,EFA,0.17813128919324808,drifted
2025-10-02,inverse_vol,IEF,0.39950888241178933,drifted
2025-10-03,inverse_vol,SPY,0.15508333912932737,drifted
2025-10-03,inverse_vol,QQQ,0.13183013398398025,drifted
2025-10-03,inverse_vol,IWM,0.1354008612337704,drifted
2025-10-03,inverse_vol,EFA,0.17941840446334434,drifted
2025-10-03,inverse_vol,IEF,0.39826726118957756,drifted
2025-10-06,inverse_vol,SPY,0.15543055305423575,drifted
2025-10-06,inverse_vol,QQQ,0.1326418960911072,drifted
2025-10-06,inverse_vol,IWM,0.13575812839014267,drifted
2025-10-06,inverse_vol,EFA,0.17959212615080963,drifted
2025-10-06,inverse_vol,IEF,0.39657729631370464,drifted
2025-10-07,inverse_vol,SPY,0.15536799269069387,drifted
2025-10-07,inverse_vol,QQQ,0.13238113116815414,drifted
2025-10-07,inverse_vol,IWM,0.13474600591348623,drifted
2025-10-07,inverse_vol,EFA,0.1786185592501742,drifted
2025-10-07,inverse_vol,IEF,0.39888631097749155,drifted
2025-10-08,inverse_vol,SPY,0.15559908487618881,drifted
2025-10-08,inverse_vol,QQQ,0.13330298164873386,drifted
2025-10-08,inverse_vol,IWM,0.13555302576932757,drifted
2025-10-08,inverse_vol,EFA,0.1783509134666749,drifted
2025-10-08,inverse_vol,IEF,0.39719399423907503,drifted
2025-10-09,inverse_vol,SPY,0.15565298942469372,drifted
2025-10-09,inverse_vol,QQQ,0.13357477686578395,drifted
2025-10-09,inverse_vol,IWM,0.13511753584737368,drifted
2025-10-09,inverse_vol,EFA,0.17745809125717718,drifted
2025-10-09,inverse_vol,IEF,0.3981966066049714,drifted
2025-10-10,inverse_vol,SPY,0.15354594103771665,drifted
2025-10-10,inverse_vol,QQQ,0.13072563490279898,drifted
2025-10-10,inverse_vol,IWM,0.132889065885202,drifted
2025-10-10,inverse_vol,EFA,0.1766063221143744,drifted
2025-10-10,inverse_vol,IEF,0.40623303605990796,drifted
2025-10-13,inverse_vol,SPY,0.15428867741612914,drifted
2025-10-13,inverse_vol,QQQ,0.13211834583233842,drifted
2025-10-13,inverse_vol,IWM,0.1351752414020371,drifted
2025-10-13,inverse_vol,EFA,0.17618097944206534,drifted
2025-10-13,inverse_vol,IEF,0.4022367559074301,drifted
2025-10-14,inverse_vol,SPY,0.15368608196479236,drifted
2025-10-14,inverse_vol,QQQ,0.13088560620551812,drifted
2025-10-14,inverse_vol,IWM,0.13673699198258524,drifted
2025-10-14,inverse_vol,EFA,0.17650122777537125,drifted
2025-10-14,inverse_vol,IEF,0.4021900920717332,drifted
2025-10-15,inverse_vol,SPY,0.1538542669721331,drifted
2025-10-15,inverse_vol,QQQ,0.13137026325874324,drifted
2025-10-15,inverse_vol,IWM,0.13761748756477873,drifted
2025-10-15,inverse_vol,EFA,0.17676093319257155,drifted
2025-10-15,inverse_vol,IEF,0.4003970490117734,drifted
2025-10-16,inverse_vol,SPY,0.15305944803500418,drifted
2025-10-16,inverse_vol,QQQ,0.13110049767361975,drifted
2025-10-16,inverse_vol,IWM,0.1349433749652364,drifted
2025-10-16,inverse_vol,EFA,0.17797798054086822,drifted
2025-10-16,inverse_vol,IEF,0.4029186987852714,drifted
2025-10-17,inverse_vol,SPY,0.15385428239058974,drifted
2025-10-17,inverse_vol,QQQ,0.13189797307318057,drifted
2025-10-17,inverse_vol,IWM,0.13397036564051107,drifted
2025-10-17,inverse_vol,EFA,0.17821299495191234,drifted
2025-10-17,inverse_vol,IEF,0.4020643839438063,drifted
2025-10-20,inverse_vol,SPY,0.15423843125676967,drifted
2025-10-20,inverse_vol,QQQ,0.13251524175058438,drifted
2025-10-20,inverse_vol,IWM,0.13551630698514555,drifted
2025-10-20,inverse_vol,EFA,0.17827825531017197,drifted
2025-10-20,inverse_vol,IEF,0.39945176469732857,drifted
2025-10-21,inverse_vol,SPY,0.15442887244345171,drifted
2025-10-21,inverse_vol,QQQ,0.13264615026062065,drifted
2025-10-21,inverse_vol,IWM,0.13504595468654637,drifted
2025-10-21,inverse_vol,EFA,0.17718979336253834,drifted
2025-10-21,inverse_vol,IEF,0.4006892292468428,drifted
2025-10-22,inverse_vol,SPY,0.15428275266530714,drifted
2025-10-22,inverse_vol,QQQ,0.13192982353392937,drifted
2025-10-22,inverse_vol,IWM,0.1336190193191504,drifted
2025-10-22,inverse_vol,EFA,0.1776838826680547,drifted
2025-10-22,inverse_vol,IEF,0.4024845218135583,drifted
2025-10-23,inverse_vol,SPY,0.15469873027413003,drifted
2025-10-23,inverse_vol,QQQ,0.13261121395077624,drifted
2025-10-23,inverse_vol,IWM,0.13487528889407294,drifted
2025-10-23,inverse_vol,EFA,0.17793778362343843,drifted
2025-10-23,inverse_vol,IEF,0.39987698325758225,drifted
2025-10-24,inverse_vol,SPY,0.1551903933309602,drifted
2025-10-24,inverse_vol,QQQ,0.1333633304754975,drifted
2025-10-24,inverse_vol,IWM,0.135846469022809,drifted
2025-10-24,inverse_vol,EFA,0.17733618888617292,drifted
2025-10-24,inverse_vol,IEF,0.3982636182845604,drifted
2025-10-27,inverse_vol,SPY,0.15609854103877857,drifted
2025-10-27,inverse_vol,QQQ,0.13494073601893972,drifted
2025-10-27,inverse_vol,IWM,0.13551920178261462,drifted
2025-10-27,inverse_vol,EFA,0.17751832297399825,drifted
2025-10-27,inverse_vol,IEF,0.3959231981856689,drifted
2025-10-28,inverse_vol,SPY,0.15635395029822607,drifted
2025-10-28,inverse_vol,QQQ,0.13584012337737403,drifted
2025-10-28,inverse_vol,IWM,0.13465659845582856,drifted
2025-10-28,inverse_vol,EFA,0.17726366200488672,drifted
2025-10-28,inverse_vol,IEF,0.3958856658636846,drifted
2025-10-29,inverse_vol,SPY,0.15705988351367792,drifted
2025-10-29,inverse_vol,QQQ,0.1370020631249644,drifted
2025-10-29,inverse_vol,IWM,0.13404833676269182,drifted
2025-10-29,inverse_vol,EFA,0.17697383190783217,drifted
2025-10-29,inverse_vol,IEF,0.3949158846908338,drifted
2025-10-30,inverse_vol,SPY,0.15631013221368617,drifted
2025-10-30,inverse_vol,QQQ,0.1357565744073886,drifted
2025-10-30,inverse_vol,IWM,0.1338045071930978,drifted
2025-10-30,inverse_vol,EFA,0.1773012793113948,drifted
2025-10-30,inverse_vol,IEF,0.39682750687443263,drifted
2025-10-31,inverse_vol,SPY,0.15655787496962892,drifted
2025-10-31,inverse_vol,QQQ,0.1361809489245922,drifted
2025-10-31,inverse_vol,IWM,0.13433128092400973,drifted
2025-10-31,inverse_vol,EFA,0.17660920158020163,drifted
2025-10-31,inverse_vol,IEF,0.39632069360156746,drifted
2025-11-03,inverse_vol,SPY,0.15498519713047856,target
2025-11-03,inverse_vol,QQQ,0.1322099319225309,target
2025-11-03,inverse_vol,IWM,0.1334298159036899,target
2025-11-03,inverse_vol,EFA,0.17937505504330042,target
2025-11-03,inverse_vol,IEF,0.4,target
2025-11-03,inverse_vol,SPY,0.15498519713047856,drifted
2025-11-03,inverse_vol,QQQ,0.1322099319225309,drifted
2025-11-03,inverse_vol,IWM,0.1334298159036899,drifted
2025-11-03,inverse_vol,EFA,0.17937505504330042,drifted
2025-11-03,inverse_vol,IEF,0.4,drifted
2025-11-04,inverse_vol,SPY,0.15440943904463958,drifted
2025-11-04,inverse_vol,QQQ,0.1305931213751053,drifted
2025-11-04,inverse_vol,IWM,0.13220476230160574,drifted
2025-11-04,inverse_vol,EFA,0.17899664936232895,drifted
2025-11-04,inverse_vol,IEF,0.4037960279163204,drifted
2025-11-05,inverse_vol,SPY,0.15455537961741675,drifted
2025-11-05,inverse_vol,QQQ,0.13111288309086983,drifted
2025-11-05,inverse_vol,IWM,0.13377537851186544,drifted
2025-11-05,inverse_vol,EFA,0.17969212493877335,drifted
2025-11-05,inverse_vol,IEF,0.4008642338410746,drifted
2025-11-06,inverse_vol,SPY,0.15363857176566975,drifted
2025-11-06,inverse_vol,QQQ,0.12929458713660963,drifted
2025-11-06,inverse_vol,IWM,0.1320452668874878,drifted
2025-11-06,inverse_vol,EFA,0.18016081879774629,drifted
2025-11-06,inverse_vol,IEF,0.4048607554124865,drifted
2025-11-07,inverse_vol,SPY,0.1535941034208693,drifted
2025-11-07,inverse_vol,QQQ,0.12872259266128114,drifted
2025-11-07,inverse_vol,IWM,0.13256855206703844,drifted
2025-11-07,inverse_vol,EFA,0.1806018595578266,drifted
2025-11-07,inverse_vol,IEF,0.4045128922929845,drifted
2025-11-10,inverse_vol,SPY,0.15476439280597665,drifted
2025-11-10,inverse_vol,QQQ,0.1305360257242145,drifted
2025-11-10,inverse_vol,IWM,0.13284365678454182,drifted
2025-11-10,inverse_vol,EFA,0.1810630239607632,drifted
2025-11-10,inverse_vol,IEF,0.4007929007245038,drifted
2025-11-11,inverse_vol,SPY,0.15470158600475922,drifted
2025-11-11,inverse_vol,QQQ,0.12983828798911742,drifted
2025-11-11,inverse_vol,IWM,0.13260046152462643,drifted
2025-11-11,inverse_vol,EFA,0.1819026789876913,drifted
2025-11-11,inverse_vol,IEF,0.40095698549380554,drifted
2025-11-12,inverse_vol,SPY,0.15466070802512946,drifted
2025-11-12,inverse_vol,QQQ,0.1296295200338486,drifted
2025-11-12,inverse_vol,IWM,0.13216621273339935,drifted
2025-11-12,inverse_vol,EFA,0.18283273689030283,drifted
2025-11-12,inverse_vol,IEF,0.4007108223173197,drifted
2025-11-13,inverse_vol,SPY,0.1539473559277893,drifted
2025-11-13,inverse_vol,QQQ,0.1285301331888789,drifted
2025-11-13,inverse_vol,IWM,0.1300153491376948,drifted
2025-11-13,inverse_vol,EFA,0.18308631003384823,drifted
2025-11-13,inverse_vol,IEF,0.40442085171178876,drifted
2025-11-14,inverse_vol,SPY,0.15403559838499237,drifted
2025-11-14,inverse_vol,QQQ,0.1287221304324085,drifted
2025-11-14,inverse_vol,IWM,0.13049031430653055,drifted
2025-11-14,inverse_vol,EFA,0.1827034329459474,drifted
2025-11-14,inverse_vol,IEF,0.4040485239301213,drifted
2025-11-17,inverse_vol,SPY,0.15368328260595204,drifted
2025-11-17,inverse_vol,QQQ,0.12852828659322446,drifted
2025-11-17,inverse_vol,IWM,0.12880422819866852,drifted
2025-11-17,inverse_vol,EFA,0.18160463968397159,drifted
2025-11-17,inverse_vol,IEF,0.40737956291818345,drifted
2025-11-18,inverse_vol,SPY,0.15302686260615914,drifted
2025-11-18,inverse_vol,QQQ,0.12749167700427977,drifted
2025-11-18,inverse_vol,IWM,0.12973475984187455,drifted
2025-11-18,inverse_vol,EFA,0.17999404198852043,drifted
2025-11-18,inverse_vol,IEF,0.4097526585591661,drifted
2025-11-19,inverse_vol,SPY,0.15354273917261765,drifted
2025-11-19,inverse_vol,QQQ,0.12818994961559385,drifted
2025-11-19,inverse_vol,IWM,0.1296489491509502,drifted
2025-11-19,inverse_vol,EFA,0.17936296707778732,drifted
2025-11-19,inverse_vol,IEF,0.409255394983051,drifted
2025-11-20,inverse_vol,SPY,0.1526189420950983,drifted
2025-11-20,inverse_vol,QQQ,0.12632798297572004,drifted
2025-11-20,inverse_vol,IWM,0.12844172675229382,drifted
2025-11-20,inverse_vol,EFA,0.17853864428798213,drifted
2025-11-20,inverse_vol,IEF,0.41407270388890566,drifted
2025-11-21,inverse_vol,SPY,0.15257764667585494,drifted
2025-11-21,inverse_vol,QQQ,0.12598762421181126,drifted
2025-11-21,inverse_vol,IWM,0.13074200068738784,drifted
2025-11-21,inverse_vol,EFA,0.17946102422251106,drifted
2025-11-21,inverse_vol,IEF,0.41123170420243493,drifted
2025-11-24,inverse_vol,SPY,0.1534966034341169,drifted
2025-11-24,inverse_vol,QQQ,0.1281022749951609,drifted
2025-11-24,inverse_vol,IWM,0.13198738133470944,drifted
2025-11-24,inverse_vol,EFA,0.1780767933872669,drifted
2025-11-24,inverse_vol,IEF,0.408336946848746,drifted
2025-11-25,inverse_vol,SPY,0.15366632735035557,drifted
2025-11-25,inverse_vol,QQQ,0.12783199839146153,drifted
2025-11-25,inverse_vol,IWM,0.13375581593983465,drifted
2025-11-25,inverse_vol,EFA,0.1787265443360989,drifted
2025-11-25,inverse_vol,IEF,0.4060193139822492,drifted
2025-11-26,inverse_vol,SPY,0.1538549726150488,drifted
2025-11-26,inverse_vol,QQQ,0.12823453807528942,drifted
2025-11-26,inverse_vol,IWM,0.13417923644755905,drifted
2025-11-26,inverse_vol,EFA,0.17966975010486513,drifted
2025-11-26,inverse_vol,IEF,0.4040615027572376,drifted
2025-11-28,inverse_vol,SPY,0.15429839446228893,drifted
2025-11-28,inverse_vol,QQQ,0.12894289613952645,drifted
2025-11-28,inverse_vol,IWM,0.13462013602999298,drifted
2025-11-28,inverse_vol,EFA,0.17981386352273254,drifted
2025-11-28,inverse_vol,IEF,0.40232470984545926,drifted
2025-12-01,inverse_vol,SPY,0.15452580321466827,target
2025-12-01,inverse_vol,QQQ,0.13192051741797253,target
2025-12-01,inverse_vol,IWM,0.13564041090671677,target
2025-12-01,inverse_vol,EFA,0.1779132684606424,target
2025-12-01,inverse_vol,IEF,0.4,target
2025-12-01,inverse_vol,SPY,0.15452580321466827,drifted
2025-12-01,inverse_vol,QQQ,0.13192051741797253,drifted
2025-12-01,inverse_vol,IWM,0.13564041090671677,drifted
2025-12-01,inverse_vol,EFA,0.1779132684606424,drifted
2025-12-01,inverse_vol,IEF,0.4,drifted
2025-12-02,inverse_vol,SPY,0.1545026971170416,drifted
2025-12-02,inverse_vol,QQQ,0.1326872754523712,drifted
2025-12-02,inverse_vol,IWM,0.135121381756557,drifted
2025-12-02,inverse_vol,EFA,0.17815762810354932,drifted
2025-12-02,inverse_vol,IEF,0.39953101757048093,drifted
2025-12-03,inverse_vol,SPY,0.15425115666399072,drifted
2025-12-03,inverse_vol,QQQ,0.132336724303665,drifted
2025-12-03,inverse_vol,IWM,0.13688145590522285,drifted
2025-12-03,inverse_vol,EFA,0.17820497515902148,drifted
2025-12-03,inverse_vol,IEF,0.3983256879681,drifted
2025-12-04,inverse_vol,SPY,0.15429555981718998,drifted
2025-12-04,inverse_vol,QQQ,0.13215506091258103,drifted
2025-12-04,inverse_vol,IWM,0.13802116742685316,drifted
2025-12-04,inverse_vol,EFA,0.17861073825586757,drifted
2025-12-04,inverse_vol,IEF,0.39691747358750823,drifted
2025-12-05,inverse_vol,SPY,0.1546759927964136,drifted
2025-12-05,inverse_vol,QQQ,0.13276890686510184,drifted
2025-12-05,inverse_vol,IWM,0.13752332579299176,drifted
2025-12-05,inverse_vol,EFA,0.17871165770735267,drifted
2025-12-05,inverse_vol,IEF,0.39632011683814017,drifted
2025-12-08,inverse_vol,SPY,0.15452745138077545,drifted
2025-12-08,inverse_vol,QQQ,0.1327858411469181,drifted
2025-12-08,inverse_vol,IWM,0.13786020697964274,drifted
2025-12-08,inverse_vol,EFA,0.178517293317945,drifted
2025-12-08,inverse_vol,IEF,0.3963092071747187,drifted
2025-12-09,inverse_vol,SPY,0.15447177755149993,drifted
2025-12-09,inverse_vol,QQQ,0.13301654443011005,drifted
2025-12-09,inverse_vol,IWM,0.13821548741234385,drifted
2025-12-09,inverse_vol,EFA,0.1783640483809935,drifted
2025-12-09,inverse_vol,IEF,0.3959321422250527,drifted
2025-12-10,inverse_vol,SPY,0.1544600627778152,drifted
2025-12-10,inverse_vol,QQQ,0.13267128473384876,drifted
2025-12-10,inverse_vol,IWM,0.13916223651505075,drifted
2025-12-10,inverse_vol,EFA,0.17914446532619757,drifted
2025-12-10,inverse_vol,IEF,0.3945619506470877,drifted
2025-12-11,inverse_vol,SPY,0.15440829858916288,drifted
2025-12-11,inverse_vol,QQQ,0.13189094697658055,drifted
2025-12-11,inverse_vol,IWM,0.14042125803603883,drifted
2025-12-11,inverse_vol,EFA,0.17972467215641097,drifted
2025-12-11,inverse_vol,IEF,0.39355482424180677,drifted
2025-12-12,inverse_vol,SPY,0.154032580959114,drifted
2025-12-12,inverse_vol,QQQ,0.1304572861349951,drifted
2025-12-12,inverse_vol,IWM,0.13943246563751943,drifted
2025-12-12,inverse_vol,EFA,0.18028321449362905,drifted
2025-12-12,inverse_vol,IEF,0.39579445277474246,drifted
2025-12-15,inverse_vol,SPY,0.1538784426618076,drifted
2025-12-15,inverse_vol,QQQ,0.12986881161814817,drifted
2025-12-15,inverse_vol,IWM,0.13844856769736855,drifted
2025-12-15,inverse_vol,EFA,0.18147815873722697,drifted
2025-12-15,inverse_vol,IEF,0.39632601928544864,drifted
2025-12-16,inverse_vol,SPY,0.15354209861681917,drifted
2025-12-16,inverse_vol,QQQ,0.13019751457632686,drifted
2025-12-16,inverse_vol,IWM,0.13786902207369406,drifted
2025-12-16,inverse_vol,EFA,0.1807360055507162,drifted
2025-12-16,inverse_vol,IEF,0.39765535918244366,drifted
2025-12-17,inverse_vol,SPY,0.15294138166417967,drifted
2025-12-17,inverse_vol,QQQ,0.12870024847108932,drifted
2025-12-17,inverse_vol,IWM,0.13737952642603496,drifted
2025-12-17,inverse_vol,EFA,0.18055523844746588,drifted
2025-12-17,inverse_vol,IEF,0.4004236049912301,drifted
2025-12-18,inverse_vol,SPY,0.1531530710033501,drifted
2025-12-18,inverse_vol,QQQ,0.12976594560085672,drifted
2025-12-18,inverse_vol,IWM,0.13735043921077358,drifted
2025-12-18,inverse_vol,EFA,0.18072709110161064,drifted
2025-12-18,inverse_vol,IEF,0.3990034530834088,drifted
2025-12-19,inverse_vol,SPY,0.15384110852969368,drifted
2025-12-19,inverse_vol,QQQ,0.1308620082299705,drifted
2025-12-19,inverse_vol,IWM,0.13787173374177247,drifted
2025-12-19,inverse_vol,EFA,0.181122717931107,drifted
2025-12-19,inverse_vol,IEF,0.3963024315674564,drifted
2025-12-22,inverse_vol,SPY,0.15431142551180593,drifted
2025-12-22,inverse_vol,QQQ,0.13107470298800383,drifted
2025-12-22,inverse_vol,IWM,0.13896598014055983,drifted
2025-12-22,inverse_vol,EFA,0.18100554793769197,drifted
2025-12-22,inverse_vol,IEF,0.39464234342193844,drifted
2025-12-23,inverse_vol,SPY,0.15479241185260686,drifted
2025-12-23,inverse_vol,QQQ,0.13149803914774,drifted
2025-12-23,inverse_vol,IWM,0.13794409306696678,drifted
2025-12-23,inverse_vol,EFA,0.1818579990098816,drifted
2025-12-23,inverse_vol,IEF,0.3939074569228047,drifted
2025-12-24,inverse_vol,SPY,0.1549456359549644,drifted
2025-12-24,inverse_vol,QQQ,0.13155053102019829,drifted
2025-12-24,inverse_vol,IWM,0.13794049761938218,drifted
2025-12-24,inverse_vol,EFA,0.18162596991457458,drifted
2025-12-24,inverse_vol,IEF,0.3939373654908806,drifted
2025-12-26,inverse_vol,SPY,0.1549390519344758,drifted
2025-12-26,inverse_vol,QQQ,0.1315498608550088,drifted
2025-12-26,inverse_vol,IWM,0.13724443172357076,drifted
2025-12-26,inverse_vol,EFA,0.18193809737825245,drifted
2025-12-26,inverse_vol,IEF,0.3943285581086923,drifted
2025-12-29,inverse_vol,SPY,0.1546968310162121,drifted
2025-12-29,inverse_vol,QQQ,0.1311758733560695,drifted
2025-12-29,inverse_vol,IWM,0.13667762387498605,drifted
2025-12-29,inverse_vol,EFA,0.18175587781064065,drifted
2025-12-29,inverse_vol,IEF,0.3956937939420917,drifted
2025-12-30,inverse_vol,SPY,0.15475750839991367,drifted
2025-12-30,inverse_vol,QQQ,0.13108304508186525,drifted
2025-12-30,inverse_vol,IWM,0.13588485651573545,drifted
2025-12-30,inverse_vol,EFA,0.1823520081854544,drifted
2025-12-30,inverse_vol,IEF,0.39592258181703127,drifted
2025-12-31,inverse_vol,SPY,0.1544360622167128,drifted
2025-12-31,inverse_vol,QQQ,0.1306978653734972,drifted
2025-12-31,inverse_vol,IWM,0.1355847971775977,drifted
2025-12-31,inverse_vol,EFA,0.18255213065214318,drifted
2025-12-31,inverse_vol,IEF,0.3967291445800491,drifted
2026-01-02,inverse_vol,SPY,0.1543657344724288,target
2026-01-02,inverse_vol,QQQ,0.13214447195197904,target
2026-01-02,inverse_vol,IWM,0.1357793970551318,target
2026-01-02,inverse_vol,EFA,0.17771039652046033,target
2026-01-02,inverse_vol,IEF,0.4,target
2026-01-02,inverse_vol,SPY,0.1543657344724288,drifted
2026-01-02,inverse_vol,QQQ,0.13214447195197904,drifted
2026-01-02,inverse_vol,IWM,0.1357793970551318,drifted
2026-01-02,inverse_vol,EFA,0.17771039652046033,drifted
2026-01-02,inverse_vol,IEF,0.4,drifted
2026-01-05,inverse_vol,SPY,0.15424108637817066,drifted
2026-01-05,inverse_vol,QQQ,0.13220603332944242,drifted
2026-01-05,inverse_vol,IWM,0.13691198904386379,drifted
2026-01-05,inverse_vol,EFA,0.1784097938388491,drifted
2026-01-05,inverse_vol,IEF,0.398231097409674,drifted
2026-01-06,inverse_vol,SPY,0.154559147773256,drifted
2026-01-06,inverse_vol,QQQ,0.13285257589193616,drifted
2026-01-06,inverse_vol,IWM,0.13819100980041402,drifted
2026-01-06,inverse_vol,EFA,0.17799235500009647,drifted
2026-01-06,inverse_vol,IEF,0.3964049115342974,drifted
2026-01-07,inverse_vol,SPY,0.1541569972308107,drifted
2026-01-07,inverse_vol,QQQ,0.13306337713938837,drifted
2026-01-07,inverse_vol,IWM,0.13795319195921105,drifted
2026-01-07,inverse_vol,EFA,0.17743294345781965,drifted
2026-01-07,inverse_vol,IEF,0.3973934902127702,drifted
2026-01-08,inverse_vol,SPY,0.15420958408294258,drifted
2026-01-08,inverse_vol,QQQ,0.13236493100133795,drifted
2026-01-08,inverse_vol,IWM,0.1395214592120107,drifted
2026-01-08,inverse_vol,EFA,0.17752962601413336,drifted
2026-01-08,inverse_vol,IEF,0.39637439968957533,drifted
2026-01-09,inverse_vol,SPY,0.15439150051766254,drifted
2026-01-09,inverse_vol,QQQ,0.13296170600656987,drifted
2026-01-09,inverse_vol,IWM,0.13982143412527537,drifted
2026-01-09,inverse_vol,EFA,0.17813978105986797,drifted
2026-01-09,inverse_vol,IEF,0.3946855782906241,drifted
2026-01-12,inverse_vol,SPY,0.1543830866880644,drifted
2026-01-12,inverse_vol,QQQ,0.13285613527993853,drifted
2026-01-12,inverse_vol,IWM,0.1402758543189401,drifted
2026-01-12,inverse_vol,EFA,0.1789307389962489,drifted
2026-01-12,inverse_vol,IEF,0.3935541847168079,drifted
2026-01-13,inverse_vol,SPY,0.15424731591799512,drifted
2026-01-13,inverse_vol,QQQ,0.13280802058405639,drifted
2026-01-13,inverse_vol,IWM,0.14035273560092312,drifted
2026-01-13,inverse_vol,EFA,0.17810443550676355,drifted
2026-01-13,inverse_vol,IEF,0.3944874923902618,drifted
2026-01-14,inverse_vol,SPY,0.15341868193577737,drifted
2026-01-14,inverse_vol,QQQ,0.13132891879184747,drifted
2026-01-14,inverse_vol,IWM,0.14127594737748125,drifted
2026-01-14,inverse_vol,EFA,0.17885117423314495,drifted
2026-01-14,inverse_vol,IEF,0.395125277661749,drifted
2026-01-15,inverse_vol,SPY,0.15364520735615278,drifted
2026-01-15,inverse_vol,QQQ,0.13163776296521612,drifted
2026-01-15,inverse_vol,IWM,0.14234409612025914,drifted
2026-01-15,inverse_vol,EFA,0.17855684314386094,drifted
2026-01-15,inverse_vol,IEF,0.3938160904145111,drifted
2026-01-16,inverse_vol,SPY,0.15369047051991422,drifted
2026-01-16,inverse_vol,QQQ,0.1316767550307759,drifted
2026-01-16,inverse_vol,IWM,0.142639625465303,drifted
2026-01-16,inverse_vol,EFA,0.17924548120683736,drifted
2026-01-16,inverse_vol,IEF,0.39274766777716946,drifted
2026-01-20,inverse_vol,SPY,0.1523763689955956,drifted
2026-01-20,inverse_vol,QQQ,0.1304322288370803,drifted
2026-01-20,inverse_vol,IWM,0.1426313333073402,drifted
2026-01-20,inverse_vol,EFA,0.1786535548634574,drifted
2026-01-20,inverse_vol,IEF,0.3959065139965265,drifted
2026-01-21,inverse_vol,SPY,0.1527255268401817,drifted
2026-01-21,inverse_vol,QQQ,0.1309866480432061,drifted
2026-01-21,inverse_vol,IWM,0.14413123351912496,drifted
2026-01-21,inverse_vol,EFA,0.1788439316023003,drifted
2026-01-21,inverse_vol,IEF,0.3933126599951869,drifted
2026-01-22,inverse_vol,SPY,0.15298937543465466,drifted
2026-01-22,inverse_vol,QQQ,0.131480018982386,drifted
2026-01-22,inverse_vol,IWM,0.14470272379788196,drifted
2026-01-22,inverse_vol,EFA,0.1789238878239495,drifted
2026-01-22,inverse_vol,IEF,0.39190399396112785,drifted
2026-01-23,inverse_vol,SPY,0.15313001034204238,drifted
2026-01-23,inverse_vol,QQQ,0.13196853469278497,drifted
2026-01-23,inverse_vol,IWM,0.14211071507286202,drifted
2026-01-23,inverse_vol,EFA,0.18001380211827342,drifted
2026-01-23,inverse_vol,IEF,0.39277693777403727,drifted
2026-01-26,inverse_vol,SPY,0.1535412336362119,drifted
2026-01-26,inverse_vol,QQQ,0.13223365545365331,drifted
2026-01-26,inverse_vol,IWM,0.14132804489467696,drifted
2026-01-26,inverse_vol,EFA,0.1804834508278631,drifted
2026-01-26,inverse_vol,IEF,0.3924136151875946,drifted
2026-01-27,inverse_vol,SPY,0.15343597002706286,drifted
2026-01-27,inverse_vol,QQQ,0.13281177067701522,drifted
2026-01-27,inverse_vol,IWM,0.14107035002159507,drifted
2026-01-27,inverse_vol,EFA,0.1825405845971986,drifted
2026-01-27,inverse_vol,IEF,0.3901413246771283,drifted
2026-01-28,inverse_vol,SPY,0.15381953450032493,drifted
2026-01-28,inverse_vol,QQQ,0.13359811572546135,drifted
2026-01-28,inverse_vol,IWM,0.14067322414450462,drifted
2026-01-28,inverse_vol,EFA,0.18107923307148838,drifted
2026-01-28,inverse_vol,IEF,0.3908298925582207,drifted
2026-01-29,inverse_vol,SPY,0.15342850055122767,drifted
2026-01-29,inverse_vol,QQQ,0.13272429044570355,drifted
2026-01-29,inverse_vol,IWM,0.14063198871634655,drifted
2026-01-29,inverse_vol,EFA,0.18219637664865102,drifted
2026-01-29,inverse_vol,IEF,0.3910188436380712,drifted
2026-01-30,inverse_vol,SPY,0.1538918981363931,drifted
2026-01-30,inverse_vol,QQQ,0.1319196440470751,drifted
2026-01-30,inverse_vol,IWM,0.1394803635559584,drifted
2026-01-30,inverse_vol,EFA,0.18158097325713102,drifted
2026-01-30,inverse_vol,IEF,0.39312712100344244,drifted
2026-02-02,inverse_vol,SPY,0.15490047087006376,target
2026-02-02,inverse_vol,QQQ,0.1338892609464234,target
2026-02-02,inverse_vol,IWM,0.1354235954513749,target
2026-02-02,inverse_vol,EFA,0.17578667273213794,target
2026-02-02,inverse_vol,IEF,0.4,target
2026-02-02,inverse_vol,SPY,0.15490047087006376,drifted
2026-02-02,inverse_vol,QQQ,0.1338892609464234,drifted
2026-02-02,inverse_vol,IWM,0.1354235954513749,drifted
2026-02-02,inverse_vol,EFA,0.17578667273213794,drifted
2026-02-02,inverse_vol,IEF,0.4,drifted
2026-02-03,inverse_vol,SPY,0.1539900104573842,drifted
2026-02-03,inverse_vol,QQQ,0.13217492517684504,drifted
2026-02-03,inverse_vol,IWM,0.1360863845299856,drifted
2026-02-03,inverse_vol,EFA,0.17633057706318436,drifted
2026-02-03,inverse_vol,IEF,0.40141810277260087,drifted
2026-02-04,inverse_vol,SPY,0.15381873045138178,drifted
2026-02-04,inverse_vol,QQQ,0.1303529168860402,drifted
2026-02-04,inverse_vol,IWM,0.13542188631082264,drifted
2026-02-04,inverse_vol,EFA,0.17756749314676193,drifted
2026-02-04,inverse_vol,IEF,0.4028389732049934,drifted
2026-02-05,inverse_vol,SPY,0.15287654850263682,drifted
2026-02-05,inverse_vol,QQQ,0.12930441038826032,drifted
2026-02-05,inverse_vol,IWM,0.1338409880327113,drifted
2026-02-05,inverse_vol,EFA,0.17616583310953168,drifted
2026-02-05,inverse_vol,IEF,0.40781221996685985,drifted
2026-02-06,inverse_vol,SPY,0.1535859310433552,drifted
2026-02-06,inverse_vol,QQQ,0.13015336191389515,drifted
2026-02-06,inverse_vol,IWM,0.13667023402608344,drifted
2026-02-06,inverse_vol,EFA,0.177598041690627,drifted
2026-02-06,inverse_vol,IEF,0.40199243132603907,drifted
2026-02-09,inverse_vol,SPY,0.15353289522837943,drifted
2026-02-09,inverse_vol,QQQ,0.13047593507881797,drifted
2026-02-09,inverse_vol,IWM,0.1369217087084092,drifted
2026-02-09,inverse_vol,EFA,0.17906098775983295,drifted
2026-02-09,inverse_vol,IEF,0.4000084732245605,drifted
2026-02-10,inverse_vol,SPY,0.15300569350966176,drifted
2026-02-10,inverse_vol,QQQ,0.12976689428944277,drifted
2026-02-10,inverse_vol,IWM,0.13644325308099534,drifted
2026-02-10,inverse_vol,EFA,0.17934811310952534,drifted
2026-02-10,inverse_vol,IEF,0.4014360460103748,drifted
2026-02-11,inverse_vol,SPY,0.1530049676139791,drifted
2026-02-11,inverse_vol,QQQ,0.13014438544516863,drifted
2026-02-11,inverse_vol,IWM,0.13585371307252647,drifted
2026-02-11,inverse_vol,EFA,0.1805933702220027,drifted
2026-02-11,inverse_vol,IEF,0.400403563646323,drifted
2026-02-12,inverse_vol,SPY,0.15165573398597287,drifted
2026-02-12,inverse_vol,QQQ,0.1283560358572125,drifted
2026-02-12,inverse_vol,IWM,0.13397595615637803,drifted
2026-02-12,inverse_vol,EFA,0.180440914165544,drifted
2026-02-12,inverse_vol,IEF,0.4055713598348926,drifted
2026-02-13,inverse_vol,SPY,0.15117399905749654,drifted
2026-02-13,inverse_vol,QQQ,0.12813071288799896,drifted
2026-02-13,inverse_vol,IWM,0.13521493755074598,drifted
2026-02-13,inverse_vol,EFA,0.17989643731747415,drifted
2026-02-13,inverse_vol,IEF,0.4055839131862843,drifted
2026-02-17,inverse_vol,SPY,0.15140629456241458,drifted
2026-02-17,inverse_vol,QQQ,0.12798889982721853,drifted
2026-02-17,inverse_vol,IWM,0.13524569163886965,drifted
2026-02-17,inverse_vol,EFA,0.17984811876125922,drifted
2026-02-17,inverse_vol,IEF,0.40551099521023803,drifted
2026-02-18,inverse_vol,SPY,0.1519290388239833,drifted
2026-02-18,inverse_vol,QQQ,0.12874125367535874,drifted
2026-02-18,inverse_vol,IWM,0.13552005989770563,drifted
2026-02-18,inverse_vol,EFA,0.17977121401512186,drifted
2026-02-18,inverse_vol,IEF,0.4040384335878304,drifted
2026-02-19,inverse_vol,SPY,0.15163528596632012,drifted
2026-02-19,inverse_vol,QQQ,0.12833872965786403,drifted
2026-02-19,inverse_vol,IWM,0.13592911307817196,drifted
2026-02-19,inverse_vol,EFA,0.17939810478898383,drifted
2026-02-19,inverse_vol,IEF,0.40469876650865994,drifted
2026-02-20,inverse_vol,SPY,0.15216843408831618,drifted
2026-02-20,inverse_vol,QQQ,0.12899673081413018,drifted
2026-02-20,inverse_vol,IWM,0.13543273106073125,drifted
2026-02-20,inverse_vol,EFA,0.1801963742085931,drifted
2026-02-20,inverse_vol,IEF,0.4032057298282293,drifted
2026-02-23,inverse_vol,SPY,0.15129779371389795,drifted
2026-02-23,inverse_vol,QQQ,0.12800680466422137,drifted
2026-02-23,inverse_vol,IWM,0.13392880136995375,drifted
2026-02-23,inverse_vol,EFA,0.18027176996356586,drifted
2026-02-23,inverse_vol,IEF,0.406494830288361,drifted
2026-02-24,inverse_vol,SPY,0.15176324668484928,drifted
2026-02-24,inverse_vol,QQQ,0.12884332136065235,drifted
2026-02-24,inverse_vol,IWM,0.13482549561489238,drifted
2026-02-24,inverse_vol,EFA,0.17984800722741645,drifted
2026-02-24,inverse_vol,IEF,0.4047199291121897,drifted
2026-02-25,inverse_vol,SPY,0.15225608656674952,drifted
2026-02-25,inverse_vol,QQQ,0.13003784821279202,drifted
2026-02-25,inverse_vol,IWM,0.13476819517581726,drifted
2026-02-25,inverse_vol,EFA,0.18063181540208756,drifted
2026-02-25,inverse_vol,IEF,0.4023060546425536,drifted
2026-02-26,inverse_vol,SPY,0.15152791517727104,drifted
2026-02-26,inverse_vol,QQQ,0.12856873298274923,drifted
2026-02-26,inverse_vol,IWM,0.13559158040767721,drifted
2026-02-26,inverse_vol,EFA,0.18061803445231753,drifted
2026-02-26,inverse_vol,IEF,0.40369373697998495,drifted
2026-02-27,inverse_vol,SPY,0.1511306287599737,drifted
2026-02-27,inverse_vol,QQQ,0.12843794926895014,drifted
2026-02-27,inverse_vol,IWM,0.1335487962130956,drifted
2026-02-27,inverse_vol,EFA,0.18068790484438804,drifted
2026-02-27,inverse_vol,IEF,0.4061947209135924,drifted
2026-03-02,inverse_vol,SPY,0.15470470329967248,target
2026-03-02,inverse_vol,QQQ,0.13398255628839428,target
2026-03-02,inverse_vol,IWM,0.13539413552914892,target
2026-03-02,inverse_vol,EFA,0.17591860488278432,target
2026-03-02,inverse_vol,IEF,0.4,target
2026-03-02,inverse_vol,SPY,0.15470470329967248,drifted
2026-03-02,inverse_vol,QQQ,0.13398255628839428,drifted
2026-03-02,inverse_vol,IWM,0.13539413552914892,drifted
2026-03-02,inverse_vol,EFA,0.17591860488278432,drifted
2026-03-02,inverse_vol,IEF,0.4,drifted
2026-03-03,inverse_vol,SPY,0.1550564838792494,drifted
2026-03-03,inverse_vol,QQQ,0.13403099337492522,drifted
2026-03-03,inverse_vol,IWM,0.13453710027614033,drifted
2026-03-03,inverse_vol,EFA,0.17235883393448387,drifted
2026-03-03,inverse_vol,IEF,0.40401658853520117,drifted
2026-03-04,inverse_vol,SPY,0.15524486478100458,drifted
2026-03-04,inverse_vol,QQQ,0.13528490112369687,drifted
2026-03-04,inverse_vol,IWM,0.13505706611385865,drifted
2026-03-04,inverse_vol,EFA,0.17356778650750224,drifted
2026-03-04,inverse_vol,IEF,0.4008453814739376,drifted
2026-03-05,inverse_vol,SPY,0.15576494808010877,drifted
2026-03-05,inverse_vol,QQQ,0.136087929427482,drifted
2026-03-05,inverse_vol,IWM,0.13366633870168965,drifted
2026-03-05,inverse_vol,EFA,0.17129081237644603,drifted
2026-03-05,inverse_vol,IEF,0.4031899714142736,drifted
2026-03-06,inverse_vol,SPY,0.15510616645401362,drifted
2026-03-06,inverse_vol,QQQ,0.13524650527965013,drifted
2026-03-06,inverse_vol,IWM,0.13178543240530002,drifted
2026-03-06,inverse_vol,EFA,0.1712978793920778,drifted
2026-03-06,inverse_vol,IEF,0.4065640164689584,drifted
2026-03-09,inverse_vol,SPY,0.15536166421119757,drifted
2026-03-09,inverse_vol,QQQ,0.13608644498096326,drifted
2026-03-09,inverse_vol,IWM,0.13228008535959024,drifted
2026-03-09,inverse_vol,EFA,0.17131883669961523,drifted
2026-03-09,inverse_vol,IEF,0.4049529687486336,drifted
2026-03-10,inverse_vol,SPY,0.15531116651770355,drifted
2026-03-10,inverse_vol,QQQ,0.13626345045598018,drifted
2026-03-10,inverse_vol,IWM,0.13231416563234633,drifted
2026-03-10,inverse_vol,EFA,0.17193739918759077,drifted
2026-03-10,inverse_vol,IEF,0.40417381820637915,drifted
2026-03-11,inverse_vol,SPY,0.15553416132337808,drifted
2026-03-11,inverse_vol,QQQ,0.13661260953322743,drifted
2026-03-11,inverse_vol,IWM,0.13240361514127685,drifted
2026-03-11,inverse_vol,EFA,0.172035773740618,drifted
2026-03-11,inverse_vol,IEF,0.4034138402614997,drifted
2026-03-12,inverse_vol,SPY,0.15496235848264603,drifted
2026-03-12,inverse_vol,QQQ,0.1358369346630868,drifted
2026-03-12,inverse_vol,IWM,0.13106897140453766,drifted
2026-03-12,inverse_vol,EFA,0.17132149017404327,drifted
2026-03-12,inverse_vol,IEF,0.4068102452756862,drifted
2026-03-13,inverse_vol,SPY,0.15479435940284042,drifted
2026-03-13,inverse_vol,QQQ,0.13565322549110492,drifted
2026-03-13,inverse_vol,IWM,0.13123574168716298,drifted
2026-03-13,inverse_vol,EFA,0.17006141694519286,drifted
2026-03-13,inverse_vol,IEF,0.40825525647369876,drifted
2026-03-16,inverse_vol,SPY,0.154920816238092,drifted
2026-03-16,inverse_vol,QQQ,0.13590390232730737,drifted
2026-03-16,inverse_vol,IWM,0.13124830779744326,drifted
2026-03-16,inverse_vol,EFA,0.17163494961940343,drifted
2026-03-16,inverse_vol,IEF,0.40629202401775405,drifted
2026-03-17,inverse_vol,SPY,0.15484941848257633,drifted
2026-03-17,inverse_vol,QQQ,0.13614606568836263,drifted
2026-03-17,inverse_vol,IWM,0.13167140998053467,drifted
2026-03-17,inverse_vol,EFA,0.17157669161978692,drifted
2026-03-17,inverse_vol,IEF,0.40575641422873954,drifted
2026-03-18,inverse_vol,SPY,0.15438180329649842,drifted
2026-03-18,inverse_vol,QQQ,0.13573684889555312,drifted
2026-03-18,inverse_vol,IWM,0.1309858183739711,drifted
2026-03-18,inverse_vol,EFA,0.1705164962666635,drifted
2026-03-18,inverse_vol,IEF,0.4083790331673138,drifted
2026-03-19,inverse_vol,SPY,0.1540467563958157,drifted
2026-03-19,inverse_vol,QQQ,0.1353477808552561,drifted
2026-03-19,inverse_vol,IWM,0.13188187045801494,drifted
2026-03-19,inverse_vol,EFA,0.17026685382553675,drifted
2026-03-19,inverse_vol,IEF,0.4084567384653765,drifted
2026-03-20,inverse_vol,SPY,0.15437455973933498,drifted
2026-03-20,inverse_vol,QQQ,0.13506528535407997,drifted
2026-03-20,inverse_vol,IWM,0.1311553626557703,drifted
2026-03-20,inverse_vol,EFA,0.16785583306220872,drifted
2026-03-20,inverse_vol,IEF,0.411548959188606,drifted
2026-03-23,inverse_vol,SPY,0.15424635107205187,drifted
2026-03-23,inverse_vol,QQQ,0.13508385635420556,drifted
2026-03-23,inverse_vol,IWM,0.1324848870332535,drifted
2026-03-23,inverse_vol,EFA,0.16996387790756787,drifted
2026-03-23,inverse_vol,IEF,0.4082210276329211,drifted
2026-03-24,inverse_vol,SPY,0.15420854538622555,drifted
2026-03-24,inverse_vol,QQQ,0.13457918383366083,drifted
2026-03-24,inverse_vol,IWM,0.13361284112309213,drifted
2026-03-24,inverse_vol,EFA,0.16948054056460884,drifted
2026-03-24,inverse_vol,IEF,0.40811888909241256,drifted
2026-03-25,inverse_vol,SPY,0.15383706911846726,drifted
2026-03-25,inverse_vol,QQQ,0.13438889714933872,drifted
2026-03-25,inverse_vol,IWM,0.13417204958965645,drifted
2026-03-25,inverse_vol,EFA,0.17058843191993367,drifted
2026-03-25,inverse_vol,IEF,0.407013552222604,drifted
2026-03-26,inverse_vol,SPY,0.1534069175020125,drifted
2026-03-26,inverse_vol,QQQ,0.1331931675069608,drifted
2026-03-26,inverse_vol,IWM,0.13386027484120958,drifted
2026-03-26,inverse_vol,EFA,0.16962086626717707,drifted
2026-03-26,inverse_vol,IEF,0.4099187738826401,drifted
2026-03-27,inverse_vol,SPY,0.15217024425533862,drifted
2026-03-27,inverse_vol,QQQ,0.13178545442026066,drifted
2026-03-27,inverse_vol,IWM,0.13271529852442923,drifted
2026-03-27,inverse_vol,EFA,0.16961717626477488,drifted
2026-03-27,inverse_vol,IEF,0.41371182653519656,drifted
2026-03-30,inverse_vol,SPY,0.15166194116919895,drifted
2026-03-30,inverse_vol,QQQ,0.1307785897283395,drifted
2026-03-30,inverse_vol,IWM,0.13081039119047477,drifted
2026-03-30,inverse_vol,EFA,0.17010591188981947,drifted
2026-03-30,inverse_vol,IEF,0.4166431660221672,drifted
2026-03-31,inverse_vol,SPY,0.15305628348482128,drifted
2026-03-31,inverse_vol,QQQ,0.13259474912868516,drifted
2026-03-31,inverse_vol,IWM,0.13277599010960445,drifted
2026-03-31,inverse_vol,EFA,0.17224720932497237,drifted
2026-03-31,inverse_vol,IEF,0.4093257679519168,drifted
2026-04-01,inverse_vol,SPY,0.15823638846193971,target
2026-04-01,inverse_vol,QQQ,0.13813069321691152,target
2026-04-01,inverse_vol,IWM,0.13579550357011397,target
2026-04-01,inverse_vol,EFA,0.16783741475103478,target
2026-04-01,inverse_vol,IEF,0.4,target
2026-04-01,inverse_vol,SPY,0.15823638846193971,drifted
2026-04-01,inverse_vol,QQQ,0.13813069321691152,drifted
2026-04-01,inverse_vol,IWM,0.13579550357011397,drifted
2026-04-01,inverse_vol,EFA,0.16783741475103478,drifted
2026-04-01,inverse_vol,IEF,0.4,drifted
2026-04-02,inverse_vol,SPY,0.15820012625240187,drifted
2026-04-02,inverse_vol,QQQ,0.13813299654212588,drifted
2026-04-02,inverse_vol,IWM,0.1365825389373709,drifted
2026-04-02,inverse_vol,EFA,0.16661091804395217,drifted
2026-04-02,inverse_vol,IEF,0.4004734202241493,drifted
2026-04-06,inverse_vol,SPY,0.15863974573772507,drifted
2026-04-06,inverse_vol,QQQ,0.13869476293099925,drifted
2026-04-06,inverse_vol,IWM,0.13689818047552585,drifted
2026-04-06,inverse_vol,EFA,0.16711932777905186,drifted
2026-04-06,inverse_vol,IEF,0.398647983076698,drifted
2026-04-07,inverse_vol,SPY,0.15852584274386056,drifted
2026-04-07,inverse_vol,QQQ,0.1385554233817465,drifted
2026-04-07,inverse_vol,IWM,0.13703773472040762,drifted
2026-04-07,inverse_vol,EFA,0.16668860370736358,drifted
2026-04-07,inverse_vol,IEF,0.3991923954466217,drifted
2026-04-08,inverse_vol,SPY,0.15943189760184442,drifted
2026-04-08,inverse_vol,QQQ,0.13992654633684493,drifted
2026-04-08,inverse_vol,IWM,0.1384153413048705,drifted
2026-04-08,inverse_vol,EFA,0.16986047542260052,drifted
2026-04-08,inverse_vol,IEF,0.39236573933383956,drifted
2026-04-09,inverse_vol,SPY,0.16000990545255264,drifted
2026-04-09,inverse_vol,QQQ,0.14057285075140483,drifted
2026-04-09,inverse_vol,IWM,0.13891043595688715,drifted
2026-04-09,inverse_vol,EFA,0.16910036556382158,drifted
2026-04-09,inverse_vol,IEF,0.39140644227533383,drifted
2026-04-10,inverse_vol,SPY,0.1599884842270477,drifted
2026-04-10,inverse_vol,QQQ,0.140849934601477,drifted
2026-04-10,inverse_vol,IWM,0.13863364623984328,drifted
2026-04-10,inverse_vol,EFA,0.16957137498955974,drifted
2026-04-10,inverse_vol,IEF,0.39095655994207223,drifted
2026-04-13,inverse_vol,SPY,0.1604404684659127,drifted
2026-04-13,inverse_vol,QQQ,0.14132761504843475,drifted
2026-04-13,inverse_vol,IWM,0.13966625633951643,drifted
2026-04-13,inverse_vol,EFA,0.16944302347060608,drifted
2026-04-13,inverse_vol,IEF,0.3891226366755299,drifted
2026-04-14,inverse_vol,SPY,0.16093483534877603,drifted
2026-04-14,inverse_vol,QQQ,0.14259951401005475,drifted
2026-04-14,inverse_vol,IWM,0.1403160306290401,drifted
2026-04-14,inverse_vol,EFA,0.16927470013598844,drifted
2026-04-14,inverse_vol,IEF,0.38687491987614087,drifted
2026-04-15,inverse_vol,SPY,0.161844033711022,drifted
2026-04-15,inverse_vol,QQQ,0.1442742475825217,drifted
2026-04-15,inverse_vol,IWM,0.14035304753697714,drifted
2026-04-15,inverse_vol,EFA,0.1683604420235206,drifted
2026-04-15,inverse_vol,IEF,0.3851682291459586,drifted
2026-04-16,inverse_vol,SPY,0.16220761512390472,drifted
2026-04-16,inverse_vol,QQQ,0.1449386432640874,drifted
2026-04-16,inverse_vol,IWM,0.14061521721427467,drifted
2026-04-16,inverse_vol,EFA,0.16783623957081636,drifted
2026-04-16,inverse_vol,IEF,0.384402284826917,drifted
2026-04-17,inverse_vol,SPY,0.16236204447956473,drifted
2026-04-17,inverse_vol,QQQ,0.14521974516473823,drifted
2026-04-17,inverse_vol,IWM,0.14207174027576602,drifted
2026-04-17,inverse_vol,EFA,0.16810085674081288,drifted
2026-04-17,inverse_vol,IEF,0.38224561333911816,drifted
2026-04-20,inverse_vol,SPY,0.16219894302979188,drifted
2026-04-20,inverse_vol,QQQ,0.14490304896370113,drifted
2026-04-20,inverse_vol,IWM,0.1430230452725063,drifted
2026-04-20,inverse_vol,EFA,0.16760716310158336,drifted
2026-04-20,inverse_vol,IEF,0.38226779963241725,drifted
2026-04-21,inverse_vol,SPY,0.1625070453679319,drifted
2026-04-21,inverse_vol,QQQ,0.14557923609314297,drifted
2026-04-21,inverse_vol,IWM,0.14276207117907563,drifted
2026-04-21,inverse_vol,EFA,0.1653232412612307,drifted
2026-04-21,inverse_vol,IEF,0.3838284060986187,drifted
2026-04-22,inverse_vol,SPY,0.16316375099271954,drifted
2026-04-22,inverse_vol,QQQ,0.14712311677162282,drifted
2026-04-22,inverse_vol,IWM,0.14292032160687979,drifted
2026-04-22,inverse_vol,EFA,0.16487699918527263,drifted
2026-04-22,inverse_vol,IEF,0.3819158114435053,drifted
2026-04-23,inverse_vol,SPY,0.16314041090348247,drifted
2026-04-23,inverse_vol,QQQ,0.1468433517751772,drifted
2026-04-23,inverse_vol,IWM,0.14295847698640587,drifted
2026-04-23,inverse_vol,EFA,0.1643108779784118,drifted
2026-04-23,inverse_vol,IEF,0.38274688235652266,drifted
2026-04-24,inverse_vol,SPY,0.16337830018701976,drifted
2026-04-24,inverse_vol,QQQ,0.148717857160365,drifted
2026-04-24,inverse_vol,IWM,0.14264866913012267,drifted
2026-04-24,inverse_vol,EFA,0.16413992293031077,drifted
2026-04-24,inverse_vol,IEF,0.38111525059218165,drifted
2026-04-27,inverse_vol,SPY,0.1638061908921843,drifted
2026-04-27,inverse_vol,QQQ,0.14892938885843857,drifted
2026-04-27,inverse_vol,IWM,0.14302920573834044,drifted
2026-04-27,inverse_vol,EFA,0.16365721461183824,drifted
2026-04-27,inverse_vol,IEF,0.3805779998991985,drifted
2026-04-28,inverse_vol,SPY,0.16382809462636833,drifted
2026-04-28,inverse_vol,QQQ,0.1481723626355468,drifted
2026-04-28,inverse_vol,IWM,0.142072451176158,drifted
2026-04-28,inverse_vol,EFA,0.16379803793776213,drifted
2026-04-28,inverse_vol,IEF,0.3821290536241647,drifted
2026-04-29,inverse_vol,SPY,0.16438552915757387,drifted
2026-04-29,inverse_vol,QQQ,0.14960860017970584,drifted
2026-04-29,inverse_vol,IWM,0.1416253187837528,drifted
2026-04-29,inverse_vol,EFA,0.16270375321399816,drifted
2026-04-29,inverse_vol,IEF,0.38167679866496934,drifted
2026-04-30,inverse_vol,SPY,0.1642613990067283,drifted
2026-04-30,inverse_vol,QQQ,0.1494033502716967,drifted
2026-04-30,inverse_vol,IWM,0.14315761335543825,drifted
2026-04-30,inverse_vol,EFA,0.16482929753353703,drifted
2026-04-30,inverse_vol,IEF,0.37834833983259974,drifted
2026-05-01,inverse_vol,SPY,0.18057292082371437,target
2026-05-01,inverse_vol,QQQ,0.14177040473965416,target
2026-05-01,inverse_vol,IWM,0.12097033405873522,target
2026-05-01,inverse_vol,EFA,0.15668634037789617,target
2026-05-01,inverse_vol,IEF,0.4,target
2026-05-01,inverse_vol,SPY,0.18057292082371437,drifted
2026-05-01,inverse_vol,QQQ,0.14177040473965416,drifted
2026-05-01,inverse_vol,IWM,0.12097033405873522,drifted
2026-05-01,inverse_vol,EFA,0.15668634037789617,drifted
2026-05-01,inverse_vol,IEF,0.4,drifted
2026-05-04,inverse_vol,SPY,0.18084479755652777,drifted
2026-05-04,inverse_vol,QQQ,0.142237441951999,drifted
2026-05-04,inverse_vol,IWM,0.1209883888344217,drifted
2026-05-04,inverse_vol,EFA,0.15533958630319236,drifted
2026-05-04,inverse_vol,IEF,0.4005897853538593,drifted
2026-05-05,inverse_vol,SPY,0.18084966594554783,drifted
2026-05-05,inverse_vol,QQQ,0.14294001377249976,drifted
2026-05-05,inverse_vol,IWM,0.12205023461451528,drifted
2026-05-05,inverse_vol,EFA,0.15615817284549136,drifted
2026-05-05,inverse_vol,IEF,0.39800191282194586,drifted
2026-05-06,inverse_vol,SPY,0.18091512855859623,drifted
2026-05-06,inverse_vol,QQQ,0.1439613409565679,drifted
2026-05-06,inverse_vol,IWM,0.12222761968733924,drifted
2026-05-06,inverse_vol,EFA,0.15825566754100218,drifted
2026-05-06,inverse_vol,IEF,0.3946402432564945,drifted
2026-05-07,inverse_vol,SPY,0.18158887691131853,drifted
2026-05-07,inverse_vol,QQQ,0.14476896499432385,drifted
2026-05-07,inverse_vol,IWM,0.12111211480976561,drifted
2026-05-07,inverse_vol,EFA,0.15641476142781524,drifted
2026-05-07,inverse_vol,IEF,0.3961152818567768,drifted
2026-05-08,inverse_vol,SPY,0.18156574952566698,drifted
2026-05-08,inverse_vol,QQQ,0.14693054093173089,drifted
2026-05-08,inverse_vol,IWM,0.12091782727532147,drifted
2026-05-08,inverse_vol,EFA,0.15672730892489273,drifted
2026-05-08,inverse_vol,IEF,0.39385857334238783,drifted
2026-05-11,inverse_vol,SPY,0.18203866216988435,drifted
2026-05-11,inverse_vol,QQQ,0.14740419708277083,drifted
2026-05-11,inverse_vol,IWM,0.12145101649417962,drifted
2026-05-11,inverse_vol,EFA,0.15644667500776477,drifted
2026-05-11,inverse_vol,IEF,0.39265944924540047,drifted
2026-05-12,inverse_vol,SPY,0.18266403593357586,drifted
2026-05-12,inverse_vol,QQQ,0.14687853377170468,drifted
2026-05-12,inverse_vol,IWM,0.12087253887226801,drifted
2026-05-12,inverse_vol,EFA,0.15631298208992278,drifted
2026-05-12,inverse_vol,IEF,0.39327190933252876,drifted
2026-05-13,inverse_vol,SPY,0.18301583599107443,drifted
2026-05-13,inverse_vol,QQQ,0.14788836008149872,drifted
2026-05-13,inverse_vol,IWM,0.12047416195398136,drifted
2026-05-13,inverse_vol,EFA,0.15678458498238482,drifted
2026-05-13,inverse_vol,IEF,0.39183705699106086,drifted
2026-05-14,inverse_vol,SPY,0.18401041038667953,drifted
2026-05-14,inverse_vol,QQQ,0.14857600263844947,drifted
2026-05-14,inverse_vol,IWM,0.12093691492339723,drifted
2026-05-14,inverse_vol,EFA,0.15584459425470862,drifted
2026-05-14,inverse_vol,IEF,0.390632077796765,drifted
2026-05-15,inverse_vol,SPY,0.18420942449300748,drifted
2026-05-15,inverse_vol,QQQ,0.14827624996081162,drifted
2026-05-15,inverse_vol,IWM,0.11959079179175552,drifted
2026-05-15,inverse_vol,EFA,0.15525692656034068,drifted
2026-05-15,inverse_vol,IEF,0.39266660719408464,drifted
2026-05-18,inverse_vol,SPY,0.18411720732223955,drifted
2026-05-18,inverse_vol,QQQ,0.1476683094713455,drifted
2026-05-18,inverse_vol,IWM,0.11891272759434116,drifted
2026-05-18,inverse_vol,EFA,0.1567234874385907,drifted
2026-05-18,inverse_vol,IEF,0.3925782681734831,drifted
2026-05-19,inverse_vol,SPY,0.18400551608438026,drifted
2026-05-19,inverse_vol,QQQ,0.14765277158941326,drifted
2026-05-19,inverse_vol,IWM,0.1183499316890047,drifted
2026-05-19,inverse_vol,EFA,0.156542083409092,drifted
2026-05-19,inverse_vol,IEF,0.39344969722810985,drifted
2026-05-20,inverse_vol,SPY,0.18358135992764976,drifted
2026-05-20,inverse_vol,QQQ,0.14823321711713824,drifted
2026-05-20,inverse_vol,IWM,0.11982047709235719,drifted
2026-05-20,inverse_vol,EFA,0.15717542408802365,drifted
2026-05-20,inverse_vol,IEF,0.39118952177483113,drifted
2026-05-21,inverse_vol,SPY,0.18341655520621913,drifted
2026-05-21,inverse_vol,QQQ,0.14808890236587632,drifted
2026-05-21,inverse_vol,IWM,0.1205944437271663,drifted
2026-05-21,inverse_vol,EFA,0.15758563467813247,drifted
2026-05-21,inverse_vol,IEF,0.39031446402260567,drifted
2026-05-22,inverse_vol,SPY,0.18368083126248075,drifted
2026-05-22,inverse_vol,QQQ,0.14834793248326558,drifted
2026-05-22,inverse_vol,IWM,0.12141521788587799,drifted
2026-05-22,inverse_vol,EFA,0.15687784145133626,drifted
2026-05-22,inverse_vol,IEF,0.38967817691703927,drifted
2026-05-26,inverse_vol,SPY,0.18315222068547496,drifted
2026-05-26,inverse_vol,QQQ,0.14955452799191282,drifted
2026-05-26,inverse_vol,IWM,0.12254097390950662,drifted
2026-05-26,inverse_vol,EFA,0.15711339438942984,drifted
2026-05-26,inverse_vol,IEF,0.3876388830236756,drifted
2026-05-27,inverse_vol,SPY,0.18323672958085852,drifted
2026-05-27,inverse_vol,QQQ,0.14947936255274763,drifted
2026-05-27,inverse_vol,IWM,0.12255965628771934,drifted
2026-05-27,inverse_vol,EFA,0.1566747635960122,drifted
2026-05-27,inverse_vol,IEF,0.38804948798266226,drifted
2026-05-28,inverse_vol,SPY,0.18355788756321906,drifted
2026-05-28,inverse_vol,QQQ,0.15017538565792682,drifted
2026-05-28,inverse_vol,IWM,0.12279892946343841,drifted
2026-05-28,inverse_vol,EFA,0.15596911780480965,drifted
2026-05-28,inverse_vol,IEF,0.38749867951060607,drifted
2026-05-29,inverse_vol,SPY,0.18384009356783687,drifted
2026-05-29,inverse_vol,QQQ,0.15058519638597564,drifted
2026-05-29,inverse_vol,IWM,0.12200989938369701,drifted
2026-05-29,inverse_vol,EFA,0.15598442646132638,drifted
2026-05-29,inverse_vol,IEF,0.38758038420116403,drifted
2026-06-01,inverse_vol,SPY,0.18677397889397207,target
2026-06-01,inverse_vol,QQQ,0.14226647377155438,target
2026-06-01,inverse_vol,IWM,0.12110202283645968,target
2026-06-01,inverse_vol,EFA,0.14985752449801396,target
2026-06-01,inverse_vol,IEF,0.4,target
2026-06-01,inverse_vol,SPY,0.18677397889397207,drifted
2026-06-01,inverse_vol,QQQ,0.14226647377155438,drifted
2026-06-01,inverse_vol,IWM,0.12110202283645968,drifted
2026-06-01,inverse_vol,EFA,0.14985752449801396,drifted
2026-06-01,inverse_vol,IEF,0.4,drifted
2026-06-02,inverse_vol,SPY,0.18643820862496913,drifted
2026-06-02,inverse_vol,QQQ,0.1424711452050596,drifted
2026-06-02,inverse_vol,IWM,0.12183993728598812,drifted
2026-06-02,inverse_vol,EFA,0.1502148514230827,drifted
2026-06-02,inverse_vol,IEF,0.39903585746090053,drifted
2026-06-03,inverse_vol,SPY,0.1861820400295965,drifted
2026-06-03,inverse_vol,QQQ,0.14290638312633513,drifted
2026-06-03,inverse_vol,IWM,0.12085608069987014,drifted
2026-06-03,inverse_vol,EFA,0.14977391286412925,drifted
2026-06-03,inverse_vol,IEF,0.40028158328006896,drifted
2026-06-04,inverse_vol,SPY,0.1862262203599285,drifted
2026-06-04,inverse_vol,QQQ,0.1417133520327657,drifted
2026-06-04,inverse_vol,IWM,0.1222465882527525,drifted
2026-06-04,inverse_vol,EFA,0.15043521915338748,drifted
2026-06-04,inverse_vol,IEF,0.39937862020116593,drifted
2026-06-05,inverse_vol,SPY,0.18548631887644754,drifted
2026-06-05,inverse_vol,QQQ,0.13793495903299727,drifted
2026-06-05,inverse_vol,IWM,0.12055240455786495,drifted
2026-06-05,inverse_vol,EFA,0.1498649284393051,drifted
2026-06-05,inverse_vol,IEF,0.4061613890933852,drifted
2026-06-08,inverse_vol,SPY,0.18514689663504671,drifted
2026-06-08,inverse_vol,QQQ,0.13951668379224882,drifted
2026-06-08,inverse_vol,IWM,0.121108588593257,drifted
2026-06-08,inverse_vol,EFA,0.15015765649038088,drifted
2026-06-08,inverse_vol,IEF,0.4040701744890665,drifted
2026-06-09,inverse_vol,SPY,0.18471579111783562,drifted
2026-06-09,inverse_vol,QQQ,0.13799519300923832,drifted
2026-06-09,inverse_vol,IWM,0.1215704761400127,drifted
2026-06-09,inverse_vol,EFA,0.1502782940006491,drifted
2026-06-09,inverse_vol,IEF,0.4054402457322643,drifted
2026-06-10,inverse_vol,SPY,0.1835041984684537,drifted
2026-06-10,inverse_vol,QQQ,0.13650350775796383,drifted
2026-06-10,inverse_vol,IWM,0.12142896536637998,drifted
2026-06-10,inverse_vol,EFA,0.14972342021328922,drifted
2026-06-10,inverse_vol,IEF,0.4088399081939132,drifted
2026-06-11,inverse_vol,SPY,0.1831752306566939,drifted
2026-06-11,inverse_vol,QQQ,0.13850688418951745,drifted
2026-06-11,inverse_vol,IWM,0.12271817961819903,drifted
2026-06-11,inverse_vol,EFA,0.15152927425184895,drifted
2026-06-11,inverse_vol,IEF,0.40407043128374065,drifted
2026-06-12,inverse_vol,SPY,0.18368585132816018,drifted
2026-06-12,inverse_vol,QQQ,0.13895880920804604,drifted
2026-06-12,inverse_vol,IWM,0.12346884168984255,drifted
2026-06-12,inverse_vol,EFA,0.15155278785139603,drifted
2026-06-12,inverse_vol,IEF,0.40233370992255524,drifted
2026-06-15,inverse_vol,SPY,0.18506334158293486,drifted
2026-06-15,inverse_vol,QQQ,0.1418966211191358,drifted
2026-06-15,inverse_vol,IWM,0.12323675440055107,drifted
2026-06-15,inverse_vol,EFA,0.15105356934629735,drifted
2026-06-15,inverse_vol,IEF,0.398749713551081,drifted
2026-06-16,inverse_vol,SPY,0.18461027098586863,drifted
2026-06-16,inverse_vol,QQQ,0.13969181265562808,drifted
2026-06-16,inverse_vol,IWM,0.12259777510106633,drifted
2026-06-16,inverse_vol,EFA,0.15192243888818718,drifted
2026-06-16,inverse_vol,IEF,0.4011777023692498,drifted
2026-06-17,inverse_vol,SPY,0.18368799114992204,drifted
2026-06-17,inverse_vol,QQQ,0.13933421194280798,drifted
2026-06-17,inverse_vol,IWM,0.12259747769361248,drifted
2026-06-17,inverse_vol,EFA,0.15229727285891517,drifted
2026-06-17,inverse_vol,IEF,0.4020830463547422,drifted
2026-06-18,inverse_vol,SPY,0.18372457719646304,drifted
2026-06-18,inverse_vol,QQQ,0.14138514808218391,drifted
2026-06-18,inverse_vol,IWM,0.1237506469259442,drifted
2026-06-18,inverse_vol,EFA,0.15167535809136054,drifted
2026-06-18,inverse_vol,IEF,0.39946426970404825,drifted
2026-06-22,inverse_vol,SPY,0.18335283431240454,drifted
2026-06-22,inverse_vol,QQQ,0.14118920428911846,drifted
2026-06-22,inverse_vol,IWM,0.12497566856437577,drifted
2026-06-22,inverse_vol,EFA,0.1520935450698335,drifted
2026-06-22,inverse_vol,IEF,0.39838874776426764,drifted
2026-06-23,inverse_vol,SPY,0.18271560878303456,drifted
2026-06-23,inverse_vol,QQQ,0.13807051521130434,drifted
2026-06-23,inverse_vol,IWM,0.12516443043102762,drifted
2026-06-23,inverse_vol,EFA,0.1506806825318883,drifted
2026-06-23,inverse_vol,IEF,0.4033687630427451,drifted
2026-06-24,inverse_vol,SPY,0.1822245813867286,drifted
2026-06-24,inverse_vol,QQQ,0.13717840538329942,drifted
2026-06-24,inverse_vol,IWM,0.1254652974781037,drifted
2026-06-24,inverse_vol,EFA,0.1500519635273805,drifted
2026-06-24,inverse_vol,IEF,0.4050797522244878,drifted
2026-06-25,inverse_vol,SPY,0.18178330162515638,drifted
2026-06-25,inverse_vol,QQQ,0.13775627827001383,drifted
2026-06-25,inverse_vol,IWM,0.12591596060087273,drifted
2026-06-25,inverse_vol,EFA,0.15077341481970225,drifted
2026-06-25,inverse_vol,IEF,0.4037710446842548,drifted
2026-06-26,inverse_vol,SPY,0.1809559676916594,drifted
2026-06-26,inverse_vol,QQQ,0.13622703681150256,drifted
2026-06-26,inverse_vol,IWM,0.1266444851726339,drifted
2026-06-26,inverse_vol,EFA,0.15028641001793502,drifted
2026-06-26,inverse_vol,IEF,0.40588610030626904,drifted
2026-06-29,inverse_vol,SPY,0.18257414901184407,drifted
2026-06-29,inverse_vol,QQQ,0.13857826944315638,drifted
2026-06-29,inverse_vol,IWM,0.1253454477017649,drifted
2026-06-29,inverse_vol,EFA,0.15049657927606305,drifted
2026-06-29,inverse_vol,IEF,0.4030055545671716,drifted
2026-06-30,inverse_vol,SPY,0.1834549468186813,drifted
2026-06-30,inverse_vol,QQQ,0.14052184375404514,drifted
2026-06-30,inverse_vol,IWM,0.1255956688324719,drifted
2026-06-30,inverse_vol,EFA,0.1506778954246782,drifted
2026-06-30,inverse_vol,IEF,0.3997496451701235,drifted
2026-07-01,inverse_vol,SPY,0.18537615719928002,target
2026-07-01,inverse_vol,QQQ,0.13468977824741835,target
2026-07-01,inverse_vol,IWM,0.12646827056960536,target
2026-07-01,inverse_vol,EFA,0.15346579398369628,target
2026-07-01,inverse_vol,IEF,0.4,target
2026-07-01,inverse_vol,SPY,0.18537615719928002,drifted
2026-07-01,inverse_vol,QQQ,0.13468977824741835,drifted
2026-07-01,inverse_vol,IWM,0.12646827056960536,drifted
2026-07-01,inverse_vol,EFA,0.15346579398369628,drifted
2026-07-01,inverse_vol,IEF,0.4,drifted
2026-07-02,inverse_vol,SPY,0.18530295703417118,drifted
2026-07-02,inverse_vol,QQQ,0.13247690700329023,drifted
2026-07-02,inverse_vol,IWM,0.12584880856772204,drifted
2026-07-02,inverse_vol,EFA,0.1556199563187129,drifted
2026-07-02,inverse_vol,IEF,0.40075137107610365,drifted
2026-07-06,inverse_vol,SPY,0.18581344400852873,drifted
2026-07-06,inverse_vol,QQQ,0.1335812556920467,drifted
2026-07-06,inverse_vol,IWM,0.12565860932147213,drifted
2026-07-06,inverse_vol,EFA,0.1563141618267398,drifted
2026-07-06,inverse_vol,IEF,0.3986325291512126,drifted
2026-07-07,inverse_vol,SPY,0.18650746679311817,drifted
2026-07-07,inverse_vol,QQQ,0.13222470829332894,drifted
2026-07-07,inverse_vol,IWM,0.12558114911554696,drifted
2026-07-07,inverse_vol,EFA,0.1557038239405282,drifted
2026-07-07,inverse_vol,IEF,0.39998285185747784,drifted
2026-07-08,inverse_vol,SPY,0.1865576347984077,drifted
2026-07-08,inverse_vol,QQQ,0.13304604144816476,drifted
2026-07-08,inverse_vol,IWM,0.12485134013992862,drifted
2026-07-08,inverse_vol,EFA,0.1550284443726508,drifted
2026-07-08,inverse_vol,IEF,0.4005165392408481,drifted
2026-07-09,inverse_vol,SPY,0.18681247645577842,drifted
2026-07-09,inverse_vol,QQQ,0.13430805426168368,drifted
2026-07-09,inverse_vol,IWM,0.1255607287255932,drifted
2026-07-09,inverse_vol,EFA,0.15477112031255438,drifted
2026-07-09,inverse_vol,IEF,0.3985476202443902,drifted
2026-07-10,inverse_vol,SPY,0.1874374166518715,drifted
2026-07-10,inverse_vol,QQQ,0.1345927193085437,drifted
2026-07-10,inverse_vol,IWM,0.12491257363968995,drifted
2026-07-10,inverse_vol,EFA,0.15523247614197977,drifted
2026-07-10,inverse_vol,IEF,0.39782481425791505,drifted
2026-07-13,inverse_vol,SPY,0.18752416918477793,drifted
2026-07-13,inverse_vol,QQQ,0.13311845523027818,drifted
2026-07-13,inverse_vol,IWM,0.12486665159755626,drifted
2026-07-13,inverse_vol,EFA,0.15486744389909854,drifted
2026-07-13,inverse_vol,IEF,0.399623280088289,drifted
2026-07-14,inverse_vol,SPY,0.18729384624673873,drifted
2026-07-14,inverse_vol,QQQ,0.13396438654975806,drifted
2026-07-14,inverse_vol,IWM,0.12470818619555805,drifted
2026-07-14,inverse_vol,EFA,0.15520488182710357,drifted
2026-07-14,inverse_vol,IEF,0.39882869918084174,drifted
2026-07-15,inverse_vol,SPY,0.18748807918118124,drifted
2026-07-15,inverse_vol,QQQ,0.13321195307965258,drifted
2026-07-15,inverse_vol,IWM,0.12487662664983638,drifted
2026-07-15,inverse_vol,EFA,0.15577957701896006,drifted
2026-07-15,inverse_vol,IEF,0.3986437640703698,drifted
2026-07-16,inverse_vol,SPY,0.1873691632228971,drifted
2026-07-16,inverse_vol,QQQ,0.13165215301330588,drifted
2026-07-16,inverse_vol,IWM,0.12540098439477038,drifted
2026-07-16,inverse_vol,EFA,0.15527251729586322,drifted
2026-07-16,inverse_vol,IEF,0.40030518207316346,drifted
2026-07-17,inverse_vol,SPY,0.1863900463219313,drifted
2026-07-17,inverse_vol,QQQ,0.13028531391654574,drifted
2026-07-17,inverse_vol,IWM,0.12533199039261522,drifted
2026-07-17,inverse_vol,EFA,0.15528380360311786,drifted
2026-07-17,inverse_vol,IEF,0.4027088457657899,drifted
2026-07-20,inverse_vol,SPY,0.18671107950218122,drifted
2026-07-20,inverse_vol,QQQ,0.13085798344250446,drifted
2026-07-20,inverse_vol,IWM,0.125011002875231,drifted
2026-07-20,inverse_vol,EFA,0.15465683650425216,drifted
2026-07-20,inverse_vol,IEF,0.4027630976758313,drifted
2026-07-21,inverse_vol,SPY,0.18695053690755492,drifted
2026-07-21,inverse_vol,QQQ,0.13235198355075037,drifted
2026-07-21,inverse_vol,IWM,0.12593223996286135,drifted
2026-07-21,inverse_vol,EFA,0.15580508918553895,drifted
2026-07-21,inverse_vol,IEF,0.39896015039329447,drifted
2026-07-22,inverse_vol,SPY,0.1872339032736936,drifted
2026-07-22,inverse_vol,QQQ,0.13202929165326327,drifted
2026-07-22,inverse_vol,IWM,0.12509895231663867,drifted
2026-07-22,inverse_vol,EFA,0.1565081446072922,drifted
2026-07-22,inverse_vol,IEF,0.39912970814911225,drifted
2026-07-23,inverse_vol,SPY,0.18653353521392824,drifted
2026-07-23,inverse_vol,QQQ,0.13065189082709416,drifted
2026-07-23,inverse_vol,IWM,0.12545915628757612,drifted
2026-07-23,inverse_vol,EFA,0.15582792737522172,drifted
2026-07-23,inverse_vol,IEF,0.4015274902961799,drifted
2026-07-24,inverse_vol,SPY,0.18674441530737876,drifted
2026-07-24,inverse_vol,QQQ,0.12920713567410744,drifted
2026-07-24,inverse_vol,IWM,0.12507832152513115,drifted
2026-07-24,inverse_vol,EFA,0.15661817678872958,drifted
2026-07-24,inverse_vol,IEF,0.402351950704653,drifted
2026-07-27,inverse_vol,SPY,0.18636964292671807,drifted
2026-07-27,inverse_vol,QQQ,0.12852235222576272,drifted
2026-07-27,inverse_vol,IWM,0.12554605365512597,drifted
2026-07-27,inverse_vol,EFA,0.15702559788552656,drifted
2026-07-27,inverse_vol,IEF,0.40253635330686666,drifted
2026-07-28,inverse_vol,SPY,0.18670908899347374,drifted
2026-07-28,inverse_vol,QQQ,0.1272003470976433,drifted
2026-07-28,inverse_vol,IWM,0.12567128720336568,drifted
2026-07-28,inverse_vol,EFA,0.15690556079379744,drifted
2026-07-28,inverse_vol,IEF,0.4035137159117197,drifted
2026-07-29,inverse_vol,SPY,0.1856907269085675,drifted
2026-07-29,inverse_vol,QQQ,0.1258663245132737,drifted
2026-07-29,inverse_vol,IWM,0.12486219349697023,drifted
2026-07-29,inverse_vol,EFA,0.15769521176981457,drifted
2026-07-29,inverse_vol,IEF,0.405885543311374,drifted
2026-07-30,inverse_vol,SPY,0.18627885811987208,drifted
2026-07-30,inverse_vol,QQQ,0.12827779010219328,drifted
2026-07-30,inverse_vol,IWM,0.12490841412871256,drifted
2026-07-30,inverse_vol,EFA,0.15990589596695692,drifted
2026-07-30,inverse_vol,IEF,0.4006290416822651,drifted
2026-07-31,inverse_vol,SPY,0.18771950901461934,drifted
2026-07-31,inverse_vol,QQQ,0.12917947615718717,drifted
2026-07-31,inverse_vol,IWM,0.12438091924662689,drifted
2026-07-31,inverse_vol,EFA,0.15899675869720448,drifted
2026-07-31,inverse_vol,IEF,0.3997233368843622,drifted
2026-08-03,inverse_vol,SPY,0.1838425487874325,target
2026-08-03,inverse_vol,QQQ,0.1307689898263085,target
2026-08-03,inverse_vol,IWM,0.13063948370874184,target
2026-08-03,inverse_vol,EFA,0.15474897767751708,target
2026-08-03,inverse_vol,IEF,0.4,target
2026-08-03,inverse_vol,SPY,0.1838425487874325,drifted
2026-08-03,inverse_vol,QQQ,0.1307689898263085,drifted
2026-08-03,inverse_vol,IWM,0.13063948370874184,drifted
2026-08-03,inverse_vol,EFA,0.15474897767751708,drifted
2026-08-03,inverse_vol,IEF,0.4,drifted
2026-08-04,inverse_vol,SPY,0.18458607966671162,drifted
2026-08-04,inverse_vol,QQQ,0.1333535645371623,drifted
2026-08-04,inverse_vol,IWM,0.13123284264683885,drifted
2026-08-04,inverse_vol,EFA,0.15449465172930543,drifted
2026-08-04,inverse_vol,IEF,0.39633286141998175,drifted
2026-08-05,inverse_vol,SPY,0.1845877743669848,drifted
2026-08-05,inverse_vol,QQQ,0.13241245848646727,drifted
2026-08-05,inverse_vol,IWM,0.1306510678094225,drifted
2026-08-05,inverse_vol,EFA,0.15496382013836565,drifted
2026-08-05,inverse_vol,IEF,0.39738487919875976,drifted
2026-08-06,inverse_vol,SPY,0.18486234335924442,drifted
2026-08-06,inverse_vol,QQQ,0.13233094852073796,drifted
2026-08-06,inverse_vol,IWM,0.1303902954316614,drifted
2026-08-06,inverse_vol,EFA,0.15534140768356897,drifted
2026-08-06,inverse_vol,IEF,0.3970750050047873,drifted
2026-08-07,inverse_vol,SPY,0.18473828883351268,drifted
2026-08-07,inverse_vol,QQQ,0.1329796059449199,drifted
2026-08-07,inverse_vol,IWM,0.1309481070434284,drifted
2026-08-07,inverse_vol,EFA,0.15600383269215484,drifted
2026-08-07,inverse_vol,IEF,0.39533016548598426,drifted
2026-08-10,inverse_vol,SPY,0.18536064976016237,drifted
2026-08-10,inverse_vol,QQQ,0.13306856866597697,drifted
2026-08-10,inverse_vol,IWM,0.1307397469081945,drifted
2026-08-10,inverse_vol,EFA,0.15579704873236175,drifted
2026-08-10,inverse_vol,IEF,0.39503398593330435,drifted
2026-08-11,inverse_vol,SPY,0.1847711496546064,drifted
2026-08-11,inverse_vol,QQQ,0.13262383439504322,drifted
2026-08-11,inverse_vol,IWM,0.13118188967864813,drifted
2026-08-11,inverse_vol,EFA,0.15591476744081,drifted
2026-08-11,inverse_vol,IEF,0.39550835883089225,drifted
2026-08-12,inverse_vol,SPY,0.18465112885014107,drifted
2026-08-12,inverse_vol,QQQ,0.13317265288294822,drifted
2026-08-12,inverse_vol,IWM,0.13151642822192547,drifted
2026-08-12,inverse_vol,EFA,0.15601376421885832,drifted
2026-08-12,inverse_vol,IEF,0.394646025826127,drifted
2026-08-13,inverse_vol,SPY,0.1850349941907208,drifted
2026-08-13,inverse_vol,QQQ,0.13405752800151344,drifted
2026-08-13,inverse_vol,IWM,0.1312181924469407,drifted
2026-08-13,inverse_vol,EFA,0.15552668178845358,drifted
2026-08-13,inverse_vol,IEF,0.3941626035723715,drifted
2026-08-14,inverse_vol,SPY,0.18485944602360196,drifted
2026-08-14,inverse_vol,QQQ,0.13401270735014056,drifted
2026-08-14,inverse_vol,IWM,0.13204190403566154,drifted
2026-08-14,inverse_vol,EFA,0.1556157268931751,drifted
2026-08-14,inverse_vol,IEF,0.39347021569742097,drifted
2026-08-17,inverse_vol,SPY,0.18447581724459478,drifted
2026-08-17,inverse_vol,QQQ,0.13414924676998993,drifted
2026-08-17,inverse_vol,IWM,0.13194679115782423,drifted
2026-08-17,inverse_vol,EFA,0.15575751388391978,drifted
2026-08-17,inverse_vol,IEF,0.3936706309436712,drifted
2026-08-18,inverse_vol,SPY,0.18442705070983328,drifted
2026-08-18,inverse_vol,QQQ,0.13273938963000945,drifted
2026-08-18,inverse_vol,IWM,0.13113625215009517,drifted
2026-08-18,inverse_vol,EFA,0.1550696640403469,drifted
2026-08-18,inverse_vol,IEF,0.39662764346971524,drifted
2026-08-19,inverse_vol,SPY,0.1842138568044765,drifted
2026-08-19,inverse_vol,QQQ,0.13204469696468724,drifted
2026-08-19,inverse_vol,IWM,0.13135914169198537,drifted
2026-08-19,inverse_vol,EFA,0.15512812424525538,drifted
2026-08-19,inverse_vol,IEF,0.3972541802935955,drifted
2026-08-20,inverse_vol,SPY,0.18382894257981952,drifted
2026-08-20,inverse_vol,QQQ,0.13192929838286863,drifted
2026-08-20,inverse_vol,IWM,0.13042063236513426,drifted
2026-08-20,inverse_vol,EFA,0.15566579495512517,drifted
2026-08-20,inverse_vol,IEF,0.3981553317170524,drifted
2026-08-21,inverse_vol,SPY,0.18407644733171866,drifted
2026-08-21,inverse_vol,QQQ,0.13203317404352852,drifted
2026-08-21,inverse_vol,IWM,0.13106469735172108,drifted
2026-08-21,inverse_vol,EFA,0.15652729756587616,drifted
2026-08-21,inverse_vol,IEF,0.3962983837071555,drifted
2026-08-24,inverse_vol,SPY,0.18394400395262467,drifted
2026-08-24,inverse_vol,QQQ,0.13100640724450377,drifted
2026-08-24,inverse_vol,IWM,0.1304849242309338,drifted
2026-08-24,inverse_vol,EFA,0.15657128661626288,drifted
2026-08-24,inverse_vol,IEF,0.39799337795567485,drifted
2026-08-25,inverse_vol,SPY,0.1835725736877062,drifted
2026-08-25,inverse_vol,QQQ,0.13113721134349737,drifted
2026-08-25,inverse_vol,IWM,0.13035550112755045,drifted
2026-08-25,inverse_vol,EFA,0.1568819378094571,drifted
2026-08-25,inverse_vol,IEF,0.3980527760317889,drifted
2026-08-26,inverse_vol,SPY,0.1838997254044069,drifted
2026-08-26,inverse_vol,QQQ,0.13146188324072586,drifted
2026-08-26,inverse_vol,IWM,0.13042793003875247,drifted
2026-08-26,inverse_vol,EFA,0.15634685364820178,drifted
2026-08-26,inverse_vol,IEF,0.397863607667913,drifted
2026-08-27,inverse_vol,SPY,0.18461661918910888,drifted
2026-08-27,inverse_vol,QQQ,0.1329103960228813,drifted
2026-08-27,inverse_vol,IWM,0.13046689130114877,drifted
2026-08-27,inverse_vol,EFA,0.155574464334847,drifted
2026-08-27,inverse_vol,IEF,0.3964316291520141,drifted
2026-08-28,inverse_vol,SPY,0.18514115941641557,drifted
2026-08-28,inverse_vol,QQQ,0.13272420715038177,drifted
2026-08-28,inverse_vol,IWM,0.12935937469583036,drifted
2026-08-28,inverse_vol,EFA,0.15593709370987283,drifted
2026-08-28,inverse_vol,IEF,0.3968381650274995,drifted
2026-08-31,inverse_vol,SPY,0.18498528239027123,drifted
2026-08-31,inverse_vol,QQQ,0.13307136763684504,drifted
2026-08-31,inverse_vol,IWM,0.12884024105595332,drifted
2026-08-31,inverse_vol,EFA,0.15588128606910073,drifted
2026-08-31,inverse_vol,IEF,0.3972218228478297,drifted
2026-09-01,inverse_vol,SPY,0.18347341933375744,target
2026-09-01,inverse_vol,QQQ,0.12855910250544655,target
2026-09-01,inverse_vol,IWM,0.13329731544179146,target
2026-09-01,inverse_vol,EFA,0.15467016271900433,target
2026-09-01,inverse_vol,IEF,0.4,target
2026-09-01,inverse_vol,SPY,0.18347341933375744,drifted
2026-09-01,inverse_vol,QQQ,0.12855910250544655,drifted
2026-09-01,inverse_vol,IWM,0.13329731544179146,drifted
2026-09-01,inverse_vol,EFA,0.15467016271900433,drifted
2026-09-01,inverse_vol,IEF,0.4,drifted
2026-09-02,inverse_vol,SPY,0.18357919849252954,drifted
2026-09-02,inverse_vol,QQQ,0.12835456624959876,drifted
2026-09-02,inverse_vol,IWM,0.13435702138182665,drifted
2026-09-02,inverse_vol,EFA,0.15490042227148312,drifted
2026-09-02,inverse_vol,IEF,0.39880879160456195,drifted
2026-09-03,inverse_vol,SPY,0.18437937204803748,drifted
2026-09-03,inverse_vol,QQQ,0.12909487450646812,drifted
2026-09-03,inverse_vol,IWM,0.1340806312314939,drifted
2026-09-03,inverse_vol,EFA,0.15561766114571005,drifted
2026-09-03,inverse_vol,IEF,0.39682746106829037,drifted
2026-09-04,inverse_vol,SPY,0.18367494136278711,drifted
2026-09-04,inverse_vol,QQQ,0.12933130029313414,drifted
2026-09-04,inverse_vol,IWM,0.134457639447075,drifted
2026-09-04,inverse_vol,EFA,0.15582426396105956,drifted
2026-09-04,inverse_vol,IEF,0.39671185493594413,drifted
2026-09-08,inverse_vol,SPY,0.18320862716596573,drifted
2026-09-08,inverse_vol,QQQ,0.1296071231844351,drifted
2026-09-08,inverse_vol,IWM,0.13424645264677457,drifted
2026-09-08,inverse_vol,EFA,0.15543598642406298,drifted
2026-09-08,inverse_vol,IEF,0.3975018105787616,drifted
2026-09-09,inverse_vol,SPY,0.1834412107274764,drifted
2026-09-09,inverse_vol,QQQ,0.13000555902325778,drifted
2026-09-09,inverse_vol,IWM,0.1331976165024871,drifted
2026-09-09,inverse_vol,EFA,0.15461882021228068,drifted
2026-09-09,inverse_vol,IEF,0.39873679353449804,drifted
2026-09-10,inverse_vol,SPY,0.1838602638723625,drifted
2026-09-10,inverse_vol,QQQ,0.12969382650559916,drifted
2026-09-10,inverse_vol,IWM,0.13294836920456476,drifted
2026-09-10,inverse_vol,EFA,0.15458980886219983,drifted
2026-09-10,inverse_vol,IEF,0.3989077315552737,drifted
2026-09-11,inverse_vol,SPY,0.1846836613408083,drifted
2026-09-11,inverse_vol,QQQ,0.1303017837413187,drifted
2026-09-11,inverse_vol,IWM,0.13296272922525895,drifted
2026-09-11,inverse_vol,EFA,0.15548513501482755,drifted
2026-09-11,inverse_vol,IEF,0.3965666906777864,drifted
2026-09-14,inverse_vol,SPY,0.1845797567714126,drifted
2026-09-14,inverse_vol,QQQ,0.12976909572327333,drifted
2026-09-14,inverse_vol,IWM,0.13303065075921494,drifted
2026-09-14,inverse_vol,EFA,0.15485061150767127,drifted
2026-09-14,inverse_vol,IEF,0.3977698852384278,drifted
2026-09-15,inverse_vol,SPY,0.1844286065588221,drifted
2026-09-15,inverse_vol,QQQ,0.1294080339666442,drifted
2026-09-15,inverse_vol,IWM,0.13259487317375285,drifted
2026-09-15,inverse_vol,EFA,0.1547759524061562,drifted
2026-09-15,inverse_vol,IEF,0.3987925338946247,drifted
2026-09-16,inverse_vol,SPY,0.18403873197765402,drifted
2026-09-16,inverse_vol,QQQ,0.12973959823290293,drifted
2026-09-16,inverse_vol,IWM,0.13233201972276845,drifted
2026-09-16,inverse_vol,EFA,0.15457357000892805,drifted
2026-09-16,inverse_vol,IEF,0.3993160800577465,drifted
2026-09-17,inverse_vol,SPY,0.18449704373301026,drifted
2026-09-17,inverse_vol,QQQ,0.13083085758422866,drifted
2026-09-17,inverse_vol,IWM,0.1318718413783337,drifted
2026-09-17,inverse_vol,EFA,0.15470932459655826,drifted
2026-09-17,inverse_vol,IEF,0.39809093270786916,drifted
2026-09-18,inverse_vol,SPY,0.18530422117165968,drifted
2026-09-18,inverse_vol,QQQ,0.13206358972413387,drifted
2026-09-18,inverse_vol,IWM,0.13166218195447474,drifted
2026-09-18,inverse_vol,EFA,0.1536205482005229,drifted
2026-09-18,inverse_vol,IEF,0.39734945894920887,drifted
2026-09-21,inverse_vol,SPY,0.1862046357433556,drifted
2026-09-21,inverse_vol,QQQ,0.13444536597977957,drifted
2026-09-21,inverse_vol,IWM,0.13096060948390942,drifted
2026-09-21,inverse_vol,EFA,0.15368991663040293,drifted
2026-09-21,inverse_vol,IEF,0.3946994721625525,drifted
2026-09-22,inverse_vol,SPY,0.18573299219820588,drifted
2026-09-22,inverse_vol,QQQ,0.13520918187257017,drifted
2026-09-22,inverse_vol,IWM,0.1313948694394331,drifted
2026-09-22,inverse_vol,EFA,0.15385895368165994,drifted
2026-09-22,inverse_vol,IEF,0.39380400280813105,drifted
2026-09-23,inverse_vol,SPY,0.1865470661157647,drifted
2026-09-23,inverse_vol,QQQ,0.13564320508896674,drifted
2026-09-23,inverse_vol,IWM,0.13047981001509687,drifted
2026-09-23,inverse_vol,EFA,0.153169751168057,drifted
2026-09-23,inverse_vol,IEF,0.39416016761211453,drifted
2026-09-24,inverse_vol,SPY,0.186939330761274,drifted
2026-09-24,inverse_vol,QQQ,0.13601985704256306,drifted
2026-09-24,inverse_vol,IWM,0.13074086189940423,drifted
2026-09-24,inverse_vol,EFA,0.15317812769479483,drifted
2026-09-24,inverse_vol,IEF,0.3931218226019639,drifted
2026-09-25,inverse_vol,SPY,0.18707681986981628,drifted
2026-09-25,inverse_vol,QQQ,0.1360051364539429,drifted
2026-09-25,inverse_vol,IWM,0.1302729244631552,drifted
2026-09-25,inverse_vol,EFA,0.1540085851847603,drifted
2026-09-25,inverse_vol,IEF,0.3926365340283253,drifted
2026-09-28,inverse_vol,SPY,0.18691046746920129,drifted
2026-09-28,inverse_vol,QQQ,0.13543739525284823,drifted
2026-09-28,inverse_vol,IWM,0.13022603468148927,drifted
2026-09-28,inverse_vol,EFA,0.154261589722008,drifted
2026-09-28,inverse_vol,IEF,0.3931645128744532,drifted
2026-09-29,inverse_vol,SPY,0.18687311325315534,drifted
2026-09-29,inverse_vol,QQQ,0.13591802108382203,drifted
2026-09-29,inverse_vol,IWM,0.1299697587267882,drifted
2026-09-29,inverse_vol,EFA,0.15377981398979315,drifted
2026-09-29,inverse_vol,IEF,0.39345929294644133,drifted
2026-09-30,inverse_vol,SPY,0.18688889248124527,drifted
2026-09-30,inverse_vol,QQQ,0.13654897009308162,drifted
2026-09-30,inverse_vol,IWM,0.12972548161725175,drifted
2026-09-30,inverse_vol,EFA,0.1531511975401045,drifted
2026-09-30,inverse_vol,IEF,0.3936854582683168,drifted
2026-10-01,inverse_vol,SPY,0.18367752351582758,target
2026-10-01,inverse_vol,QQQ,0.1274664599140173,target
2026-10-01,inverse_vol,IWM,0.13469351108547267,target
2026-10-01,inverse_vol,EFA,0.15416250548468227,target
2026-10-01,inverse_vol,IEF,0.4,target
2026-10-01,inverse_vol,SPY,0.18367752351582758,drifted
2026-10-01,inverse_vol,QQQ,0.1274664599140173,drifted
2026-10-01,inverse_vol,IWM,0.13469351108547267,drifted
2026-10-01,inverse_vol,EFA,0.15416250548468227,drifted
2026-10-01,inverse_vol,IEF,0.4,drifted
2026-10-02,inverse_vol,SPY,0.18421584216937767,drifted
2026-10-02,inverse_vol,QQQ,0.1281927409489564,drifted
2026-10-02,inverse_vol,IWM,0.13529806436758365,drifted
2026-10-02,inverse_vol,EFA,0.15518095443209487,drifted
2026-10-02,inverse_vol,IEF,0.3971123980819874,drifted
2026-10-05,inverse_vol,SPY,0.18494153463858887,drifted
2026-10-05,inverse_vol,QQQ,0.12896468349073512,drifted
2026-10-05,inverse_vol,IWM,0.13581265313559063,drifted
2026-10-05,inverse_vol,EFA,0.15485293044544132,drifted
2026-10-05,inverse_vol,IEF,0.39542819828964404,drifted
2026-10-06,inverse_vol,SPY,0.18561571747898475,drifted
2026-10-06,inverse_vol,QQQ,0.12931605397134485,drifted
2026-10-06,inverse_vol,IWM,0.13458652838786034,drifted
2026-10-06,inverse_vol,EFA,0.1548499224969979,drifted
2026-10-06,inverse_vol,IEF,0.3956317776648121,drifted
2026-10-07,inverse_vol,SPY,0.18596391732233322,drifted
2026-10-07,inverse_vol,QQQ,0.1295404204230892,drifted
2026-10-07,inverse_vol,IWM,0.13341468754453303,drifted
2026-10-07,inverse_vol,EFA,0.15384245741829305,drifted
2026-10-07,inverse_vol,IEF,0.3972385172917516,drifted
2026-10-08,inverse_vol,SPY,0.18548576590494364,drifted
2026-10-08,inverse_vol,QQQ,0.12801848719953568,drifted
2026-10-08,inverse_vol,IWM,0.13357477671742063,drifted
2026-10-08,inverse_vol,EFA,0.15350133461671767,drifted
2026-10-08,inverse_vol,IEF,0.3994196355613824,drifted
2026-10-09,inverse_vol,SPY,0.18599774977307248,drifted
2026-10-09,inverse_vol,QQQ,0.12823665326662054,drifted
2026-10-09,inverse_vol,IWM,0.1338023776537293,drifted
2026-10-09,inverse_vol,EFA,0.15405059524317444,drifted
2026-10-09,inverse_vol,IEF,0.3979126240634032,drifted
2024-11-01,min_variance,SPY,0.39999999999999997,target
2024-11-01,min_variance,QQQ,2.0793359107652705e-16,target
2024-11-01,min_variance,IWM,7.616025376040462e-17,target
2024-11-01,min_variance,EFA,0.19999999999999996,target
2024-11-01,min_variance,IEF,0.3999999999999999,target
2024-11-01,min_variance,SPY,0.39999999999999997,drifted
2024-11-01,min_variance,QQQ,2.0793359107652705e-16,drifted
2024-11-01,min_variance,IWM,7.616025376040462e-17,drifted
2024-11-01,min_variance,EFA,0.19999999999999996,drifted
2024-11-01,min_variance,IEF,0.3999999999999999,drifted
2024-11-04,min_variance,SPY,0.39857052418290634,drifted
2024-11-04,min_variance,QQQ,2.0703287044855593e-16,drifted
2024-11-04,min_variance,IWM,7.643739549461012e-17,drifted
2024-11-04,min_variance,EFA,0.19986644307949353,drifted
2024-11-04,min_variance,IEF,0.4015630327375998,drifted
2024-11-05,min_variance,SPY,0.4005778254047423,drifted
2024-11-05,min_variance,QQQ,2.0821227858237474e-16,drifted
2024-11-05,min_variance,IWM,7.733235020104314e-17,drifted
2024-11-05,min_variance,EFA,0.20044685453953925,drifted
2024-11-05,min_variance,IEF,0.3989753200557183,drifted
2024-11-06,min_variance,SPY,0.40932882874074494,drifted
2024-11-06,min_variance,QQQ,2.132378894828785e-16,drifted
2024-11-06,min_variance,IWM,8.157128817102152e-17,drifted
2024-11-06,min_variance,EFA,0.19696666591228393,drifted
2024-11-06,min_variance,IEF,0.39370450534697093,drifted
2024-11-07,min_variance,SPY,0.4086846129033192,drifted
2024-11-07,min_variance,QQQ,2.1459497176811481e-16,drifted
2024-11-07,min_variance,IWM,8.053183205557035e-17,drifted
2024-11-07,min_variance,EFA,0.19810938934005334,drifted
2024-11-07,min_variance,IEF,0.3932059977566271,drifted
2024-11-08,min_variance,SPY,0.4105093736515345,drifted
2024-11-08,min_variance,QQQ,2.1487419294364104e-16,drifted
2024-11-08,min_variance,IWM,8.113537806220839e-17,drifted
2024-11-08,min_variance,EFA,0.19539577111474818,drifted
2024-11-08,min_variance,IEF,0.39409485523371696,drifted
2024-11-11,min_variance,SPY,0.4111665918764051,drifted
2024-11-11,min_variance,QQQ,2.1488787539622227e-16,drifted
2024-11-11,min_variance,IWM,8.240853076668498e-17,drifted
2024-11-11,min_variance,EFA,0.1955716916005756,drifted
2024-11-11,min_variance,IEF,0.39326171652301894,drifted
2024-11-12,min_variance,SPY,0.4129360105049544,drifted
2024-11-12,min_variance,QQQ,2.1609327944730953e-16,drifted
2024-11-12,min_variance,IWM,8.156468423166091e-17,drifted
2024-11-12,min_variance,EFA,0.19336753707677082,drifted
2024-11-12,min_variance,IEF,0.39369645241827445,drifted
2024-11-13,min_variance,SPY,0.41363174187995916,drifted
2024-11-13,min_variance,QQQ,2.1607388472802824e-16,drifted
2024-11-13,min_variance,IWM,8.085426926467925e-17,drifted
2024-11-13,min_variance,EFA,0.19245329025999397,drifted
2024-11-13,min_variance,IEF,0.3939149678600466,drifted
2024-11-14,min_variance,SPY,0.41192082082196857,drifted
2024-11-14,min_variance,QQQ,2.1506759902890133e-16,drifted
2024-11-14,min_variance,IWM,7.994825966059657e-17,drifted
2024-11-14,min_variance,EFA,0.19329710726051397,drifted
2024-11-14,min_variance,IEF,0.39478207191751724,drifted
2024-11-15,min_variance,SPY,0.40901947092595375,drifted
2024-11-15,min_variance,QQQ,2.11169501625075e-16,drifted
2024-11-15,min_variance,IWM,7.921555612440199e-17,drifted
2024-11-15,min_variance,EFA,0.19372269278625986,drifted
2024-11-15,min_variance,IEF,0.3972578362877861,drifted
2024-11-18,min_variance,SPY,0.40921209965997213,drifted
2024-11-18,min_variance,QQQ,2.1186864266839905e-16,drifted
2024-11-18,min_variance,IWM,7.908489665804709e-17,drifted
2024-11-18,min_variance,EFA,0.19407414907537474,drifted
2024-11-18,min_variance,IEF,0.3967137512646528,drifted
2024-11-19,min_variance,SPY,0.40984977305578346,drifted
2024-11-19,min_variance,QQQ,2.1288049135053892e-16,drifted
2024-11-19,min_variance,IWM,7.950570101592296e-17,drifted
2024-11-19,min_variance,EFA,0.19341886228388783,drifted
2024-11-19,min_variance,IEF,0.39673136466032843,drifted
2024-11-20,min_variance,SPY,0.41039011684746507,drifted
2024-11-20,min_variance,QQQ,2.1296617183653328e-16,drifted
2024-11-20,min_variance,IWM,7.96870550958509e-17,drifted
2024-11-20,min_variance,EFA,0.1930832771654987,drifted
2024-11-20,min_variance,IEF,0.39652660598703593,drifted
2024-11-21,min_variance,SPY,0.4117526923463075,drifted
2024-11-21,min_variance,QQQ,2.1329685614405298e-16,drifted
2024-11-21,min_variance,IWM,8.073345369650971e-17,drifted
2024-11-21,min_variance,EFA,0.19273987688611005,drifted
2024-11-21,min_variance,IEF,0.3955074307675823,drifted
2024-11-22,min_variance,SPY,0.41209003610045936,drifted
2024-11-22,min_variance,QQQ,2.1315340444967937e-16,drifted
2024-11-22,min_variance,IWM,8.203767355776136e-17,drifted
2024-11-22,min_variance,EFA,0.1930484399494852,drifted
2024-11-22,min_variance,IEF,0.3948615239500552,drifted
2024-11-25,min_variance,SPY,0.41075453126606265,drifted
2024-11-25,min_variance,QQQ,2.1207926092785743e-16,drifted
2024-11-25,min_variance,IWM,8.273433577819023e-17,drifted
2024-11-25,min_variance,EFA,0.1927613426824785,drifted
2024-11-25,min_variance,IEF,0.3964841260514585,drifted
2024-11-26,min_variance,SPY,0.4128192896159781,drifted
2024-11-26,min_variance,QQQ,2.1317666963827055e-16,drifted
2024-11-26,min_variance,IWM,8.211087835960781e-17,drifted
2024-11-26,min_variance,EFA,0.19161155250309006,drifted
2024-11-26,min_variance,IEF,0.3955691578809315,drifted
2024-11-27,min_variance,SPY,0.4110013684373267,drifted
2024-11-27,min_variance,QQQ,2.1120681359208567e-16,drifted
2024-11-27,min_variance,IWM,8.21102036457414e-17,drifted
2024-11-27,min_variance,EFA,0.19238441858860839,drifted
2024-11-27,min_variance,IEF,0.3966142129740647,drifted
2024-11-29,min_variance,SPY,0.4107637033764917,drifted
2024-11-29,min_variance,QQQ,2.1162484075409782e-16,drifted
2024-11-29,min_variance,IWM,8.186749942833837e-17,drifted
2024-11-29,min_variance,EFA,0.19363622548991394,drifted
2024-11-29,min_variance,IEF,0.3956000711335942,drifted
2024-12-02,min_variance,SPY,0.39999999999999997,target
2024-12-02,min_variance,QQQ,1.2037212385861977e-16,target
2024-12-02,min_variance,IWM,6.671237860203594e-17,target
2024-12-02,min_variance,EFA,0.19999999999999993,target
2024-12-02,min_variance,IEF,0.4,target
2024-12-02,min_variance,SPY,0.39999999999999997,drifted
2024-12-02,min_variance,QQQ,1.2037212385861977e-16,drifted
2024-12-02,min_variance,IWM,6.671237860203594e-17,drifted
2024-12-02,min_variance,EFA,0.19999999999999993,drifted
2024-12-02,min_variance,IEF,0.4,drifted
2024-12-03,min_variance,SPY,0.40011199098848244,drifted
2024-12-03,min_variance,QQQ,1.2071900404402717e-16,drifted
2024-12-03,min_variance,IWM,6.622555553361173e-17,drifted
2024-12-03,min_variance,EFA,0.20109950381963043,drifted
2024-12-03,min_variance,IEF,0.398788505191887,drifted
2024-12-04,min_variance,SPY,0.4009312891801314,drifted
2024-12-04,min_variance,QQQ,1.2170597211594015e-16,drifted
2024-12-04,min_variance,IWM,6.618794731233343e-17,drifted
2024-12-04,min_variance,EFA,0.20041864158248593,drifted
2024-12-04,min_variance,IEF,0.3986500692373825,drifted
2024-12-05,min_variance,SPY,0.4001599228493371,drifted
2024-12-05,min_variance,QQQ,1.2133487903164568e-16,drifted
2024-12-05,min_variance,IWM,6.539760838486639e-17,drifted
2024-12-05,min_variance,EFA,0.2013431594001507,drifted
2024-12-05,min_variance,IEF,0.39849691775051205,drifted
2024-12-06,min_variance,SPY,0.4001213334165782,drifted
2024-12-06,min_variance,QQQ,1.2217736947747616e-16,drifted
2024-12-06,min_variance,IWM,6.550059893679179e-17,drifted
2024-12-06,min_variance,EFA,0.20091777394842553,drifted
2024-12-06,min_variance,IEF,0.398960892634996,drifted
2024-12-09,min_variance,SPY,0.39948616746895055,drifted
2024-12-09,min_variance,QQQ,1.2165994546411921e-16,drifted
2024-12-09,min_variance,IWM,6.540498847500329e-17,drifted
2024-12-09,min_variance,EFA,0.20151128934034734,drifted
2024-12-09,min_variance,IEF,0.3990025431907019,drifted
2024-12-10,min_variance,SPY,0.3997510004738806,drifted
2024-12-10,min_variance,QQQ,1.2170416221388242e-16,drifted
2024-12-10,min_variance,IWM,6.536801160793954e-17,drifted
2024-12-10,min_variance,EFA,0.20045394174753456,drifted
2024-12-10,min_variance,IEF,0.39979505777858454,drifted
2024-12-11,min_variance,SPY,0.40156720438572413,drifted
2024-12-11,min_variance,QQQ,1.2349114809833096e-16,drifted
2024-12-11,min_variance,IWM,6.545583421885416e-17,drifted
2024-12-11,min_variance,EFA,0.20107969470808335,drifted
2024-12-11,min_variance,IEF,0.39735310090619225,drifted
2024-12-12,min_variance,SPY,0.4016454983462889,drifted
2024-12-12,min_variance,QQQ,1.2335368327429212e-16,drifted
2024-12-12,min_variance,IWM,6.495245415313256e-17,drifted
2024-12-12,min_variance,EFA,0.20038745619093223,drifted
2024-12-12,min_variance,IEF,0.3979670454627787,drifted
2024-12-13,min_variance,SPY,0.4025710373452005,drifted
2024-12-13,min_variance,QQQ,1.2460906168363234e-16,drifted
2024-12-13,min_variance,IWM,6.466834746708474e-17,drifted
2024-12-13,min_variance,EFA,0.20033046526763665,drifted
2024-12-13,min_variance,IEF,0.3970984973871627,drifted
2024-12-16,min_variance,SPY,0.403811176069637,drifted
2024-12-16,min_variance,QQQ,1.262537685492773e-16,drifted
2024-12-16,min_variance,IWM,6.497141883606234e-17,drifted
2024-12-16,min_variance,EFA,0.1994337062742612,drifted
2024-12-16,min_variance,IEF,0.3967551176561015,drifted
2024-12-17,min_variance,SPY,0.40294524334816834,drifted
2024-12-17,min_variance,QQQ,1.2594714405877263e-16,drifted
2024-12-17,min_variance,IWM,6.435502892851282e-17,drifted
2024-12-17,min_variance,EFA,0.199512512309621,drifted
2024-12-17,min_variance,IEF,0.39754224434221047,drifted
2024-12-18,min_variance,SPY,0.3989047007339505,drifted
2024-12-18,min_variance,QQQ,1.2387798304957163e-16,drifted
2024-12-18,min_variance,IWM,6.275958811454511e-17,drifted
2024-12-18,min_variance,EFA,0.1985850877045949,drifted
2024-12-18,min_variance,IEF,0.40251021156145445,drifted
2024-12-19,min_variance,SPY,0.3998126386701716,drifted
2024-12-19,min_variance,QQQ,1.236449853186526e-16,drifted
2024-12-19,min_variance,IWM,6.264253353292697e-17,drifted
2024-12-19,min_variance,EFA,0.19846572756737213,drifted
2024-12-19,min_variance,IEF,0.401721633762456,drifted
2024-12-20,min_variance,SPY,0.40230994894707445,drifted
2024-12-20,min_variance,QQQ,1.240142361450045e-16,drifted
2024-12-20,min_variance,IWM,6.286928386872703e-17,drifted
2024-12-20,min_variance,EFA,0.19678492618623283,drifted
2024-12-20,min_variance,IEF,0.40090512486669266,drifted
2024-12-23,min_variance,SPY,0.40394426902003944,drifted
2024-12-23,min_variance,QQQ,1.249827376461254e-16,drifted
2024-12-23,min_variance,IWM,6.260471780862476e-17,drifted
2024-12-23,min_variance,EFA,0.19768967956595726,drifted
2024-12-23,min_variance,IEF,0.3983660514140033,drifted
2024-12-24,min_variance,SPY,0.4062355706645045,drifted
2024-12-24,min_variance,QQQ,1.2599557928910605e-16,drifted
2024-12-24,min_variance,IWM,6.282455533481337e-17,drifted
2024-12-24,min_variance,EFA,0.19732784695877378,drifted
2024-12-24,min_variance,IEF,0.3964365823767216,drifted
2024-12-26,min_variance,SPY,0.4057496012723753,drifted
2024-12-26,min_variance,QQQ,1.2575100579692086e-16,drifted
2024-12-26,min_variance,IWM,6.338844255790631e-17,drifted
2024-12-26,min_variance,EFA,0.19801395839208297,drifted
2024-12-26,min_variance,IEF,0.39623644033554156,drifted
2024-12-27,min_variance,SPY,0.40373410408369376,drifted
2024-12-27,min_variance,QQQ,1.2477649564873445e-16,drifted
2024-12-27,min_variance,IWM,6.281529476935244e-17,drifted
2024-12-27,min_variance,EFA,0.19883907789350022,drifted
2024-12-27,min_variance,IEF,0.3974268180228058,drifted
2024-12-30,min_variance,SPY,0.40056201409429565,drifted
2024-12-30,min_variance,QQQ,1.2355965574536042e-16,drifted
2024-12-30,min_variance,IWM,6.255642403756082e-17,drifted
2024-12-30,min_variance,EFA,0.1982430943070025,drifted
2024-12-30,min_variance,IEF,0.40119489159870175,drifted
2024-12-31,min_variance,SPY,0.39998219108957445,drifted
2024-12-31,min_variance,QQQ,1.227794074905135e-16,drifted
2024-12-31,min_variance,IWM,6.277351358075665e-17,drifted
2024-12-31,min_variance,EFA,0.19867894076196965,drifted
2024-12-31,min_variance,IEF,0.40133886814845576,drifted
2025-01-02,min_variance,SPY,0.3769967680130602,target
2025-01-02,min_variance,QQQ,1.7610687749048415e-16,target
2025-01-02,min_variance,IWM,4.415048784699628e-17,target
2025-01-02,min_variance,EFA,0.22300323198693958,target
2025-01-02,min_variance,IEF,0.4,target
2025-01-02,min_variance,SPY,0.3769967680130602,drifted
2025-01-02,min_variance,QQQ,1.7610687749048415e-16,drifted
2025-01-02,min_variance,IWM,4.415048784699628e-17,drifted
2025-01-02,min_variance,EFA,0.22300323198693958,drifted
2025-01-02,min_variance,IEF,0.4,drifted
2025-01-03,min_variance,SPY,0.3797956140396662,drifted
2025-01-03,min_variance,QQQ,1.780910108659378e-16,drifted
2025-01-03,min_variance,IWM,4.4582556399361504e-17,drifted
2025-01-03,min_variance,EFA,0.22285629353178749,drifted
2025-01-03,min_variance,IEF,0.3973480924285462,drifted
2025-01-06,min_variance,SPY,0.38049162837026845,drifted
2025-01-06,min_variance,QQQ,1.7943426209593e-16,drifted
2025-01-06,min_variance,IWM,4.442625183126177e-17,drifted
2025-01-06,min_variance,EFA,0.22409784252117976,drifted
2025-01-06,min_variance,IEF,0.3954105291085515,drifted
2025-01-07,min_variance,SPY,0.3785668932463815,drifted
2025-01-07,min_variance,QQQ,1.7734560585486252e-16,drifted
2025-01-07,min_variance,IWM,4.4348458323936166e-17,drifted
2025-01-07,min_variance,EFA,0.22533627373885473,drifted
2025-01-07,min_variance,IEF,0.3960968330147636,drifted
2025-01-08,min_variance,SPY,0.37878322686253696,drifted
2025-01-08,min_variance,QQQ,1.7721908323426465e-16,drifted
2025-01-08,min_variance,IWM,4.410813155636619e-17,drifted
2025-01-08,min_variance,EFA,0.2247822652453995,drifted
2025-01-08,min_variance,IEF,0.39643450789206325,drifted
2025-01-10,min_variance,SPY,0.37756531678120364,drifted
2025-01-10,min_variance,QQQ,1.765750516124111e-16,drifted
2025-01-10,min_variance,IWM,4.366524022031411e-17,drifted
2025-01-10,min_variance,EFA,0.22407052695242244,drifted
2025-01-10,min_variance,IEF,0.3983641562663738,drifted
2025-01-13,min_variance,SPY,0.378430615960921,drifted
2025-01-13,min_variance,QQQ,1.761378441733466e-16,drifted
2025-01-13,min_variance,IWM,4.378220495880869e-17,drifted
2025-01-13,min_variance,EFA,0.22360899373462326,drifted
2025-01-13,min_variance,IEF,0.39796039030445557,drifted
2025-01-14,min_variance,SPY,0.3783994598908744,drifted
2025-01-14,min_variance,QQQ,1.7571433144834474e-16,drifted
2025-01-14,min_variance,IWM,4.4215497829371816e-17,drifted
2025-01-14,min_variance,EFA,0.2240888000672814,drifted
2025-01-14,min_variance,IEF,0.397511740041844,drifted
2025-01-15,min_variance,SPY,0.37998889839479266,drifted
2025-01-15,min_variance,QQQ,1.7728709144819368e-16,drifted
2025-01-15,min_variance,IWM,4.446537700408065e-17,drifted
2025-01-15,min_variance,EFA,0.22383428171177316,drifted
2025-01-15,min_variance,IEF,0.3961768198934339,drifted
2025-01-16,min_variance,SPY,0.3787420932656704,drifted
2025-01-16,min_variance,QQQ,1.758054845114172e-16,drifted
2025-01-16,min_variance,IWM,4.449407513827584e-17,drifted
2025-01-16,min_variance,EFA,0.2246756110735879,drifted
2025-01-16,min_variance,IEF,0.3965822956607414,drifted
2025-01-17,min_variance,SPY,0.38063624182852474,drifted
2025-01-17,min_variance,QQQ,1.7788097928366843e-16,drifted
2025-01-17,min_variance,IWM,4.446339903531508e-17,drifted
2025-01-17,min_variance,EFA,0.22446100611343206,drifted
2025-01-17,min_variance,IEF,0.394902752058043,drifted
2025-01-21,min_variance,SPY,0.3805660386346019,drifted
2025-01-21,min_variance,QQQ,1.7726858335239813e-16,drifted
2025-01-21,min_variance,IWM,4.48979872954549e-17,drifted
2025-01-21,min_variance,EFA,0.226873397900125,drifted
2025-01-21,min_variance,IEF,0.39256056346527274,drifted
2025-01-22,min_variance,SPY,0.3824749975576582,drifted
2025-01-22,min_variance,QQQ,1.7942704023787305e-16,drifted
2025-01-22,min_variance,IWM,4.457806110199522e-17,drifted
2025-01-22,min_variance,EFA,0.2262158316688298,drifted
2025-01-22,min_variance,IEF,0.39130917077351174,drifted
2025-01-23,min_variance,SPY,0.38344095339826767,drifted
2025-01-23,min_variance,QQQ,1.7928409349525175e-16,drifted
2025-01-23,min_variance,IWM,4.465053890979524e-17,drifted
2025-01-23,min_variance,EFA,0.22740321758882423,drifted
2025-01-23,min_variance,IEF,0.38915582901290785,drifted
2025-01-24,min_variance,SPY,0.38195804895871865,drifted
2025-01-24,min_variance,QQQ,1.7810139992999e-16,drifted
2025-01-24,min_variance,IWM,4.448358544506578e-17,drifted
2025-01-24,min_variance,EFA,0.22845569172996777,drifted
2025-01-24,min_variance,IEF,0.3895862593113134,drifted
2025-01-27,min_variance,SPY,0.3776407822237059,drifted
2025-01-27,min_variance,QQQ,1.7341463501983521e-16,drifted
2025-01-27,min_variance,IWM,4.4184633962627505e-17,drifted
2025-01-27,min_variance,EFA,0.22911441525550186,drifted
2025-01-27,min_variance,IEF,0.393244802520792,drifted
2025-01-28,min_variance,SPY,0.3797472491488553,drifted
2025-01-28,min_variance,QQQ,1.7545170893506466e-16,drifted
2025-01-28,min_variance,IWM,4.410119354138959e-17,drifted
2025-01-28,min_variance,EFA,0.22814126496432852,drifted
2025-01-28,min_variance,IEF,0.3921114858868159,drifted
2025-01-29,min_variance,SPY,0.3788763324385871,drifted
2025-01-29,min_variance,QQQ,1.7550734659797372e-16,drifted
2025-01-29,min_variance,IWM,4.4096831396480594e-17,drifted
2025-01-29,min_variance,EFA,0.228614168540888,drifted
2025-01-29,min_variance,IEF,0.39250949902052473,drifted
2025-01-30,min_variance,SPY,0.37886705837412277,drifted
2025-01-30,min_variance,QQQ,1.753102357202281e-16,drifted
2025-01-30,min_variance,IWM,4.4306262464552764e-17,drifted
2025-01-30,min_variance,EFA,0.22988850673659766,drifted
2025-01-30,min_variance,IEF,0.39124443488927935,drifted
2025-01-31,min_variance,SPY,0.3786690083334839,drifted
2025-01-31,min_variance,QQQ,1.7590011265201615e-16,drifted
2025-01-31,min_variance,IWM,4.4120668204599467e-17,drifted
2025-01-31,min_variance,EFA,0.22883180130922717,drifted
2025-01-31,min_variance,IEF,0.3924991903572888,drifted
2025-02-03,min_variance,SPY,0.36094618781896615,target
2025-02-03,min_variance,QQQ,0.0,target
2025-02-03,min_variance,IWM,1.5213013935131053e-17,target
2025-02-03,min_variance,EFA,0.23905381218103397,target
2025-02-03,min_variance,IEF,0.4,target
2025-02-03,min_variance,SPY,0.36094618781896615,drifted
2025-02-03,min_variance,QQQ,0.0,drifted
2025-02-03,min_variance,IWM,1.5213013935131053e-17,drifted
2025-02-03,min_variance,EFA,0.23905381218103397,drifted
2025-02-03,min_variance,IEF,0.4,drifted
2025-02-04,min_variance,SPY,0.36113180500752223,drifted
2025-02-04,min_variance,QQQ,0.0,drifted
2025-02-04,min_variance,IWM,1.5328812903786468e-17,drifted
2025-02-04,min_variance,EFA,0.24034382057366807,drifted
2025-02-04,min_variance,IEF,0.3985243744188096,drifted
2025-02-05,min_variance,SPY,0.36039269440111127,drifted
2025-02-05,min_variance,QQQ,0.0,drifted
2025-02-05,min_variance,IWM,1.5401497828065088e-17,drifted
2025-02-05,min_variance,EFA,0.24120522596168098,drifted
2025-02-05,min_variance,IEF,0.39840207963720775,drifted
2025-02-06,min_variance,SPY,0.36094859857481576,drifted
2025-02-06,min_variance,QQQ,0.0,drifted
2025-02-06,min_variance,IWM,1.5321571909053103e-17,drifted
2025-02-06,min_variance,EFA,0.24188427441295335,drifted
2025-02-06,min_variance,IEF,0.39716712701223095,drifted
2025-02-07,min_variance,SPY,0.36013274510568516,drifted
2025-02-07,min_variance,QQQ,0.0,drifted
2025-02-07,min_variance,IWM,1.5249351549740234e-17,drifted
2025-02-07,min_variance,EFA,0.2412637632763204,drifted
2025-02-07,min_variance,IEF,0.39860349161799447,drifted
2025-02-10,min_variance,SPY,0.3611351483438478,drifted
2025-02-10,min_variance,QQQ,0.0,drifted
2025-02-10,min_variance,IWM,1.5257200516979534e-17,drifted
2025-02-10,min_variance,EFA,0.2419333682876118,drifted
2025-02-10,min_variance,IEF,0.3969314833685403,drifted
2025-02-11,min_variance,SPY,0.3612657909685642,drifted
2025-02-11,min_variance,QQQ,0.0,drifted
2025-02-11,min_variance,IWM,1.5162442159566673e-17,drifted
2025-02-11,min_variance,EFA,0.2429835052359601,drifted
2025-02-11,min_variance,IEF,0.39575070379547567,drifted
2025-02-12,min_variance,SPY,0.3611802976981357,drifted
2025-02-12,min_variance,QQQ,0.0,drifted
2025-02-12,min_variance,IWM,1.506769467555033e-17,drifted
2025-02-12,min_variance,EFA,0.2446190403214946,drifted
2025-02-12,min_variance,IEF,0.3942006619803698,drifted
2025-02-13,min_variance,SPY,0.3614771045669576,drifted
2025-02-13,min_variance,QQQ,0.0,drifted
2025-02-13,min_variance,IWM,1.509069600979914e-17,drifted
2025-02-13,min_variance,EFA,0.24519961799704937,drifted
2025-02-13,min_variance,IEF,0.3933232774359931,drifted
2025-02-14,min_variance,SPY,0.36074058280088384,drifted
2025-02-14,min_variance,QQQ,0.0,drifted
2025-02-14,min_variance,IWM,1.5049363739512766e-17,drifted
2025-02-14,min_variance,EFA,0.24507092288864193,drifted
2025-02-14,min_variance,IEF,0.3941884943104741,drifted
2025-02-18,min_variance,SPY,0.3615422704298786,drifted
2025-02-18,min_variance,QQQ,0.0,drifted
2025-02-18,min_variance,IWM,1.512118247885266e-17,drifted
2025-02-18,min_variance,EFA,0.24666016836485197,drifted
2025-02-18,min_variance,IEF,0.3917975612052694,drifted
2025-02-19,min_variance,SPY,0.36277677970372335,drifted
2025-02-19,min_variance,QQQ,0.0,drifted
2025-02-19,min_variance,IWM,1.5085206225550137e-17,drifted
2025-02-19,min_variance,EFA,0.24437754317518642,drifted
2025-02-19,min_variance,IEF,0.3928456771210902,drifted
2025-02-20,min_variance,SPY,0.36111203904252487,drifted
2025-02-20,min_variance,QQQ,0.0,drifted
2025-02-20,min_variance,IWM,1.4934204811530225e-17,drifted
2025-02-20,min_variance,EFA,0.2454089428826409,drifted
2025-02-20,min_variance,IEF,0.3934790180748342,drifted
2025-02-21,min_variance,SPY,0.35685499187116926,drifted
2025-02-21,min_variance,QQQ,0.0,drifted
2025-02-21,min_variance,IWM,1.4582446799873e-17,drifted
2025-02-21,min_variance,EFA,0.24520242932690942,drifted
2025-02-21,min_variance,IEF,0.3979425788019213,drifted
2025-02-24,min_variance,SPY,0.3555599679922787,drifted
2025-02-24,min_variance,QQQ,0.0,drifted
2025-02-24,min_variance,IWM,1.449073319456564e-17,drifted
2025-02-24,min_variance,EFA,0.2452789194533924,drifted
2025-02-24,min_variance,IEF,0.3991611125543288,drifted
2025-02-25,min_variance,SPY,0.35252112173962136,drifted
2025-02-25,min_variance,QQQ,0.0,drifted
2025-02-25,min_variance,IWM,1.4383935600227795e-17,drifted
2025-02-25,min_variance,EFA,0.24661736487719488,drifted
2025-02-25,min_variance,IEF,0.4008615133831839,drifted
2025-02-26,min_variance,SPY,0.3521324560341594,drifted
2025-02-26,min_variance,QQQ,0.0,drifted
2025-02-26,min_variance,IWM,1.437882822198738e-17,drifted
2025-02-26,min_variance,EFA,0.246550559714947,drifted
2025-02-26,min_variance,IEF,0.40131698425089357,drifted
2025-02-27,min_variance,SPY,0.3496130097748142,drifted
2025-02-27,min_variance,QQQ,0.0,drifted
2025-02-27,min_variance,IWM,1.428621960610256e-17,drifted
2025-02-27,min_variance,EFA,0.24594754165220425,drifted
2025-02-27,min_variance,IEF,0.40443944857298153,drifted
2025-02-28,min_variance,SPY,0.3521852513479958,drifted
2025-02-28,min_variance,QQQ,0.0,drifted
2025-02-28,min_variance,IWM,1.4320977561017858e-17,drifted
2025-02-28,min_variance,EFA,0.2444595470446696,drifted
2025-02-28,min_variance,IEF,0.40335520160733457,drifted
2025-03-03,min_variance,SPY,0.3606173564449672,target
2025-03-03,min_variance,QQQ,2.905143395089821e-17,target
2025-03-03,min_variance,IWM,0.0,target
2025-03-03,min_variance,EFA,0.23938264355503278,target
2025-03-03,min_variance,IEF,0.4,target
2025-03-03,min_variance,SPY,0.3606173564449672,drifted
2025-03-03,min_variance,QQQ,2.905143395089821e-17,drifted
2025-03-03,min_variance,IWM,0.0,drifted
2025-03-03,min_variance,EFA,0.23938264355503278,drifted
2025-03-03,min_variance,IEF,0.4,drifted
2025-03-04,min_variance,SPY,0.35835002976868086,drifted
2025-03-04,min_variance,QQQ,2.9126423663183085e-17,drifted
2025-03-04,min_variance,IWM,0.0,drifted
2025-03-04,min_variance,EFA,0.24066862485337034,drifted
2025-03-04,min_variance,IEF,0.4009813453779488,drifted
2025-03-05,min_variance,SPY,0.35955297612848713,drifted
2025-03-05,min_variance,QQQ,2.9290355722625384e-17,drifted
2025-03-05,min_variance,IWM,0.0,drifted
2025-03-05,min_variance,EFA,0.24461640083166153,drifted
2025-03-05,min_variance,IEF,0.39583062303985117,drifted
2025-03-06,min_variance,SPY,0.35641833703754094,drifted
2025-03-06,min_variance,QQQ,2.874654541906885e-17,drifted
2025-03-06,min_variance,IWM,0.0,drifted
2025-03-06,min_variance,EFA,0.24432213243431083,drifted
2025-03-06,min_variance,IEF,0.39925953052814817,drifted
2025-03-07,min_variance,SPY,0.3569757279039664,drifted
2025-03-07,min_variance,QQQ,2.8841574398502635e-17,drifted
2025-03-07,min_variance,IWM,0.0,drifted
2025-03-07,min_variance,EFA,0.24587397333888528,drifted
2025-03-07,min_variance,IEF,0.3971502987571483,drifted
2025-03-10,min_variance,SPY,0.35187529233015064,drifted
2025-03-10,min_variance,QQQ,2.8075467113758023e-17,drifted
2025-03-10,min_variance,IWM,0.0,drifted
2025-03-10,min_variance,EFA,0.2431242545599673,drifted
2025-03-10,min_variance,IEF,0.4050004531098821,drifted
2025-03-11,min_variance,SPY,0.35077409187598235,drifted
2025-03-11,min_variance,QQQ,2.815474758963178e-17,drifted
2025-03-11,min_variance,IWM,0.0,drifted
2025-03-11,min_variance,EFA,0.24356493547219724,drifted
2025-03-11,min_variance,IEF,0.40566097265182033,drifted
2025-03-12,min_variance,SPY,0.3517872134129183,drifted
2025-03-12,min_variance,QQQ,2.84038697018542e-17,drifted
2025-03-12,min_variance,IWM,0.0,drifted
2025-03-12,min_variance,EFA,0.24472394016058577,drifted
2025-03-12,min_variance,IEF,0.4034888464264959,drifted
2025-03-13,min_variance,SPY,0.3487341415048178,drifted
2025-03-13,min_variance,QQQ,2.802436821615203e-17,drifted
2025-03-13,min_variance,IWM,0.0,drifted
2025-03-13,min_variance,EFA,0.24424342234683757,drifted
2025-03-13,min_variance,IEF,0.40702243614834455,drifted
2025-03-14,min_variance,SPY,0.352317991216413,drifted
2025-03-14,min_variance,QQQ,2.840986664609992e-17,drifted
2025-03-14,min_variance,IWM,0.0,drifted
2025-03-14,min_variance,EFA,0.24620083358894337,drifted
2025-03-14,min_variance,IEF,0.40148117519464355,drifted
2025-03-17,min_variance,SPY,0.3529799539273657,drifted
2025-03-17,min_variance,QQQ,2.842857294830675e-17,drifted
2025-03-17,min_variance,IWM,0.0,drifted
2025-03-17,min_variance,EFA,0.24752454020230616,drifted
2025-03-17,min_variance,IEF,0.3994955058703281,drifted
2025-03-18,min_variance,SPY,0.35034892114242266,drifted
2025-03-18,min_variance,QQQ,2.8038704029980393e-17,drifted
2025-03-18,min_variance,IWM,0.0,drifted
2025-03-18,min_variance,EFA,0.24833460331058932,drifted
2025-03-18,min_variance,IEF,0.401316475546988,drifted
2025-03-19,min_variance,SPY,0.3521297424323942,drifted
2025-03-19,min_variance,QQQ,2.825065323877515e-17,drifted
2025-03-19,min_variance,IWM,0.0,drifted
2025-03-19,min_variance,EFA,0.24763714360317782,drifted
2025-03-19,min_variance,IEF,0.40023311396442796,drifted
2025-03-20,min_variance,SPY,0.3519912290128767,drifted
2025-03-20,min_variance,QQQ,2.822543711828576e-17,drifted
2025-03-20,min_variance,IWM,0.0,drifted
2025-03-20,min_variance,EFA,0.24618121573608542,drifted
2025-03-20,min_variance,IEF,0.40182755525103797,drifted
2025-03-21,min_variance,SPY,0.3527220245255527,drifted
2025-03-21,min_variance,QQQ,2.8367928026209996e-17,drifted
2025-03-21,min_variance,IWM,0.0,drifted
2025-03-21,min_variance,EFA,0.245087631319187,drifted
2025-03-21,min_variance,IEF,0.4021903441552603,drifted
2025-03-24,min_variance,SPY,0.35762276816470395,drifted
2025-03-24,min_variance,QQQ,2.887610997742818e-17,drifted
2025-03-24,min_variance,IWM,0.0,drifted
2025-03-24,min_variance,EFA,0.24409186516790154,drifted
2025-03-24,min_variance,IEF,0.3982853666673945,drifted
2025-03-25,min_variance,SPY,0.3574541978156968,drifted
2025-03-25,min_variance,QQQ,2.8957598605778706e-17,drifted
2025-03-25,min_variance,IWM,0.0,drifted
2025-03-25,min_variance,EFA,0.24473019385438657,drifted
2025-03-25,min_variance,IEF,0.3978156083299167,drifted
2025-03-26,min_variance,SPY,0.3561656783360754,drifted
2025-03-26,min_variance,QQQ,2.866450277870327e-17,drifted
2025-03-26,min_variance,IWM,0.0,drifted
2025-03-26,min_variance,EFA,0.24359606477914175,drifted
2025-03-26,min_variance,IEF,0.4002382568847828,drifted
2025-03-27,min_variance,SPY,0.35548880527171334,drifted
2025-03-27,min_variance,QQQ,2.8522753870933785e-17,drifted
2025-03-27,min_variance,IWM,0.0,drifted
2025-03-27,min_variance,EFA,0.24430908549791758,drifted
2025-03-27,min_variance,IEF,0.400202109230369,drifted
2025-03-28,min_variance,SPY,0.3504704012004258,drifted
2025-03-28,min_variance,QQQ,2.794247447160609e-17,drifted
2025-03-28,min_variance,IWM,0.0,drifted
2025-03-28,min_variance,EFA,0.24362409817972852,drifted
2025-03-28,min_variance,IEF,0.40590550061984565,drifted
2025-03-31,min_variance,SPY,0.35233293213568384,drifted
2025-03-31,min_variance,QQQ,2.790246696541462e-17,drifted
2025-03-31,min_variance,IWM,0.0,drifted
2025-03-31,min_variance,EFA,0.2411319068735417,drifted
2025-03-31,min_variance,IEF,0.40653516099077447,drifted
2025-04-01,min_variance,SPY,0.3296400267012654,target
2025-04-01,min_variance,QQQ,0.0,target
2025-04-01,min_variance,IWM,0.0,target
2025-04-01,min_variance,EFA,0.2703599732987346,target
2025-04-01,min_variance,IEF,0.4,target
2025-04-01,min_variance,SPY,0.3296400267012654,drifted
2025-04-01,min_variance,QQQ,0.0,drifted
2025-04-01,min_variance,IWM,0.0,drifted
2025-04-01,min_variance,EFA,0.2703599732987346,drifted
2025-04-01,min_variance,IEF,0.4,drifted
2025-04-02,min_variance,SPY,0.330952949894949,drifted
2025-04-02,min_variance,QQQ,0.0,drifted
2025-04-02,min_variance,IWM,0.0,drifted
2025-04-02,min_variance,EFA,0.2703559133640502,drifted
2025-04-02,min_variance,IEF,0.3986911367410009,drifted
2025-04-03,min_variance,SPY,0.3203710166402458,drifted
2025-04-03,min_variance,QQQ,0.0,drifted
2025-04-03,min_variance,IWM,0.0,drifted
2025-04-03,min_variance,EFA,0.26950609781305335,drifted
2025-04-03,min_variance,IEF,0.4101228855467009,drifted
2025-04-04,min_variance,SPY,0.3126810355492972,drifted
2025-04-04,min_variance,QQQ,0.0,drifted
2025-04-04,min_variance,IWM,0.0,drifted
2025-04-04,min_variance,EFA,0.26095751863220956,drifted
2025-04-04,min_variance,IEF,0.4263614458184933,drifted
2025-04-07,min_variance,SPY,0.3158929630838164,drifted
2025-04-07,min_variance,QQQ,0.0,drifted
2025-04-07,min_variance,IWM,0.0,drifted
2025-04-07,min_variance,EFA,0.2577364223617745,drifted
2025-04-07,min_variance,IEF,0.426370614554409,drifted
2025-04-08,min_variance,SPY,0.31344427008702014,drifted
2025-04-08,min_variance,QQQ,0.0,drifted
2025-04-08,min_variance,IWM,0.0,drifted
2025-04-08,min_variance,EFA,0.2589206676592027,drifted
2025-04-08,min_variance,IEF,0.4276350622537771,drifted
2025-04-09,min_variance,SPY,0.3293836111490596,drifted
2025-04-09,min_variance,QQQ,0.0,drifted
2025-04-09,min_variance,IWM,0.0,drifted
2025-04-09,min_variance,EFA,0.26522890149113354,drifted
2025-04-09,min_variance,IEF,0.40538748735980684,drifted
2025-04-10,min_variance,SPY,0.3220982352079124,drifted
2025-04-10,min_variance,QQQ,0.0,drifted
2025-04-10,min_variance,IWM,0.0,drifted
2025-04-10,min_variance,EFA,0.2658986985778978,drifted
2025-04-10,min_variance,IEF,0.4120030662141898,drifted
2025-04-11,min_variance,SPY,0.32457162328927924,drifted
2025-04-11,min_variance,QQQ,0.0,drifted
2025-04-11,min_variance,IWM,0.0,drifted
2025-04-11,min_variance,EFA,0.26983826858475923,drifted
2025-04-11,min_variance,IEF,0.4055901081259616,drifted
2025-04-14,min_variance,SPY,0.3246986981968087,drifted
2025-04-14,min_variance,QQQ,0.0,drifted
2025-04-14,min_variance,IWM,0.0,drifted
2025-04-14,min_variance,EFA,0.2702279180189621,drifted
2025-04-14,min_variance,IEF,0.40507338378422925,drifted
2025-04-15,min_variance,SPY,0.32290727763133376,drifted
2025-04-15,min_variance,QQQ,0.0,drifted
2025-04-15,min_variance,IWM,0.0,drifted
2025-04-15,min_variance,EFA,0.27192266645549856,drifted
2025-04-15,min_variance,IEF,0.40517005591316774,drifted
2025-04-16,min_variance,SPY,0.3177848503379367,drifted
2025-04-16,min_variance,QQQ,0.0,drifted
2025-04-16,min_variance,IWM,0.0,drifted
2025-04-16,min_variance,EFA,0.2726392435721985,drifted
2025-04-16,min_variance,IEF,0.4095759060898648,drifted
2025-04-17,min_variance,SPY,0.31752534366794816,drifted
2025-04-17,min_variance,QQQ,0.0,drifted
2025-04-17,min_variance,IWM,0.0,drifted
2025-04-17,min_variance,EFA,0.27497831520973226,drifted
2025-04-17,min_variance,IEF,0.40749634112231964,drifted
2025-04-21,min_variance,SPY,0.3134925180829793,drifted
2025-04-21,min_variance,QQQ,0.0,drifted
2025-04-21,min_variance,IWM,0.0,drifted
2025-04-21,min_variance,EFA,0.27659675405978223,drifted
2025-04-21,min_variance,IEF,0.4099107278572385,drifted
2025-04-22,min_variance,SPY,0.31714929097046735,drifted
2025-04-22,min_variance,QQQ,0.0,drifted
2025-04-22,min_variance,IWM,0.0,drifted
2025-04-22,min_variance,EFA,0.2783739230840694,drifted
2025-04-22,min_variance,IEF,0.4044767859454632,drifted
2025-04-23,min_variance,SPY,0.31999669856682816,drifted
2025-04-23,min_variance,QQQ,0.0,drifted
2025-04-23,min_variance,IWM,0.0,drifted
2025-04-23,min_variance,EFA,0.27769600445248527,drifted
2025-04-23,min_variance,IEF,0.40230729698068646,drifted
2025-04-24,min_variance,SPY,0.3226647666279787,drifted
2025-04-24,min_variance,QQQ,0.0,drifted
2025-04-24,min_variance,IWM,0.0,drifted
2025-04-24,min_variance,EFA,0.27788836842671016,drifted
2025-04-24,min_variance,IEF,0.399446864945311,drifted
2025-04-25,min_variance,SPY,0.3233658205711768,drifted
2025-04-25,min_variance,QQQ,0.0,drifted
2025-04-25,min_variance,IWM,0.0,drifted
2025-04-25,min_variance,EFA,0.2776827572317588,drifted
2025-04-25,min_variance,IEF,0.3989514221970645,drifted
2025-04-28,min_variance,SPY,0.32234021602280305,drifted
2025-04-28,min_variance,QQQ,0.0,drifted
2025-04-28,min_variance,IWM,0.0,drifted
2025-04-28,min_variance,EFA,0.2785385590411636,drifted
2025-04-28,min_variance,IEF,0.3991212249360334,drifted
2025-04-29,min_variance,SPY,0.3230888515529721,drifted
2025-04-29,min_variance,QQQ,0.0,drifted
2025-04-29,min_variance,IWM,0.0,drifted
2025-04-29,min_variance,EFA,0.2779947587729505,drifted
2025-04-29,min_variance,IEF,0.39891638967407755,drifted
2025-04-30,min_variance,SPY,0.32307999912576035,drifted
2025-04-30,min_variance,QQQ,0.0,drifted
2025-04-30,min_variance,IWM,0.0,drifted
2025-04-30,min_variance,EFA,0.27754934048781577,drifted
2025-04-30,min_variance,IEF,0.39937066038642394,drifted
2025-05-01,min_variance,SPY,0.2143174744775621,target
2025-05-01,min_variance,QQQ,0.0,target
2025-05-01,min_variance,IWM,4.110511448354254e-18,target
2025-05-01,min_variance,EFA,0.385682525522438,target
2025-05-01,min_variance,IEF,0.4,target
2025-05-01,min_variance,SPY,0.2143174744775621,drifted
2025-05-01,min_variance,QQQ,0.0,drifted
2025-05-01,min_variance,IWM,4.110511448354254e-18,drifted
2025-05-01,min_variance,EFA,0.385682525522438,drifted
2025-05-01,min_variance,IEF,0.4,drifted
2025-05-02,min_variance,SPY,0.21579575563417042,drifted
2025-05-02,min_variance,QQQ,0.0,drifted
2025-05-02,min_variance,IWM,4.170053862235964e-18,drifted
2025-05-02,min_variance,EFA,0.3900004594775317,drifted
2025-05-02,min_variance,IEF,0.3942037848882979,drifted
2025-05-05,min_variance,SPY,0.21483019286172442,drifted
2025-05-05,min_variance,QQQ,0.0,drifted
2025-05-05,min_variance,IWM,4.14326601609636e-18,drifted
2025-05-05,min_variance,EFA,0.3911749875788022,drifted
2025-05-05,min_variance,IEF,0.39399481955947335,drifted
2025-05-06,min_variance,SPY,0.21331068177317714,drifted
2025-05-06,min_variance,QQQ,0.0,drifted
2025-05-06,min_variance,IWM,4.1033823129230185e-18,drifted
2025-05-06,min_variance,EFA,0.3911823943534796,drifted
2025-05-06,min_variance,IEF,0.3955069238733432,drifted
2025-05-07,min_variance,SPY,0.214074264270689,drifted
2025-05-07,min_variance,QQQ,0.0,drifted
2025-05-07,min_variance,IWM,4.11437192473176e-18,drifted
2025-05-07,min_variance,EFA,0.38962246627216207,drifted
2025-05-07,min_variance,IEF,0.396303269457149,drifted
2025-05-08,min_variance,SPY,0.21620502104504508,drifted
2025-05-08,min_variance,QQQ,0.0,drifted
2025-05-08,min_variance,IWM,4.205163180244698e-18,drifted
2025-05-08,min_variance,EFA,0.3894121583425808,drifted
2025-05-08,min_variance,IEF,0.3943828206123741,drifted
2025-05-09,min_variance,SPY,0.2155138295025174,drifted
2025-05-09,min_variance,QQQ,0.0,drifted
2025-05-09,min_variance,IWM,4.189348493736721e-18,drifted
2025-05-09,min_variance,EFA,0.39057049329636223,drifted
2025-05-09,min_variance,IEF,0.39391567720112025,drifted
2025-05-12,min_variance,SPY,0.22117267827639753,drifted
2025-05-12,min_variance,QQQ,0.0,drifted
2025-05-12,min_variance,IWM,4.3081326017121164e-18,drifted
2025-05-12,min_variance,EFA,0.38998928377174935,drifted
2025-05-12,min_variance,IEF,0.388838037951853,drifted
2025-05-13,min_variance,SPY,0.22226283230260946,drifted
2025-05-13,min_variance,QQQ,0.0,drifted
2025-05-13,min_variance,IWM,4.3166892159052635e-18,drifted
2025-05-13,min_variance,EFA,0.38983591608623447,drifted
2025-05-13,min_variance,IEF,0.38790125161115596,drifted
2025-05-14,min_variance,SPY,0.22322941694289888,drifted
2025-05-14,min_variance,QQQ,0.0,drifted
2025-05-14,min_variance,IWM,4.2915330441157996e-18,drifted
2025-05-14,min_variance,EFA,0.38913334438186625,drifted
2025-05-14,min_variance,IEF,0.38763723867523486,drifted
2025-05-15,min_variance,SPY,0.22256760934689596,drifted
2025-05-15,min_variance,QQQ,0.0,drifted
2025-05-15,min_variance,IWM,4.28581179112255e-18,drifted
2025-05-15,min_variance,EFA,0.3903091012027277,drifted
2025-05-15,min_variance,IEF,0.38712328945037633,drifted
2025-05-16,min_variance,SPY,0.22343439279021646,drifted
2025-05-16,min_variance,QQQ,0.0,drifted
2025-05-16,min_variance,IWM,4.3107542009795214e-18,drifted
2025-05-16,min_variance,EFA,0.3902575463636455,drifted
2025-05-16,min_variance,IEF,0.38630806084613806,drifted
2025-05-19,min_variance,SPY,0.22284277118595758,drifted
2025-05-19,min_variance,QQQ,0.0,drifted
2025-05-19,min_variance,IWM,4.276632213754383e-18,drifted
2025-05-19,min_variance,EFA,0.3924979365234795,drifted
2025-05-19,min_variance,IEF,0.384659292290563,drifted
2025-05-20,min_variance,SPY,0.22195344714756945,drifted
2025-05-20,min_variance,QQQ,0.0,drifted
2025-05-20,min_variance,IWM,4.27618556900005e-18,drifted
2025-05-20,min_variance,EFA,0.3941209783624715,drifted
2025-05-20,min_variance,IEF,0.383925574489959,drifted
2025-05-21,min_variance,SPY,0.2201321643359388,drifted
2025-05-21,min_variance,QQQ,0.0,drifted
2025-05-21,min_variance,IWM,4.192675178131182e-18,drifted
2025-05-21,min_variance,EFA,0.39525023285956856,drifted
2025-05-21,min_variance,IEF,0.3846176028044927,drifted
2025-05-22,min_variance,SPY,0.219931489920932,drifted
2025-05-22,min_variance,QQQ,0.0,drifted
2025-05-22,min_variance,IWM,4.1869947248216214e-18,drifted
2025-05-22,min_variance,EFA,0.3945097838230888,drifted
2025-05-22,min_variance,IEF,0.38555872625597915,drifted
2025-05-23,min_variance,SPY,0.2183973945385308,drifted
2025-05-23,min_variance,QQQ,0.0,drifted
2025-05-23,min_variance,IWM,4.173178245653418e-18,drifted
2025-05-23,min_variance,EFA,0.3949887413040135,drifted
2025-05-23,min_variance,IEF,0.38661386415745586,drifted
2025-05-27,min_variance,SPY,0.22031814023898783,drifted
2025-05-27,min_variance,QQQ,0.0,drifted
2025-05-27,min_variance,IWM,4.228788549961616e-18,drifted
2025-05-27,min_variance,EFA,0.3960221640940274,drifted
2025-05-27,min_variance,IEF,0.38365969566698493,drifted
2025-05-28,min_variance,SPY,0.22056557816535144,drifted
2025-05-28,min_variance,QQQ,0.0,drifted
2025-05-28,min_variance,IWM,4.213274926349983e-18,drifted
2025-05-28,min_variance,EFA,0.3941755503676526,drifted
2025-05-28,min_variance,IEF,0.38525887146699594,drifted
2025-05-29,min_variance,SPY,0.22050747939124987,drifted
2025-05-29,min_variance,QQQ,0.0,drifted
2025-05-29,min_variance,IWM,4.208056290894606e-18,drifted
2025-05-29,min_variance,EFA,0.394256145490088,drifted
2025-05-29,min_variance,IEF,0.38523637511866216,drifted
2025-05-30,min_variance,SPY,0.21993636338069036,drifted
2025-05-30,min_variance,QQQ,0.0,drifted
2025-05-30,min_variance,IWM,4.180452837940834e-18,drifted
2025-05-30,min_variance,EFA,0.39425243838652735,drifted
2025-05-30,min_variance,IEF,0.3858111982327824,drifted
2025-06-02,min_variance,SPY,0.20722735024299985,target
2025-06-02,min_variance,QQQ,7.590619159312817e-18,target
2025-06-02,min_variance,IWM,0.0,target
2025-06-02,min_variance,EFA,0.3927726497570002,target
2025-06-02,min_variance,IEF,0.4,target
2025-06-02,min_variance,SPY,0.20722735024299985,drifted
2025-06-02,min_variance,QQQ,7.590619159312817e-18,drifted
2025-06-02,min_variance,IWM,0.0,drifted
2025-06-02,min_variance,EFA,0.3927726497570002,drifted
2025-06-02,min_variance,IEF,0.4,drifted
2025-06-03,min_variance,SPY,0.20886379201212707,drifted
2025-06-03,min_variance,QQQ,7.66664740084707e-18,drifted
2025-06-03,min_variance,IWM,0.0,drifted
2025-06-03,min_variance,EFA,0.39064756495157815,drifted
2025-06-03,min_variance,IEF,0.4004886430362947,drifted
2025-06-04,min_variance,SPY,0.20784283481396057,drifted
2025-06-04,min_variance,QQQ,7.652493604488002e-18,drifted
2025-06-04,min_variance,IWM,0.0,drifted
2025-06-04,min_variance,EFA,0.39058841480947126,drifted
2025-06-04,min_variance,IEF,0.40156875037656814,drifted
2025-06-05,min_variance,SPY,0.2073475437721166,drifted
2025-06-05,min_variance,QQQ,7.613591314065071e-18,drifted
2025-06-05,min_variance,IWM,0.0,drifted
2025-06-05,min_variance,EFA,0.3912873617246718,drifted
2025-06-05,min_variance,IEF,0.40136509450321173,drifted
2025-06-06,min_variance,SPY,0.20940642686426486,drifted
2025-06-06,min_variance,QQQ,7.685432202642451e-18,drifted
2025-06-06,min_variance,IWM,0.0,drifted
2025-06-06,min_variance,EFA,0.3925557298012226,drifted
2025-06-06,min_variance,IEF,0.39803784333451264,drifted
2025-06-09,min_variance,SPY,0.20941323875615214,drifted
2025-06-09,min_variance,QQQ,7.690064923014952e-18,drifted
2025-06-09,min_variance,IWM,0.0,drifted
2025-06-09,min_variance,EFA,0.3921713608701288,drifted
2025-06-09,min_variance,IEF,0.39841540037371914,drifted
2025-06-10,min_variance,SPY,0.21009799291068326,drifted
2025-06-10,min_variance,QQQ,7.722454568699325e-18,drifted
2025-06-10,min_variance,IWM,0.0,drifted
2025-06-10,min_variance,EFA,0.3917586083463734,drifted
2025-06-10,min_variance,IEF,0.39814339874294324,drifted
2025-06-11,min_variance,SPY,0.20941469332227042,drifted
2025-06-11,min_variance,QQQ,7.693343397178027e-18,drifted
2025-06-11,min_variance,IWM,0.0,drifted
2025-06-11,min_variance,EFA,0.3909475936291156,drifted
2025-06-11,min_variance,IEF,0.39963771304861384,drifted
2025-06-12,min_variance,SPY,0.20908063412067332,drifted
2025-06-12,min_variance,QQQ,7.668627910050405e-18,drifted
2025-06-12,min_variance,IWM,0.0,drifted
2025-06-12,min_variance,EFA,0.39176950750658524,drifted
2025-06-12,min_variance,IEF,0.3991498583727414,drifted
2025-06-13,min_variance,SPY,0.20858728379162403,drifted
2025-06-13,min_variance,QQQ,7.639896943682393e-18,drifted
2025-06-13,min_variance,IWM,0.0,drifted
2025-06-13,min_variance,EFA,0.3901916449166145,drifted
2025-06-13,min_variance,IEF,0.4012210712917615,drifted
2025-06-16,min_variance,SPY,0.21008878725762303,drifted
2025-06-16,min_variance,QQQ,7.728397303600906e-18,drifted
2025-06-16,min_variance,IWM,0.0,drifted
2025-06-16,min_variance,EFA,0.39075679834943294,drifted
2025-06-16,min_variance,IEF,0.39915441439294413,drifted
2025-06-17,min_variance,SPY,0.20926366058098517,drifted
2025-06-17,min_variance,QQQ,7.688680233050429e-18,drifted
2025-06-17,min_variance,IWM,0.0,drifted
2025-06-17,min_variance,EFA,0.3877609159906324,drifted
2025-06-17,min_variance,IEF,0.4029754234283825,drifted
2025-06-18,min_variance,SPY,0.20904541024740378,drifted
2025-06-18,min_variance,QQQ,7.680511468257029e-18,drifted
2025-06-18,min_variance,IWM,0.0,drifted
2025-06-18,min_variance,EFA,0.38808313756748986,drifted
2025-06-18,min_variance,IEF,0.40287145218510645,drifted
2025-06-20,min_variance,SPY,0.20933113429582295,drifted
2025-06-20,min_variance,QQQ,7.677637240025264e-18,drifted
2025-06-20,min_variance,IWM,0.0,drifted
2025-06-20,min_variance,EFA,0.38604047110628403,drifted
2025-06-20,min_variance,IEF,0.4046283945978931,drifted
2025-06-23,min_variance,SPY,0.21005739823926697,drifted
2025-06-23,min_variance,QQQ,7.707362837119161e-18,drifted
2025-06-23,min_variance,IWM,0.0,drifted
2025-06-23,min_variance,EFA,0.3864790753923316,drifted
2025-06-23,min_variance,IEF,0.4034635263684015,drifted
2025-06-24,min_variance,SPY,0.21060194721448172,drifted
2025-06-24,min_variance,QQQ,7.759786479719393e-18,drifted
2025-06-24,min_variance,IWM,0.0,drifted
2025-06-24,min_variance,EFA,0.3879177006409124,drifted
2025-06-24,min_variance,IEF,0.4014803521446057,drifted
2025-06-25,min_variance,SPY,0.21110594674758423,drifted
2025-06-25,min_variance,QQQ,7.793874651497659e-18,drifted
2025-06-25,min_variance,IWM,0.0,drifted
2025-06-25,min_variance,EFA,0.38650937838120536,drifted
2025-06-25,min_variance,IEF,0.4023846748712104,drifted
2025-06-26,min_variance,SPY,0.21119201322853184,drifted
2025-06-26,min_variance,QQQ,7.808860552730432e-18,drifted
2025-06-26,min_variance,IWM,0.0,drifted
2025-06-26,min_variance,EFA,0.387959311533371,drifted
2025-06-26,min_variance,IEF,0.40084867523809703,drifted
2025-06-27,min_variance,SPY,0.2114996087680294,drifted
2025-06-27,min_variance,QQQ,7.808213464444347e-18,drifted
2025-06-27,min_variance,IWM,0.0,drifted
2025-06-27,min_variance,EFA,0.39009670210904335,drifted
2025-06-27,min_variance,IEF,0.3984036891229272,drifted
2025-06-30,min_variance,SPY,0.2119139325859682,drifted
2025-06-30,min_variance,QQQ,7.836713902461827e-18,drifted
2025-06-30,min_variance,IWM,0.0,drifted
2025-06-30,min_variance,EFA,0.389218729623487,drifted
2025-06-30,min_variance,IEF,0.3988673377905447,drifted
2025-07-01,min_variance,SPY,0.20000000000000004,target
2025-07-01,min_variance,QQQ,0.0,target
2025-07-01,min_variance,IWM,0.0,target
2025-07-01,min_variance,EFA,0.4,target
2025-07-01,min_variance,IEF,0.4,target
2025-07-01,min_variance,SPY,0.20000000000000004,drifted
2025-07-01,min_variance,QQQ,0.0,drifted
2025-07-01,min_variance,IWM,0.0,drifted
2025-07-01,min_variance,EFA,0.4,drifted
2025-07-01,min_variance,IEF,0.4,drifted
2025-07-02,min_variance,SPY,0.20065934441435582,drifted
2025-07-02,min_variance,QQQ,0.0,drifted
2025-07-02,min_variance,IWM,0.0,drifted
2025-07-02,min_variance,EFA,0.4006715697505793,drifted
2025-07-02,min_variance,IEF,0.39866908583506494,drifted
2025-07-03,min_variance,SPY,0.20218267416850177,drifted
2025-07-03,min_variance,QQQ,0.0,drifted
2025-07-03,min_variance,IWM,0.0,drifted
2025-07-03,min_variance,EFA,0.4006458860967056,drifted
2025-07-03,min_variance,IEF,0.3971714397347925,drifted
2025-07-07,min_variance,SPY,0.2021121114544971,drifted
2025-07-07,min_variance,QQQ,0.0,drifted
2025-07-07,min_variance,IWM,0.0,drifted
2025-07-07,min_variance,EFA,0.39914068480228776,drifted
2025-07-07,min_variance,IEF,0.3987472037432152,drifted
2025-07-08,min_variance,SPY,0.20155229087540014,drifted
2025-07-08,min_variance,QQQ,0.0,drifted
2025-07-08,min_variance,IWM,0.0,drifted
2025-07-08,min_variance,EFA,0.40117666349296477,drifted
2025-07-08,min_variance,IEF,0.397271045631635,drifted
2025-07-09,min_variance,SPY,0.2014943851811016,drifted
2025-07-09,min_variance,QQQ,0.0,drifted
2025-07-09,min_variance,IWM,0.0,drifted
2025-07-09,min_variance,EFA,0.40166521710179576,drifted
2025-07-09,min_variance,IEF,0.3968403977171027,drifted
2025-07-10,min_variance,SPY,0.20204427917140177,drifted
2025-07-10,min_variance,QQQ,0.0,drifted
2025-07-10,min_variance,IWM,0.0,drifted
2025-07-10,min_variance,EFA,0.4013605714301287,drifted
2025-07-10,min_variance,IEF,0.3965951493984695,drifted
2025-07-11,min_variance,SPY,0.20262985566176112,drifted
2025-07-11,min_variance,QQQ,0.0,drifted
2025-07-11,min_variance,IWM,0.0,drifted
2025-07-11,min_variance,EFA,0.40007578317574355,drifted
2025-07-11,min_variance,IEF,0.3972943611624953,drifted
2025-07-14,min_variance,SPY,0.20297223074749363,drifted
2025-07-14,min_variance,QQQ,0.0,drifted
2025-07-14,min_variance,IWM,0.0,drifted
2025-07-14,min_variance,EFA,0.3999885318195952,drifted
2025-07-14,min_variance,IEF,0.39703923743291114,drifted
2025-07-15,min_variance,SPY,0.2034491870437289,drifted
2025-07-15,min_variance,QQQ,0.0,drifted
2025-07-15,min_variance,IWM,0.0,drifted
2025-07-15,min_variance,EFA,0.39843921133562304,drifted
2025-07-15,min_variance,IEF,0.39811160162064807,drifted
2025-07-16,min_variance,SPY,0.2034352313081778,drifted
2025-07-16,min_variance,QQQ,0.0,drifted
2025-07-16,min_variance,IWM,0.0,drifted
2025-07-16,min_variance,EFA,0.3987084405143706,drifted
2025-07-16,min_variance,IEF,0.3978563281774515,drifted
2025-07-17,min_variance,SPY,0.20423987794883036,drifted
2025-07-17,min_variance,QQQ,0.0,drifted
2025-07-17,min_variance,IWM,0.0,drifted
2025-07-17,min_variance,EFA,0.398886110126419,drifted
2025-07-17,min_variance,IEF,0.3968740119247506,drifted
2025-07-18,min_variance,SPY,0.20412682539796256,drifted
2025-07-18,min_variance,QQQ,0.0,drifted
2025-07-18,min_variance,IWM,0.0,drifted
2025-07-18,min_variance,EFA,0.39783188390552515,drifted
2025-07-18,min_variance,IEF,0.39804129069651234,drifted
2025-07-21,min_variance,SPY,0.2037204704188752,drifted
2025-07-21,min_variance,QQQ,0.0,drifted
2025-07-21,min_variance,IWM,0.0,drifted
2025-07-21,min_variance,EFA,0.39839639405831295,drifted
2025-07-21,min_variance,IEF,0.3978831355228118,drifted
2025-07-22,min_variance,SPY,0.2030671409251152,drifted
2025-07-22,min_variance,QQQ,0.0,drifted
2025-07-22,min_variance,IWM,0.0,drifted
2025-07-22,min_variance,EFA,0.3992521745227536,drifted
2025-07-22,min_variance,IEF,0.3976806845521311,drifted
2025-07-23,min_variance,SPY,0.202721405998245,drifted
2025-07-23,min_variance,QQQ,0.0,drifted
2025-07-23,min_variance,IWM,0.0,drifted
2025-07-23,min_variance,EFA,0.4050328922725507,drifted
2025-07-23,min_variance,IEF,0.3922457017292042,drifted
2025-07-24,min_variance,SPY,0.20350521309510416,drifted
2025-07-24,min_variance,QQQ,0.0,drifted
2025-07-24,min_variance,IWM,0.0,drifted
2025-07-24,min_variance,EFA,0.403444985985981,drifted
2025-07-24,min_variance,IEF,0.3930498009189149,drifted
2025-07-25,min_variance,SPY,0.2041023846166967,drifted
2025-07-25,min_variance,QQQ,0.0,drifted
2025-07-25,min_variance,IWM,0.0,drifted
2025-07-25,min_variance,EFA,0.40243897330957457,drifted
2025-07-25,min_variance,IEF,0.39345864207372866,drifted
2025-07-28,min_variance,SPY,0.20557194443993632,drifted
2025-07-28,min_variance,QQQ,0.0,drifted
2025-07-28,min_variance,IWM,0.0,drifted
2025-07-28,min_variance,EFA,0.39891560048244407,drifted
2025-07-28,min_variance,IEF,0.3955124550776196,drifted
2025-07-29,min_variance,SPY,0.20477424153940724,drifted
2025-07-29,min_variance,QQQ,0.0,drifted
2025-07-29,min_variance,IWM,0.0,drifted
2025-07-29,min_variance,EFA,0.39761534596768056,drifted
2025-07-29,min_variance,IEF,0.39761041249291224,drifted
2025-07-30,min_variance,SPY,0.20543931891420006,drifted
2025-07-30,min_variance,QQQ,0.0,drifted
2025-07-30,min_variance,IWM,0.0,drifted
2025-07-30,min_variance,EFA,0.39654111911783846,drifted
2025-07-30,min_variance,IEF,0.3980195619679615,drifted
2025-07-31,min_variance,SPY,0.20563369987697513,drifted
2025-07-31,min_variance,QQQ,0.0,drifted
2025-07-31,min_variance,IWM,0.0,drifted
2025-07-31,min_variance,EFA,0.39413266382591683,drifted
2025-07-31,min_variance,IEF,0.40023363629710795,drifted
2025-08-01,min_variance,SPY,0.21339708510844543,target
2025-08-01,min_variance,QQQ,5.221212056224614e-18,target
2025-08-01,min_variance,IWM,0.0,target
2025-08-01,min_variance,EFA,0.3866029148915545,target
2025-08-01,min_variance,IEF,0.4,target
2025-08-01,min_variance,SPY,0.21339708510844543,drifted
2025-08-01,min_variance,QQQ,5.221212056224614e-18,drifted
2025-08-01,min_variance,IWM,0.0,drifted
2025-08-01,min_variance,EFA,0.3866029148915545,drifted
2025-08-01,min_variance,IEF,0.4,drifted
2025-08-04,min_variance,SPY,0.21472433447297445,drifted
2025-08-04,min_variance,QQQ,5.270515308497673e-18,drifted
2025-08-04,min_variance,IWM,0.0,drifted
2025-08-04,min_variance,EFA,0.3882753039347362,drifted
2025-08-04,min_variance,IEF,0.39700036159228935,drifted
2025-08-05,min_variance,SPY,0.21394004174726605,drifted
2025-08-05,min_variance,QQQ,5.24218778239288e-18,drifted
2025-08-05,min_variance,IWM,0.0,drifted
2025-08-05,min_variance,EFA,0.38878446829631863,drifted
2025-08-05,min_variance,IEF,0.3972754899564154,drifted
2025-08-06,min_variance,SPY,0.21474170844076917,drifted
2025-08-06,min_variance,QQQ,5.287541100548115e-18,drifted
2025-08-06,min_variance,IWM,0.0,drifted
2025-08-06,min_variance,EFA,0.38981468334564723,drifted
2025-08-06,min_variance,IEF,0.3954436082135836,drifted
2025-08-07,min_variance,SPY,0.21391282289484315,drifted
2025-08-07,min_variance,QQQ,5.289388696822294e-18,drifted
2025-08-07,min_variance,IWM,0.0,drifted
2025-08-07,min_variance,EFA,0.39212814643851396,drifted
2025-08-07,min_variance,IEF,0.39395903066664284,drifted
2025-08-08,min_variance,SPY,0.21490120366845306,drifted
2025-08-08,min_variance,QQQ,5.3218969066090856e-18,drifted
2025-08-08,min_variance,IWM,0.0,drifted
2025-08-08,min_variance,EFA,0.3932855204211883,drifted
2025-08-08,min_variance,IEF,0.39181327591035864,drifted
2025-08-11,min_variance,SPY,0.21489646233592508,drifted
2025-08-11,min_variance,QQQ,5.3165467188926516e-18,drifted
2025-08-11,min_variance,IWM,0.0,drifted
2025-08-11,min_variance,EFA,0.3923990521329451,drifted
2025-08-11,min_variance,IEF,0.3927044855311298,drifted
2025-08-12,min_variance,SPY,0.2156741343235251,drifted
2025-08-12,min_variance,QQQ,5.345937785466788e-18,drifted
2025-08-12,min_variance,IWM,0.0,drifted
2025-08-12,min_variance,EFA,0.39443378887680974,drifted
2025-08-12,min_variance,IEF,0.3898920767996652,drifted
2025-08-13,min_variance,SPY,0.21544084651118292,drifted
2025-08-13,min_variance,QQQ,5.3245988434964e-18,drifted
2025-08-13,min_variance,IWM,0.0,drifted
2025-08-13,min_variance,EFA,0.3950339406990641,drifted
2025-08-13,min_variance,IEF,0.38952521278975294,drifted
2025-08-14,min_variance,SPY,0.2157193609045147,drifted
2025-08-14,min_variance,QQQ,5.3268530136934015e-18,drifted
2025-08-14,min_variance,IWM,0.0,drifted
2025-08-14,min_variance,EFA,0.39555100514936553,drifted
2025-08-14,min_variance,IEF,0.38872963394611976,drifted
2025-08-15,min_variance,SPY,0.2149882292915067,drifted
2025-08-15,min_variance,QQQ,5.297858041876232e-18,drifted
2025-08-15,min_variance,IWM,0.0,drifted
2025-08-15,min_variance,EFA,0.3974636124613898,drifted
2025-08-15,min_variance,IEF,0.3875481582471036,drifted
2025-08-18,min_variance,SPY,0.2151230516802874,drifted
2025-08-18,min_variance,QQQ,5.3002224101528616e-18,drifted
2025-08-18,min_variance,IWM,0.0,drifted
2025-08-18,min_variance,EFA,0.39736797660931833,drifted
2025-08-18,min_variance,IEF,0.3875089717103944,drifted
2025-08-19,min_variance,SPY,0.21398732826233618,drifted
2025-08-19,min_variance,QQQ,5.229076452018497e-18,drifted
2025-08-19,min_variance,IWM,0.0,drifted
2025-08-19,min_variance,EFA,0.3974693279531543,drifted
2025-08-19,min_variance,IEF,0.3885433437845095,drifted
2025-08-20,min_variance,SPY,0.21311486782290814,drifted
2025-08-20,min_variance,QQQ,5.190628640700102e-18,drifted
2025-08-20,min_variance,IWM,0.0,drifted
2025-08-20,min_variance,EFA,0.39832552104019,drifted
2025-08-20,min_variance,IEF,0.38855961113690174,drifted
2025-08-21,min_variance,SPY,0.2132179917447009,drifted
2025-08-21,min_variance,QQQ,5.1899173605079174e-18,drifted
2025-08-21,min_variance,IWM,0.0,drifted
2025-08-21,min_variance,EFA,0.39761267801779066,drifted
2025-08-21,min_variance,IEF,0.38916933023750844,drifted
2025-08-22,min_variance,SPY,0.2140491702191938,drifted
2025-08-22,min_variance,QQQ,5.210511694359235e-18,drifted
2025-08-22,min_variance,IWM,0.0,drifted
2025-08-22,min_variance,EFA,0.3990320849283165,drifted
2025-08-22,min_variance,IEF,0.3869187448524898,drifted
2025-08-25,min_variance,SPY,0.21460380258209885,drifted
2025-08-25,min_variance,QQQ,5.23196933683597e-18,drifted
2025-08-25,min_variance,IWM,0.0,drifted
2025-08-25,min_variance,EFA,0.39653306156767676,drifted
2025-08-25,min_variance,IEF,0.3888631358502245,drifted
2025-08-26,min_variance,SPY,0.21518288843777159,drifted
2025-08-26,min_variance,QQQ,5.245189508631803e-18,drifted
2025-08-26,min_variance,IWM,0.0,drifted
2025-08-26,min_variance,EFA,0.39551482027412027,drifted
2025-08-26,min_variance,IEF,0.3893022912881083,drifted
2025-08-27,min_variance,SPY,0.21561393950945168,drifted
2025-08-27,min_variance,QQQ,5.251807176227415e-18,drifted
2025-08-27,min_variance,IWM,0.0,drifted
2025-08-27,min_variance,EFA,0.39445960966677424,drifted
2025-08-27,min_variance,IEF,0.3899264508237741,drifted
2025-08-28,min_variance,SPY,0.21570455024947233,drifted
2025-08-28,min_variance,QQQ,5.268247619103436e-18,drifted
2025-08-28,min_variance,IWM,0.0,drifted
2025-08-28,min_variance,EFA,0.3946911227180465,drifted
2025-08-28,min_variance,IEF,0.3896043270324811,drifted
2025-08-29,min_variance,SPY,0.21526334080115336,drifted
2025-08-29,min_variance,QQQ,5.227791779514782e-18,drifted
2025-08-29,min_variance,IWM,0.0,drifted
2025-08-29,min_variance,EFA,0.39392168104675596,drifted
2025-08-29,min_variance,IEF,0.3908149781520906,drifted
2025-09-02,min_variance,SPY,0.2170737763154796,target
2025-09-02,min_variance,QQQ,0.0,target
2025-09-02,min_variance,IWM,2.8619633317577523e-18,target
2025-09-02,min_variance,EFA,0.3829262236845204,target
2025-09-02,min_variance,IEF,0.4,target
2025-09-02,min_variance,SPY,0.2170737763154796,drifted
2025-09-02,min_variance,QQQ,0.0,drifted
2025-09-02,min_variance,IWM,2.8619633317577523e-18,drifted
2025-09-02,min_variance,EFA,0.3829262236845204,drifted
2025-09-02,min_variance,IEF,0.4,drifted
2025-09-03,min_variance,SPY,0.2175649627610057,drifted
2025-09-03,min_variance,QQQ,0.0,drifted
2025-09-03,min_variance,IWM,2.850171762635747e-18,drifted
2025-09-03,min_variance,EFA,0.3823138773331243,drifted
2025-09-03,min_variance,IEF,0.40012115990587005,drifted
2025-09-04,min_variance,SPY,0.21798938157451786,drifted
2025-09-04,min_variance,QQQ,0.0,drifted
2025-09-04,min_variance,IWM,2.867453418036954e-18,drifted
2025-09-04,min_variance,EFA,0.38264853705938867,drifted
2025-09-04,min_variance,IEF,0.39936208136609336,drifted
2025-09-05,min_variance,SPY,0.21670045178832417,drifted
2025-09-05,min_variance,QQQ,0.0,drifted
2025-09-05,min_variance,IWM,2.8730370055847328e-18,drifted
2025-09-05,min_variance,EFA,0.3832025941577236,drifted
2025-09-05,min_variance,IEF,0.4000969540539522,drifted
2025-09-08,min_variance,SPY,0.21602019997121852,drifted
2025-09-08,min_variance,QQQ,0.0,drifted
2025-09-08,min_variance,IWM,2.8627672027935204e-18,drifted
2025-09-08,min_variance,EFA,0.38488288492493505,drifted
2025-09-08,min_variance,IEF,0.39909691510384643,drifted
2025-09-09,min_variance,SPY,0.21689551069952384,drifted
2025-09-09,min_variance,QQQ,0.0,drifted
2025-09-09,min_variance,IWM,2.8508857606693557e-18,drifted
2025-09-09,min_variance,EFA,0.38426189172426306,drifted
2025-09-09,min_variance,IEF,0.3988425975762131,drifted
2025-09-10,min_variance,SPY,0.21717190030087127,drifted
2025-09-10,min_variance,QQQ,0.0,drifted
2025-09-10,min_variance,IWM,2.8412427730859095e-18,drifted
2025-09-10,min_variance,EFA,0.3835594168389365,drifted
2025-09-10,min_variance,IEF,0.39926868286019207,drifted
2025-09-11,min_variance,SPY,0.21756456047729927,drifted
2025-09-11,min_variance,QQQ,0.0,drifted
2025-09-11,min_variance,IWM,2.8750980257998604e-18,drifted
2025-09-11,min_variance,EFA,0.38512872897791517,drifted
2025-09-11,min_variance,IEF,0.3973067105447855,drifted
2025-09-12,min_variance,SPY,0.21808994281511318,drifted
2025-09-12,min_variance,QQQ,0.0,drifted
2025-09-12,min_variance,IWM,2.8535531775781586e-18,drifted
2025-09-12,min_variance,EFA,0.3846575043450008,drifted
2025-09-12,min_variance,IEF,0.3972525528398859,drifted
2025-09-15,min_variance,SPY,0.2182946803559061,drifted
2025-09-15,min_variance,QQQ,0.0,drifted
2025-09-15,min_variance,IWM,2.8531458605629834e-18,drifted
2025-09-15,min_variance,EFA,0.38553310006100805,drifted
2025-09-15,min_variance,IEF,0.3961722195830858,drifted
2025-09-16,min_variance,SPY,0.2182399845234738,drifted
2025-09-16,min_variance,QQQ,0.0,drifted
2025-09-16,min_variance,IWM,2.851660259718805e-18,drifted
2025-09-16,min_variance,EFA,0.3848959270301921,drifted
2025-09-16,min_variance,IEF,0.3968640884463342,drifted
2025-09-17,min_variance,SPY,0.2185308638985511,drifted
2025-09-17,min_variance,QQQ,0.0,drifted
2025-09-17,min_variance,IWM,2.8663320321601755e-18,drifted
2025-09-17,min_variance,EFA,0.384441477113936,drifted
2025-09-17,min_variance,IEF,0.39702765898751285,drifted
2025-09-18,min_variance,SPY,0.21928894326552678,drifted
2025-09-18,min_variance,QQQ,0.0,drifted
2025-09-18,min_variance,IWM,2.9342042527137343e-18,drifted
2025-09-18,min_variance,EFA,0.38546733361423413,drifted
2025-09-18,min_variance,IEF,0.39524372312023914,drifted
2025-09-19,min_variance,SPY,0.22049937428293817,drifted
2025-09-19,min_variance,QQQ,0.0,drifted
2025-09-19,min_variance,IWM,2.91355649775774e-18,drifted
2025-09-19,min_variance,EFA,0.3841975899909927,drifted
2025-09-19,min_variance,IEF,0.3953030357260692,drifted
2025-09-22,min_variance,SPY,0.22118247862096105,drifted
2025-09-22,min_variance,QQQ,0.0,drifted
2025-09-22,min_variance,IWM,2.925700445831808e-18,drifted
2025-09-22,min_variance,EFA,0.3848104740185619,drifted
2025-09-22,min_variance,IEF,0.3940070473604771,drifted
2025-09-23,min_variance,SPY,0.22016420129259107,drifted
2025-09-23,min_variance,QQQ,0.0,drifted
2025-09-23,min_variance,IWM,2.9215810484044677e-18,drifted
2025-09-23,min_variance,EFA,0.3843923762058507,drifted
2025-09-23,min_variance,IEF,0.3954434225015583,drifted
2025-09-24,min_variance,SPY,0.2203434019317741,drifted
2025-09-24,min_variance,QQQ,0.0,drifted
2025-09-24,min_variance,IWM,2.906345737998999e-18,drifted
2025-09-24,min_variance,EFA,0.3836951482458067,drifted
2025-09-24,min_variance,IEF,0.3959614498224191,drifted
2025-09-25,min_variance,SPY,0.22034348221979694,drifted
2025-09-25,min_variance,QQQ,0.0,drifted
2025-09-25,min_variance,IWM,2.8918996306079917e-18,drifted
2025-09-25,min_variance,EFA,0.3827255621076156,drifted
2025-09-25,min_variance,IEF,0.3969309556725875,drifted
2025-09-26,min_variance,SPY,0.22072021088948132,drifted
2025-09-26,min_variance,QQQ,0.0,drifted
2025-09-26,min_variance,IWM,2.9050182371949986e-18,drifted
2025-09-26,min_variance,EFA,0.3841404439909726,drifted
2025-09-26,min_variance,IEF,0.39513934511954596,drifted
2025-09-29,min_variance,SPY,0.2206206315580555,drifted
2025-09-29,min_variance,QQQ,0.0,drifted
2025-09-29,min_variance,IWM,2.89892930856322e-18,drifted
2025-09-29,min_variance,EFA,0.3843791214780084,drifted
2025-09-29,min_variance,IEF,0.39500024696393615,drifted
2025-09-30,min_variance,SPY,0.22095714354149423,drifted
2025-09-30,min_variance,QQQ,0.0,drifted
2025-09-30,min_variance,IWM,2.89652625220998e-18,drifted
2025-09-30,min_variance,EFA,0.38508801689899474,drifted
2025-09-30,min_variance,IEF,0.39395483955951094,drifted
2025-10-01,min_variance,SPY,0.2151866806891166,target
2025-10-01,min_variance,QQQ,0.0,target
2025-10-01,min_variance,IWM,0.0,target
2025-10-01,min_variance,EFA,0.3848133193108834,target
2025-10-01,min_variance,IEF,0.4,target
2025-10-01,min_variance,SPY,0.2151866806891166,drifted
2025-10-01,min_variance,QQQ,0.0,drifted
2025-10-01,min_variance,IWM,0.0,drifted
2025-10-01,min_variance,EFA,0.3848133193108834,drifted
2025-10-01,min_variance,IEF,0.4,drifted
2025-10-02,min_variance,SPY,0.2151600759270484,drifted
2025-10-02,min_variance,QQQ,0.0,drifted
2025-10-02,min_variance,IWM,0.0,drifted
2025-10-02,min_variance,EFA,0.38493543786395584,drifted
2025-10-02,min_variance,IEF,0.39990448620899594,drifted
2025-10-03,min_variance,SPY,0.21463417905916796,drifted
2025-10-03,min_variance,QQQ,0.0,drifted
2025-10-03,min_variance,IWM,0.0,drifted
2025-10-03,min_variance,EFA,0.38721756412344116,drifted
2025-10-03,min_variance,IEF,0.39814825681739086,drifted
2025-10-06,min_variance,SPY,0.21529427496898296,drifted
2025-10-06,min_variance,QQQ,0.0,drifted
2025-10-06,min_variance,IWM,0.0,drifted
2025-10-06,min_variance,EFA,0.3879160073104249,drifted
2025-10-06,min_variance,IEF,0.3967897177205922,drifted
2025-10-07,min_variance,SPY,0.21518164552369404,drifted
2025-10-07,min_variance,QQQ,0.0,drifted
2025-10-07,min_variance,IWM,0.0,drifted
2025-10-07,min_variance,EFA,0.38576655395951515,drifted
2025-10-07,min_variance,IEF,0.39905180051679096,drifted
2025-10-08,min_variance,SPY,0.21592296970460106,drifted
2025-10-08,min_variance,QQQ,0.0,drifted
2025-10-08,min_variance,IWM,0.0,drifted
2025-10-08,min_variance,EFA,0.3859414856440966,drifted
2025-10-08,min_variance,IEF,0.39813554465130224,drifted
2025-10-09,min_variance,SPY,0.21618200832172643,drifted
2025-10-09,min_variance,QQQ,0.0,drifted
2025-10-09,min_variance,IWM,0.0,drifted
2025-10-09,min_variance,EFA,0.38433700988712344,drifted
2025-10-09,min_variance,IEF,0.39948098179115016,drifted
2025-10-10,min_variance,SPY,0.21255602906016433,drifted
2025-10-10,min_variance,QQQ,0.0,drifted
2025-10-10,min_variance,IWM,0.0,drifted
2025-10-10,min_variance,EFA,0.3812375359966513,drifted
2025-10-10,min_variance,IEF,0.4062064349431844,drifted
2025-10-13,min_variance,SPY,0.21441744061070575,drifted
2025-10-13,min_variance,QQQ,0.0,drifted
2025-10-13,min_variance,IWM,0.0,drifted
2025-10-13,min_variance,EFA,0.38180304842415114,drifted
2025-10-13,min_variance,IEF,0.403779510965143,drifted
2025-10-14,min_variance,SPY,0.21362064902284147,drifted
2025-10-14,min_variance,QQQ,0.0,drifted
2025-10-14,min_variance,IWM,0.0,drifted
2025-10-14,min_variance,EFA,0.38256985123867365,drifted
2025-10-14,min_variance,IEF,0.4038094997384849,drifted
2025-10-15,min_variance,SPY,0.21406925686570122,drifted
2025-10-15,min_variance,QQQ,0.0,drifted
2025-10-15,min_variance,IWM,0.0,drifted
2025-10-15,min_variance,EFA,0.3835176554780395,drifted
2025-10-15,min_variance,IEF,0.4024130876562592,drifted
2025-10-16,min_variance,SPY,0.21210031156944692,drifted
2025-10-16,min_variance,QQQ,0.0,drifted
2025-10-16,min_variance,IWM,0.0,drifted
2025-10-16,min_variance,EFA,0.3845933391612052,drifted
2025-10-16,min_variance,IEF,0.40330634926934794,drifted
2025-10-17,min_variance,SPY,0.2130410812301813,drifted
2025-10-17,min_variance,QQQ,0.0,drifted
2025-10-17,min_variance,IWM,0.0,drifted
2025-10-17,min_variance,EFA,0.3848109817564193,drifted
2025-10-17,min_variance,IEF,0.4021479370133994,drifted
2025-10-20,min_variance,SPY,0.21398821510030241,drifted
2025-10-20,min_variance,QQQ,0.0,drifted
2025-10-20,min_variance,IWM,0.0,drifted
2025-10-20,min_variance,EFA,0.3857002782421528,drifted
2025-10-20,min_variance,IEF,0.40031150665754484,drifted
2025-10-21,min_variance,SPY,0.21443481057285596,drifted
2025-10-21,min_variance,QQQ,0.0,drifted
2025-10-21,min_variance,IWM,0.0,drifted
2025-10-21,min_variance,EFA,0.38367173832740964,drifted
2025-10-21,min_variance,IEF,0.4018934510997345,drifted
2025-10-22,min_variance,SPY,0.21366193821249,drifted
2025-10-22,min_variance,QQQ,0.0,drifted
2025-10-22,min_variance,IWM,0.0,drifted
2025-10-22,min_variance,EFA,0.3837179720985225,drifted
2025-10-22,min_variance,IEF,0.40262008968898744,drifted
2025-10-23,min_variance,SPY,0.21455642189996665,drifted
2025-10-23,min_variance,QQQ,0.0,drifted
2025-10-23,min_variance,IWM,0.0,drifted
2025-10-23,min_variance,EFA,0.3848373944507231,drifted
2025-10-23,min_variance,IEF,0.4006061836493102,drifted
2025-10-24,min_variance,SPY,0.21572057037011386,drifted
2025-10-24,min_variance,QQQ,0.0,drifted
2025-10-24,min_variance,IWM,0.0,drifted
2025-10-24,min_variance,EFA,0.3843956080402138,drifted
2025-10-24,min_variance,IEF,0.39988382158967223,drifted
2025-10-27,min_variance,SPY,0.21713335724682942,drifted
2025-10-27,min_variance,QQQ,0.0,drifted
2025-10-27,min_variance,IWM,0.0,drifted
2025-10-27,min_variance,EFA,0.38505716574220555,drifted
2025-10-27,min_variance,IEF,0.3978094770109649,drifted
2025-10-28,min_variance,SPY,0.21753971567457772,drifted
2025-10-28,min_variance,QQQ,0.0,drifted
2025-10-28,min_variance,IWM,0.0,drifted
2025-10-28,min_variance,EFA,0.3845950899109944,drifted
2025-10-28,min_variance,IEF,0.39786519441442797,drifted
2025-10-29,min_variance,SPY,0.21865774554672948,drifted
2025-10-29,min_variance,QQQ,0.0,drifted
2025-10-29,min_variance,IWM,0.0,drifted
2025-10-29,min_variance,EFA,0.384204962086557,drifted
2025-10-29,min_variance,IEF,0.39713729236671347,drifted
2025-10-30,min_variance,SPY,0.21726860803189366,drifted
2025-10-30,min_variance,QQQ,0.0,drifted
2025-10-30,min_variance,IWM,0.0,drifted
2025-10-30,min_variance,EFA,0.3843050052707726,drifted
2025-10-30,min_variance,IEF,0.3984263866973338,drifted
2025-10-31,min_variance,SPY,0.2179758074928928,drifted
2025-10-31,min_variance,QQQ,0.0,drifted
2025-10-31,min_variance,IWM,0.0,drifted
2025-10-31,min_variance,EFA,0.3834431860488615,drifted
2025-10-31,min_variance,IEF,0.39858100645824585,drifted
2025-11-03,min_variance,SPY,0.20174315500721335,target
2025-11-03,min_variance,QQQ,3.714189389086173e-18,target
2025-11-03,min_variance,IWM,2.7796645818226718e-18,target
2025-11-03,min_variance,EFA,0.39825684499278663,target
2025-11-03,min_variance,IEF,0.4,target
2025-11-03,min_variance,SPY,0.20174315500721335,drifted
2025-11-03,min_variance,QQQ,3.714189389086173e-18,drifted
2025-11-03,min_variance,IWM,2.7796645818226718e-18,drifted
2025-11-03,min_variance,EFA,0.39825684499278663,drifted
2025-11-03,min_variance,IEF,0.4,drifted
2025-11-04,min_variance,SPY,0.2005511957964529,drifted
2025-11-04,min_variance,QQQ,3.660691138387495e-18,drifted
2025-11-04,min_variance,IWM,2.748080361178584e-18,drifted
2025-11-04,min_variance,EFA,0.3965417559225727,drifted
2025-11-04,min_variance,IEF,0.40290704828097446,drifted
2025-11-05,min_variance,SPY,0.20098093171129217,drifted
2025-11-05,min_variance,QQQ,3.679658132756741e-18,drifted
2025-11-05,min_variance,IWM,2.7840551606769785e-18,drifted
2025-11-05,min_variance,EFA,0.3985587854252164,drifted
2025-11-05,min_variance,IEF,0.40046028286349145,drifted
2025-11-06,min_variance,SPY,0.19902450530460727,drifted
2025-11-06,min_variance,QQQ,3.6147478704971466e-18,drifted
2025-11-06,min_variance,IWM,2.7375373217123194e-18,drifted
2025-11-06,min_variance,EFA,0.3980698196432528,drifted
2025-11-06,min_variance,IEF,0.40290567505214,drifted
2025-11-07,min_variance,SPY,0.198853414520228,drifted
2025-11-07,min_variance,QQQ,3.5967037111337734e-18,drifted
2025-11-07,min_variance,IWM,2.746818353844892e-18,drifted
2025-11-07,min_variance,EFA,0.39881670444213435,drifted
2025-11-07,min_variance,IEF,0.4023298810376377,drifted
2025-11-10,min_variance,SPY,0.20060253517270465,drifted
2025-11-10,min_variance,QQQ,3.651633059154183e-18,drifted
2025-11-10,min_variance,IWM,2.755732824024949e-18,drifted
2025-11-10,min_variance,EFA,0.4003019923424117,drifted
2025-11-10,min_variance,IEF,0.3990954724848836,drifted
2025-11-11,min_variance,SPY,0.2001332027146996,drifted
2025-11-11,min_variance,QQQ,3.625087841548277e-18,drifted
2025-11-11,min_variance,IWM,2.7453665204012467e-18,drifted
2025-11-11,min_variance,EFA,0.4013803319104974,drifted
2025-11-11,min_variance,IEF,0.3984864653748031,drifted
2025-11-12,min_variance,SPY,0.1997298529551697,drifted
2025-11-12,min_variance,QQQ,3.612919426696711e-18,drifted
2025-11-12,min_variance,IWM,2.73158268922583e-18,drifted
2025-11-12,min_variance,EFA,0.40272590110458695,drifted
2025-11-12,min_variance,IEF,0.39754424594024335,drifted
2025-11-13,min_variance,SPY,0.1981511539882457,drifted
2025-11-13,min_variance,QQQ,3.570431490828172e-18,drifted
2025-11-13,min_variance,IWM,2.6782426175856176e-18,drifted
2025-11-13,min_variance,EFA,0.4019507624726541,drifted
2025-11-13,min_variance,IEF,0.3998980835391003,drifted
2025-11-14,min_variance,SPY,0.1984821034146022,drifted
2025-11-14,min_variance,QQQ,3.579685295135597e-18,drifted
2025-11-14,min_variance,IWM,2.6909736744854724e-18,drifted
2025-11-14,min_variance,EFA,0.40154994859342374,drifted
2025-11-14,min_variance,IEF,0.399967947991974,drifted
2025-11-17,min_variance,SPY,0.19794331547020622,drifted
2025-11-17,min_variance,QQQ,3.572763796690265e-18,drifted
2025-11-17,min_variance,IWM,2.655065563100193e-18,drifted
2025-11-17,min_variance,EFA,0.39896405103053656,drifted
2025-11-17,min_variance,IEF,0.40309263349925717,drifted
2025-11-18,min_variance,SPY,0.19749988770100688,drifted
2025-11-18,min_variance,QQQ,3.551177558308712e-18,drifted
2025-11-18,min_variance,IWM,2.679701683803698e-18,drifted
2025-11-18,min_variance,EFA,0.3962323421831632,drifted
2025-11-18,min_variance,IEF,0.40626777011582993,drifted
2025-11-19,min_variance,SPY,0.19840704335219797,drifted
2025-11-19,min_variance,QQQ,3.574976185464959e-18,drifted
2025-11-19,min_variance,IWM,2.6811907999118885e-18,drifted
2025-11-19,min_variance,EFA,0.3953240118558685,drifted
2025-11-19,min_variance,IEF,0.40626894479193354,drifted
2025-11-20,min_variance,SPY,0.19686455558654595,drifted
2025-11-20,min_variance,QQQ,3.516819096137498e-18,drifted
2025-11-20,min_variance,IWM,2.651527560926555e-18,drifted
2025-11-20,min_variance,EFA,0.39281126854476806,drifted
2025-11-20,min_variance,IEF,0.41032417586868597,drifted
2025-11-21,min_variance,SPY,0.19697658636775198,drifted
2025-11-21,min_variance,QQQ,3.5102896700357875e-18,drifted
2025-11-21,min_variance,IWM,2.7012808474703725e-18,drifted
2025-11-21,min_variance,EFA,0.39517225928291816,drifted
2025-11-21,min_variance,IEF,0.4078511543493299,drifted
2025-11-24,min_variance,SPY,0.199105250812241,drifted
2025-11-24,min_variance,QQQ,3.586180635111414e-18,drifted
2025-11-24,min_variance,IWM,2.739979251909918e-18,drifted
2025-11-24,min_variance,EFA,0.39398880664404795,drifted
2025-11-24,min_variance,IEF,0.40690594254371115,drifted
2025-11-25,min_variance,SPY,0.1994554110258863,drifted
2025-11-25,min_variance,QQQ,3.580948410967774e-18,drifted
2025-11-25,min_variance,IWM,2.7785019397977134e-18,drifted
2025-11-25,min_variance,EFA,0.3956842672962837,drifted
2025-11-25,min_variance,IEF,0.40486032167782987,drifted
2025-11-26,min_variance,SPY,0.19962425014960286,drifted
2025-11-26,min_variance,QQQ,3.5908573048725794e-18,drifted
2025-11-26,min_variance,IWM,2.786236613644803e-18,drifted
2025-11-26,min_variance,EFA,0.3976210222803339,drifted
2025-11-26,min_variance,IEF,0.4027547275700632,drifted
2025-11-28,min_variance,SPY,0.20036727214775807,drifted
2025-11-28,min_variance,QQQ,3.61371729375205e-18,drifted
2025-11-28,min_variance,IWM,2.797733363024211e-18,drifted
2025-11-28,min_variance,EFA,0.3982732740829881,drifted
2025-11-28,min_variance,IEF,0.4013594537692538,drifted
2025-12-01,min_variance,SPY,0.20000000000000004,target
2025-12-01,min_variance,QQQ,2.1313494420672655e-18,target
2025-12-01,min_variance,IWM,1.3877787807814457e-17,target
2025-12-01,min_variance,EFA,0.4,target
2025-12-01,min_variance,IEF,0.4,target
2025-12-01,min_variance,SPY,0.20000000000000004,drifted
2025-12-01,min_variance,QQQ,2.1313494420672655e-18,drifted
2025-12-01,min_variance,IWM,1.3877787807814457e-17,drifted
2025-12-01,min_variance,EFA,0.4,drifted
2025-12-01,min_variance,IEF,0.4,drifted
2025-12-02,min_variance,SPY,0.19995999575974394,drifted
2025-12-02,min_variance,QQQ,2.1436291683572365e-18,drifted
2025-12-02,min_variance,IWM,1.3823986196049991e-17,drifted
2025-12-02,min_variance,EFA,0.4005291628645124,drifted
2025-12-02,min_variance,IEF,0.39951084137574355,drifted
2025-12-03,min_variance,SPY,0.19991920723692994,drifted
2025-12-03,min_variance,QQQ,2.1410154425685127e-18,drifted
2025-12-03,min_variance,IWM,1.402403114499057e-17,drifted
2025-12-03,min_variance,EFA,0.4012070754630631,drifted
2025-12-03,min_variance,IEF,0.39887371730000687,drifted
2025-12-04,min_variance,SPY,0.20006460003035736,drifted
2025-12-04,min_variance,QQQ,2.139015583354354e-18,drifted
2025-12-04,min_variance,IWM,1.4147010579028836e-17,drifted
2025-12-04,min_variance,EFA,0.40229724124831656,drifted
2025-12-04,min_variance,IEF,0.39763815872132596,drifted
2025-12-05,min_variance,SPY,0.20053338692758071,drifted
2025-12-05,min_variance,QQQ,2.1486886209295917e-18,drifted
2025-12-05,min_variance,IWM,1.40942607979637e-17,drifted
2025-12-05,min_variance,EFA,0.4024753874545208,drifted
2025-12-05,min_variance,IEF,0.3969912256178984,drifted
2025-12-08,min_variance,SPY,0.20046935482855263,drifted
2025-12-08,min_variance,QQQ,2.1503415541030817e-18,drifted
2025-12-08,min_variance,IWM,1.413785219985451e-17,drifted
2025-12-08,min_variance,EFA,0.4022956266897927,drifted
2025-12-08,min_variance,IEF,0.39723501848165466,drifted
2025-12-09,min_variance,SPY,0.20055667472737093,drifted
2025-12-09,min_variance,QQQ,2.1557925420390104e-18,drifted
2025-12-09,min_variance,IWM,1.4185571788046012e-17,drifted
2025-12-09,min_variance,EFA,0.4022702954218819,drifted
2025-12-09,min_variance,IEF,0.39717302985074704,drifted
2025-12-10,min_variance,SPY,0.20046721105990653,drifted
2025-12-10,min_variance,QQQ,2.149400787882805e-18,drifted
2025-12-10,min_variance,IWM,1.4277451755065764e-17,drifted
2025-12-10,min_variance,EFA,0.4038807961872599,drifted
2025-12-10,min_variance,IEF,0.3956519927528334,drifted
2025-12-11,min_variance,SPY,0.20035375005228406,drifted
2025-12-11,min_variance,QQQ,2.1362651328746967e-18,drifted
2025-12-11,min_variance,IWM,1.4403295065588856e-17,drifted
2025-12-11,min_variance,EFA,0.4050953007832341,drifted
2025-12-11,min_variance,IEF,0.39455094916448186,drifted
2025-12-12,min_variance,SPY,0.19926510685560025,drifted
2025-12-12,min_variance,QQQ,2.1066885330462765e-18,drifted
2025-12-12,min_variance,IWM,1.425885758134539e-17,drifted
2025-12-12,min_variance,EFA,0.405132071031031,drifted
2025-12-12,min_variance,IEF,0.39560282211336867,drifted
2025-12-15,min_variance,SPY,0.19846689394305972,drifted
2025-12-15,min_variance,QQQ,2.0908769969516518e-18,drifted
2025-12-15,min_variance,IWM,1.4115651184229418e-17,drifted
2025-12-15,min_variance,EFA,0.4065905888610343,drifted
2025-12-15,min_variance,IEF,0.3949425171959059,drifted
2025-12-16,min_variance,SPY,0.1981860600415582,drifted
2025-12-16,min_variance,QQQ,2.0977882720218592e-18,drifted
2025-12-16,min_variance,IWM,1.4067421063014912e-17,drifted
2025-12-16,min_variance,EFA,0.40524062689966234,drifted
2025-12-16,min_variance,IEF,0.3965733130587794,drifted
2025-12-17,min_variance,SPY,0.19709925737934345,drifted
2025-12-17,min_variance,QQQ,2.070392528346269e-18,drifted
2025-12-17,min_variance,IWM,1.3995362563045458e-17,drifted
2025-12-17,min_variance,EFA,0.40419667721669716,drifted
2025-12-17,min_variance,IEF,0.3987040654039593,drifted
2025-12-18,min_variance,SPY,0.19752149736637956,drifted
2025-12-18,min_variance,QQQ,2.0891168070188973e-18,drifted
2025-12-18,min_variance,IWM,1.4002993016031823e-17,drifted
2025-12-18,min_variance,EFA,0.4048877014548949,drifted
2025-12-18,min_variance,IEF,0.39759080117872553,drifted
2025-12-19,min_variance,SPY,0.1985911189574726,drifted
2025-12-19,min_variance,QQQ,2.108697730463344e-18,drifted
2025-12-19,min_variance,IWM,1.4069051494338093e-17,drifted
2025-12-19,min_variance,EFA,0.40614678142883487,drifted
2025-12-19,min_variance,IEF,0.39526209961369263,drifted
2025-12-22,min_variance,SPY,0.19945980462402813,drifted
2025-12-22,min_variance,QQQ,2.1148984357117333e-18,drifted
2025-12-22,min_variance,IWM,1.4199333547813546e-17,drifted
2025-12-22,min_variance,EFA,0.40641699433750633,drifted
2025-12-22,min_variance,IEF,0.39412320103846554,drifted
2025-12-23,min_variance,SPY,0.19972165401366831,drifted
2025-12-23,min_variance,QQQ,2.1179128794185314e-18,drifted
2025-12-23,min_variance,IWM,1.4069567754069736e-17,drifted
2025-12-23,min_variance,EFA,0.40759660905362655,drifted
2025-12-23,min_variance,IEF,0.3926817369327051,drifted
2025-12-24,min_variance,SPY,0.19997785186472877,drifted
2025-12-24,min_variance,QQQ,2.1193782994958806e-18,drifted
2025-12-24,min_variance,IWM,1.4073317918843948e-17,drifted
2025-12-24,min_variance,EFA,0.4071956817917686,drifted
2025-12-24,min_variance,IEF,0.3928264663435026,drifted
2025-12-26,min_variance,SPY,0.1997533480477213,drifted
2025-12-26,min_variance,QQQ,2.1170781685237127e-18,drifted
2025-12-26,min_variance,IWM,1.398717686274752e-17,drifted
2025-12-26,min_variance,EFA,0.40745484743583427,drifted
2025-12-26,min_variance,IEF,0.3927918045164444,drifted
2025-12-29,min_variance,SPY,0.19931359664142637,drifted
2025-12-29,min_variance,QQQ,2.1097101917913517e-18,drifted
2025-12-29,min_variance,IWM,1.3920508154010817e-17,drifted
2025-12-29,min_variance,EFA,0.40678660200199696,drifted
2025-12-29,min_variance,IEF,0.39389980135657665,drifted
2025-12-30,min_variance,SPY,0.19906528258409895,drifted
2025-12-30,min_variance,QQQ,2.104765153626506e-18,drifted
2025-12-30,min_variance,IWM,1.3817103666614946e-17,drifted
2025-12-30,min_variance,EFA,0.4074525248775423,drifted
2025-12-30,min_variance,IEF,0.39348219253835887,drifted
2025-12-31,min_variance,SPY,0.19848601490972434,drifted
2025-12-31,min_variance,QQQ,2.0968290022680775e-18,drifted
2025-12-31,min_variance,IWM,1.3775086943914689e-17,drifted
2025-12-31,min_variance,EFA,0.407559261001916,drifted
2025-12-31,min_variance,IEF,0.3939547240883597,drifted
2026-01-02,min_variance,SPY,0.2,target
2026-01-02,min_variance,QQQ,0.0,target
2026-01-02,min_variance,IWM,0.0,target
2026-01-02,min_variance,EFA,0.4,target
2026-01-02,min_variance,IEF,0.4,target
2026-01-02,min_variance,SPY,0.2,drifted
2026-01-02,min_variance,QQQ,0.0,drifted
2026-01-02,min_variance,IWM,0.0,drifted
2026-01-02,min_variance,EFA,0.4,drifted
2026-01-02,min_variance,IEF,0.4,drifted
2026-01-05,min_variance,SPY,0.1999097025488858,drifted
2026-01-05,min_variance,QQQ,0.0,drifted
2026-01-05,min_variance,IWM,0.0,drifted
2026-01-05,min_variance,EFA,0.40171731589539844,drifted
2026-01-05,min_variance,IEF,0.39837298155571577,drifted
2026-01-06,min_variance,SPY,0.2007947146075724,drifted
2026-01-06,min_variance,QQQ,0.0,drifted
2026-01-06,min_variance,IWM,0.0,drifted
2026-01-06,min_variance,EFA,0.4017232570380471,drifted
2026-01-06,min_variance,IEF,0.39748202835438057,drifted
2026-01-07,min_variance,SPY,0.2004313575194931,drifted
2026-01-07,min_variance,QQQ,0.0,drifted
2026-01-07,min_variance,IWM,0.0,drifted
2026-01-07,min_variance,EFA,0.400778805235231,drifted
2026-01-07,min_variance,IEF,0.3987898372452759,drifted
2026-01-08,min_variance,SPY,0.2006473894045876,drifted
2026-01-08,min_variance,QQQ,0.0,drifted
2026-01-08,min_variance,IWM,0.0,drifted
2026-01-08,min_variance,EFA,0.40129250581066556,drifted
2026-01-08,min_variance,IEF,0.3980601047847468,drifted
2026-01-09,min_variance,SPY,0.2009001783990307,drifted
2026-01-09,min_variance,QQQ,0.0,drifted
2026-01-09,min_variance,IWM,0.0,drifted
2026-01-09,min_variance,EFA,0.4027039707915332,drifted
2026-01-09,min_variance,IEF,0.39639585080943607,drifted
2026-01-12,min_variance,SPY,0.20076058258389295,drifted
2026-01-12,min_variance,QQQ,0.0,drifted
2026-01-12,min_variance,IWM,0.0,drifted
2026-01-12,min_variance,EFA,0.40423298298542903,drifted
2026-01-12,min_variance,IEF,0.395006434430678,drifted
2026-01-13,min_variance,SPY,0.20080622895439335,drifted
2026-01-13,min_variance,QQQ,0.0,drifted
2026-01-13,min_variance,IWM,0.0,drifted
2026-01-13,min_variance,EFA,0.4028119661695781,drifted
2026-01-13,min_variance,IEF,0.39638180487602853,drifted
2026-01-14,min_variance,SPY,0.19947793542473463,drifted
2026-01-14,min_variance,QQQ,0.0,drifted
2026-01-14,min_variance,IWM,0.0,drifted
2026-01-14,min_variance,EFA,0.4039954525212961,drifted
2026-01-14,min_variance,IEF,0.3965266120539694,drifted
2026-01-15,min_variance,SPY,0.20010948118743074,drifted
2026-01-15,min_variance,QQQ,0.0,drifted
2026-01-15,min_variance,IWM,0.0,drifted
2026-01-15,min_variance,EFA,0.4040110193244361,drifted
2026-01-15,min_variance,IEF,0.39587949948813306,drifted
2026-01-16,min_variance,SPY,0.20005978500771243,drifted
2026-01-16,min_variance,QQQ,0.0,drifted
2026-01-16,min_variance,IWM,0.0,drifted
2026-01-16,min_variance,EFA,0.4053490288451614,drifted
2026-01-16,min_variance,IEF,0.3945911861471261,drifted
2026-01-20,min_variance,SPY,0.19832451861897013,drifted
2026-01-20,min_variance,QQQ,0.0,drifted
2026-01-20,min_variance,IWM,0.0,drifted
2026-01-20,min_variance,EFA,0.40396013995413155,drifted
2026-01-20,min_variance,IEF,0.3977153414268984,drifted
2026-01-21,min_variance,SPY,0.19912160987476596,drifted
2026-01-21,min_variance,QQQ,0.0,drifted
2026-01-21,min_variance,IWM,0.0,drifted
2026-01-21,min_variance,EFA,0.4050876797695569,drifted
2026-01-21,min_variance,IEF,0.3957907103556772,drifted
2026-01-22,min_variance,SPY,0.19964378147545223,drifted
2026-01-22,min_variance,QQQ,0.0,drifted
2026-01-22,min_variance,IWM,0.0,drifted
2026-01-22,min_variance,EFA,0.40563078256662416,drifted
2026-01-22,min_variance,IEF,0.3947254359579237,drifted
2026-01-23,min_variance,SPY,0.19912367014547874,drifted
2026-01-23,min_variance,QQQ,0.0,drifted
2026-01-23,min_variance,IWM,0.0,drifted
2026-01-23,min_variance,EFA,0.40666467105019055,drifted
2026-01-23,min_variance,IEF,0.3942116588043306,drifted
2026-01-26,min_variance,SPY,0.1994129181426634,drifted
2026-01-26,min_variance,QQQ,0.0,drifted
2026-01-26,min_variance,IWM,0.0,drifted
2026-01-26,min_variance,EFA,0.4072243255234614,drifted
2026-01-26,min_variance,IEF,0.3933627563338752,drifted
2026-01-27,min_variance,SPY,0.19883340282384204,drifted
2026-01-27,min_variance,QQQ,0.0,drifted
2026-01-27,min_variance,IWM,0.0,drifted
2026-01-27,min_variance,EFA,0.4109506410199345,drifted
2026-01-27,min_variance,IEF,0.39021595615622345,drifted
2026-01-28,min_variance,SPY,0.19975076225725355,drifted
2026-01-28,min_variance,QQQ,0.0,drifted
2026-01-28,min_variance,IWM,0.0,drifted
2026-01-28,min_variance,EFA,0.4085203190281753,drifted
2026-01-28,min_variance,IEF,0.3917289187145711,drifted
2026-01-29,min_variance,SPY,0.19880521505003765,drifted
2026-01-29,min_variance,QQQ,0.0,drifted
2026-01-29,min_variance,IWM,0.0,drifted
2026-01-29,min_variance,EFA,0.4101375484585344,drifted
2026-01-29,min_variance,IEF,0.3910572364914279,drifted
2026-01-30,min_variance,SPY,0.19914207597159422,drifted
2026-01-30,min_variance,QQQ,0.0,drifted
2026-01-30,min_variance,IWM,0.0,drifted
2026-01-30,min_variance,EFA,0.4082119148640602,drifted
2026-01-30,min_variance,IEF,0.39264600916434556,drifted
2026-02-02,min_variance,SPY,0.19999999999999998,target
2026-02-02,min_variance,QQQ,9.404859215207053e-18,target
2026-02-02,min_variance,IWM,1.1275702593849246e-17,target
2026-02-02,min_variance,EFA,0.4,target
2026-02-02,min_variance,IEF,0.4,target
2026-02-02,min_variance,SPY,0.19999999999999998,drifted
2026-02-02,min_variance,QQQ,9.404859215207053e-18,drifted
2026-02-02,min_variance,IWM,1.1275702593849246e-17,drifted
2026-02-02,min_variance,EFA,0.4,drifted
2026-02-02,min_variance,IEF,0.4,drifted
2026-02-03,min_variance,SPY,0.1985305912276805,drifted
2026-02-03,min_variance,QQQ,9.270715581664972e-18,drifted
2026-02-03,min_variance,IWM,1.131414078104492e-17,drifted
2026-02-03,min_variance,EFA,0.4006446095296915,drifted
2026-02-03,min_variance,IEF,0.4008247992426279,drifted
2026-02-04,min_variance,SPY,0.19751804359570813,drifted
2026-02-04,min_variance,QQQ,9.106418460712082e-18,drifted
2026-02-04,min_variance,IWM,1.121394511881854e-17,drifted
2026-02-04,min_variance,EFA,0.40184429207340067,drifted
2026-02-04,min_variance,IEF,0.40063766433089126,drifted
2026-02-05,min_variance,SPY,0.19619749866517744,drifted
2026-02-05,min_variance,QQQ,9.028076537160497e-18,drifted
2026-02-05,min_variance,IWM,1.1076785503457403e-17,drifted
2026-02-05,min_variance,EFA,0.3984474638036243,drifted
2026-02-05,min_variance,IEF,0.40535503753119834,drifted
2026-02-06,min_variance,SPY,0.19743069716868844,drifted
2026-02-06,min_variance,QQQ,9.102232649611729e-18,drifted
2026-02-06,min_variance,IWM,1.1329459654183094e-17,drifted
2026-02-06,min_variance,EFA,0.4023446257191002,drifted
2026-02-06,min_variance,IEF,0.4002246771122114,drifted
2026-02-09,min_variance,SPY,0.19711201850759077,drifted
2026-02-09,min_variance,QQQ,9.113210050236517e-18,drifted
2026-02-09,min_variance,IWM,1.1335899597041986e-17,drifted
2026-02-09,min_variance,EFA,0.40514401642801884,drifted
2026-02-09,min_variance,IEF,0.3977439650643904,drifted
2026-02-10,min_variance,SPY,0.1961620586108497,drifted
2026-02-10,min_variance,QQQ,9.051084645511845e-18,drifted
2026-02-10,min_variance,IWM,1.1280581794719234e-17,drifted
2026-02-10,min_variance,EFA,0.40522946704764445,drifted
2026-02-10,min_variance,IEF,0.39860847434150587,drifted
2026-02-11,min_variance,SPY,0.1958111224143192,drifted
2026-02-11,min_variance,QQQ,9.061217588519376e-18,drifted
2026-02-11,min_variance,IWM,1.1211800285313606e-17,drifted
2026-02-11,min_variance,EFA,0.4073150113760045,drifted
2026-02-11,min_variance,IEF,0.39687386620967613,drifted
2026-02-12,min_variance,SPY,0.19349393280533408,drifted
2026-02-12,min_variance,QQQ,8.909515941127195e-18,drifted
2026-02-12,min_variance,IWM,1.1023192622829733e-17,drifted
2026-02-12,min_variance,EFA,0.40573299132875246,drifted
2026-02-12,min_variance,IEF,0.4007730758659134,drifted
2026-02-13,min_variance,SPY,0.19323224134397457,drifted
2026-02-13,min_variance,QQQ,8.910150277666534e-18,drifted
2026-02-13,min_variance,IWM,1.1145490249903331e-17,drifted
2026-02-13,min_variance,EFA,0.40524889554133475,drifted
2026-02-13,min_variance,IEF,0.4015188631146906,drifted
2026-02-17,min_variance,SPY,0.19350673861157483,drifted
2026-02-17,min_variance,QQQ,8.89925733457539e-18,drifted
2026-02-17,min_variance,IWM,1.1146733459245924e-17,drifted
2026-02-17,min_variance,EFA,0.4050931033969675,drifted
2026-02-17,min_variance,IEF,0.40140015799145756,drifted
2026-02-18,min_variance,SPY,0.19436196156843466,drifted
2026-02-18,min_variance,QQQ,8.96019608577742e-18,drifted
2026-02-18,min_variance,IWM,1.1180110162499989e-17,drifted
2026-02-18,min_variance,EFA,0.40531009622658987,drifted
2026-02-18,min_variance,IEF,0.40032794220497553,drifted
2026-02-19,min_variance,SPY,0.19409538953591463,drifted
2026-02-19,min_variance,QQQ,8.937210308679974e-18,drifted
2026-02-19,min_variance,IWM,1.1220170146663885e-17,drifted
2026-02-19,min_variance,EFA,0.40469662559135694,drifted
2026-02-19,min_variance,IEF,0.40120798487272846,drifted
2026-02-20,min_variance,SPY,0.19458264859366634,drifted
2026-02-20,min_variance,QQQ,8.974030472971752e-18,drifted
2026-02-20,min_variance,IWM,1.1167994467834426e-17,drifted
2026-02-20,min_variance,EFA,0.4060900746352545,drifted
2026-02-20,min_variance,IEF,0.3993272767710793,drifted
2026-02-23,min_variance,SPY,0.1930226671444839,drifted
2026-02-23,min_variance,QQQ,8.884603906306783e-18,drifted
2026-02-23,min_variance,IWM,1.1018480669371824e-17,drifted
2026-02-23,min_variance,EFA,0.40532204741513705,drifted
2026-02-23,min_variance,IEF,0.401655285440379,drifted
2026-02-24,min_variance,SPY,0.19402641005126967,drifted
2026-02-24,min_variance,QQQ,8.961597782116889e-18,drifted
2026-02-24,min_variance,IWM,1.1115737430320392e-17,drifted
2026-02-24,min_variance,EFA,0.4052253976554284,drifted
2026-02-24,min_variance,IEF,0.4007481922933018,drifted
2026-02-25,min_variance,SPY,0.194655339836419,drifted
2026-02-25,min_variance,QQQ,9.044628434970833e-18,drifted
2026-02-25,min_variance,IWM,1.1110947256692966e-17,drifted
2026-02-25,min_variance,EFA,0.40698902058633807,drifted
2026-02-25,min_variance,IEF,0.39835563957724285,drifted
2026-02-26,min_variance,SPY,0.19364459936011696,drifted
2026-02-26,min_variance,QQQ,8.938762577521575e-18,drifted
2026-02-26,min_variance,IWM,1.1174226721326666e-17,drifted
2026-02-26,min_variance,EFA,0.4067903489437709,drifted
2026-02-26,min_variance,IEF,0.3995650516961121,drifted
2026-02-27,min_variance,SPY,0.1927273317631325,drifted
2026-02-27,min_variance,QQQ,8.910733992755766e-18,drifted
2026-02-27,min_variance,IWM,1.0982540465066299e-17,drifted
2026-02-27,min_variance,EFA,0.40608475836760044,drifted
2026-02-27,min_variance,IEF,0.40118790986926706,drifted
2026-03-02,min_variance,SPY,0.20000000000000012,target
2026-03-02,min_variance,QQQ,2.2340776348618956e-18,target
2026-03-02,min_variance,IWM,6.938893903907228e-18,target
2026-03-02,min_variance,EFA,0.4,target
2026-03-02,min_variance,IEF,0.4,target
2026-03-02,min_variance,SPY,0.20000000000000012,drifted
2026-03-02,min_variance,QQQ,2.2340776348618956e-18,drifted
2026-03-02,min_variance,IWM,6.938893903907228e-18,drifted
2026-03-02,min_variance,EFA,0.4,drifted
2026-03-02,min_variance,IEF,0.4,drifted
2026-03-03,min_variance,SPY,0.20118361810201943,drifted
2026-03-03,min_variance,QQQ,2.243011199554041e-18,drifted
2026-03-03,min_variance,IWM,6.920040890782353e-18,drifted
2026-03-03,min_variance,EFA,0.3933308138483474,drifted
2026-03-03,min_variance,IEF,0.4054855680496331,drifted
2026-03-04,min_variance,SPY,0.2014641884503706,drifted
2026-03-04,min_variance,QQQ,2.2644016714540795e-18,drifted
2026-03-04,min_variance,IWM,6.948032504310837e-18,drifted
2026-03-04,min_variance,EFA,0.39616078263407695,drifted
2026-03-04,min_variance,IEF,0.4023750289155524,drifted
2026-03-05,min_variance,SPY,0.20257842875115195,drifted
2026-03-05,min_variance,QQQ,2.2827933193871018e-18,drifted
2026-03-05,min_variance,IWM,6.8914312985263594e-18,drifted
2026-03-05,min_variance,EFA,0.3918133897629789,drifted
2026-03-05,min_variance,IEF,0.4056081814858691,drifted
2026-03-06,min_variance,SPY,0.2012078378855538,drifted
2026-03-06,min_variance,QQQ,2.2629002218294566e-18,drifted
2026-03-06,min_variance,IWM,6.7771508273862404e-18,drifted
2026-03-06,min_variance,EFA,0.390831498191271,drifted
2026-03-06,min_variance,IEF,0.4079606639231752,drifted
2026-03-09,min_variance,SPY,0.20178895540688446,drifted
2026-03-09,min_variance,QQQ,2.279774645877564e-18,drifted
2026-03-09,min_variance,IWM,6.811016132797503e-18,drifted
2026-03-09,min_variance,EFA,0.3913635591084455,drifted
2026-03-09,min_variance,IEF,0.40684748548467004,drifted
2026-03-10,min_variance,SPY,0.2016095243541985,drifted
2026-03-10,min_variance,QQQ,2.2814516440801507e-18,drifted
2026-03-10,min_variance,IWM,6.8089261043543305e-18,drifted
2026-03-10,min_variance,EFA,0.3925549491993028,drifted
2026-03-10,min_variance,IEF,0.4058355264464988,drifted
2026-03-11,min_variance,SPY,0.201949285722725,drifted
2026-03-11,min_variance,QQQ,2.287867346093126e-18,drifted
2026-03-11,min_variance,IWM,6.815226406421094e-18,drifted
2026-03-11,min_variance,EFA,0.39287738953511026,drifted
2026-03-11,min_variance,IEF,0.4051733247421648,drifted
2026-03-12,min_variance,SPY,0.20099829351551782,drifted
2026-03-12,min_variance,QQQ,2.272519131977468e-18,drifted
2026-03-12,min_variance,IWM,6.739535401046844e-18,drifted
2026-03-12,min_variance,EFA,0.3908406587724755,drifted
2026-03-12,min_variance,IEF,0.4081610477120067,drifted
2026-03-13,min_variance,SPY,0.20111075826958202,drifted
2026-03-13,min_variance,QQQ,2.273179965608273e-18,drifted
2026-03-13,min_variance,IWM,6.759214321376092e-18,drifted
2026-03-13,min_variance,EFA,0.38860439335306607,drifted
2026-03-13,min_variance,IEF,0.4102848483773519,drifted
2026-03-16,min_variance,SPY,0.2009160248538804,drifted
2026-03-16,min_variance,QQQ,2.2733183137431024e-18,drifted
2026-03-16,min_variance,IWM,6.74780351597214e-18,drifted
2026-03-16,min_variance,EFA,0.3915004522370488,drifted
2026-03-16,min_variance,IEF,0.40758352290907074,drifted
2026-03-17,min_variance,SPY,0.2009767334373248,drifted
2026-03-17,min_variance,QQQ,2.279107567045592e-18,drifted
2026-03-17,min_variance,IWM,6.7747239796572106e-18,drifted
2026-03-17,min_variance,EFA,0.3916663263247077,drifted
2026-03-17,min_variance,IEF,0.40735694023796737,drifted
2026-03-18,min_variance,SPY,0.2004488206793312,drifted
2026-03-18,min_variance,QQQ,2.2731530724565843e-18,drifted
2026-03-18,min_variance,IWM,6.742106194813804e-18,drifted
2026-03-18,min_variance,EFA,0.3893996321501505,drifted
2026-03-18,min_variance,IEF,0.4101515471705183,drifted
2026-03-19,min_variance,SPY,0.20019939708112755,drifted
2026-03-19,min_variance,QQQ,2.2687407380717215e-18,drifted
2026-03-19,min_variance,IWM,6.794526863236132e-18,drifted
2026-03-19,min_variance,EFA,0.38919034600251756,drifted
2026-03-19,min_variance,IEF,0.4106102569163549,drifted
2026-03-20,min_variance,SPY,0.20102273100485732,drifted
2026-03-20,min_variance,QQQ,2.2684891173429286e-18,drifted
2026-03-20,min_variance,IWM,6.770479141365228e-18,drifted
2026-03-20,min_variance,EFA,0.38443915609343743,drifted
2026-03-20,min_variance,IEF,0.4145381129017053,drifted
2026-03-23,min_variance,SPY,0.20059320660139662,drifted
2026-03-23,min_variance,QQQ,2.265835073978895e-18,drifted
2026-03-23,min_variance,IWM,6.830170998760628e-18,drifted
2026-03-23,min_variance,EFA,0.38875831764824215,drifted
2026-03-23,min_variance,IEF,0.41064847575036123,drifted
2026-03-24,min_variance,SPY,0.20079653262903324,drifted
2026-03-24,min_variance,QQQ,2.260212027233354e-18,drifted
2026-03-24,min_variance,IWM,6.896994543620597e-18,drifted
2026-03-24,min_variance,EFA,0.3881408474425182,drifted
2026-03-24,min_variance,IEF,0.4110626199284486,drifted
2026-03-25,min_variance,SPY,0.2001246608795181,drifted
2026-03-25,min_variance,QQQ,2.254896043955572e-18,drifted
2026-03-25,min_variance,IWM,6.919354490962322e-18,drifted
2026-03-25,min_variance,EFA,0.39031112453283817,drifted
2026-03-25,min_variance,IEF,0.40956421458764386,drifted
2026-03-26,min_variance,SPY,0.19953514553949006,drifted
2026-03-26,min_variance,QQQ,2.234497786035148e-18,drifted
2026-03-26,min_variance,IWM,6.902240473882877e-18,drifted
2026-03-26,min_variance,EFA,0.3880390888802251,drifted
2026-03-26,min_variance,IEF,0.41242576558028476,drifted
2026-03-27,min_variance,SPY,0.19749227420957952,drifted
2026-03-27,min_variance,QQQ,2.2060297989011437e-18,drifted
2026-03-27,min_variance,IWM,6.8281849579109165e-18,drifted
2026-03-27,min_variance,EFA,0.38717913285448624,drifted
2026-03-27,min_variance,IEF,0.4153285929359342,drifted
2026-03-30,min_variance,SPY,0.1961658665307783,drifted
2026-03-30,min_variance,QQQ,2.181760141389527e-18,drifted
2026-03-30,min_variance,IWM,6.707381213286953e-18,drifted
2026-03-30,min_variance,EFA,0.3869795174923286,drifted
2026-03-30,min_variance,IEF,0.4168546159768931,drifted
2026-03-31,min_variance,SPY,0.19809739796739753,drifted
2026-03-31,min_variance,QQQ,2.213489449962441e-18,drifted
2026-03-31,min_variance,IWM,6.812571465288519e-18,drifted
2026-03-31,min_variance,EFA,0.3921042436242286,drifted
2026-03-31,min_variance,IEF,0.4097983584083737,drifted
2026-04-01,min_variance,SPY,0.2646993251317805,target
2026-04-01,min_variance,QQQ,2.3368340930109894e-17,target
2026-04-01,min_variance,IWM,0.0,target
2026-04-01,min_variance,EFA,0.33530067486821963,target
2026-04-01,min_variance,IEF,0.4,target
2026-04-01,min_variance,SPY,0.2646993251317805,drifted
2026-04-01,min_variance,QQQ,2.3368340930109894e-17,drifted
2026-04-01,min_variance,IWM,0.0,drifted
2026-04-01,min_variance,EFA,0.33530067486821963,drifted
2026-04-01,min_variance,IEF,0.4,drifted
2026-04-02,min_variance,SPY,0.26517896718367473,drifted
2026-04-02,min_variance,QQQ,2.3416441567307833e-17,drifted
2026-04-02,min_variance,IWM,0.0,drifted
2026-04-02,min_variance,EFA,0.3335299825723565,drifted
2026-04-02,min_variance,IEF,0.4012910502439688,drifted
2026-04-06,min_variance,SPY,0.2659356813136255,drifted
2026-04-06,min_variance,QQQ,2.3513424584743017e-17,drifted
2026-04-06,min_variance,IWM,0.0,drifted
2026-04-06,min_variance,EFA,0.33457266909031624,drifted
2026-04-06,min_variance,IEF,0.39949164959605815,drifted
2026-04-07,min_variance,SPY,0.2658797234129487,drifted
2026-04-07,min_variance,QQQ,2.3501733341945583e-17,drifted
2026-04-07,min_variance,IWM,0.0,drifted
2026-04-07,min_variance,EFA,0.33387986612393983,drifted
2026-04-07,min_variance,IEF,0.4002404104631115,drifted
2026-04-08,min_variance,SPY,0.267124657672671,drifted
2026-04-08,min_variance,QQQ,2.3709920364406262e-17,drifted
2026-04-08,min_variance,IWM,0.0,drifted
2026-04-08,min_variance,EFA,0.3398836496423005,drifted
2026-04-08,min_variance,IEF,0.39299169268502854,drifted
2026-04-09,min_variance,SPY,0.26849942695966816,drifted
2026-04-09,min_variance,QQQ,2.3855535157622233e-17,drifted
2026-04-09,min_variance,IWM,0.0,drifted
2026-04-09,min_variance,EFA,0.33887553431405976,drifted
2026-04-09,min_variance,IEF,0.3926250387262719,drifted
2026-04-10,min_variance,SPY,0.2683409384420627,drifted
2026-04-10,min_variance,QQQ,2.3891646318144576e-17,drifted
2026-04-10,min_variance,IWM,0.0,drifted
2026-04-10,min_variance,EFA,0.33966431815959647,drifted
2026-04-10,min_variance,IEF,0.3919947433983408,drifted
2026-04-13,min_variance,SPY,0.2694595125998702,drifted
2026-04-13,min_variance,QQQ,2.4004786381139657e-17,drifted
2026-04-13,min_variance,IWM,0.0,drifted
2026-04-13,min_variance,EFA,0.33986188749722906,drifted
2026-04-13,min_variance,IEF,0.3906785999029006,drifted
2026-04-14,min_variance,SPY,0.270767443508601,drifted
2026-04-14,min_variance,QQQ,2.4263622852428703e-17,drifted
2026-04-14,min_variance,IWM,0.0,drifted
2026-04-14,min_variance,EFA,0.34012426161439613,drifted
2026-04-14,min_variance,IEF,0.38910829487700277,drifted
2026-04-15,min_variance,SPY,0.272849350677619,drifted
2026-04-15,min_variance,QQQ,2.4598366363446752e-17,drifted
2026-04-15,min_variance,IWM,0.0,drifted
2026-04-15,min_variance,EFA,0.3389732772501682,drifted
2026-04-15,min_variance,IEF,0.3881773720722128,drifted
2026-04-16,min_variance,SPY,0.27379479896267256,drifted
2026-04-16,min_variance,QQQ,2.474169013251721e-17,drifted
2026-04-16,min_variance,IWM,0.0,drifted
2026-04-16,min_variance,EFA,0.3383287231032074,drifted
2026-04-16,min_variance,IEF,0.38787647793412017,drifted
2026-04-17,min_variance,SPY,0.27443475412905644,drifted
2026-04-17,min_variance,QQQ,2.4823984130930614e-17,drifted
2026-04-17,min_variance,IWM,0.0,drifted
2026-04-17,min_variance,EFA,0.33933112656869785,drifted
2026-04-17,min_variance,IEF,0.38623411930224577,drifted
2026-04-20,min_variance,SPY,0.27450215466676364,drifted
2026-04-20,min_variance,QQQ,2.4800845025108736e-17,drifted
2026-04-20,min_variance,IWM,0.0,drifted
2026-04-20,min_variance,EFA,0.33875794339341436,drifted
2026-04-20,min_variance,IEF,0.38673990193982194,drifted
2026-04-21,min_variance,SPY,0.27571724157742555,drifted
2026-04-21,min_variance,QQQ,2.497942192762722e-17,drifted
2026-04-21,min_variance,IWM,0.0,drifted
2026-04-21,min_variance,EFA,0.33498458020602334,drifted
2026-04-21,min_variance,IEF,0.3892981782165511,drifted
2026-04-22,min_variance,SPY,0.27731114526801476,drifted
2026-04-22,min_variance,QQQ,2.5288075372106406e-17,drifted
2026-04-22,min_variance,IWM,0.0,drifted
2026-04-22,min_variance,EFA,0.3346592955164141,drifted
2026-04-22,min_variance,IEF,0.38802955921557114,drifted
2026-04-23,min_variance,SPY,0.277366996096982,drifted
2026-04-23,min_variance,QQQ,2.5248683426794813e-17,drifted
2026-04-23,min_variance,IWM,0.0,drifted
2026-04-23,min_variance,EFA,0.33362510376121807,drifted
2026-04-23,min_variance,IEF,0.38900790014179987,drifted
2026-04-24,min_variance,SPY,0.27821687015091445,drifted
2026-04-24,min_variance,QQQ,2.561199588658969e-17,drifted
2026-04-24,min_variance,IWM,0.0,drifted
2026-04-24,min_variance,EFA,0.33381241663828715,drifted
2026-04-24,min_variance,IEF,0.3879707132107984,drifted
2026-04-27,min_variance,SPY,0.27916884534039144,drifted
2026-04-27,min_variance,QQQ,2.5668959400597257e-17,drifted
2026-04-27,min_variance,IWM,0.0,drifted
2026-04-27,min_variance,EFA,0.33309718963522245,drifted
2026-04-27,min_variance,IEF,0.38773396502438623,drifted
2026-04-28,min_variance,SPY,0.27867552939281237,drifted
2026-04-28,min_variance,QQQ,2.5489943759045138e-17,drifted
2026-04-28,min_variance,IWM,0.0,drifted
2026-04-28,min_variance,EFA,0.3327501991665823,drifted
2026-04-28,min_variance,IEF,0.3885742714406052,drifted
2026-04-29,min_variance,SPY,0.28010963840236064,drifted
2026-04-29,min_variance,QQQ,2.578174123880019e-17,drifted
2026-04-29,min_variance,IWM,0.0,drifted
2026-04-29,min_variance,EFA,0.3311015505036897,drifted
2026-04-29,min_variance,IEF,0.38878881109394964,drifted
2026-04-30,min_variance,SPY,0.2796957688987332,drifted
2026-04-30,min_variance,QQQ,2.572775743469299e-17,drifted
2026-04-30,min_variance,IWM,0.0,drifted
2026-04-30,min_variance,EFA,0.33518452630920853,drifted
2026-04-30,min_variance,IEF,0.38511970479205826,drifted
2026-05-01,min_variance,SPY,0.39999999999999997,target
2026-05-01,min_variance,QQQ,1.0298422095994546e-16,target
2026-05-01,min_variance,IWM,0.0,target
2026-05-01,min_variance,EFA,0.19999999999999993,target
2026-05-01,min_variance,IEF,0.4,target
2026-05-01,min_variance,SPY,0.39999999999999997,drifted
2026-05-01,min_variance,QQQ,1.0298422095994546e-16,drifted
2026-05-01,min_variance,IWM,0.0,drifted
2026-05-01,min_variance,EFA,0.19999999999999993,drifted
2026-05-01,min_variance,IEF,0.4,drifted
2026-05-04,min_variance,SPY,0.4008134845938904,drifted
2026-05-04,min_variance,QQQ,1.033779648103755e-16,drifted
2026-05-04,min_variance,IWM,0.0,drifted
2026-05-04,min_variance,EFA,0.1983855056409546,drifted
2026-05-04,min_variance,IEF,0.40080100976515504,drifted
2026-05-05,min_variance,SPY,0.40143969097385096,drifted
2026-05-05,min_variance,QQQ,1.040481011394733e-16,drifted
2026-05-05,min_variance,IWM,0.0,drifted
2026-05-05,min_variance,EFA,0.1997371311343053,drifted
2026-05-05,min_variance,IEF,0.39882317789184374,drifted
2026-05-06,min_variance,SPY,0.40180215709097683,drifted
2026-05-06,min_variance,QQQ,1.0484820568603591e-16,drifted
2026-05-06,min_variance,IWM,0.0,drifted
2026-05-06,min_variance,EFA,0.20252943032786996,drifted
2026-05-06,min_variance,IEF,0.39566841258115304,drifted
2026-05-07,min_variance,SPY,0.4030488981029987,drifted
2026-05-07,min_variance,QQQ,1.0537114650678164e-16,drifted
2026-05-07,min_variance,IWM,0.0,drifted
2026-05-07,min_variance,EFA,0.20004961610283276,drifted
2026-05-07,min_variance,IEF,0.3969014857941684,drifted
2026-05-08,min_variance,SPY,0.40376988901928573,drifted
2026-05-08,min_variance,QQQ,1.0714941877663417e-16,drifted
2026-05-08,min_variance,IWM,0.0,drifted
2026-05-08,min_variance,EFA,0.20083350532212083,drifted
2026-05-08,min_variance,IEF,0.3953966056585933,drifted
2026-05-11,min_variance,SPY,0.40502883323748906,drifted
2026-05-11,min_variance,QQQ,1.0754987147085157e-16,drifted
2026-05-11,min_variance,IWM,0.0,drifted
2026-05-11,min_variance,EFA,0.20057653908065146,drifted
2026-05-11,min_variance,IEF,0.3943946276818593,drifted
2026-05-12,min_variance,SPY,0.4056757714169451,drifted
2026-05-12,min_variance,QQQ,1.0697002333172149e-16,drifted
2026-05-12,min_variance,IWM,0.0,drifted
2026-05-12,min_variance,EFA,0.20003802600300674,drifted
2026-05-12,min_variance,IEF,0.39428620258004804,drifted
2026-05-13,min_variance,SPY,0.40647891582372586,drifted
2026-05-13,min_variance,QQQ,1.0771125525226905e-16,drifted
2026-05-13,min_variance,IWM,0.0,drifted
2026-05-13,min_variance,EFA,0.20065232873185265,drifted
2026-05-13,min_variance,IEF,0.39286875544442135,drifted
2026-05-14,min_variance,SPY,0.40877052084886795,drifted
2026-05-14,min_variance,QQQ,1.0823396902067091e-16,drifted
2026-05-14,min_variance,IWM,0.0,drifted
2026-05-14,min_variance,EFA,0.19948966785604652,drifted
2026-05-14,min_variance,IEF,0.39173981129508545,drifted
2026-05-15,min_variance,SPY,0.408505844050279,drifted
2026-05-15,min_variance,QQQ,1.078290458842475e-16,drifted
2026-05-15,min_variance,IWM,0.0,drifted
2026-05-15,min_variance,EFA,0.1983941686975581,drifted
2026-05-15,min_variance,IEF,0.39309998725216266,drifted
2026-05-18,min_variance,SPY,0.40765679658257425,drifted
2026-05-18,min_variance,QQQ,1.0721741987865232e-16,drifted
2026-05-18,min_variance,IWM,0.0,drifted
2026-05-18,min_variance,EFA,0.19995206135137894,drifted
2026-05-18,min_variance,IEF,0.3923911420660467,drifted
2026-05-19,min_variance,SPY,0.4072497448809583,drifted
2026-05-19,min_variance,QQQ,1.0716410037479775e-16,drifted
2026-05-19,min_variance,IWM,0.0,drifted
2026-05-19,min_variance,EFA,0.19964230626327456,drifted
2026-05-19,min_variance,IEF,0.39310794885576716,drifted
2026-05-20,min_variance,SPY,0.40728408931329696,drifted
2026-05-20,min_variance,QQQ,1.078430436810776e-16,drifted
2026-05-20,min_variance,IWM,0.0,drifted
2026-05-20,min_variance,EFA,0.200930096515742,drifted
2026-05-20,min_variance,IEF,0.39178581417096103,drifted
2026-05-21,min_variance,SPY,0.4072106819191103,drifted
2026-05-21,min_variance,QQQ,1.0781542119529972e-16,drifted
2026-05-21,min_variance,IWM,0.0,drifted
2026-05-21,min_variance,EFA,0.20159917224983095,drifted
2026-05-21,min_variance,IEF,0.39119014583105854,drifted
2026-05-22,min_variance,SPY,0.40818782897338074,drifted
2026-05-22,min_variance,QQQ,1.0810740765375071e-16,drifted
2026-05-22,min_variance,IWM,0.0,drifted
2026-05-22,min_variance,EFA,0.2008858329704786,drifted
2026-05-22,min_variance,IEF,0.3909263380561406,drifted
2026-05-26,min_variance,SPY,0.4082046271356347,drifted
2026-05-26,min_variance,QQQ,1.0930575829581592e-16,drifted
2026-05-26,min_variance,IWM,0.0,drifted
2026-05-26,min_variance,EFA,0.20177643108242288,drifted
2026-05-26,min_variance,IEF,0.39001894178194213,drifted
2026-05-27,min_variance,SPY,0.4083773963477087,drifted
2026-05-27,min_variance,QQQ,1.0924665333655235e-16,drifted
2026-05-27,min_variance,IWM,0.0,drifted
2026-05-27,min_variance,EFA,0.20120543244757394,drifted
2026-05-27,min_variance,IEF,0.3904171712047172,drifted
2026-05-28,min_variance,SPY,0.4093980011893774,drifted
2026-05-28,min_variance,QQQ,1.0983712666851841e-16,drifted
2026-05-28,min_variance,IWM,0.0,drifted
2026-05-28,min_variance,EFA,0.20044848249324357,drifted
2026-05-28,min_variance,IEF,0.3901535163173789,drifted
2026-05-29,min_variance,SPY,0.4097277617754155,drifted
2026-05-29,min_variance,QQQ,1.1005636865456463e-16,drifted
2026-05-29,min_variance,IWM,0.0,drifted
2026-05-29,min_variance,EFA,0.20032165033934207,drifted
2026-05-29,min_variance,IEF,0.38995058788524234,drifted
2026-06-01,min_variance,SPY,0.4,target
2026-06-01,min_variance,QQQ,0.022141583764439095,target
2026-06-01,min_variance,IWM,7.185567456870635e-18,target
2026-06-01,min_variance,EFA,0.17785841623556095,target
2026-06-01,min_variance,IEF,0.4,target
2026-06-01,min_variance,SPY,0.4,drifted
2026-06-01,min_variance,QQQ,0.022141583764439095,drifted
2026-06-01,min_variance,IWM,7.185567456870635e-18,drifted
2026-06-01,min_variance,EFA,0.17785841623556095,drifted
2026-06-01,min_variance,IEF,0.4,drifted
2026-06-02,min_variance,SPY,0.3997715410589658,drifted
2026-06-02,min_variance,QQQ,0.022200684383208998,drifted
2026-06-02,min_variance,IWM,7.238234891416081e-18,drifted
2026-06-02,min_variance,EFA,0.17850158283123368,drifted
2026-06-02,min_variance,IEF,0.3995261917265917,drifted
2026-06-03,min_variance,SPY,0.3991257348622422,drifted
2026-06-03,min_variance,QQQ,0.022263122127741623,drifted
2026-06-03,min_variance,IWM,7.178050435504664e-18,drifted
2026-06-03,min_variance,EFA,0.17793458447820462,drifted
2026-06-03,min_variance,IEF,0.40067655853181156,drifted
2026-06-04,min_variance,SPY,0.39930404313908724,drifted
2026-06-04,min_variance,QQQ,0.02208188501313221,drifted
2026-06-04,min_variance,IWM,7.262157755961642e-18,drifted
2026-06-04,min_variance,EFA,0.17875765457284756,drifted
2026-06-04,min_variance,IEF,0.399856417274933,drifted
2026-06-05,min_variance,SPY,0.39615749330621547,drifted
2026-06-05,min_variance,QQQ,0.02140882525753479,drifted
2026-06-05,min_variance,IWM,7.133422096666938e-18,drifted
2026-06-05,min_variance,EFA,0.17738146984098457,drifted
2026-06-05,min_variance,IEF,0.40505221159526505,drifted
2026-06-08,min_variance,SPY,0.3963117646456766,drifted
2026-06-08,min_variance,QQQ,0.02170247012907793,drifted
2026-06-08,min_variance,IWM,7.18226662717868e-18,drifted
2026-06-08,min_variance,EFA,0.1781231043196668,drifted
2026-06-08,min_variance,IEF,0.40386266090557865,drifted
2026-06-09,min_variance,SPY,0.39524944694381575,drifted
2026-06-09,min_variance,QQQ,0.021458220287355275,drifted
2026-06-09,min_variance,IWM,7.20711442131711e-18,drifted
2026-06-09,min_variance,EFA,0.1782033027452491,drifted
2026-06-09,min_variance,IEF,0.40508903002357977,drifted
2026-06-10,min_variance,SPY,0.39269059014847624,drifted
2026-06-10,min_variance,QQQ,0.021228083914297157,drifted
2026-06-10,min_variance,IWM,7.199342530498293e-18,drifted
2026-06-10,min_variance,EFA,0.17756054725975548,drifted
2026-06-10,min_variance,IEF,0.4085207786774711,drifted
2026-06-11,min_variance,SPY,0.3931726483621576,drifted
2026-06-11,min_variance,QQQ,0.021604807692780118,drifted
2026-06-11,min_variance,IWM,7.29779245264418e-18,drifted
2026-06-11,min_variance,EFA,0.18024587727801733,drifted
2026-06-11,min_variance,IEF,0.40497666666704507,drifted
2026-06-12,min_variance,SPY,0.3944841040636021,drifted
2026-06-12,min_variance,QQQ,0.021687144877788722,drifted
2026-06-12,min_variance,IWM,7.346444957267193e-18,drifted
2026-06-12,min_variance,EFA,0.18037235603560622,drifted
2026-06-12,min_variance,IEF,0.40345639502300296,drifted
2026-06-15,min_variance,SPY,0.3977492072799575,drifted
2026-06-15,min_variance,QQQ,0.022162741022509917,drifted
2026-06-15,min_variance,IWM,7.338296039048739e-18,drifted
2026-06-15,min_variance,EFA,0.17991698348051252,drifted
2026-06-15,min_variance,IEF,0.4001710682170202,drifted
2026-06-16,min_variance,SPY,0.395922859324702,drifted
2026-06-16,min_variance,QQQ,0.021771490625984543,drifted
2026-06-16,min_variance,IWM,7.284560573509317e-18,drifted
2026-06-16,min_variance,EFA,0.18056305214015342,drifted
2026-06-16,min_variance,IEF,0.40174259790916,drifted
2026-06-17,min_variance,SPY,0.3942135862283136,drifted
2026-06-17,min_variance,QQQ,0.021730568256081766,drifted
2026-06-17,min_variance,IWM,7.289511258879364e-18,drifted
2026-06-17,min_variance,EFA,0.18113200554280917,drifted
2026-06-17,min_variance,IEF,0.40292383997279546,drifted
2026-06-18,min_variance,SPY,0.3954648683296387,drifted
2026-06-18,min_variance,QQQ,0.02211601813378371,drifted
2026-06-18,min_variance,IWM,7.379962967097734e-18,drifted
2026-06-18,min_variance,EFA,0.18092889330622444,drifted
2026-06-18,min_variance,IEF,0.4014902202303531,drifted
2026-06-22,min_variance,SPY,0.3952231294483445,drifted
2026-06-22,min_variance,QQQ,0.022116617655639364,drifted
2026-06-22,min_variance,IWM,7.463563744738532e-18,drifted
2026-06-22,min_variance,EFA,0.18168444796184574,drifted
2026-06-22,min_variance,IEF,0.4009758049341705,drifted
2026-06-23,min_variance,SPY,0.3932743966993383,drifted
2026-06-23,min_variance,QQQ,0.021596504503045556,drifted
2026-06-23,min_variance,IWM,7.463920490755514e-18,drifted
2026-06-23,min_variance,EFA,0.1797338383092354,drifted
2026-06-23,min_variance,IEF,0.40539526048838087,drifted
2026-06-24,min_variance,SPY,0.39230648372405386,drifted
2026-06-24,min_variance,QQQ,0.021461830930623045,drifted
2026-06-24,min_variance,IWM,7.483559191521257e-18,drifted
2026-06-24,min_variance,EFA,0.17902449340989565,drifted
2026-06-24,min_variance,IEF,0.4072071919354274,drifted
2026-06-25,min_variance,SPY,0.39187155561735654,drifted
2026-06-25,min_variance,QQQ,0.021580606679074976,drifted
2026-06-25,min_variance,IWM,7.520324656783263e-18,drifted
2026-06-25,min_variance,EFA,0.18012200437163642,drifted
2026-06-25,min_variance,IEF,0.406425833331932,drifted
2026-06-26,min_variance,SPY,0.39027379623376124,drifted
2026-06-26,min_variance,QQQ,0.02135119993138789,drifted
2026-06-26,min_variance,IWM,7.567437074709772e-18,drifted
2026-06-26,min_variance,EFA,0.17962568571150217,drifted
2026-06-26,min_variance,IEF,0.40874931812334875,drifted
2026-06-29,min_variance,SPY,0.39328836191491606,drifted
2026-06-29,min_variance,QQQ,0.021693490609378006,drifted
2026-06-29,min_variance,IWM,7.480772176103274e-18,drifted
2026-06-29,min_variance,EFA,0.17965970603797826,drifted
2026-06-29,min_variance,IEF,0.40535844143772765,drifted
2026-06-30,min_variance,SPY,0.39552462412738565,drifted
2026-06-30,min_variance,QQQ,0.022016609195640024,drifted
2026-06-30,min_variance,IWM,7.50213397110089e-18,drifted
2026-06-30,min_variance,EFA,0.18003041857191332,drifted
2026-06-30,min_variance,IEF,0.40242834810506106,drifted
2026-07-01,min_variance,SPY,0.4,target
2026-07-01,min_variance,QQQ,1.2455314557513477e-16,target
2026-07-01,min_variance,IWM,4.366488905155794e-17,target
2026-07-01,min_variance,EFA,0.19999999999999987,target
2026-07-01,min_variance,IEF,0.4,target
2026-07-01,min_variance,SPY,0.4,drifted
2026-07-01,min_variance,QQQ,1.2455314557513477e-16,drifted
2026-07-01,min_variance,IWM,4.366488905155794e-17,drifted
2026-07-01,min_variance,EFA,0.19999999999999987,drifted
2026-07-01,min_variance,IEF,0.4,drifted
2026-07-02,min_variance,SPY,0.398486886936885,drifted
2026-07-02,min_variance,QQQ,1.2209160716285735e-16,drifted
2026-07-02,min_variance,IWM,4.330374515408718e-17,drifted
2026-07-02,min_variance,EFA,0.2021199874909201,drifted
2026-07-02,min_variance,IEF,0.39939312557219486,drifted
2026-07-06,min_variance,SPY,0.39962952413136077,drifted
2026-07-06,min_variance,QQQ,1.2312320172799176e-16,drifted
2026-07-06,min_variance,IWM,4.3243152476308967e-17,drifted
2026-07-06,min_variance,EFA,0.20304441490686367,drifted
2026-07-06,min_variance,IEF,0.3973260609617754,drifted
2026-07-07,min_variance,SPY,0.4003032465754209,drifted
2026-07-07,min_variance,QQQ,1.2162404760956147e-16,drifted
2026-07-07,min_variance,IWM,4.312826692763047e-17,drifted
2026-07-07,min_variance,EFA,0.20183870745074384,drifted
2026-07-07,min_variance,IEF,0.39785804597383506,drifted
2026-07-08,min_variance,SPY,0.40050582877373087,drifted
2026-07-08,min_variance,QQQ,1.2240853978750438e-16,drifted
2026-07-08,min_variance,IWM,4.2887791941133947e-17,drifted
2026-07-08,min_variance,EFA,0.20101084621131843,drifted
2026-07-08,min_variance,IEF,0.3984833250149506,drifted
2026-07-09,min_variance,SPY,0.40175417900071875,drifted
2026-07-09,min_variance,QQQ,1.237857147610701e-16,drifted
2026-07-09,min_variance,IWM,4.320689106425716e-17,drifted
2026-07-09,min_variance,EFA,0.20102808721101542,drifted
2026-07-09,min_variance,IEF,0.39721773378826564,drifted
2026-07-10,min_variance,SPY,0.4026058413541092,drifted
2026-07-10,min_variance,QQQ,1.2389657342372126e-16,drifted
2026-07-10,min_variance,IWM,4.293135572596777e-17,drifted
2026-07-10,min_variance,EFA,0.20138107534411964,drifted
2026-07-10,min_variance,IEF,0.3960130833017709,drifted
2026-07-13,min_variance,SPY,0.4021876675675883,drifted
2026-07-13,min_variance,QQQ,1.2235556158078322e-16,drifted
2026-07-13,min_variance,IWM,4.2851164688512635e-17,drifted
2026-07-13,min_variance,EFA,0.20060600013907887,drifted
2026-07-13,min_variance,IEF,0.3972063322933327,drifted
2026-07-14,min_variance,SPY,0.4020340735407807,drifted
2026-07-14,min_variance,QQQ,1.2323743757307877e-16,drifted
2026-07-14,min_variance,IWM,4.28330481848056e-17,drifted
2026-07-14,min_variance,EFA,0.20121345589919448,drifted
2026-07-14,min_variance,IEF,0.3967524705600247,drifted
2026-07-15,min_variance,SPY,0.402057784819886,drifted
2026-07-15,min_variance,QQQ,1.2242552003328867e-16,drifted
2026-07-15,min_variance,IWM,4.2848994904998336e-17,drifted
2026-07-15,min_variance,EFA,0.2017611872838474,drifted
2026-07-15,min_variance,IEF,0.3961810278962664,drifted
2026-07-16,min_variance,SPY,0.40150589609878423,drifted
2026-07-16,min_variance,QQQ,1.2090262265445462e-16,drifted
2026-07-16,min_variance,IWM,4.299712532580335e-17,drifted
2026-07-16,min_variance,EFA,0.2009558681806346,drifted
2026-07-16,min_variance,IEF,0.39753823572058095,drifted
2026-07-17,min_variance,SPY,0.3992865838555249,drifted
2026-07-17,min_variance,QQQ,1.1961107990676232e-16,drifted
2026-07-17,min_variance,IWM,4.296042840749567e-17,drifted
2026-07-17,min_variance,EFA,0.2009094898569788,drifted
2026-07-17,min_variance,IEF,0.39980392628749617,drifted
2026-07-20,min_variance,SPY,0.400002145383349,drifted
2026-07-20,min_variance,QQQ,1.2014519319389726e-16,drifted
2026-07-20,min_variance,IWM,4.285338523544631e-17,drifted
2026-07-20,min_variance,EFA,0.20011223476995843,drifted
2026-07-20,min_variance,IEF,0.3998856198466925,drifted
2026-07-21,min_variance,SPY,0.4012281462904704,drifted
2026-07-21,min_variance,QQQ,1.217332102253937e-16,drifted
2026-07-21,min_variance,IWM,4.324603225334046e-17,drifted
2026-07-21,min_variance,EFA,0.2019568567130699,drifted
2026-07-21,min_variance,IEF,0.3968149969964595,drifted
2026-07-22,min_variance,SPY,0.4011590987531089,drifted
2026-07-22,min_variance,QQQ,1.2123175577642163e-16,drifted
2026-07-22,min_variance,IWM,4.2887476533061255e-17,drifted
2026-07-22,min_variance,EFA,0.20252628087866062,drifted
2026-07-22,min_variance,IEF,0.39631462036823023,drifted
2026-07-23,min_variance,SPY,0.399658492667591,drifted
2026-07-23,min_variance,QQQ,1.1996699215085815e-16,drifted
2026-07-23,min_variance,IWM,4.3010961637358014e-17,drifted
2026-07-23,min_variance,EFA,0.20164604484912596,drifted
2026-07-23,min_variance,IEF,0.3986954624832829,drifted
2026-07-24,min_variance,SPY,0.39919493136467576,drifted
2026-07-24,min_variance,QQQ,1.1836896231267485e-16,drifted
2026-07-24,min_variance,IWM,4.278229767668063e-17,drifted
2026-07-24,min_variance,EFA,0.2022049804082158,drifted
2026-07-24,min_variance,IEF,0.3986000882271083,drifted
2026-07-27,min_variance,SPY,0.3984306292575152,drifted
2026-07-27,min_variance,QQQ,1.1775250520073703e-16,drifted
2026-07-27,min_variance,IWM,4.294625269405419e-17,drifted
2026-07-27,min_variance,EFA,0.20274973193359466,drifted
2026-07-27,min_variance,IEF,0.39881963880888993,drifted
2026-07-28,min_variance,SPY,0.3985429437728255,drifted
2026-07-28,min_variance,QQQ,1.1636219547738125e-16,drifted
2026-07-28,min_variance,IWM,4.292303207900844e-17,drifted
2026-07-28,min_variance,EFA,0.2022834204754141,drifted
2026-07-28,min_variance,IEF,0.39917363575176007,drifted
2026-07-29,min_variance,SPY,0.39589783539161,drifted
2026-07-29,min_variance,QQQ,1.1500491654505e-16,drifted
2026-07-29,min_variance,IWM,4.2595972307169813e-17,drifted
2026-07-29,min_variance,EFA,0.203059684177386,drifted
2026-07-29,min_variance,IEF,0.4010424804310039,drifted
2026-07-30,min_variance,SPY,0.39758640201803946,drifted
2026-07-30,min_variance,QQQ,1.1733656520303636e-16,drifted
2026-07-30,min_variance,IWM,4.265837571739407e-17,drifted
2026-07-30,min_variance,EFA,0.20613166982585218,drifted
2026-07-30,min_variance,IEF,0.3962819281561083,drifted
2026-07-31,min_variance,SPY,0.4002581953618447,drifted
2026-07-31,min_variance,QQQ,1.180424699840005e-16,drifted
2026-07-31,min_variance,IWM,4.243549285694365e-17,drifted
2026-07-31,min_variance,EFA,0.2047535230115086,drifted
2026-07-31,min_variance,IEF,0.39498828162664656,drifted
2026-08-03,min_variance,SPY,0.3999999999999999,target
2026-08-03,min_variance,QQQ,2.0675833693439282e-17,target
2026-08-03,min_variance,IWM,3.8420496956497504e-17,target
2026-08-03,min_variance,EFA,0.2000000000000001,target
2026-08-03,min_variance,IEF,0.4,target
2026-08-03,min_variance,SPY,0.3999999999999999,drifted
2026-08-03,min_variance,QQQ,2.0675833693439282e-17,drifted
2026-08-03,min_variance,IWM,3.8420496956497504e-17,drifted
2026-08-03,min_variance,EFA,0.2000000000000001,drifted
2026-08-03,min_variance,IEF,0.4,drifted
2026-08-04,min_variance,SPY,0.4025751106658313,drifted
2026-08-04,min_variance,QQQ,2.1134739838754148e-17,drifted
2026-08-04,min_variance,IWM,3.8687001900401984e-17,drifted
2026-08-04,min_variance,EFA,0.20014727090755602,drifted
2026-08-04,min_variance,IEF,0.39727761842661263,drifted
2026-08-05,min_variance,SPY,0.4019092148967168,drifted
2026-08-05,min_variance,QQQ,2.09506828178877e-17,drifted
2026-08-05,min_variance,IWM,3.845143547662638e-17,drifted
2026-08-05,min_variance,EFA,0.200421169709536,drifted
2026-08-05,min_variance,IEF,0.3976696153937472,drifted
2026-08-06,min_variance,SPY,0.40219490709505745,drifted
2026-08-06,min_variance,QQQ,2.092154924014468e-17,drifted
2026-08-06,min_variance,IWM,3.834492971246193e-17,drifted
2026-08-06,min_variance,EFA,0.20075371810647347,drifted
2026-08-06,min_variance,IEF,0.397051374798469,drifted
2026-08-07,min_variance,SPY,0.40239120151709085,drifted
2026-08-07,min_variance,QQQ,2.1048487977518644e-17,drifted
2026-08-07,min_variance,IWM,3.855363646810937e-17,drifted
2026-08-07,min_variance,EFA,0.20184364293717205,drifted
2026-08-07,min_variance,IEF,0.39576515554573705,drifted
2026-08-10,min_variance,SPY,0.4034274729514143,drifted
2026-08-10,min_variance,QQQ,2.104591027983766e-17,drifted
2026-08-10,min_variance,IWM,3.8461846504365975e-17,drifted
2026-08-10,min_variance,EFA,0.20141666529850882,drifted
2026-08-10,min_variance,IEF,0.39515586175007683,drifted
2026-08-11,min_variance,SPY,0.40240856149045334,drifted
2026-08-11,min_variance,QQQ,2.0989347291587402e-17,drifted
2026-08-11,min_variance,IWM,3.86172636654927e-17,drifted
2026-08-11,min_variance,EFA,0.2017012317783199,drifted
2026-08-11,min_variance,IEF,0.3958902067312267,drifted
2026-08-12,min_variance,SPY,0.40254830543957687,drifted
2026-08-12,min_variance,QQQ,2.109722766569663e-17,drifted
2026-08-12,min_variance,IWM,3.875436320140052e-17,drifted
2026-08-12,min_variance,EFA,0.20203062126031018,drifted
2026-08-12,min_variance,IEF,0.3954210733001128,drifted
2026-08-13,min_variance,SPY,0.40349743395218673,drifted
2026-08-13,min_variance,QQQ,2.1243321196377523e-17,drifted
2026-08-13,min_variance,IWM,3.867724407109089e-17,drifted
2026-08-13,min_variance,EFA,0.20145593236910322,drifted
2026-08-13,min_variance,IEF,0.39504663367870985,drifted
2026-08-14,min_variance,SPY,0.403502555125622,drifted
2026-08-14,min_variance,QQQ,2.125665507304397e-17,drifted
2026-08-14,min_variance,IWM,3.8957491437072044e-17,drifted
2026-08-14,min_variance,EFA,0.2017652527575622,drifted
2026-08-14,min_variance,IEF,0.39473219211681565,drifted
2026-08-17,min_variance,SPY,0.4028474659544752,drifted
2026-08-17,min_variance,QQQ,2.1287944737127126e-17,drifted
2026-08-17,min_variance,IWM,3.8947051950694696e-17,drifted
2026-08-17,min_variance,EFA,0.20204050618148317,drifted
2026-08-17,min_variance,IEF,0.39511202786404165,drifted
2026-08-18,min_variance,SPY,0.4019494924842784,drifted
2026-08-18,min_variance,QQQ,2.1022820501408864e-17,drifted
2026-08-18,min_variance,IWM,3.863173333670068e-17,drifted
2026-08-18,min_variance,EFA,0.20075296004902804,drifted
2026-08-18,min_variance,IEF,0.39729754746669366,drifted
2026-08-19,min_variance,SPY,0.40138906274895875,drifted
2026-08-19,min_variance,QQQ,2.0907808126050548e-17,drifted
2026-08-19,min_variance,IWM,3.8688162646160615e-17,drifted
2026-08-19,min_variance,EFA,0.20078072981089617,drifted
2026-08-19,min_variance,IEF,0.397830207440145,drifted
2026-08-20,min_variance,SPY,0.4002463110863946,drifted
2026-08-20,min_variance,QQQ,2.0873679173294325e-17,drifted
2026-08-20,min_variance,IWM,3.838259329239341e-17,drifted
2026-08-20,min_variance,EFA,0.20132369416727347,drifted
2026-08-20,min_variance,IEF,0.39842999474633184,drifted
2026-08-21,min_variance,SPY,0.40086743730083774,drifted
2026-08-21,min_variance,QQQ,2.089440084133267e-17,drifted
2026-08-21,min_variance,IWM,3.858005554133917e-17,drifted
2026-08-21,min_variance,EFA,0.2024794214394741,drifted
2026-08-21,min_variance,IEF,0.39665314125968815,drifted
2026-08-24,min_variance,SPY,0.39999302671378223,drifted
2026-08-24,min_variance,QQQ,2.0701586210969705e-17,drifted
2026-08-24,min_variance,IWM,3.835320713167493e-17,drifted
2026-08-24,min_variance,EFA,0.20224004489435313,drifted
2026-08-24,min_variance,IEF,0.39776692839186456,drifted
2026-08-25,min_variance,SPY,0.3993239282601037,drifted
2026-08-25,min_variance,QQQ,2.072945024371849e-17,drifted
2026-08-25,min_variance,IWM,3.832846839848711e-17,drifted
2026-08-25,min_variance,EFA,0.2027116605371601,drifted
2026-08-25,min_variance,IEF,0.397964411202736,drifted
2026-08-26,min_variance,SPY,0.40010314555870946,drifted
2026-08-26,min_variance,QQQ,2.0784282509300662e-17,drifted
2026-08-26,min_variance,IWM,3.835624204734165e-17,drifted
2026-08-26,min_variance,EFA,0.20205438454974653,drifted
2026-08-26,min_variance,IEF,0.3978424698915439,drifted
2026-08-27,min_variance,SPY,0.4020127663788703,drifted
2026-08-27,min_variance,QQQ,2.1031599630383535e-17,drifted
2026-08-27,min_variance,IWM,3.840112337536925e-17,drifted
2026-08-27,min_variance,EFA,0.2012313374467517,drifted
2026-08-27,min_variance,IEF,0.396755896174378,drifted
2026-08-28,min_variance,SPY,0.4023429990232892,drifted
2026-08-28,min_variance,QQQ,2.0959837527619414e-17,drifted
2026-08-28,min_variance,IWM,3.7998455196285975e-17,drifted
2026-08-28,min_variance,EFA,0.20129414998597395,drifted
2026-08-28,min_variance,IEF,0.39636285099073687,drifted
2026-08-31,min_variance,SPY,0.4020153431609546,drifted
2026-08-31,min_variance,QQQ,2.1015240983228835e-17,drifted
2026-08-31,min_variance,IWM,3.784700730951517e-17,drifted
2026-08-31,min_variance,EFA,0.20122766139413106,drifted
2026-08-31,min_variance,IEF,0.39675699544491416,drifted
2026-09-01,min_variance,SPY,0.4,target
2026-09-01,min_variance,QQQ,0.0,target
2026-09-01,min_variance,IWM,6.9037651774886365e-18,target
2026-09-01,min_variance,EFA,0.20000000000000007,target
2026-09-01,min_variance,IEF,0.4,target
2026-09-01,min_variance,SPY,0.4,drifted
2026-09-01,min_variance,QQQ,0.0,drifted
2026-09-01,min_variance,IWM,6.9037651774886365e-18,drifted
2026-09-01,min_variance,EFA,0.20000000000000007,drifted
2026-09-01,min_variance,IEF,0.4,drifted
2026-09-02,min_variance,SPY,0.40049608391819047,drifted
2026-09-02,min_variance,QQQ,0.0,drifted
2026-09-02,min_variance,IWM,6.963265318494202e-18,drifted
2026-09-02,min_variance,EFA,0.200430598318996,drifted
2026-09-02,min_variance,IEF,0.39907331776281346,drifted
2026-09-03,min_variance,SPY,0.4019639556789022,drifted
2026-09-03,min_variance,QQQ,0.0,drifted
2026-09-03,min_variance,IWM,6.944142067142572e-18,drifted
2026-09-03,min_variance,EFA,0.20121959957772081,drifted
2026-09-03,min_variance,IEF,0.396816444743377,drifted
2026-09-04,min_variance,SPY,0.4009832655895126,drifted
2026-09-04,min_variance,QQQ,0.0,drifted
2026-09-04,min_variance,IWM,6.97331995900577e-18,drifted
2026-09-04,min_variance,EFA,0.20176602565902335,drifted
2026-09-04,min_variance,IEF,0.3972507087514641,drifted
2026-09-08,min_variance,SPY,0.40025733325166185,drifted
2026-09-08,min_variance,QQQ,0.0,drifted
2026-09-08,min_variance,IWM,6.96745170811584e-18,drifted
2026-09-08,min_variance,EFA,0.2014102495138894,drifted
2026-09-08,min_variance,IEF,0.3983324172344487,drifted
2026-09-09,min_variance,SPY,0.4004903931144264,drifted
2026-09-09,min_variance,QQQ,0.0,drifted
2026-09-09,min_variance,IWM,6.908271855252527e-18,drifted
2026-09-09,min_variance,EFA,0.20021387287177578,drifted
2026-09-09,min_variance,IEF,0.3992957340137978,drifted
2026-09-10,min_variance,SPY,0.4009848442332241,drifted
2026-09-10,min_variance,QQQ,0.0,drifted
2026-09-10,min_variance,IWM,6.888122547862898e-18,drifted
2026-09-10,min_variance,EFA,0.1999666431170248,drifted
2026-09-10,min_variance,IEF,0.39904851264975105,drifted
2026-09-11,min_variance,SPY,0.4025342465847679,drifted
2026-09-11,min_variance,QQQ,0.0,drifted
2026-09-11,min_variance,IWM,6.884652932968541e-18,drifted
2026-09-11,min_variance,EFA,0.20100175573713458,drifted
2026-09-11,min_variance,IEF,0.39646399767809754,drifted
2026-09-14,min_variance,SPY,0.40224497079115457,drifted
2026-09-14,min_variance,QQQ,0.0,drifted
2026-09-14,min_variance,IWM,6.887094476426339e-18,drifted
2026-09-14,min_variance,EFA,0.20015023069209054,drifted
2026-09-14,min_variance,IEF,0.39760479851675484,drifted
2026-09-15,min_variance,SPY,0.4016760452680572,drifted
2026-09-15,min_variance,QQQ,0.0,drifted
2026-09-15,min_variance,IWM,6.86044285736563e-18,drifted
2026-09-15,min_variance,EFA,0.19993450389447073,drifted
2026-09-15,min_variance,IEF,0.39838945083747207,drifted
2026-09-16,min_variance,SPY,0.40106255904686383,drifted
2026-09-16,min_variance,QQQ,0.0,drifted
2026-09-16,min_variance,IWM,6.850868015804245e-18,drifted
2026-09-16,min_variance,EFA,0.19979045799162024,drifted
2026-09-16,min_variance,IEF,0.3991469829615159,drifted
2026-09-17,min_variance,SPY,0.40208158858442705,drifted
2026-09-17,min_variance,QQQ,0.0,drifted
2026-09-17,min_variance,IWM,6.8273885178174564e-18,drifted
2026-09-17,min_variance,EFA,0.19997600236560006,drifted
2026-09-17,min_variance,IEF,0.39794240904997286,drifted
2026-09-18,min_variance,SPY,0.40399802967233966,drifted
2026-09-18,min_variance,QQQ,0.0,drifted
2026-09-18,min_variance,IWM,6.819189418859609e-18,drifted
2026-09-18,min_variance,EFA,0.19864601712813854,drifted
2026-09-18,min_variance,IEF,0.3973559531995218,drifted
2026-09-21,min_variance,SPY,0.40620371072237366,drifted
2026-09-21,min_variance,QQQ,0.0,drifted
2026-09-21,min_variance,IWM,6.786906350499115e-18,drifted
2026-09-21,min_variance,EFA,0.1988544843764199,drifted
2026-09-21,min_variance,IEF,0.39494180490120645,drifted
2026-09-22,min_variance,SPY,0.40586731284085553,drifted
2026-09-22,min_variance,QQQ,0.0,drifted
2026-09-22,min_variance,IWM,6.821049481573619e-18,drifted
2026-09-22,min_variance,EFA,0.19941343394854932,drifted
2026-09-22,min_variance,IEF,0.3947192532105952,drifted
2026-09-23,min_variance,SPY,0.4071403053304897,drifted
2026-09-23,min_variance,QQQ,0.0,drifted
2026-09-23,min_variance,IWM,6.765139588982184e-18,drifted
2026-09-23,min_variance,EFA,0.19827378553872654,drifted
2026-09-23,min_variance,IEF,0.39458590913078373,drifted
2026-09-24,min_variance,SPY,0.4080668184687446,drifted
2026-09-24,min_variance,QQQ,0.0,drifted
2026-09-24,min_variance,IWM,6.779844195273348e-18,drifted
2026-09-24,min_variance,EFA,0.19831883930110178,drifted
2026-09-24,min_variance,IEF,0.39361434223015357,drifted
2026-09-25,min_variance,SPY,0.40800405639855425,drifted
2026-09-25,min_variance,QQQ,0.0,drifted
2026-09-25,min_variance,IWM,6.749575137479811e-18,drifted
2026-09-25,min_variance,EFA,0.19921684144138052,drifted
2026-09-25,min_variance,IEF,0.39277910216006523,drifted
2026-09-28,min_variance,SPY,0.40744053055921997,drifted
2026-09-28,min_variance,QQQ,0.0,drifted
2026-09-28,min_variance,IWM,6.743823467421025e-18,drifted
2026-09-28,min_variance,EFA,0.19944585932092246,drifted
2026-09-28,min_variance,IEF,0.3931136101198576,drifted
2026-09-29,min_variance,SPY,0.4075260163234449,drifted
2026-09-29,min_variance,QQQ,0.0,drifted
2026-09-29,min_variance,IWM,6.73330988862908e-18,drifted
2026-09-29,min_variance,EFA,0.19890443479039976,drifted
2026-09-29,min_variance,IEF,0.3935695488861554,drifted
2026-09-30,min_variance,SPY,0.40778570260444663,drifted
2026-09-30,min_variance,QQQ,0.0,drifted
2026-09-30,min_variance,IWM,6.72436947126349e-18,drifted
2026-09-30,min_variance,EFA,0.1982008525822481,drifted
2026-09-30,min_variance,IEF,0.3940134448133053,drifted
2026-10-01,min_variance,SPY,0.4,target
2026-10-01,min_variance,QQQ,0.0,target
2026-10-01,min_variance,IWM,0.0,target
2026-10-01,min_variance,EFA,0.20000000000000007,target
2026-10-01,min_variance,IEF,0.4,target
2026-10-01,min_variance,SPY,0.4,drifted
2026-10-01,min_variance,QQQ,0.0,drifted
2026-10-01,min_variance,IWM,0.0,drifted
2026-10-01,min_variance,EFA,0.20000000000000007,drifted
2026-10-01,min_variance,IEF,0.4,drifted
2026-10-02,min_variance,SPY,0.4013304458162161,drifted
2026-10-02,min_variance,QQQ,0.0,drifted
2026-10-02,min_variance,IWM,0.0,drifted
2026-10-02,min_variance,EFA,0.2014006231396723,drifted
2026-10-02,min_variance,IEF,0.3972689310441116,drifted
2026-10-05,min_variance,SPY,0.40312492679373585,drifted
2026-10-05,min_variance,QQQ,0.0,drifted
2026-10-05,min_variance,IWM,0.0,drifted
2026-10-05,min_variance,EFA,0.20108139249231802,drifted
2026-10-05,min_variance,IEF,0.39579368071394616,drifted
2026-10-06,min_variance,SPY,0.4039201647979983,drifted
2026-10-06,min_variance,QQQ,0.0,drifted
2026-10-06,min_variance,IWM,0.0,drifted
2026-10-06,min_variance,EFA,0.20074236594108658,drifted
2026-10-06,min_variance,IEF,0.39533746926091506,drifted
2026-10-07,min_variance,SPY,0.4042505038478134,drifted
2026-10-07,min_variance,QQQ,0.0,drifted
2026-10-07,min_variance,IWM,0.0,drifted
2026-10-07,min_variance,EFA,0.1992256956882632,drifted
2026-10-07,min_variance,IEF,0.3965238004639235,drifted
2026-10-08,min_variance,SPY,0.4029306411702693,drifted
2026-10-08,min_variance,QQQ,0.0,drifted
2026-10-08,min_variance,IWM,0.0,drifted
2026-10-08,min_variance,EFA,0.19864567903809383,drifted
2026-10-08,min_variance,IEF,0.3984236797916369,drifted
2026-10-09,min_variance,SPY,0.40391368205581524,drifted
2026-10-09,min_variance,QQQ,0.0,drifted
2026-10-09,min_variance,IWM,0.0,drifted
2026-10-09,min_variance,EFA,0.19929275685148687,drifted
2026-10-09,min_variance,IEF,0.3967935610926978,drifted
2024-11-01,max_sharpe,SPY,0.4,target
2024-11-01,max_sharpe,QQQ,0.0,target
2024-11-01,max_sharpe,IWM,0.0,target
2024-11-01,max_sharpe,EFA,0.20000000000000012,target
2024-11-01,max_sharpe,IEF,0.4,target
2024-11-01,max_sharpe,SPY,0.4,drifted
2024-11-01,max_sharpe,QQQ,0.0,drifted
2024-11-01,max_sharpe,IWM,0.0,drifted
2024-11-01,max_sharpe,EFA,0.20000000000000012,drifted
2024-11-01,max_sharpe,IEF,0.4,drifted
2024-11-04,max_sharpe,SPY,0.3985705241829064,drifted
2024-11-04,max_sharpe,QQQ,0.0,drifted
2024-11-04,max_sharpe,IWM,0.0,drifted
2024-11-04,max_sharpe,EFA,0.1998664430794937,drifted
2024-11-04,max_sharpe,IEF,0.4015630327375999,drifted
2024-11-05,max_sharpe,SPY,0.40057782540474235,drifted
2024-11-05,max_sharpe,QQQ,0.0,drifted
2024-11-05,max_sharpe,IWM,0.0,drifted
2024-11-05,max_sharpe,EFA,0.20044685453953942,drifted
2024-11-05,max_sharpe,IEF,0.3989753200557184,drifted
2024-11-06,max_sharpe,SPY,0.4093288287407449,drifted
2024-11-06,max_sharpe,QQQ,0.0,drifted
2024-11-06,max_sharpe,IWM,0.0,drifted
2024-11-06,max_sharpe,EFA,0.19696666591228407,drifted
2024-11-06,max_sharpe,IEF,0.393704505346971,drifted
2024-11-07,max_sharpe,SPY,0.40868461290331926,drifted
2024-11-07,max_sharpe,QQQ,0.0,drifted
2024-11-07,max_sharpe,IWM,0.0,drifted
2024-11-07,max_sharpe,EFA,0.1981093893400535,drifted
2024-11-07,max_sharpe,IEF,0.3932059977566273,drifted
2024-11-08,max_sharpe,SPY,0.41050937365153456,drifted
2024-11-08,max_sharpe,QQQ,0.0,drifted
2024-11-08,max_sharpe,IWM,0.0,drifted
2024-11-08,max_sharpe,EFA,0.19539577111474835,drifted
2024-11-08,max_sharpe,IEF,0.3940948552337171,drifted
2024-11-11,max_sharpe,SPY,0.41116659187640514,drifted
2024-11-11,max_sharpe,QQQ,0.0,drifted
2024-11-11,max_sharpe,IWM,0.0,drifted
2024-11-11,max_sharpe,EFA,0.19557169160057578,drifted
2024-11-11,max_sharpe,IEF,0.3932617165230191,drifted
2024-11-12,max_sharpe,SPY,0.4129360105049544,drifted
2024-11-12,max_sharpe,QQQ,0.0,drifted
2024-11-12,max_sharpe,IWM,0.0,drifted
2024-11-12,max_sharpe,EFA,0.19336753707677096,drifted
2024-11-12,max_sharpe,IEF,0.39369645241827456,drifted
2024-11-13,max_sharpe,SPY,0.41363174187995916,drifted
2024-11-13,max_sharpe,QQQ,0.0,drifted
2024-11-13,max_sharpe,IWM,0.0,drifted
2024-11-13,max_sharpe,EFA,0.1924532902599941,drifted
2024-11-13,max_sharpe,IEF,0.3939149678600467,drifted
2024-11-14,max_sharpe,SPY,0.41192082082196857,drifted
2024-11-14,max_sharpe,QQQ,0.0,drifted
2024-11-14,max_sharpe,IWM,0.0,drifted
2024-11-14,max_sharpe,EFA,0.1932971072605141,drifted
2024-11-14,max_sharpe,IEF,0.39478207191751735,drifted
2024-11-15,max_sharpe,SPY,0.40901947092595375,drifted
2024-11-15,max_sharpe,QQQ,0.0,drifted
2024-11-15,max_sharpe,IWM,0.0,drifted
2024-11-15,max_sharpe,EFA,0.19372269278626,drifted
2024-11-15,max_sharpe,IEF,0.3972578362877862,drifted
2024-11-18,max_sharpe,SPY,0.40921209965997213,drifted
2024-11-18,max_sharpe,QQQ,0.0,drifted
2024-11-18,max_sharpe,IWM,0.0,drifted
2024-11-18,max_sharpe,EFA,0.19407414907537487,drifted
2024-11-18,max_sharpe,IEF,0.3967137512646529,drifted
2024-11-19,max_sharpe,SPY,0.40984977305578346,drifted
2024-11-19,max_sharpe,QQQ,0.0,drifted
2024-11-19,max_sharpe,IWM,0.0,drifted
2024-11-19,max_sharpe,EFA,0.19341886228388797,drifted
2024-11-19,max_sharpe,IEF,0.39673136466032854,drifted
2024-11-20,max_sharpe,SPY,0.41039011684746507,drifted
2024-11-20,max_sharpe,QQQ,0.0,drifted
2024-11-20,max_sharpe,IWM,0.0,drifted
2024-11-20,max_sharpe,EFA,0.19308327716549883,drifted
2024-11-20,max_sharpe,IEF,0.39652660598703604,drifted
2024-11-21,max_sharpe,SPY,0.4117526923463075,drifted
2024-11-21,max_sharpe,QQQ,0.0,drifted
2024-11-21,max_sharpe,IWM,0.0,drifted
2024-11-21,max_sharpe,EFA,0.1927398768861102,drifted
2024-11-21,max_sharpe,IEF,0.39550743076758244,drifted
2024-11-22,max_sharpe,SPY,0.41209003610045936,drifted
2024-11-22,max_sharpe,QQQ,0.0,drifted
2024-11-22,max_sharpe,IWM,0.0,drifted
2024-11-22,max_sharpe,EFA,0.19304843994948534,drifted
2024-11-22,max_sharpe,IEF,0.3948615239500553,drifted
2024-11-25,max_sharpe,SPY,0.41075453126606265,drifted
2024-11-25,max_sharpe,QQQ,0.0,drifted
2024-11-25,max_sharpe,IWM,0.0,drifted
2024-11-25,max_sharpe,EFA,0.19276134268247863,drifted
2024-11-25,max_sharpe,IEF,0.3964841260514586,drifted
2024-11-26,max_sharpe,SPY,0.4128192896159781,drifted
2024-11-26,max_sharpe,QQQ,0.0,drifted
2024-11-26,max_sharpe,IWM,0.0,drifted
2024-11-26,max_sharpe,EFA,0.1916115525030902,drifted
2024-11-26,max_sharpe,IEF,0.3955691578809316,drifted
2024-11-27,max_sharpe,SPY,0.4110013684373267,drifted
2024-11-27,max_sharpe,QQQ,0.0,drifted
2024-11-27,max_sharpe,IWM,0.0,drifted
2024-11-27,max_sharpe,EFA,0.19238441858860852,drifted
2024-11-27,max_sharpe,IEF,0.3966142129740648,drifted
2024-11-29,max_sharpe,SPY,0.4107637033764917,drifted
2024-11-29,max_sharpe,QQQ,0.0,drifted
2024-11-29,max_sharpe,IWM,0.0,drifted
2024-11-29,max_sharpe,EFA,0.19363622548991408,drifted
2024-11-29,max_sharpe,IEF,0.3956000711335943,drifted
2024-12-02,max_sharpe,SPY,0.39999999999999936,target
2024-12-02,max_sharpe,QQQ,0.0350469743140147,target
2024-12-02,max_sharpe,IWM,0.0022764383425363808,target
2024-12-02,max_sharpe,EFA,0.16267658734344959,target
2024-12-02,max_sharpe,IEF,0.39999999999999997,target
2024-12-02,max_sharpe,SPY,0.39999999999999936,drifted
2024-12-02,max_sharpe,QQQ,0.0350469743140147,drifted
2024-12-02,max_sharpe,IWM,0.0022764383425363808,drifted
2024-12-02,max_sharpe,EFA,0.16267658734344959,drifted
2024-12-02,max_sharpe,IEF,0.39999999999999997,drifted
2024-12-03,max_sharpe,SPY,0.40016033121328776,drifted
2024-12-03,max_sharpe,QQQ,0.035152216759841405,drifted
2024-12-03,max_sharpe,IWM,0.0022600994173660686,drifted
2024-12-03,max_sharpe,EFA,0.16359066709204612,drifted
2024-12-03,max_sharpe,IEF,0.3988366855174587,drifted
2024-12-04,max_sharpe,SPY,0.40081411679191364,drifted
2024-12-04,max_sharpe,QQQ,0.03542497522530259,drifted
2024-12-04,max_sharpe,IWM,0.002257883020055034,drifted
2024-12-04,max_sharpe,EFA,0.1629694614257894,drifted
2024-12-04,max_sharpe,IEF,0.39853356353693936,drifted
2024-12-05,max_sharpe,SPY,0.4001660091299551,drifted
2024-12-05,max_sharpe,QQQ,0.035327822839710823,drifted
2024-12-05,max_sharpe,IWM,0.0022316081463219883,drifted
2024-12-05,max_sharpe,EFA,0.16377158114655807,drifted
2024-12-05,max_sharpe,IEF,0.398502978737454,drifted
2024-12-06,max_sharpe,SPY,0.3999961407583702,drifted
2024-12-06,max_sharpe,QQQ,0.0355614508421855,drifted
2024-12-06,max_sharpe,IWM,0.0022343892402500896,drifted
2024-12-06,max_sharpe,EFA,0.16337195609587649,drifted
2024-12-06,max_sharpe,IEF,0.39883606306331765,drifted
2024-12-09,max_sharpe,SPY,0.39946686869663023,drifted
2024-12-09,max_sharpe,QQQ,0.03542021912186642,drifted
2024-12-09,max_sharpe,IWM,0.002231718219794897,drifted
2024-12-09,max_sharpe,EFA,0.16389792617992707,drifted
2024-12-09,max_sharpe,IEF,0.3989832677817814,drifted
2024-12-10,max_sharpe,SPY,0.3996481939356999,drifted
2024-12-10,max_sharpe,QQQ,0.035425691261018154,drifted
2024-12-10,max_sharpe,IWM,0.0022299906202775032,drifted
2024-12-10,max_sharpe,EFA,0.1630038842731009,drifted
2024-12-10,max_sharpe,IEF,0.39969223990990366,drifted
2024-12-11,max_sharpe,SPY,0.40130083954869084,drifted
2024-12-11,max_sharpe,QQQ,0.03593124506769521,drifted
2024-12-11,max_sharpe,IWM,0.0022320795048135778,drifted
2024-12-11,max_sharpe,EFA,0.16344630453907533,drifted
2024-12-11,max_sharpe,IEF,0.3970895313397252,drifted
2024-12-12,max_sharpe,SPY,0.40135021035172075,drifted
2024-12-12,max_sharpe,QQQ,0.035888666352521685,drifted
2024-12-12,max_sharpe,IWM,0.0022147546522087035,drifted
2024-12-12,max_sharpe,EFA,0.16287190679304156,drifted
2024-12-12,max_sharpe,IEF,0.3976744618505073,drifted
2024-12-13,max_sharpe,SPY,0.4021278171545992,drifted
2024-12-13,max_sharpe,QQQ,0.03624063698144785,drifted
2024-12-13,max_sharpe,IWM,0.0022042599976459503,drifted
2024-12-13,max_sharpe,EFA,0.1627659835462803,drifted
2024-12-13,max_sharpe,IEF,0.3966613023200265,drifted
2024-12-16,max_sharpe,SPY,0.4031022221930505,drifted
2024-12-16,max_sharpe,QQQ,0.03669490899611841,drifted
2024-12-16,max_sharpe,IWM,0.0022131389170342752,drifted
2024-12-16,max_sharpe,EFA,0.1619311780966579,drifted
2024-12-16,max_sharpe,IEF,0.39605855179713884,drifted
2024-12-17,max_sharpe,SPY,0.4022880135166946,drifted
2024-12-17,max_sharpe,QQQ,0.036610359217461065,drifted
2024-12-17,max_sharpe,IWM,0.0021924162656560514,drifted
2024-12-17,max_sharpe,EFA,0.16201538384757305,drifted
2024-12-17,max_sharpe,IEF,0.39689382715261534,drifted
2024-12-18,max_sharpe,SPY,0.3984465213927403,drifted
2024-12-18,max_sharpe,QQQ,0.03602629642710654,drifted
2024-12-18,max_sharpe,IWM,0.002139096792823558,drifted
2024-12-18,max_sharpe,EFA,0.16134019443333888,drifted
2024-12-18,max_sharpe,IEF,0.4020478909539908,drifted
2024-12-19,max_sharpe,SPY,0.3993731859387067,drifted
2024-12-19,max_sharpe,QQQ,0.035960315915923365,drifted
2024-12-19,max_sharpe,IWM,0.002135212801990791,drifted
2024-12-19,max_sharpe,EFA,0.1612512025779913,drifted
2024-12-19,max_sharpe,IEF,0.40128008276538785,drifted
2024-12-20,max_sharpe,SPY,0.4016956482058202,drifted
2024-12-20,max_sharpe,QQQ,0.036052260773584165,drifted
2024-12-20,max_sharpe,IWM,0.0021420240073340025,drifted
2024-12-20,max_sharpe,EFA,0.15981709781416453,drifted
2024-12-20,max_sharpe,IEF,0.4002929691990971,drifted
2024-12-23,max_sharpe,SPY,0.4032855492080484,drifted
2024-12-23,max_sharpe,QQQ,0.036330037795685326,drifted
2024-12-23,max_sharpe,IWM,0.0021327882434671297,drifted
2024-12-23,max_sharpe,EFA,0.16053519664234558,drifted
2024-12-23,max_sharpe,IEF,0.39771642811045343,drifted
2024-12-24,max_sharpe,SPY,0.4054233847932315,drifted
2024-12-24,max_sharpe,QQQ,0.036610930030713855,drifted
2024-12-24,max_sharpe,IWM,0.002139487417248218,drifted
2024-12-24,max_sharpe,EFA,0.1601822101579073,drifted
2024-12-24,max_sharpe,IEF,0.3956439876008992,drifted
2024-12-26,max_sharpe,SPY,0.40501114621497175,drifted
2024-12-26,max_sharpe,QQQ,0.036546429017687294,drifted
2024-12-26,max_sharpe,IWM,0.002159078444286569,drifted
2024-12-26,max_sharpe,EFA,0.16076804730810934,drifted
2024-12-26,max_sharpe,IEF,0.39551529901494487,drifted
2024-12-27,max_sharpe,SPY,0.4031833463975083,drifted
2024-12-27,max_sharpe,QQQ,0.03627977123023787,drifted
2024-12-27,max_sharpe,IWM,0.0021405334411178415,drifted
2024-12-27,max_sharpe,EFA,0.16151168445074357,drifted
2024-12-27,max_sharpe,IEF,0.39688466448039245,drifted
2024-12-30,max_sharpe,SPY,0.40011623626950965,drifted
2024-12-30,max_sharpe,QQQ,0.03593500498081708,drifted
2024-12-30,max_sharpe,IWM,0.002132248384578957,drifted
2024-12-30,max_sharpe,EFA,0.1610681009084806,drifted
2024-12-30,max_sharpe,IEF,0.4007484094566138,drifted
2024-12-31,max_sharpe,SPY,0.39965726220488246,drifted
2024-12-31,max_sharpe,QQQ,0.035718827471895524,drifted
2024-12-31,max_sharpe,IWM,0.002140291654466003,drifted
2024-12-31,max_sharpe,EFA,0.16147078151296929,drifted
2024-12-31,max_sharpe,IEF,0.4010128371557869,drifted
2025-01-02,max_sharpe,SPY,0.4,target
2025-01-02,max_sharpe,QQQ,0.15967782216111367,target
2025-01-02,max_sharpe,IWM,4.4408920985006264e-17,target
2025-01-02,max_sharpe,EFA,0.04032217783888631,target
2025-01-02,max_sharpe,IEF,0.4,target
2025-01-02,max_sharpe,SPY,0.4,drifted
2025-01-02,max_sharpe,QQQ,0.15967782216111367,drifted
2025-01-02,max_sharpe,IWM,4.4408920985006264e-17,drifted
2025-01-02,max_sharpe,EFA,0.04032217783888631,drifted
2025-01-02,max_sharpe,IEF,0.4,drifted
2025-01-03,max_sharpe,SPY,0.4021291010454627,drifted
2025-01-03,max_sharpe,QQQ,0.1611400434879976,drifted
2025-01-03,max_sharpe,IWM,4.474998310115335e-17,drifted
2025-01-03,max_sharpe,EFA,0.04021155985234144,drifted
2025-01-03,max_sharpe,IEF,0.39651929561419835,drifted
2025-01-06,max_sharpe,SPY,0.40276823513914706,drifted
2025-01-06,max_sharpe,QQQ,0.16231602508301343,drifted
2025-01-06,max_sharpe,IWM,4.458226514062096e-17,drifted
2025-01-06,max_sharpe,EFA,0.04042576441089002,drifted
2025-01-06,max_sharpe,IEF,0.3944899753669494,drifted
2025-01-07,max_sharpe,SPY,0.4019441646028231,drifted
2025-01-07,max_sharpe,QQQ,0.16091237647316212,drifted
2025-01-07,max_sharpe,IWM,4.463895037786716e-17,drifted
2025-01-07,max_sharpe,EFA,0.04077224868182371,drifted
2025-01-07,max_sharpe,IEF,0.39637121024219113,drifted
2025-01-08,max_sharpe,SPY,0.40203211656449633,drifted
2025-01-08,max_sharpe,QQQ,0.16074090679965786,drifted
2025-01-08,max_sharpe,IWM,4.4381402282897615e-17,drifted
2025-01-08,max_sharpe,EFA,0.04065767232851374,drifted
2025-01-08,max_sharpe,IEF,0.39656930430733184,drifted
2025-01-10,max_sharpe,SPY,0.40076960883825274,drifted
2025-01-10,max_sharpe,QQQ,0.16016881004401023,drifted
2025-01-10,max_sharpe,IWM,4.3939073124152966e-17,drifted
2025-01-10,max_sharpe,EFA,0.0405319858342533,drifted
2025-01-10,max_sharpe,IEF,0.3985295952834837,drifted
2025-01-13,max_sharpe,SPY,0.4016742402000072,drifted
2025-01-13,max_sharpe,QQQ,0.15976671745251278,drifted
2025-01-13,max_sharpe,IWM,4.405525263284336e-17,drifted
2025-01-13,max_sharpe,EFA,0.04044710500971977,drifted
2025-01-13,max_sharpe,IEF,0.39811193733776024,drifted
2025-01-14,max_sharpe,SPY,0.4019543939646229,drifted
2025-01-14,max_sharpe,QQQ,0.15950686403267705,drifted
2025-01-14,max_sharpe,IWM,4.4525944633133434e-17,drifted
2025-01-14,max_sharpe,EFA,0.04056550462439667,drifted
2025-01-14,max_sharpe,IEF,0.39797323737830326,drifted
2025-01-15,max_sharpe,SPY,0.4029442581672412,drifted
2025-01-15,max_sharpe,QQQ,0.16065605471124622,drifted
2025-01-15,max_sharpe,IWM,4.4700089421756544e-17,drifted
2025-01-15,max_sharpe,EFA,0.04044931063229022,drifted
2025-01-15,max_sharpe,IEF,0.3959503764892222,drifted
2025-01-16,max_sharpe,SPY,0.4024703243164759,drifted
2025-01-16,max_sharpe,QQQ,0.15964989142845762,drifted
2025-01-16,max_sharpe,IWM,4.4823402727039325e-17,drifted
2025-01-16,max_sharpe,EFA,0.040687094647398725,drifted
2025-01-16,max_sharpe,IEF,0.3971926896076678,drifted
2025-01-17,max_sharpe,SPY,0.4036046584330032,drifted
2025-01-17,max_sharpe,QQQ,0.16118382764091924,drifted
2025-01-17,max_sharpe,IWM,4.4695216279652624e-17,drifted
2025-01-17,max_sharpe,EFA,0.040559948775314686,drifted
2025-01-17,max_sharpe,IEF,0.39465156515076283,drifted
2025-01-21,max_sharpe,SPY,0.40455541619086854,drifted
2025-01-21,max_sharpe,QQQ,0.16103700463233192,drifted
2025-01-21,max_sharpe,IWM,4.524673156542456e-17,drifted
2025-01-21,max_sharpe,EFA,0.04110001921330964,drifted
2025-01-21,max_sharpe,IEF,0.39330755996348993,drifted
2025-01-22,max_sharpe,SPY,0.4055233674771292,drifted
2025-01-22,max_sharpe,QQQ,0.16257233628350584,drifted
2025-01-22,max_sharpe,IWM,4.480705077470133e-17,drifted
2025-01-22,max_sharpe,EFA,0.0408739198375015,drifted
2025-01-22,max_sharpe,IEF,0.3910303764018634,drifted
2025-01-23,max_sharpe,SPY,0.4069718489097689,drifted
2025-01-23,max_sharpe,QQQ,0.16261235993214643,drifted
2025-01-23,max_sharpe,IWM,4.492674230088147e-17,drifted
2025-01-23,max_sharpe,EFA,0.04113134751904549,drifted
2025-01-23,max_sharpe,IEF,0.3892844436390392,drifted
2025-01-24,max_sharpe,SPY,0.4062208167145223,drifted
2025-01-24,max_sharpe,QQQ,0.16186753809890633,drifted
2025-01-24,max_sharpe,IWM,4.484960717799118e-17,drifted
2025-01-24,max_sharpe,EFA,0.04140558741461542,drifted
2025-01-24,max_sharpe,IEF,0.3905060577719559,drifted
2025-01-27,max_sharpe,SPY,0.4036737170669466,drifted
2025-01-27,max_sharpe,QQQ,0.15841023963360548,drifted
2025-01-27,max_sharpe,IWM,4.477495899473792e-17,drifted
2025-01-27,max_sharpe,EFA,0.04173634934872437,drifted
2025-01-27,max_sharpe,IEF,0.3961796939507235,drifted
2025-01-28,max_sharpe,SPY,0.40479462133527716,drifted
2025-01-28,max_sharpe,QQQ,0.15982459733527615,drifted
2025-01-28,max_sharpe,IWM,4.4565911140134275e-17,drifted
2025-01-28,max_sharpe,EFA,0.041443306810817586,drifted
2025-01-28,max_sharpe,IEF,0.3939374745186291,drifted
2025-01-29,max_sharpe,SPY,0.40402460034646764,drifted
2025-01-29,max_sharpe,QQQ,0.1599379601109898,drifted
2025-01-29,max_sharpe,IWM,4.4578973794975655e-17,drifted
2025-01-29,max_sharpe,EFA,0.0415454946703076,drifted
2025-01-29,max_sharpe,IEF,0.39449194487223493,drifted
2025-01-30,max_sharpe,SPY,0.40451201206362997,drifted
2025-01-30,max_sharpe,QQQ,0.15995498148075318,drifted
2025-01-30,max_sharpe,IWM,4.484582755086824e-17,drifted
2025-01-30,max_sharpe,EFA,0.041828500407038234,drifted
2025-01-30,max_sharpe,IEF,0.3937045060485787,drifted
2025-01-31,max_sharpe,SPY,0.4037364836758839,drifted
2025-01-31,max_sharpe,QQQ,0.1602692745399323,drifted
2025-01-31,max_sharpe,IWM,4.4595667134569206e-17,drifted
2025-01-31,max_sharpe,EFA,0.04157814143975076,drifted
2025-01-31,max_sharpe,IEF,0.39441610034443303,drifted
2025-02-03,max_sharpe,SPY,0.3999999999999995,target
2025-02-03,max_sharpe,QQQ,0.03404894407886738,target
2025-02-03,max_sharpe,IWM,4.590153118267309e-16,target
2025-02-03,max_sharpe,EFA,0.1659510559211328,target
2025-02-03,max_sharpe,IEF,0.39999999999999986,target
2025-02-03,max_sharpe,SPY,0.3999999999999995,drifted
2025-02-03,max_sharpe,QQQ,0.03404894407886738,drifted
2025-02-03,max_sharpe,IWM,4.590153118267309e-16,drifted
2025-02-03,max_sharpe,EFA,0.1659510559211328,drifted
2025-02-03,max_sharpe,IEF,0.39999999999999986,drifted
2025-02-04,max_sharpe,SPY,0.4002731508348769,drifted
2025-02-04,max_sharpe,QQQ,0.03426060864345216,drifted
2025-02-04,max_sharpe,IWM,4.625872118672628e-16,drifted
2025-02-04,max_sharpe,EFA,0.16687469931419258,drifted
2025-02-04,max_sharpe,IEF,0.398591541207478,drifted
2025-02-05,max_sharpe,SPY,0.3996126210279323,drifted
2025-02-05,max_sharpe,QQQ,0.03422053629446032,drifted
2025-02-05,max_sharpe,IWM,4.649653120127185e-16,drifted
2025-02-05,max_sharpe,EFA,0.16753931859690058,drifted
2025-02-05,max_sharpe,IEF,0.3986275240807063,drifted
2025-02-06,max_sharpe,SPY,0.4002431204726539,drifted
2025-02-06,max_sharpe,QQQ,0.03433410918630875,drifted
2025-02-06,max_sharpe,IWM,4.625686733172696e-16,drifted
2025-02-06,max_sharpe,EFA,0.16801689894939975,drifted
2025-02-06,max_sharpe,IEF,0.3974058713916372,drifted
2025-02-07,max_sharpe,SPY,0.39937666250452547,drifted
2025-02-07,max_sharpe,QQQ,0.03414015453130504,drifted
2025-02-07,max_sharpe,IWM,4.604323465362337e-16,drifted
2025-02-07,max_sharpe,EFA,0.16760191788637718,drifted
2025-02-07,max_sharpe,IEF,0.3988812650777918,drifted
2025-02-10,max_sharpe,SPY,0.4004164848411411,drifted
2025-02-10,max_sharpe,QQQ,0.03440970437426246,drifted
2025-02-10,max_sharpe,IWM,4.605867300336836e-16,drifted
2025-02-10,max_sharpe,EFA,0.1680369444176089,drifted
2025-02-10,max_sharpe,IEF,0.39713686636698703,drifted
2025-02-11,max_sharpe,SPY,0.400722731358414,drifted
2025-02-11,max_sharpe,QQQ,0.03432792958847692,drifted
2025-02-11,max_sharpe,IWM,4.579105765026798e-16,drifted
2025-02-11,max_sharpe,EFA,0.16883432536090492,drifted
2025-02-11,max_sharpe,IEF,0.3961150136922037,drifted
2025-02-12,max_sharpe,SPY,0.4007829454735662,drifted
2025-02-12,max_sharpe,QQQ,0.03446427385935858,drifted
2025-02-12,max_sharpe,IWM,4.552252784680085e-16,drifted
2025-02-12,max_sharpe,EFA,0.17003653778065972,drifted
2025-02-12,max_sharpe,IEF,0.39471624288641505,drifted
2025-02-13,max_sharpe,SPY,0.4011069341917279,drifted
2025-02-13,max_sharpe,QQQ,0.03462279703022419,drifted
2025-02-13,max_sharpe,IWM,4.559140998057485e-16,drifted
2025-02-13,max_sharpe,EFA,0.17043782311735511,drifted
2025-02-13,max_sharpe,IEF,0.39383244566069225,drifted
2025-02-14,max_sharpe,SPY,0.4002753199224533,drifted
2025-02-14,max_sharpe,QQQ,0.03469778001286385,drifted
2025-02-14,max_sharpe,IWM,4.546490916284948e-16,drifted
2025-02-14,max_sharpe,EFA,0.17034226250972354,drifted
2025-02-14,max_sharpe,IEF,0.39468463755495886,drifted
2025-02-18,max_sharpe,SPY,0.4013036513918766,drifted
2025-02-18,max_sharpe,QQQ,0.03476372199928235,drifted
2025-02-18,max_sharpe,IWM,4.569768109558177e-16,drifted
2025-02-18,max_sharpe,EFA,0.17150621726442483,drifted
2025-02-18,max_sharpe,IEF,0.39242640934441575,drifted
2025-02-19,max_sharpe,SPY,0.40232013896493574,drifted
2025-02-19,max_sharpe,QQQ,0.034779576366896534,drifted
2025-02-19,max_sharpe,IWM,4.554890288875138e-16,drifted
2025-02-19,max_sharpe,EFA,0.16976978551201397,drifted
2025-02-19,max_sharpe,IEF,0.39313049915615317,drifted
2025-02-20,max_sharpe,SPY,0.400737790997741,drifted
2025-02-20,max_sharpe,QQQ,0.034639850849493926,drifted
2025-02-20,max_sharpe,IWM,4.512267243771391e-16,drifted
2025-02-20,max_sharpe,EFA,0.17059862691404853,drifted
2025-02-20,max_sharpe,IEF,0.3940237312387161,drifted
2025-02-21,max_sharpe,SPY,0.39638363355942113,drifted
2025-02-21,max_sharpe,QQQ,0.03413621543412802,drifted
2025-02-21,max_sharpe,IWM,4.410102837462283e-16,drifted
2025-02-21,max_sharpe,EFA,0.17061433631610745,drifted
2025-02-21,max_sharpe,IEF,0.39886581469034293,drifted
2025-02-24,max_sharpe,SPY,0.3951568103607754,drifted
2025-02-24,max_sharpe,QQQ,0.03378258968018166,drifted
2025-02-24,max_sharpe,IWM,4.384714805917709e-16,drifted
2025-02-24,max_sharpe,EFA,0.17075901910019148,drifted
2025-02-24,max_sharpe,IEF,0.400301580858851,drifted
2025-02-25,max_sharpe,SPY,0.3922838801662589,drifted
2025-02-25,max_sharpe,QQQ,0.0332799388455126,drifted
2025-02-25,max_sharpe,IWM,4.3580020158241717e-16,drifted
2025-02-25,max_sharpe,EFA,0.17191183904522236,drifted
2025-02-25,max_sharpe,IEF,0.4025243419430057,drifted
2025-02-26,max_sharpe,SPY,0.3918493800979315,drifted
2025-02-26,max_sharpe,QQQ,0.03330657335466799,drifted
2025-02-26,max_sharpe,IWM,4.356432421666587e-16,drifted
2025-02-26,max_sharpe,EFA,0.1718643957002456,drifted
2025-02-26,max_sharpe,IEF,0.40297965084715454,drifted
2025-02-27,max_sharpe,SPY,0.38932753014119226,drifted
2025-02-27,max_sharpe,QQQ,0.03269507819425574,drifted
2025-02-27,max_sharpe,IWM,4.3315090795537674e-16,drifted
2025-02-27,max_sharpe,EFA,0.17156821376024975,drifted
2025-02-27,max_sharpe,IEF,0.40640917790430175,drifted
2025-02-28,max_sharpe,SPY,0.3918066273586634,drifted
2025-02-28,max_sharpe,QQQ,0.032909293546189745,drifted
2025-02-28,max_sharpe,IWM,4.337781328631894e-16,drifted
2025-02-28,max_sharpe,EFA,0.17036266688972201,drifted
2025-02-28,max_sharpe,IEF,0.4049214122054245,drifted
2025-03-03,max_sharpe,SPY,0.4,target
2025-03-03,max_sharpe,QQQ,9.540979117872439e-18,target
2025-03-03,max_sharpe,IWM,0.0,target
2025-03-03,max_sharpe,EFA,0.20000000000000004,target
2025-03-03,max_sharpe,IEF,0.4,target
2025-03-03,max_sharpe,SPY,0.4,drifted
2025-03-03,max_sharpe,QQQ,9.540979117872439e-18,drifted
2025-03-03,max_sharpe,IWM,0.0,drifted
2025-03-03,max_sharpe,EFA,0.20000000000000004,drifted
2025-03-03,max_sharpe,IEF,0.4,drifted
2025-03-04,max_sharpe,SPY,0.39766766153288324,drifted
2025-03-04,max_sharpe,QQQ,9.570001341790513e-18,drifted
2025-03-04,max_sharpe,IWM,0.0,drifted
2025-03-04,max_sharpe,EFA,0.20116678635256363,drifted
2025-03-04,max_sharpe,IEF,0.4011655521145532,drifted
2025-03-05,max_sharpe,SPY,0.39920952119347725,drifted
2025-03-05,max_sharpe,QQQ,9.628855175903067e-18,drifted
2025-03-05,max_sharpe,IWM,0.0,drifted
2025-03-05,max_sharpe,EFA,0.20457263812154264,drifted
2025-03-05,max_sharpe,IEF,0.39621784068498006,drifted
2025-03-06,max_sharpe,SPY,0.3958456102373673,drifted
2025-03-06,max_sharpe,QQQ,9.452865111493223e-18,drifted
2025-03-06,max_sharpe,IWM,0.0,drifted
2025-03-06,max_sharpe,EFA,0.2043866732874807,drifted
2025-03-06,max_sharpe,IEF,0.39976771647515197,drifted
2025-03-07,max_sharpe,SPY,0.39654185906324174,drifted
2025-03-07,max_sharpe,QQQ,9.485960680044153e-18,drifted
2025-03-07,max_sharpe,IWM,0.0,drifted
2025-03-07,max_sharpe,EFA,0.2057249100214608,drifted
2025-03-07,max_sharpe,IEF,0.39773323091529744,drifted
2025-03-10,max_sharpe,SPY,0.3909170704713749,drifted
2025-03-10,max_sharpe,QQQ,9.234956603982402e-18,drifted
2025-03-10,max_sharpe,IWM,0.0,drifted
2025-03-10,max_sharpe,EFA,0.20344551522450677,drifted
2025-03-10,max_sharpe,IEF,0.40563741430411826,drifted
2025-03-11,max_sharpe,SPY,0.38976893831790016,drifted
2025-03-11,max_sharpe,QQQ,9.26282291036137e-18,drifted
2025-03-11,max_sharpe,IWM,0.0,drifted
2025-03-11,max_sharpe,EFA,0.2038536322182743,drifted
2025-03-11,max_sharpe,IEF,0.40637742946382555,drifted
2025-03-12,max_sharpe,SPY,0.39092602941714005,drifted
2025-03-12,max_sharpe,QQQ,9.345532584897696e-18,drifted
2025-03-12,max_sharpe,IWM,0.0,drifted
2025-03-12,max_sharpe,EFA,0.20484009377810125,drifted
2025-03-12,max_sharpe,IEF,0.4042338768047587,drifted
2025-03-13,max_sharpe,SPY,0.387632065375782,drifted
2025-03-13,max_sharpe,QQQ,9.223018168647961e-18,drifted
2025-03-13,max_sharpe,IWM,0.0,drifted
2025-03-13,max_sharpe,EFA,0.20449000027947165,drifted
2025-03-13,max_sharpe,IEF,0.4078779343447463,drifted
2025-03-14,max_sharpe,SPY,0.39158844123664405,drifted
2025-03-14,max_sharpe,QQQ,9.349238607637177e-18,drifted
2025-03-14,max_sharpe,IWM,0.0,drifted
2025-03-14,max_sharpe,EFA,0.2061144942141931,drifted
2025-03-14,max_sharpe,IEF,0.40229706454916286,drifted
2025-03-17,max_sharpe,SPY,0.3923813882785854,drifted
2025-03-17,max_sharpe,QQQ,9.356758550458898e-18,drifted
2025-03-17,max_sharpe,IWM,0.0,drifted
2025-03-17,max_sharpe,EFA,0.20725288791767854,drifted
2025-03-17,max_sharpe,IEF,0.4003657238037362,drifted
2025-03-18,max_sharpe,SPY,0.3896208983759447,drifted
2025-03-18,max_sharpe,QQQ,9.23233173357823e-18,drifted
2025-03-18,max_sharpe,IWM,0.0,drifted
2025-03-18,max_sharpe,EFA,0.20801883939980734,drifted
2025-03-18,max_sharpe,IEF,0.402360262224248,drifted
2025-03-19,max_sharpe,SPY,0.39147996823874903,drifted
2025-03-19,max_sharpe,QQQ,9.299237413729453e-18,drifted
2025-03-19,max_sharpe,IWM,0.0,drifted
2025-03-19,max_sharpe,EFA,0.20737031738797898,drifted
2025-03-19,max_sharpe,IEF,0.40114971437327185,drifted
2025-03-20,max_sharpe,SPY,0.39123798167064366,drifted
2025-03-20,max_sharpe,QQQ,9.28884787059716e-18,drifted
2025-03-20,max_sharpe,IWM,0.0,drifted
2025-03-20,max_sharpe,EFA,0.2061047738519579,drifted
2025-03-20,max_sharpe,IEF,0.4026572444773984,drifted
2025-03-21,max_sharpe,SPY,0.391948252066247,drifted
2025-03-21,max_sharpe,QQQ,9.333311820937258e-18,drifted
2025-03-21,max_sharpe,IWM,0.0,drifted
2025-03-21,max_sharpe,EFA,0.20513582816670559,drifted
2025-03-21,max_sharpe,IEF,0.4029159197670475,drifted
2025-03-24,max_sharpe,SPY,0.3971159123869157,drifted
2025-03-24,max_sharpe,QQQ,9.493859974991731e-18,drifted
2025-03-24,max_sharpe,IWM,0.0,drifted
2025-03-24,max_sharpe,EFA,0.2041594119189535,drifted
2025-03-24,max_sharpe,IEF,0.39872467569413084,drifted
2025-03-25,max_sharpe,SPY,0.39697777769466047,drifted
2025-03-25,max_sharpe,QQQ,9.521828262908113e-18,drifted
2025-03-25,max_sharpe,IWM,0.0,drifted
2025-03-25,max_sharpe,EFA,0.20471860798301783,drifted
2025-03-25,max_sharpe,IEF,0.39830361432232164,drifted
2025-03-26,max_sharpe,SPY,0.3955286234133109,drifted
2025-03-26,max_sharpe,QQQ,9.425019766553591e-18,drifted
2025-03-26,max_sharpe,IWM,0.0,drifted
2025-03-26,max_sharpe,EFA,0.20376054346694045,drifted
2025-03-26,max_sharpe,IEF,0.40071083311974864,drifted
2025-03-27,max_sharpe,SPY,0.3948525380947533,drifted
2025-03-27,max_sharpe,QQQ,9.38020792492045e-18,drifted
2025-03-27,max_sharpe,IWM,0.0,drifted
2025-03-27,max_sharpe,EFA,0.20439609495145192,drifted
2025-03-27,max_sharpe,IEF,0.4007513669537948,drifted
2025-03-28,max_sharpe,SPY,0.3894482234272862,drifted
2025-03-28,max_sharpe,QQQ,9.19338080968806e-18,drifted
2025-03-28,max_sharpe,IWM,0.0,drifted
2025-03-28,max_sharpe,EFA,0.20391191199787542,drifted
2025-03-28,max_sharpe,IEF,0.4066398645748384,drifted
2025-03-31,max_sharpe,SPY,0.39127744771302625,drifted
2025-03-31,max_sharpe,QQQ,9.174579901269617e-18,drifted
2025-03-31,max_sharpe,IWM,0.0,drifted
2025-03-31,max_sharpe,EFA,0.20170201205954963,drifted
2025-03-31,max_sharpe,IEF,0.40702054022742423,drifted
2025-04-01,max_sharpe,SPY,0.3999999999999997,target
2025-04-01,max_sharpe,QQQ,0.0,target
2025-04-01,max_sharpe,IWM,7.043382863364605e-17,target
2025-04-01,max_sharpe,EFA,0.20000000000000062,target
2025-04-01,max_sharpe,IEF,0.3999999999999997,target
2025-04-01,max_sharpe,SPY,0.3999999999999997,drifted
2025-04-01,max_sharpe,QQQ,0.0,drifted
2025-04-01,max_sharpe,IWM,7.043382863364605e-17,drifted
2025-04-01,max_sharpe,EFA,0.20000000000000062,drifted
2025-04-01,max_sharpe,IEF,0.3999999999999997,drifted
2025-04-02,max_sharpe,SPY,0.4014802262178247,drifted
2025-04-02,max_sharpe,QQQ,0.0,drifted
2025-04-02,max_sharpe,IWM,7.135904772554658e-17,drifted
2025-04-02,max_sharpe,EFA,0.19994075464990535,drifted
2025-04-02,max_sharpe,IEF,0.39857901913226995,drifted
2025-04-03,max_sharpe,SPY,0.3894364977501032,drifted
2025-04-03,max_sharpe,QQQ,0.0,drifted
2025-04-03,max_sharpe,IWM,6.813246618243491e-17,drifted
2025-04-03,max_sharpe,EFA,0.1997190895305285,drifted
2025-04-03,max_sharpe,IEF,0.4108444127193682,drifted
2025-04-04,max_sharpe,SPY,0.37986673076356375,drifted
2025-04-04,max_sharpe,QQQ,0.0,drifted
2025-04-04,max_sharpe,IWM,6.744186577447805e-17,drifted
2025-04-04,max_sharpe,EFA,0.19327117268415636,drifted
2025-04-04,max_sharpe,IEF,0.42686209655227986,drifted
2025-04-07,max_sharpe,SPY,0.3831842052319933,drifted
2025-04-07,max_sharpe,QQQ,0.0,drifted
2025-04-07,max_sharpe,IWM,6.753537965893205e-17,drifted
2025-04-07,max_sharpe,EFA,0.19059477629474833,drifted
2025-04-07,max_sharpe,IEF,0.42622101847325816,drifted
2025-04-08,max_sharpe,SPY,0.3805299482710095,drifted
2025-04-08,max_sharpe,QQQ,0.0,drifted
2025-04-08,max_sharpe,IWM,6.63398376096097e-17,drifted
2025-04-08,max_sharpe,EFA,0.19162968039387104,drifted
2025-04-08,max_sharpe,IEF,0.4278403713351194,drifted
2025-04-09,max_sharpe,SPY,0.3991776637958225,drifted
2025-04-09,max_sharpe,QQQ,0.0,drifted
2025-04-09,max_sharpe,IWM,6.833012900445793e-17,drifted
2025-04-09,max_sharpe,EFA,0.1959533272931088,drifted
2025-04-09,max_sharpe,IEF,0.4048690089110688,drifted
2025-04-10,max_sharpe,SPY,0.39102391592365915,drifted
2025-04-10,max_sharpe,QQQ,0.0,drifted
2025-04-10,max_sharpe,IWM,6.706047445145322e-17,drifted
2025-04-10,max_sharpe,EFA,0.19678805675498492,drifted
2025-04-10,max_sharpe,IEF,0.4121880273213558,drifted
2025-04-11,max_sharpe,SPY,0.39422272762243205,drifted
2025-04-11,max_sharpe,QQQ,0.0,drifted
2025-04-11,max_sharpe,IWM,6.739257922781e-17,drifted
2025-04-11,max_sharpe,EFA,0.19980309099699076,drifted
2025-04-11,max_sharpe,IEF,0.4059741813805771,drifted
2025-04-14,max_sharpe,SPY,0.3944063966931833,drifted
2025-04-14,max_sharpe,QQQ,0.0,drifted
2025-04-14,max_sharpe,IWM,6.756214407727602e-17,drifted
2025-04-14,max_sharpe,EFA,0.20010648705517944,drifted
2025-04-14,max_sharpe,IEF,0.4054871162516372,drifted
2025-04-15,max_sharpe,SPY,0.39255395334948745,drifted
2025-04-15,max_sharpe,QQQ,0.0,drifted
2025-04-15,max_sharpe,IWM,6.751682864621391e-17,drifted
2025-04-15,max_sharpe,EFA,0.20152757666472815,drifted
2025-04-15,max_sharpe,IEF,0.4059184699857844,drifted
2025-04-16,max_sharpe,SPY,0.3868226749857329,drifted
2025-04-16,max_sharpe,QQQ,0.0,drifted
2025-04-16,max_sharpe,IWM,6.739141104725826e-17,drifted
2025-04-16,max_sharpe,EFA,0.20231806036704694,drifted
2025-04-16,max_sharpe,IEF,0.41085926464722006,drifted
2025-04-17,max_sharpe,SPY,0.38676445537780557,drifted
2025-04-17,max_sharpe,QQQ,0.0,drifted
2025-04-17,max_sharpe,IWM,6.78345386634341e-17,drifted
2025-04-17,max_sharpe,EFA,0.20418985304039564,drifted
2025-04-17,max_sharpe,IEF,0.40904569158179865,drifted
2025-04-21,max_sharpe,SPY,0.3823442580849312,drifted
2025-04-21,max_sharpe,QQQ,0.0,drifted
2025-04-21,max_sharpe,IWM,6.731667010337583e-17,drifted
2025-04-21,max_sharpe,EFA,0.2056563016508518,drifted
2025-04-21,max_sharpe,IEF,0.4119994402642169,drifted
2025-04-22,max_sharpe,SPY,0.38668056232498427,drifted
2025-04-22,max_sharpe,QQQ,0.0,drifted
2025-04-22,max_sharpe,IWM,6.807124041550472e-17,drifted
2025-04-22,max_sharpe,EFA,0.2069115322011233,drifted
2025-04-22,max_sharpe,IEF,0.4064079054738924,drifted
2025-04-23,max_sharpe,SPY,0.38984505860450913,drifted
2025-04-23,max_sharpe,QQQ,0.0,drifted
2025-04-23,max_sharpe,IWM,6.858327650007423e-17,drifted
2025-04-23,max_sharpe,EFA,0.20624513702357739,drifted
2025-04-23,max_sharpe,IEF,0.4039098043719135,drifted
2025-04-24,max_sharpe,SPY,0.39289061868257114,drifted
2025-04-24,max_sharpe,QQQ,0.0,drifted
2025-04-24,max_sharpe,IWM,6.904985202346258e-17,drifted
2025-04-24,max_sharpe,EFA,0.20628043224658685,drifted
2025-04-24,max_sharpe,IEF,0.40082894907084204,drifted
2025-04-25,max_sharpe,SPY,0.39366400450482253,drifted
2025-04-25,max_sharpe,QQQ,0.0,drifted
2025-04-25,max_sharpe,IWM,6.87107002229548e-17,drifted
2025-04-25,max_sharpe,EFA,0.20608579386360962,drifted
2025-04-25,max_sharpe,IEF,0.40025020163156766,drifted
2025-04-28,max_sharpe,SPY,0.3925893815686781,drifted
2025-04-28,max_sharpe,QQQ,0.0,drifted
2025-04-28,max_sharpe,IWM,6.878637101467927e-17,drifted
2025-04-28,max_sharpe,EFA,0.20681256976072807,drifted
2025-04-28,max_sharpe,IEF,0.40059804867059384,drifted
2025-04-29,max_sharpe,SPY,0.39338220071420094,drifted
2025-04-29,max_sharpe,QQQ,0.0,drifted
2025-04-29,max_sharpe,IWM,6.889788298093941e-17,drifted
2025-04-29,max_sharpe,EFA,0.20634639745398428,drifted
2025-04-29,max_sharpe,IEF,0.4002714018318148,drifted
2025-04-30,max_sharpe,SPY,0.3933264194842428,drifted
2025-04-30,max_sharpe,QQQ,0.0,drifted
2025-04-30,max_sharpe,IWM,6.842883203780954e-17,drifted
2025-04-30,max_sharpe,EFA,0.2059922092693954,drifted
2025-04-30,max_sharpe,IEF,0.40068137124636183,drifted
2025-05-01,max_sharpe,SPY,0.2000000000000001,target
2025-05-01,max_sharpe,QQQ,0.0,target
2025-05-01,max_sharpe,IWM,0.0,target
2025-05-01,max_sharpe,EFA,0.4,target
2025-05-01,max_sharpe,IEF,0.4,target
2025-05-01,max_sharpe,SPY,0.2000000000000001,drifted
2025-05-01,max_sharpe,QQQ,0.0,drifted
2025-05-01,max_sharpe,IWM,0.0,drifted
2025-05-01,max_sharpe,EFA,0.4,drifted
2025-05-01,max_sharpe,IEF,0.4,drifted
2025-05-02,max_sharpe,SPY,0.20136713335079937,drifted
2025-05-02,max_sharpe,QQQ,0.0,drifted
2025-05-02,max_sharpe,IWM,0.0,drifted
2025-05-02,max_sharpe,EFA,0.4044533378663362,drifted
2025-05-02,max_sharpe,IEF,0.3941795287828644,drifted
2025-05-05,max_sharpe,SPY,0.20044446255889187,drifted
2025-05-05,max_sharpe,QQQ,0.0,drifted
2025-05-05,max_sharpe,IWM,0.0,drifted
2025-05-05,max_sharpe,EFA,0.405627544387513,drifted
2025-05-05,max_sharpe,IEF,0.39392799305359516,drifted
2025-05-06,max_sharpe,SPY,0.19900645028024253,drifted
2025-05-06,max_sharpe,QQQ,0.0,drifted
2025-05-06,max_sharpe,IWM,0.0,drifted
2025-05-06,max_sharpe,EFA,0.4055939480883631,drifted
2025-05-06,max_sharpe,IEF,0.3953996016313944,drifted
2025-05-07,max_sharpe,SPY,0.19974057803466594,drifted
2025-05-07,max_sharpe,QQQ,0.0,drifted
2025-05-07,max_sharpe,IWM,0.0,drifted
2025-05-07,max_sharpe,EFA,0.40402054443514457,drifted
2025-05-07,max_sharpe,IEF,0.39623887753018944,drifted
2025-05-08,max_sharpe,SPY,0.20175895621653397,drifted
2025-05-08,max_sharpe,QQQ,0.0,drifted
2025-05-08,max_sharpe,IWM,0.0,drifted
2025-05-08,max_sharpe,EFA,0.4038630959244807,drifted
2025-05-08,max_sharpe,IEF,0.3943779478589854,drifted
2025-05-09,max_sharpe,SPY,0.20109601511421235,drifted
2025-05-09,max_sharpe,QQQ,0.0,drifted
2025-05-09,max_sharpe,IWM,0.0,drifted
2025-05-09,max_sharpe,EFA,0.40502829819549246,drifted
2025-05-09,max_sharpe,IEF,0.39387568669029516,drifted
2025-05-12,max_sharpe,SPY,0.20645878419189204,drifted
2025-05-12,max_sharpe,QQQ,0.0,drifted
2025-05-12,max_sharpe,IWM,0.0,drifted
2025-05-12,max_sharpe,EFA,0.40458723674441577,drifted
2025-05-12,max_sharpe,IEF,0.38895397906369217,drifted
2025-05-13,max_sharpe,SPY,0.20749271125408647,drifted
2025-05-13,max_sharpe,QQQ,0.0,drifted
2025-05-13,max_sharpe,IWM,0.0,drifted
2025-05-13,max_sharpe,EFA,0.40445989635444757,drifted
2025-05-13,max_sharpe,IEF,0.38804739239146596,drifted
2025-05-14,max_sharpe,SPY,0.20841396370208531,drifted
2025-05-14,max_sharpe,QQQ,0.0,drifted
2025-05-14,max_sharpe,IWM,0.0,drifted
2025-05-14,max_sharpe,EFA,0.40376758583161493,drifted
2025-05-14,max_sharpe,IEF,0.38781845046629976,drifted
2025-05-15,max_sharpe,SPY,0.2077778157519597,drifted
2025-05-15,max_sharpe,QQQ,0.0,drifted
2025-05-15,max_sharpe,IWM,0.0,drifted
2025-05-15,max_sharpe,EFA,0.40495196434630554,drifted
2025-05-15,max_sharpe,IEF,0.3872702199017347,drifted
2025-05-16,max_sharpe,SPY,0.2085994837595615,drifted
2025-05-16,max_sharpe,QQQ,0.0,drifted
2025-05-16,max_sharpe,IWM,0.0,drifted
2025-05-16,max_sharpe,EFA,0.4049227067550619,drifted
2025-05-16,max_sharpe,IEF,0.3864778094853766,drifted
2025-05-19,max_sharpe,SPY,0.20802160902174593,drifted
2025-05-19,max_sharpe,QQQ,0.0,drifted
2025-05-19,max_sharpe,IWM,0.0,drifted
2025-05-19,max_sharpe,EFA,0.40719730484642397,drifted
2025-05-19,max_sharpe,IEF,0.38478108613183004,drifted
2025-05-20,max_sharpe,SPY,0.20716663554908854,drifted
2025-05-20,max_sharpe,QQQ,0.0,drifted
2025-05-20,max_sharpe,IWM,0.0,drifted
2025-05-20,max_sharpe,EFA,0.40883219353957895,drifted
2025-05-20,max_sharpe,IEF,0.38400117091133246,drifted
2025-05-21,max_sharpe,SPY,0.20543307512868517,drifted
2025-05-21,max_sharpe,QQQ,0.0,drifted
2025-05-21,max_sharpe,IWM,0.0,drifted
2025-05-21,max_sharpe,EFA,0.40993652401220604,drifted
2025-05-21,max_sharpe,IEF,0.3846304008591088,drifted
2025-05-22,max_sharpe,SPY,0.20524869078089347,drifted
2025-05-22,max_sharpe,QQQ,0.0,drifted
2025-05-22,max_sharpe,IWM,0.0,drifted
2025-05-22,max_sharpe,EFA,0.4091743240174436,drifted
2025-05-22,max_sharpe,IEF,0.385576985201663,drifted
2025-05-23,max_sharpe,SPY,0.20379250248932948,drifted
2025-05-23,max_sharpe,QQQ,0.0,drifted
2025-05-23,max_sharpe,IWM,0.0,drifted
2025-05-23,max_sharpe,EFA,0.40962181947522713,drifted
2025-05-23,max_sharpe,IEF,0.38658567803544336,drifted
2025-05-27,max_sharpe,SPY,0.20560329525720897,drifted
2025-05-27,max_sharpe,QQQ,0.0,drifted
2025-05-27,max_sharpe,IWM,0.0,drifted
2025-05-27,max_sharpe,EFA,0.41073047071555513,drifted
2025-05-27,max_sharpe,IEF,0.38366623402723593,drifted
2025-05-28,max_sharpe,SPY,0.20585172137795518,drifted
2025-05-28,max_sharpe,QQQ,0.0,drifted
2025-05-28,max_sharpe,IWM,0.0,drifted
2025-05-28,max_sharpe,EFA,0.40885005946991915,drifted
2025-05-28,max_sharpe,IEF,0.38529821915212575,drifted
2025-05-29,max_sharpe,SPY,0.2057960837369826,drifted
2025-05-29,max_sharpe,QQQ,0.0,drifted
2025-05-29,max_sharpe,IWM,0.0,drifted
2025-05-29,max_sharpe,EFA,0.4089308440763956,drifted
2025-05-29,max_sharpe,IEF,0.3852730721866219,drifted
2025-05-30,max_sharpe,SPY,0.2052552666688431,drifted
2025-05-30,max_sharpe,QQQ,0.0,drifted
2025-05-30,max_sharpe,IWM,0.0,drifted
2025-05-30,max_sharpe,EFA,0.4089114524226393,drifted
2025-05-30,max_sharpe,IEF,0.3858332809085176,drifted
2025-06-02,max_sharpe,SPY,0.2112573127347406,target
2025-06-02,max_sharpe,QQQ,4.70832560180638e-18,target
2025-06-02,max_sharpe,IWM,7.232673242438286e-17,target
2025-06-02,max_sharpe,EFA,0.3887426872652594,target
2025-06-02,max_sharpe,IEF,0.4,target
2025-06-02,max_sharpe,SPY,0.2112573127347406,drifted
2025-06-02,max_sharpe,QQQ,4.70832560180638e-18,drifted
2025-06-02,max_sharpe,IWM,7.232673242438286e-17,drifted
2025-06-02,max_sharpe,EFA,0.3887426872652594,drifted
2025-06-02,max_sharpe,IEF,0.4,drifted
2025-06-03,max_sharpe,SPY,0.2129141603286724,drifted
2025-06-03,max_sharpe,QQQ,4.7552295499057816e-18,drifted
2025-06-03,max_sharpe,IWM,7.365043438185497e-17,drifted
2025-06-03,max_sharpe,EFA,0.38661867287719837,drifted
2025-06-03,max_sharpe,IEF,0.4004671667941292,drifted
2025-06-04,max_sharpe,SPY,0.2118774822684704,drifted
2025-06-04,max_sharpe,QQQ,4.746542028605746e-18,drifted
2025-06-04,max_sharpe,IWM,7.310457975773756e-17,drifted
2025-06-04,max_sharpe,EFA,0.38656757291651744,drifted
2025-06-04,max_sharpe,IEF,0.4015549448150121,drifted
2025-06-05,max_sharpe,SPY,0.2113761283371916,drifted
2025-06-05,max_sharpe,QQQ,4.722491812664853e-18,drifted
2025-06-05,max_sharpe,IWM,7.331741643261501e-17,drifted
2025-06-05,max_sharpe,EFA,0.3872658317901816,drifted
2025-06-05,max_sharpe,IEF,0.40135803987262664,drifted
2025-06-06,max_sharpe,SPY,0.21346924476950058,drifted
2025-06-06,max_sharpe,QQQ,4.766923824806752e-18,drifted
2025-06-06,max_sharpe,IWM,7.447523565743715e-17,drifted
2025-06-06,max_sharpe,EFA,0.38851066450500343,drifted
2025-06-06,max_sharpe,IEF,0.3980200907254958,drifted
2025-06-09,max_sharpe,SPY,0.2134753186916951,drifted
2025-06-09,max_sharpe,QQQ,4.7697778486699e-18,drifted
2025-06-09,max_sharpe,IWM,7.492299341244532e-17,drifted
2025-06-09,max_sharpe,EFA,0.3881286742557776,drifted
2025-06-09,max_sharpe,IEF,0.3983960070525272,drifted
2025-06-10,max_sharpe,SPY,0.21416959652447892,drifted
2025-06-10,max_sharpe,QQQ,4.789783526529194e-18,drifted
2025-06-10,max_sharpe,IWM,7.514572401147699e-17,drifted
2025-06-10,max_sharpe,EFA,0.3877133719913919,drifted
2025-06-10,max_sharpe,IEF,0.39811703148412914,drifted
2025-06-11,max_sharpe,SPY,0.21347411513895237,drifted
2025-06-11,max_sharpe,QQQ,4.771751281529261e-18,drifted
2025-06-11,max_sharpe,IWM,7.480780141048621e-17,drifted
2025-06-11,max_sharpe,EFA,0.3869126533180291,drifted
2025-06-11,max_sharpe,IEF,0.3996132315430186,drifted
2025-06-12,max_sharpe,SPY,0.21313676217077548,drifted
2025-06-12,max_sharpe,QQQ,4.7564926530046145e-18,drifted
2025-06-12,max_sharpe,IWM,7.40979149128764e-17,drifted
2025-06-12,max_sharpe,EFA,0.3877318725913334,drifted
2025-06-12,max_sharpe,IEF,0.39913136523789106,drifted
2025-06-13,max_sharpe,SPY,0.21263243865947917,drifted
2025-06-13,max_sharpe,QQQ,4.738640922529793e-18,drifted
2025-06-13,max_sharpe,IWM,7.339167819386916e-17,drifted
2025-06-13,max_sharpe,EFA,0.38616772498394886,drifted
2025-06-13,max_sharpe,IEF,0.4011998363565719,drifted
2025-06-16,max_sharpe,SPY,0.21415804965097932,drifted
2025-06-16,max_sharpe,QQQ,4.793421045229871e-18,drifted
2025-06-16,max_sharpe,IWM,7.408486316529483e-17,drifted
2025-06-16,max_sharpe,EFA,0.3867180009915195,drifted
2025-06-16,max_sharpe,IEF,0.3991239493575011,drifted
2025-06-17,max_sharpe,SPY,0.21331380704826883,drifted
2025-06-17,max_sharpe,QQQ,4.768717077177873e-18,drifted
2025-06-17,max_sharpe,IWM,7.364488522142192e-17,drifted
2025-06-17,max_sharpe,EFA,0.38374744585601805,drifted
2025-06-17,max_sharpe,IEF,0.4029387470957131,drifted
2025-06-18,max_sharpe,SPY,0.2130929414313638,drifted
2025-06-18,max_sharpe,QQQ,4.7636865638548205e-18,drifted
2025-06-18,max_sharpe,IWM,7.3967813074251e-17,drifted
2025-06-18,max_sharpe,EFA,0.3840692319374749,drifted
2025-06-18,max_sharpe,IEF,0.4028378266311612,drifted
2025-06-20,max_sharpe,SPY,0.21337854043299653,drifted
2025-06-20,max_sharpe,QQQ,4.7617776329035026e-18,drifted
2025-06-20,max_sharpe,IWM,7.408549132125846e-17,drifted
2025-06-20,max_sharpe,EFA,0.3820375637512727,drifted
2025-06-20,max_sharpe,IEF,0.4045838958157306,drifted
2025-06-23,max_sharpe,SPY,0.2141167863264565,drifted
2025-06-23,max_sharpe,QQQ,4.780167865723933e-18,drifted
2025-06-23,max_sharpe,IWM,7.451547911985539e-17,drifted
2025-06-23,max_sharpe,EFA,0.38246793981714927,drifted
2025-06-23,max_sharpe,IEF,0.40341527385639414,drifted
2025-06-24,max_sharpe,SPY,0.21467275404421474,drifted
2025-06-24,max_sharpe,QQQ,4.8127014973353256e-18,drifted
2025-06-24,max_sharpe,IWM,7.483475845864625e-17,drifted
2025-06-24,max_sharpe,EFA,0.38389323502698597,drifted
2025-06-24,max_sharpe,IEF,0.40143401092879916,drifted
2025-06-25,max_sharpe,SPY,0.2151812777980204,drifted
2025-06-25,max_sharpe,QQQ,4.8337261316696846e-18,drifted
2025-06-25,max_sharpe,IWM,7.409611591381167e-17,drifted
2025-06-25,max_sharpe,EFA,0.38249024871375775,drifted
2025-06-25,max_sharpe,IEF,0.4023284734882218,drifted
2025-06-26,max_sharpe,SPY,0.21527184760118867,drifted
2025-06-26,max_sharpe,QQQ,4.843084254763169e-18,drifted
2025-06-26,max_sharpe,IWM,7.474549870043201e-17,drifted
2025-06-26,max_sharpe,EFA,0.3839301730131578,drifted
2025-06-26,max_sharpe,IEF,0.4007979793856534,drifted
2025-06-27,max_sharpe,SPY,0.21558882317808503,drifted
2025-06-27,max_sharpe,QQQ,4.842760152839659e-18,drifted
2025-06-27,max_sharpe,IWM,7.450968054203764e-17,drifted
2025-06-27,max_sharpe,EFA,0.3860515219252408,drifted
2025-06-27,max_sharpe,IEF,0.39835965489667396,drifted
2025-06-30,max_sharpe,SPY,0.21600747179417515,drifted
2025-06-30,max_sharpe,QQQ,4.8603535761453215e-18,drifted
2025-06-30,max_sharpe,IWM,7.440603357425356e-17,drifted
2025-06-30,max_sharpe,EFA,0.3851760811906158,drifted
2025-06-30,max_sharpe,IEF,0.398816447015209,drifted
2025-07-01,max_sharpe,SPY,0.19999999999999998,target
2025-07-01,max_sharpe,QQQ,0.0,target
2025-07-01,max_sharpe,IWM,0.0,target
2025-07-01,max_sharpe,EFA,0.4,target
2025-07-01,max_sharpe,IEF,0.4,target
2025-07-01,max_sharpe,SPY,0.19999999999999998,drifted
2025-07-01,max_sharpe,QQQ,0.0,drifted
2025-07-01,max_sharpe,IWM,0.0,drifted
2025-07-01,max_sharpe,EFA,0.4,drifted
2025-07-01,max_sharpe,IEF,0.4,drifted
2025-07-02,max_sharpe,SPY,0.20065934441435576,drifted
2025-07-02,max_sharpe,QQQ,0.0,drifted
2025-07-02,max_sharpe,IWM,0.0,drifted
2025-07-02,max_sharpe,EFA,0.4006715697505793,drifted
2025-07-02,max_sharpe,IEF,0.39866908583506494,drifted
2025-07-03,max_sharpe,SPY,0.20218267416850172,drifted
2025-07-03,max_sharpe,QQQ,0.0,drifted
2025-07-03,max_sharpe,IWM,0.0,drifted
2025-07-03,max_sharpe,EFA,0.4006458860967056,drifted
2025-07-03,max_sharpe,IEF,0.3971714397347925,drifted
2025-07-07,max_sharpe,SPY,0.20211211145449703,drifted
2025-07-07,max_sharpe,QQQ,0.0,drifted
2025-07-07,max_sharpe,IWM,0.0,drifted
2025-07-07,max_sharpe,EFA,0.39914068480228776,drifted
2025-07-07,max_sharpe,IEF,0.3987472037432152,drifted
2025-07-08,max_sharpe,SPY,0.20155229087540008,drifted
2025-07-08,max_sharpe,QQQ,0.0,drifted
2025-07-08,max_sharpe,IWM,0.0,drifted
2025-07-08,max_sharpe,EFA,0.40117666349296477,drifted
2025-07-08,max_sharpe,IEF,0.397271045631635,drifted
2025-07-09,max_sharpe,SPY,0.20149438518110155,drifted
2025-07-09,max_sharpe,QQQ,0.0,drifted
2025-07-09,max_sharpe,IWM,0.0,drifted
2025-07-09,max_sharpe,EFA,0.40166521710179576,drifted
2025-07-09,max_sharpe,IEF,0.3968403977171027,drifted
2025-07-10,max_sharpe,SPY,0.20204427917140177,drifted
2025-07-10,max_sharpe,QQQ,0.0,drifted
2025-07-10,max_sharpe,IWM,0.0,drifted
2025-07-10,max_sharpe,EFA,0.40136057143012877,drifted
2025-07-10,max_sharpe,IEF,0.3965951493984696,drifted
2025-07-11,max_sharpe,SPY,0.2026298556617611,drifted
2025-07-11,max_sharpe,QQQ,0.0,drifted
2025-07-11,max_sharpe,IWM,0.0,drifted
2025-07-11,max_sharpe,EFA,0.4000757831757436,drifted
2025-07-11,max_sharpe,IEF,0.39729436116249534,drifted
2025-07-14,max_sharpe,SPY,0.2029722307474936,drifted
2025-07-14,max_sharpe,QQQ,0.0,drifted
2025-07-14,max_sharpe,IWM,0.0,drifted
2025-07-14,max_sharpe,EFA,0.39998853181959526,drifted
2025-07-14,max_sharpe,IEF,0.3970392374329112,drifted
2025-07-15,max_sharpe,SPY,0.20344918704372886,drifted
2025-07-15,max_sharpe,QQQ,0.0,drifted
2025-07-15,max_sharpe,IWM,0.0,drifted
2025-07-15,max_sharpe,EFA,0.398439211335623,drifted
2025-07-15,max_sharpe,IEF,0.398111601620648,drifted
2025-07-16,max_sharpe,SPY,0.20343523130817778,drifted
2025-07-16,max_sharpe,QQQ,0.0,drifted
2025-07-16,max_sharpe,IWM,0.0,drifted
2025-07-16,max_sharpe,EFA,0.39870844051437065,drifted
2025-07-16,max_sharpe,IEF,0.39785632817745153,drifted
2025-07-17,max_sharpe,SPY,0.20423987794883033,drifted
2025-07-17,max_sharpe,QQQ,0.0,drifted
2025-07-17,max_sharpe,IWM,0.0,drifted
2025-07-17,max_sharpe,EFA,0.39888611012641906,drifted
2025-07-17,max_sharpe,IEF,0.39687401192475064,drifted
2025-07-18,max_sharpe,SPY,0.2041268253979625,drifted
2025-07-18,max_sharpe,QQQ,0.0,drifted
2025-07-18,max_sharpe,IWM,0.0,drifted
2025-07-18,max_sharpe,EFA,0.39783188390552515,drifted
2025-07-18,max_sharpe,IEF,0.39804129069651234,drifted
2025-07-21,max_sharpe,SPY,0.20372047041887514,drifted
2025-07-21,max_sharpe,QQQ,0.0,drifted
2025-07-21,max_sharpe,IWM,0.0,drifted
2025-07-21,max_sharpe,EFA,0.39839639405831295,drifted
2025-07-21,max_sharpe,IEF,0.3978831355228118,drifted
2025-07-22,max_sharpe,SPY,0.2030671409251152,drifted
2025-07-22,max_sharpe,QQQ,0.0,drifted
2025-07-22,max_sharpe,IWM,0.0,drifted
2025-07-22,max_sharpe,EFA,0.3992521745227537,drifted
2025-07-22,max_sharpe,IEF,0.39768068455213124,drifted
2025-07-23,max_sharpe,SPY,0.20272140599824498,drifted
2025-07-23,max_sharpe,QQQ,0.0,drifted
2025-07-23,max_sharpe,IWM,0.0,drifted
2025-07-23,max_sharpe,EFA,0.40503289227255074,drifted
2025-07-23,max_sharpe,IEF,0.3922457017292042,drifted
2025-07-24,max_sharpe,SPY,0.20350521309510414,drifted
2025-07-24,max_sharpe,QQQ,0.0,drifted
2025-07-24,max_sharpe,IWM,0.0,drifted
2025-07-24,max_sharpe,EFA,0.40344498598598105,drifted
2025-07-24,max_sharpe,IEF,0.3930498009189149,drifted
2025-07-25,max_sharpe,SPY,0.20410238461669666,drifted
2025-07-25,max_sharpe,QQQ,0.0,drifted
2025-07-25,max_sharpe,IWM,0.0,drifted
2025-07-25,max_sharpe,EFA,0.4024389733095746,drifted
2025-07-25,max_sharpe,IEF,0.39345864207372866,drifted
2025-07-28,max_sharpe,SPY,0.2055719444399363,drifted
2025-07-28,max_sharpe,QQQ,0.0,drifted
2025-07-28,max_sharpe,IWM,0.0,drifted
2025-07-28,max_sharpe,EFA,0.3989156004824441,drifted
2025-07-28,max_sharpe,IEF,0.3955124550776196,drifted
2025-07-29,max_sharpe,SPY,0.2047742415394072,drifted
2025-07-29,max_sharpe,QQQ,0.0,drifted
2025-07-29,max_sharpe,IWM,0.0,drifted
2025-07-29,max_sharpe,EFA,0.3976153459676806,drifted
2025-07-29,max_sharpe,IEF,0.39761041249291224,drifted
2025-07-30,max_sharpe,SPY,0.20543931891420003,drifted
2025-07-30,max_sharpe,QQQ,0.0,drifted
2025-07-30,max_sharpe,IWM,0.0,drifted
2025-07-30,max_sharpe,EFA,0.3965411191178385,drifted
2025-07-30,max_sharpe,IEF,0.3980195619679615,drifted
2025-07-31,max_sharpe,SPY,0.2056336998769751,drifted
2025-07-31,max_sharpe,QQQ,0.0,drifted
2025-07-31,max_sharpe,IWM,0.0,drifted
2025-07-31,max_sharpe,EFA,0.3941326638259169,drifted
2025-07-31,max_sharpe,IEF,0.40023363629710795,drifted
2025-08-01,max_sharpe,SPY,0.23956013782437408,target
2025-08-01,max_sharpe,QQQ,0.0495778552286434,target
2025-08-01,max_sharpe,IWM,0.0,target
2025-08-01,max_sharpe,EFA,0.3108620069469825,target
2025-08-01,max_sharpe,IEF,0.39999999999999986,target
2025-08-01,max_sharpe,SPY,0.23956013782437408,drifted
2025-08-01,max_sharpe,QQQ,0.0495778552286434,drifted
2025-08-01,max_sharpe,IWM,0.0,drifted
2025-08-01,max_sharpe,EFA,0.3108620069469825,drifted
2025-08-01,max_sharpe,IEF,0.39999999999999986,drifted
2025-08-04,max_sharpe,SPY,0.240977038245869,drifted
2025-08-04,max_sharpe,QQQ,0.050030841488948125,drifted
2025-08-04,max_sharpe,IWM,0.0,drifted
2025-08-04,max_sharpe,EFA,0.3121121075529923,drifted
2025-08-04,max_sharpe,IEF,0.3968800127121905,drifted
2025-08-05,max_sharpe,SPY,0.24020849317717663,drifted
2025-08-05,max_sharpe,QQQ,0.04978507755914962,drifted
2025-08-05,max_sharpe,IWM,0.0,drifted
2025-08-05,max_sharpe,EFA,0.31266670756030346,drifted
2025-08-05,max_sharpe,IEF,0.39733972170337034,drifted
2025-08-06,max_sharpe,SPY,0.24102973732089622,drifted
2025-08-06,max_sharpe,QQQ,0.05019937512619851,drifted
2025-08-06,max_sharpe,IWM,0.0,drifted
2025-08-06,max_sharpe,EFA,0.31339269446191803,drifted
2025-08-06,max_sharpe,IEF,0.39537819309098715,drifted
2025-08-07,max_sharpe,SPY,0.24022844019355644,drifted
2025-08-07,max_sharpe,QQQ,0.0502439085827054,drifted
2025-08-07,max_sharpe,IWM,0.0,drifted
2025-08-07,max_sharpe,EFA,0.3154220645087167,drifted
2025-08-07,max_sharpe,IEF,0.3941055867150215,drifted
2025-08-08,max_sharpe,SPY,0.24128938459154825,drifted
2025-08-08,max_sharpe,QQQ,0.05054243445139119,drifted
2025-08-08,max_sharpe,IWM,0.0,drifted
2025-08-08,max_sharpe,EFA,0.316288772684514,drifted
2025-08-08,max_sharpe,IEF,0.3918794082725466,drifted
2025-08-11,max_sharpe,SPY,0.24125455362304832,drifted
2025-08-11,max_sharpe,QQQ,0.050485448547038035,drifted
2025-08-11,max_sharpe,IWM,0.0,drifted
2025-08-11,max_sharpe,EFA,0.315537262768781,drifted
2025-08-11,max_sharpe,IEF,0.39272273506113264,drifted
2025-08-12,max_sharpe,SPY,0.24213347237352162,drifted
2025-08-12,max_sharpe,QQQ,0.05076577239658416,drifted
2025-08-12,max_sharpe,IWM,0.0,drifted
2025-08-12,max_sharpe,EFA,0.31718112048306907,drifted
2025-08-12,max_sharpe,IEF,0.3899196347468252,drifted
2025-08-13,max_sharpe,SPY,0.24195596529328953,drifted
2025-08-13,max_sharpe,QQQ,0.050580778799736256,drifted
2025-08-13,max_sharpe,IWM,0.0,drifted
2025-08-13,max_sharpe,EFA,0.3177745768804864,drifted
2025-08-13,max_sharpe,IEF,0.3896886790264878,drifted
2025-08-14,max_sharpe,SPY,0.24227984624945084,drifted
2025-08-14,max_sharpe,QQQ,0.05060450826849232,drifted
2025-08-14,max_sharpe,IWM,0.0,drifted
2025-08-14,max_sharpe,EFA,0.3182050793800873,drifted
2025-08-14,max_sharpe,IEF,0.38891056610196956,drifted
2025-08-15,max_sharpe,SPY,0.24163750816429488,drifted
2025-08-15,max_sharpe,QQQ,0.050366330879485,drifted
2025-08-15,max_sharpe,IWM,0.0,drifted
2025-08-15,max_sharpe,EFA,0.3199804848759151,drifted
2025-08-15,max_sharpe,IEF,0.38801567608030507,drifted
2025-08-18,max_sharpe,SPY,0.2417750714114942,drifted
2025-08-18,max_sharpe,QQQ,0.05038589712836733,drifted
2025-08-18,max_sharpe,IWM,0.0,drifted
2025-08-18,max_sharpe,EFA,0.31988500765350897,drifted
2025-08-18,max_sharpe,IEF,0.3879540238066295,drifted
2025-08-19,max_sharpe,SPY,0.24069977492834582,drifted
2025-08-19,max_sharpe,QQQ,0.04975113015683454,drifted
2025-08-19,max_sharpe,IWM,0.0,drifted
2025-08-19,max_sharpe,EFA,0.32023419108614853,drifted
2025-08-19,max_sharpe,IEF,0.38931490382867107,drifted
2025-08-20,max_sharpe,SPY,0.2398721752318688,drifted
2025-08-20,max_sharpe,QQQ,0.049417004301526075,drifted
2025-08-20,max_sharpe,IWM,0.0,drifted
2025-08-20,max_sharpe,EFA,0.3211298735385459,drifted
2025-08-20,max_sharpe,IEF,0.3895809469280592,drifted
2025-08-21,max_sharpe,SPY,0.23995323087169484,drifted
2025-08-21,max_sharpe,QQQ,0.04940302333557347,drifted
2025-08-21,max_sharpe,IWM,0.0,drifted
2025-08-21,max_sharpe,EFA,0.32050840869694086,drifted
2025-08-21,max_sharpe,IEF,0.39013533709579074,drifted
2025-08-22,max_sharpe,SPY,0.24088395123795037,drifted
2025-08-22,max_sharpe,QQQ,0.04959809819864486,drifted
2025-08-22,max_sharpe,IWM,0.0,drifted
2025-08-22,max_sharpe,EFA,0.32164631934383947,drifted
2025-08-22,max_sharpe,IEF,0.38787163121956525,drifted
2025-08-25,max_sharpe,SPY,0.24132393354699885,drifted
2025-08-25,max_sharpe,QQQ,0.04976436927723364,drifted
2025-08-25,max_sharpe,IWM,0.0,drifted
2025-08-25,max_sharpe,EFA,0.3193881778941276,drifted
2025-08-25,max_sharpe,IEF,0.3895235192816399,drifted
2025-08-26,max_sharpe,SPY,0.24187916996738604,drifted
2025-08-26,max_sharpe,QQQ,0.04987033115429441,drifted
2025-08-26,max_sharpe,IWM,0.0,drifted
2025-08-26,max_sharpe,EFA,0.3184417113869458,drifted
2025-08-26,max_sharpe,IEF,0.3898087874913738,drifted
2025-08-27,max_sharpe,SPY,0.24228548018750595,drifted
2025-08-27,max_sharpe,QQQ,0.049917135723544614,drifted
2025-08-27,max_sharpe,IWM,0.0,drifted
2025-08-27,max_sharpe,EFA,0.31748963033632266,drifted
2025-08-27,max_sharpe,IEF,0.39030775375262683,drifted
2025-08-28,max_sharpe,SPY,0.2423577363910777,drifted
2025-08-28,max_sharpe,QQQ,0.050067290814107865,drifted
2025-08-28,max_sharpe,IWM,0.0,drifted
2025-08-28,max_sharpe,EFA,0.3176372229689983,drifted
2025-08-28,max_sharpe,IEF,0.38993774982581597,drifted
2025-08-29,max_sharpe,SPY,0.24193162356476997,drifted
2025-08-29,max_sharpe,QQQ,0.049697114867779654,drifted
2025-08-29,max_sharpe,IWM,0.0,drifted
2025-08-29,max_sharpe,EFA,0.3171092419205019,drifted
2025-08-29,max_sharpe,IEF,0.39126201964694857,drifted
2025-09-02,max_sharpe,SPY,0.22132142188121437,target
2025-09-02,max_sharpe,QQQ,0.05151580262684555,target
2025-09-02,max_sharpe,IWM,0.0,target
2025-09-02,max_sharpe,EFA,0.32716277549194017,target
2025-09-02,max_sharpe,IEF,0.4,target
2025-09-02,max_sharpe,SPY,0.22132142188121437,drifted
2025-09-02,max_sharpe,QQQ,0.05151580262684555,drifted
2025-09-02,max_sharpe,IWM,0.0,drifted
2025-09-02,max_sharpe,EFA,0.32716277549194017,drifted
2025-09-02,max_sharpe,IEF,0.4,drifted
2025-09-03,max_sharpe,SPY,0.22174659010965367,drifted
2025-09-03,max_sharpe,QQQ,0.05174043513585863,drifted
2025-09-03,max_sharpe,IWM,0.0,drifted
2025-09-03,max_sharpe,EFA,0.3265282349770388,drifted
2025-09-03,max_sharpe,IEF,0.39998473977744886,drifted
2025-09-04,max_sharpe,SPY,0.22215779500875785,drifted
2025-09-04,max_sharpe,QQQ,0.051872059806326455,drifted
2025-09-04,max_sharpe,IWM,0.0,drifted
2025-09-04,max_sharpe,EFA,0.32678262647825834,drifted
2025-09-04,max_sharpe,IEF,0.39918751870665736,drifted
2025-09-05,max_sharpe,SPY,0.22088578280415364,drifted
2025-09-05,max_sharpe,QQQ,0.05179949406280914,drifted
2025-09-05,max_sharpe,IWM,0.0,drifted
2025-09-05,max_sharpe,EFA,0.32731738447648184,drifted
2025-09-05,max_sharpe,IEF,0.39999733865655546,drifted
2025-09-08,max_sharpe,SPY,0.2202575468849922,drifted
2025-09-08,max_sharpe,QQQ,0.05177693923550838,drifted
2025-09-08,max_sharpe,IWM,0.0,drifted
2025-09-08,max_sharpe,EFA,0.32884990310611106,drifted
2025-09-08,max_sharpe,IEF,0.3991156107733884,drifted
2025-09-09,max_sharpe,SPY,0.22107388900085717,drifted
2025-09-09,max_sharpe,QQQ,0.05199586897854281,drifted
2025-09-09,max_sharpe,IWM,0.0,drifted
2025-09-09,max_sharpe,EFA,0.3282062820020576,drifted
2025-09-09,max_sharpe,IEF,0.3987239600185424,drifted
2025-09-10,max_sharpe,SPY,0.22134656253174886,drifted
2025-09-10,max_sharpe,QQQ,0.05192691775941818,drifted
2025-09-10,max_sharpe,IWM,0.0,drifted
2025-09-10,max_sharpe,EFA,0.32759290316641965,drifted
2025-09-10,max_sharpe,IEF,0.3991336165424133,drifted
2025-09-11,max_sharpe,SPY,0.2218034023595409,drifted
2025-09-11,max_sharpe,QQQ,0.05190561919710269,drifted
2025-09-11,max_sharpe,IWM,0.0,drifted
2025-09-11,max_sharpe,EFA,0.3290172372188517,drifted
2025-09-11,max_sharpe,IEF,0.3972737412245048,drifted
2025-09-12,max_sharpe,SPY,0.22223866517607102,drifted
2025-09-12,max_sharpe,QQQ,0.05225469372697848,drifted
2025-09-12,max_sharpe,IWM,0.0,drifted
2025-09-12,max_sharpe,EFA,0.3284663433333527,drifted
2025-09-12,max_sharpe,IEF,0.3970402977635979,drifted
2025-09-15,max_sharpe,SPY,0.22242643034711873,drifted
2025-09-15,max_sharpe,QQQ,0.052467023155243334,drifted
2025-09-15,max_sharpe,IWM,0.0,drifted
2025-09-15,max_sharpe,EFA,0.3291831485881477,drifted
2025-09-15,max_sharpe,IEF,0.39592339790949027,drifted
2025-09-16,max_sharpe,SPY,0.22234702972099432,drifted
2025-09-16,max_sharpe,QQQ,0.052476229916133064,drifted
2025-09-16,max_sharpe,IWM,0.0,drifted
2025-09-16,max_sharpe,EFA,0.32860412453655835,drifted
2025-09-16,max_sharpe,IEF,0.39657261582631426,drifted
2025-09-17,max_sharpe,SPY,0.22262065317638471,drifted
2025-09-17,max_sharpe,QQQ,0.05250115309705261,drifted
2025-09-17,max_sharpe,IWM,0.0,drifted
2025-09-17,max_sharpe,EFA,0.32818263080816507,drifted
2025-09-17,max_sharpe,IEF,0.39669556291839764,drifted
2025-09-18,max_sharpe,SPY,0.22333139083688985,drifted
2025-09-18,max_sharpe,QQQ,0.05289652905721421,drifted
2025-09-18,max_sharpe,IWM,0.0,drifted
2025-09-18,max_sharpe,EFA,0.3289677317828307,drifted
2025-09-18,max_sharpe,IEF,0.3948043483230653,drifted
2025-09-19,max_sharpe,SPY,0.22443026801423166,drifted
2025-09-19,max_sharpe,QQQ,0.05325288195579063,drifted
2025-09-19,max_sharpe,IWM,0.0,drifted
2025-09-19,max_sharpe,EFA,0.3276886414181154,drifted
2025-09-19,max_sharpe,IEF,0.3946282086118625,drifted
2025-09-22,max_sharpe,SPY,0.22509123785773724,drifted
2025-09-22,max_sharpe,QQQ,0.053472922800816204,drifted
2025-09-22,max_sharpe,IWM,0.0,drifted
2025-09-22,max_sharpe,EFA,0.3281613564910618,drifted
2025-09-22,max_sharpe,IEF,0.3932744828503845,drifted
2025-09-23,max_sharpe,SPY,0.2241153535492097,drifted
2025-09-23,max_sharpe,QQQ,0.05317691657289087,drifted
2025-09-23,max_sharpe,IWM,0.0,drifted
2025-09-23,max_sharpe,EFA,0.3278931592863458,drifted
2025-09-23,max_sharpe,IEF,0.3948145705915536,drifted
2025-09-24,max_sharpe,SPY,0.22426848195134957,drifted
2025-09-24,max_sharpe,QQQ,0.053195691052527354,drifted
2025-09-24,max_sharpe,IWM,0.0,drifted
2025-09-24,max_sharpe,EFA,0.32725567430740365,drifted
2025-09-24,max_sharpe,IEF,0.3952801526887194,drifted
2025-09-25,max_sharpe,SPY,0.22423333142802204,drifted
2025-09-25,max_sharpe,QQQ,0.05320350053346672,drifted
2025-09-25,max_sharpe,IWM,0.0,drifted
2025-09-25,max_sharpe,EFA,0.32637742758700355,drifted
2025-09-25,max_sharpe,IEF,0.39618574045150773,drifted
2025-09-26,max_sharpe,SPY,0.22466008883617442,drifted
2025-09-26,max_sharpe,QQQ,0.05321898961687222,drifted
2025-09-26,max_sharpe,IWM,0.0,drifted
2025-09-26,max_sharpe,EFA,0.3276472616890371,drifted
2025-09-26,max_sharpe,IEF,0.3944736598579163,drifted
2025-09-29,max_sharpe,SPY,0.22455066545755942,drifted
2025-09-29,max_sharpe,QQQ,0.05328964234668371,drifted
2025-09-29,max_sharpe,IWM,0.0,drifted
2025-09-29,max_sharpe,EFA,0.32783906135897517,drifted
2025-09-29,max_sharpe,IEF,0.39432063083678165,drifted
2025-09-30,max_sharpe,SPY,0.22490887861522,drifted
2025-09-30,max_sharpe,QQQ,0.053320011620862987,drifted
2025-09-30,max_sharpe,IWM,0.0,drifted
2025-09-30,max_sharpe,EFA,0.32846662090199674,drifted
2025-09-30,max_sharpe,IEF,0.39330448886192027,drifted
2025-10-01,max_sharpe,SPY,0.18254435626469692,target
2025-10-01,max_sharpe,QQQ,0.11143836637813168,target
2025-10-01,max_sharpe,IWM,1.498528696568972e-17,target
2025-10-01,max_sharpe,EFA,0.3060172773571715,target
2025-10-01,max_sharpe,IEF,0.4,target
2025-10-01,max_sharpe,SPY,0.18254435626469692,drifted
2025-10-01,max_sharpe,QQQ,0.11143836637813168,drifted
2025-10-01,max_sharpe,IWM,1.498528696568972e-17,drifted
2025-10-01,max_sharpe,EFA,0.3060172773571715,drifted
2025-10-01,max_sharpe,IEF,0.4,drifted
2025-10-02,max_sharpe,SPY,0.18246803389043023,drifted
2025-10-02,max_sharpe,QQQ,0.11172101479423932,drifted
2025-10-02,max_sharpe,IWM,1.505618964248274e-17,drifted
2025-10-02,max_sharpe,EFA,0.30602423851870514,drifted
2025-10-02,max_sharpe,IEF,0.3997867127966253,drifted
2025-10-03,max_sharpe,SPY,0.18222759524875948,drifted
2025-10-03,max_sharpe,QQQ,0.11110575495370917,drifted
2025-10-03,max_sharpe,IWM,1.514810578460185e-17,drifted
2025-10-03,max_sharpe,EFA,0.3081861649101668,drifted
2025-10-03,max_sharpe,IEF,0.39848048488736443,drifted
2025-10-06,max_sharpe,SPY,0.18269045003741774,drifted
2025-10-06,max_sharpe,QQQ,0.11182348813974137,drifted
2025-10-06,max_sharpe,IWM,1.519263825276178e-17,drifted
2025-10-06,max_sharpe,EFA,0.3085772417732577,drifted
2025-10-06,max_sharpe,IEF,0.3969088200495831,drifted
2025-10-07,max_sharpe,SPY,0.18255397642592566,drifted
2025-10-07,max_sharpe,QQQ,0.11156518518650343,drifted
2025-10-07,max_sharpe,IWM,1.507417473314113e-17,drifted
2025-10-07,max_sharpe,EFA,0.3067986695334366,drifted
2025-10-07,max_sharpe,IEF,0.39908216885413417,drifted
2025-10-08,max_sharpe,SPY,0.18302764710096417,drifted
2025-10-08,max_sharpe,QQQ,0.11246629344469593,drifted
2025-10-08,max_sharpe,IWM,1.5181223576521188e-17,drifted
2025-10-08,max_sharpe,EFA,0.3066776620342834,drifted
2025-10-08,max_sharpe,IEF,0.39782839742005655,drifted
2025-10-09,max_sharpe,SPY,0.18313469350422668,drifted
2025-10-09,max_sharpe,QQQ,0.11272246512323811,drifted
2025-10-09,max_sharpe,IWM,1.5136057819907545e-17,drifted
2025-10-09,max_sharpe,EFA,0.30521516853101616,drifted
2025-10-09,max_sharpe,IEF,0.39892767284151914,drifted
2025-10-10,max_sharpe,SPY,0.1803485368980772,drifted
2025-10-10,max_sharpe,QQQ,0.11013057411310383,drifted
2025-10-10,max_sharpe,IWM,1.4861116317747044e-17,drifted
2025-10-10,max_sharpe,EFA,0.3032338477390655,drifted
2025-10-10,max_sharpe,IEF,0.40628704124975346,drifted
2025-10-13,max_sharpe,SPY,0.181708163505263,drifted
2025-10-13,max_sharpe,QQQ,0.11160312895584755,drifted
2025-10-13,max_sharpe,IWM,1.5157425365109412e-17,drifted
2025-10-13,max_sharpe,EFA,0.3033168592288969,drifted
2025-10-13,max_sharpe,IEF,0.4033718483099926,drifted
2025-10-14,max_sharpe,SPY,0.18122436575228856,drifted
2025-10-14,max_sharpe,QQQ,0.11069979046179591,drifted
2025-10-14,max_sharpe,IWM,1.5351682263347313e-17,drifted
2025-10-14,max_sharpe,EFA,0.3042474365663439,drifted
2025-10-14,max_sharpe,IEF,0.4038284072195716,drifted
2025-10-15,max_sharpe,SPY,0.18155784642255637,drifted
2025-10-15,max_sharpe,QQQ,0.11119247775451,drifted
2025-10-15,max_sharpe,IWM,1.546204752613116e-17,drifted
2025-10-15,max_sharpe,EFA,0.30492210583679347,drifted
2025-10-15,max_sharpe,IEF,0.40232756998614017,drifted
2025-10-16,max_sharpe,SPY,0.17999586158309963,drifted
2025-10-16,max_sharpe,QQQ,0.11058076192690712,drifted
2025-10-16,max_sharpe,IWM,1.5109213107756586e-17,drifted
2025-10-16,max_sharpe,EFA,0.30596080811024695,drifted
2025-10-16,max_sharpe,IEF,0.40346256837974637,drifted
2025-10-17,max_sharpe,SPY,0.18072167750585683,drifted
2025-10-17,max_sharpe,QQQ,0.1111249663159971,drifted
2025-10-17,max_sharpe,IWM,1.4982949119220037e-17,drifted
2025-10-17,max_sharpe,EFA,0.3060110975044966,drifted
2025-10-17,max_sharpe,IEF,0.40214225867364944,drifted
2025-10-20,max_sharpe,SPY,0.18145048928572236,drifted
2025-10-20,max_sharpe,QQQ,0.11181607356338699,drifted
2025-10-20,max_sharpe,IWM,1.5179064415496205e-17,drifted
2025-10-20,max_sharpe,EFA,0.3065921754068089,drifted
2025-10-20,max_sharpe,IEF,0.40014126174408177,drifted
2025-10-21,max_sharpe,SPY,0.18172864303183103,drifted
2025-10-21,max_sharpe,QQQ,0.1119598721496783,drifted
2025-10-21,max_sharpe,IWM,1.51308861821169e-17,drifted
2025-10-21,max_sharpe,EFA,0.3048110678254707,drifted
2025-10-21,max_sharpe,IEF,0.40150041699301997,drifted
2025-10-22,max_sharpe,SPY,0.18121739549465274,drifted
2025-10-22,max_sharpe,QQQ,0.11114715419244522,drifted
2025-10-22,max_sharpe,IWM,1.4943030650780818e-17,drifted
2025-10-22,max_sharpe,EFA,0.30508980028295385,drifted
2025-10-22,max_sharpe,IEF,0.4025456500299482,drifted
2025-10-23,max_sharpe,SPY,0.18190778943829466,drifted
2025-10-23,max_sharpe,QQQ,0.11184527929032835,drifted
2025-10-23,max_sharpe,IWM,1.5100274315427842e-17,drifted
2025-10-23,max_sharpe,EFA,0.3058650617355648,drifted
2025-10-23,max_sharpe,IEF,0.40038186953581206,drifted
2025-10-24,max_sharpe,SPY,0.18274854341395588,drifted
2025-10-24,max_sharpe,QQQ,0.11264148914905332,drifted
2025-10-24,max_sharpe,IWM,1.523089227995461e-17,drifted
2025-10-24,max_sharpe,EFA,0.305269635820833,drifted
2025-10-24,max_sharpe,IEF,0.39934033161615773,drifted
2025-10-27,max_sharpe,SPY,0.18375024388012404,drifted
2025-10-27,max_sharpe,QQQ,0.1139318148152423,drifted
2025-10-27,max_sharpe,IWM,1.5188602520178494e-17,drifted
2025-10-27,max_sharpe,EFA,0.3054705972830396,drifted
2025-10-27,max_sharpe,IEF,0.3968473440215941,drifted
2025-10-28,max_sharpe,SPY,0.18394344118769212,drifted
2025-10-28,max_sharpe,QQQ,0.11462421555996141,drifted
2025-10-28,max_sharpe,IWM,1.508311318794933e-17,drifted
2025-10-28,max_sharpe,EFA,0.30485429155392063,drifted
2025-10-28,max_sharpe,IEF,0.3965780516984258,drifted
2025-10-29,max_sharpe,SPY,0.1847109457997691,drifted
2025-10-29,max_sharpe,QQQ,0.11556526748331576,drifted
2025-10-29,max_sharpe,IWM,1.5009861765815913e-17,drifted
2025-10-29,max_sharpe,EFA,0.30425208497895345,drifted
2025-10-29,max_sharpe,IEF,0.39547170173796176,drifted
2025-10-30,max_sharpe,SPY,0.1837290830164862,drifted
2025-10-30,max_sharpe,QQQ,0.11445229571348488,drifted
2025-10-30,max_sharpe,IWM,1.4974399716232948e-17,drifted
2025-10-30,max_sharpe,EFA,0.3046490258639846,drifted
2025-10-30,max_sharpe,IEF,0.3971695954060443,drifted
2025-10-31,max_sharpe,SPY,0.1842132354598924,drifted
2025-10-31,max_sharpe,QQQ,0.11493045582323368,drifted
2025-10-31,max_sharpe,IWM,1.5049115328267732e-17,drifted
2025-10-31,max_sharpe,EFA,0.3037780480844836,drifted
2025-10-31,max_sharpe,IEF,0.3970782606323903,drifted
2025-11-03,max_sharpe,SPY,0.09953681283921746,target
2025-11-03,max_sharpe,QQQ,0.10046318716078258,target
2025-11-03,max_sharpe,IWM,6.435204745948959e-17,target
2025-11-03,max_sharpe,EFA,0.3999999999999999,target
2025-11-03,max_sharpe,IEF,0.39999999999999986,target
2025-11-03,max_sharpe,SPY,0.09953681283921746,drifted
2025-11-03,max_sharpe,QQQ,0.10046318716078258,drifted
2025-11-03,max_sharpe,IWM,6.435204745948959e-17,drifted
2025-11-03,max_sharpe,EFA,0.3999999999999999,drifted
2025-11-03,max_sharpe,IEF,0.39999999999999986,drifted
2025-11-04,max_sharpe,SPY,0.0990329655393028,drifted
2025-11-04,max_sharpe,QQQ,0.0991004441740209,drifted
2025-11-04,max_sharpe,IWM,6.367500833474256e-17,drifted
2025-11-04,max_sharpe,EFA,0.39861650216101707,drifted
2025-11-04,max_sharpe,IEF,0.40325008812565916,drifted
2025-11-05,max_sharpe,SPY,0.09921496931587673,drifted
2025-11-05,max_sharpe,QQQ,0.09958359567821619,drifted
2025-11-05,max_sharpe,IWM,6.448893970775453e-17,drifted
2025-11-05,max_sharpe,EFA,0.4005221641455973,drifted
2025-11-05,max_sharpe,IEF,0.40067927086030986,drifted
2025-11-06,max_sharpe,SPY,0.09832459967948329,drifted
2025-11-06,max_sharpe,QQQ,0.0979020146882019,drifted
2025-11-06,max_sharpe,IWM,6.346009766957872e-17,drifted
2025-11-06,max_sharpe,EFA,0.400337899362579,drifted
2025-11-06,max_sharpe,IEF,0.40343548626973574,drifted
2025-11-07,max_sharpe,SPY,0.09827925370465386,drifted
2025-11-07,max_sharpe,QQQ,0.09745215449762937,drifted
2025-11-07,max_sharpe,IWM,6.370063938733421e-17,drifted
2025-11-07,max_sharpe,EFA,0.4012489952698388,drifted
2025-11-07,max_sharpe,IEF,0.40301959652787794,drifted
2025-11-10,max_sharpe,SPY,0.0990835611364697,drifted
2025-11-10,max_sharpe,QQQ,0.09888042053019233,drifted
2025-11-10,max_sharpe,IWM,6.386859354982225e-17,drifted
2025-11-10,max_sharpe,EFA,0.4024989591788074,drifted
2025-11-10,max_sharpe,IEF,0.3995370591545305,drifted
2025-11-11,max_sharpe,SPY,0.09889882393774611,drifted
2025-11-11,max_sharpe,QQQ,0.0982083696014121,drifted
2025-11-11,max_sharpe,IWM,6.36586418251877e-17,drifted
2025-11-11,max_sharpe,EFA,0.4037754313335034,drifted
2025-11-11,max_sharpe,IEF,0.3991173751273383,drifted
2025-11-12,max_sharpe,SPY,0.09871125836523992,drifted
2025-11-12,max_sharpe,QQQ,0.09789036933170231,drifted
2025-11-12,max_sharpe,IWM,6.334657104760265e-17,drifted
2025-11-12,max_sharpe,EFA,0.40517728328676494,drifted
2025-11-12,max_sharpe,IEF,0.3982210890162928,drifted
2025-11-13,max_sharpe,SPY,0.0979656519919069,drifted
2025-11-13,max_sharpe,QQQ,0.09677338142765268,drifted
2025-11-13,max_sharpe,IWM,6.213155132582182e-17,drifted
2025-11-13,max_sharpe,EFA,0.40454040443998157,drifted
2025-11-13,max_sharpe,IEF,0.4007205621404588,drifted
2025-11-14,max_sharpe,SPY,0.09812132028387095,drifted
2025-11-14,max_sharpe,QQQ,0.09701633451147312,drifted
2025-11-14,max_sharpe,IWM,6.242183513525772e-17,drifted
2025-11-14,max_sharpe,EFA,0.4041042559797078,drifted
2025-11-14,max_sharpe,IEF,0.40075808922494816,drifted
2025-11-17,max_sharpe,SPY,0.09784766924148373,drifted
2025-11-17,max_sharpe,QQQ,0.09682152852645602,drifted
2025-11-17,max_sharpe,IWM,6.158429134459927e-17,drifted
2025-11-17,max_sharpe,EFA,0.40147197092579545,drifted
2025-11-17,max_sharpe,IEF,0.40385883130626477,drifted
2025-11-18,max_sharpe,SPY,0.09766479379503104,drifted
2025-11-18,max_sharpe,QQQ,0.09627234637414599,drifted
2025-11-18,max_sharpe,IWM,6.217885024605654e-17,drifted
2025-11-18,max_sharpe,EFA,0.39887142641456697,drifted
2025-11-18,max_sharpe,IEF,0.4071914334162559,drifted
2025-11-19,max_sharpe,SPY,0.09809567408807741,drifted
2025-11-19,max_sharpe,QQQ,0.09690002931155864,drifted
2025-11-19,max_sharpe,IWM,6.2202171266486e-17,drifted
2025-11-19,max_sharpe,EFA,0.3978851997062734,drifted
2025-11-19,max_sharpe,IEF,0.4071190968940906,drifted
2025-11-20,max_sharpe,SPY,0.09741138996974158,drifted
2025-11-20,max_sharpe,QQQ,0.09540040607353244,drifted
2025-11-20,max_sharpe,IWM,6.156351511166619e-17,drifted
2025-11-20,max_sharpe,EFA,0.3956744138496531,drifted
2025-11-20,max_sharpe,IEF,0.4115137901070728,drifted
2025-11-21,max_sharpe,SPY,0.09748863068693633,drifted
2025-11-21,max_sharpe,QQQ,0.09524458731363615,drifted
2025-11-21,max_sharpe,IWM,6.27327255288517e-17,drifted
2025-11-21,max_sharpe,EFA,0.3981416699713493,drifted
2025-11-21,max_sharpe,IEF,0.4091251120280782,drifted
2025-11-24,max_sharpe,SPY,0.0984464534843207,drifted
2025-11-24,max_sharpe,QQQ,0.09720923105948419,drifted
2025-11-24,max_sharpe,IWM,6.356963089618527e-17,drifted
2025-11-24,max_sharpe,EFA,0.39656379840824973,drifted
2025-11-24,max_sharpe,IEF,0.4077805170479453,drifted
2025-11-25,max_sharpe,SPY,0.09865038380195768,drifted
2025-11-25,max_sharpe,QQQ,0.09709771406014882,drifted
2025-11-25,max_sharpe,IWM,6.448351671336748e-17,drifted
2025-11-25,max_sharpe,EFA,0.3983947065936746,drifted
2025-11-25,max_sharpe,IEF,0.40585719554421884,drifted
2025-11-26,max_sharpe,SPY,0.09871499427896915,drifted
2025-11-26,max_sharpe,QQQ,0.09734775914279696,drifted
2025-11-26,max_sharpe,IWM,6.465064699368483e-17,drifted
2025-11-26,max_sharpe,EFA,0.4002681045495516,drifted
2025-11-26,max_sharpe,IEF,0.40366914202868226,drifted
2025-11-28,max_sharpe,SPY,0.09905812153439475,drifted
2025-11-28,max_sharpe,QQQ,0.09794346433538174,drifted
2025-11-28,max_sharpe,IWM,6.490149157566277e-17,drifted
2025-11-28,max_sharpe,EFA,0.4008263712146071,drifted
2025-11-28,max_sharpe,IEF,0.40217204291561615,drifted
2025-12-01,max_sharpe,SPY,0.11015586907505465,target
2025-12-01,max_sharpe,QQQ,0.08984413092494543,target
2025-12-01,max_sharpe,IWM,0.0,target
2025-12-01,max_sharpe,EFA,0.39999999999999997,target
2025-12-01,max_sharpe,IEF,0.39999999999999997,target
2025-12-01,max_sharpe,SPY,0.11015586907505465,drifted
2025-12-01,max_sharpe,QQQ,0.08984413092494543,drifted
2025-12-01,max_sharpe,IWM,0.0,drifted
2025-12-01,max_sharpe,EFA,0.39999999999999997,drifted
2025-12-01,max_sharpe,IEF,0.39999999999999997,drifted
2025-12-02,max_sharpe,SPY,0.11007487881601682,drifted
2025-12-02,max_sharpe,QQQ,0.09031339366812854,drifted
2025-12-02,max_sharpe,IWM,0.0,drifted
2025-12-02,max_sharpe,EFA,0.40031475193882166,drifted
2025-12-02,max_sharpe,IEF,0.3992969755770331,drifted
2025-12-03,max_sharpe,SPY,0.11006252974818738,drifted
2025-12-03,max_sharpe,QQQ,0.09021155654695638,drifted
2025-12-03,max_sharpe,IWM,0.0,drifted
2025-12-03,max_sharpe,EFA,0.4010291184487504,drifted
2025-12-03,max_sharpe,IEF,0.3986967952561058,drifted
2025-12-04,max_sharpe,SPY,0.11015904768813671,drifted
2025-12-04,max_sharpe,QQQ,0.09014077301004773,drifted
2025-12-04,max_sharpe,IWM,0.0,drifted
2025-12-04,max_sharpe,EFA,0.40217894591377457,drifted
2025-12-04,max_sharpe,IEF,0.397521233388041,drifted
2025-12-05,max_sharpe,SPY,0.11039541019926616,drifted
2025-12-05,max_sharpe,QQQ,0.0905305626198648,drifted
2025-12-05,max_sharpe,IWM,0.0,drifted
2025-12-05,max_sharpe,EFA,0.40227774798311927,drifted
2025-12-05,max_sharpe,IEF,0.39679627919774985,drifted
2025-12-08,max_sharpe,SPY,0.11034930232309201,drifted
2025-12-08,max_sharpe,QQQ,0.09059129196905484,drifted
2025-12-08,max_sharpe,IWM,0.0,drifted
2025-12-08,max_sharpe,EFA,0.40205851560909484,drifted
2025-12-08,max_sharpe,IEF,0.3970008900987583,drifted
2025-12-09,max_sharpe,SPY,0.11037634781851442,drifted
2025-12-09,max_sharpe,QQQ,0.09080364279155351,drifted
2025-12-09,max_sharpe,IWM,0.0,drifted
2025-12-09,max_sharpe,EFA,0.4019566503436794,drifted
2025-12-09,max_sharpe,IEF,0.39686335904625275,drifted
2025-12-10,max_sharpe,SPY,0.11035238970029758,drifted
2025-12-10,max_sharpe,QQQ,0.09055516047304255,drifted
2025-12-10,max_sharpe,IWM,0.0,drifted
2025-12-10,max_sharpe,EFA,0.4036583606421691,drifted
2025-12-10,max_sharpe,IEF,0.39543408918449086,drifted
2025-12-11,max_sharpe,SPY,0.1103453773489184,drifted
2025-12-11,max_sharpe,QQQ,0.09004699568388534,drifted
2025-12-11,max_sharpe,IWM,0.0,drifted
2025-12-11,max_sharpe,EFA,0.4050757346464433,drifted
2025-12-11,max_sharpe,IEF,0.3945318923207531,drifted
2025-12-12,max_sharpe,SPY,0.10982901977495704,drifted
2025-12-12,max_sharpe,QQQ,0.0888676281953586,drifted
2025-12-12,max_sharpe,IWM,0.0,drifted
2025-12-12,max_sharpe,EFA,0.40541968298283065,drifted
2025-12-12,max_sharpe,IEF,0.3958836690468536,drifted
2025-12-15,max_sharpe,SPY,0.10942278805785878,drifted
2025-12-15,max_sharpe,QQQ,0.0882278294363284,drifted
2025-12-15,max_sharpe,IWM,0.0,drifted
2025-12-15,max_sharpe,EFA,0.4070046582482031,drifted
2025-12-15,max_sharpe,IEF,0.3953447242576097,drifted
2025-12-16,max_sharpe,SPY,0.10922230717024577,drifted
2025-12-16,max_sharpe,QQQ,0.0884824831830152,drifted
2025-12-16,max_sharpe,IWM,0.0,drifted
2025-12-16,max_sharpe,EFA,0.4054838629179878,drifted
2025-12-16,max_sharpe,IEF,0.3968113467287512,drifted
2025-12-17,max_sharpe,SPY,0.10869586131834337,drifted
2025-12-17,max_sharpe,QQQ,0.08738524715807966,drifted
2025-12-17,max_sharpe,IWM,0.0,drifted
2025-12-17,max_sharpe,EFA,0.40470923422608424,drifted
2025-12-17,max_sharpe,IEF,0.3992096572974928,drifted
2025-12-18,max_sharpe,SPY,0.10886335813636883,drifted
2025-12-18,max_sharpe,QQQ,0.08812263762028423,drifted
2025-12-18,max_sharpe,IWM,0.0,drifted
2025-12-18,max_sharpe,EFA,0.40515788690556553,drifted
2025-12-18,max_sharpe,IEF,0.3978561173377814,drifted
2025-12-19,max_sharpe,SPY,0.10941511308263091,drifted
2025-12-19,max_sharpe,QQQ,0.08891790633125884,drifted
2025-12-19,max_sharpe,IWM,0.0,drifted
2025-12-19,max_sharpe,EFA,0.40627758394599445,drifted
2025-12-19,max_sharpe,IEF,0.39538939664011585,drifted
2025-12-22,max_sharpe,SPY,0.10990788740634959,drifted
2025-12-22,max_sharpe,QQQ,0.08919086866916193,drifted
2025-12-22,max_sharpe,IWM,0.0,drifted
2025-12-22,max_sharpe,EFA,0.4066002908999346,drifted
2025-12-22,max_sharpe,IEF,0.394300953024554,drifted
2025-12-23,max_sharpe,SPY,0.11005113415770985,drifted
2025-12-23,max_sharpe,QQQ,0.08931715206628238,drifted
2025-12-23,max_sharpe,IWM,0.0,drifted
2025-12-23,max_sharpe,EFA,0.4077765858248875,drifted
2025-12-23,max_sharpe,IEF,0.3928551279511201,drifted
2025-12-24,max_sharpe,SPY,0.11019818293429139,drifted
2025-12-24,max_sharpe,QQQ,0.08938371986714584,drifted
2025-12-24,max_sharpe,IWM,0.0,drifted
2025-12-24,max_sharpe,EFA,0.4073972121483439,drifted
2025-12-24,max_sharpe,IEF,0.393020885050219,drifted
2025-12-26,max_sharpe,SPY,0.11007404095522504,drifted
2025-12-26,max_sharpe,QQQ,0.08928636524188197,drifted
2025-12-26,max_sharpe,IWM,0.0,drifted
2025-12-26,max_sharpe,EFA,0.4076549183282305,drifted
2025-12-26,max_sharpe,IEF,0.39298467547466254,drifted
2025-12-29,max_sharpe,SPY,0.10984413908870264,drifted
2025-12-29,max_sharpe,QQQ,0.08898568974249409,drifted
2025-12-29,max_sharpe,IWM,0.0,drifted
2025-12-29,max_sharpe,EFA,0.40703237895394195,drifted
2025-12-29,max_sharpe,IEF,0.3941377922148614,drifted
2025-12-30,max_sharpe,SPY,0.10971792868135502,drifted
2025-12-30,max_sharpe,QQQ,0.0887857213027464,drifted
2025-12-30,max_sharpe,IWM,0.0,drifted
2025-12-30,max_sharpe,EFA,0.40773823932585684,drifted
2025-12-30,max_sharpe,IEF,0.39375811069004174,drifted
2025-12-31,max_sharpe,SPY,0.10940679295281498,drifted
2025-12-31,max_sharpe,QQQ,0.08845752772646373,drifted
2025-12-31,max_sharpe,IWM,0.0,drifted
2025-12-31,max_sharpe,EFA,0.40787538429588566,drifted
2025-12-31,max_sharpe,IEF,0.39426029502483556,drifted
2026-01-02,max_sharpe,SPY,0.20000000000000007,target
2026-01-02,max_sharpe,QQQ,0.0,target
2026-01-02,max_sharpe,IWM,3.1395492569117213e-17,target
2026-01-02,max_sharpe,EFA,0.3999999999999999,target
2026-01-02,max_sharpe,IEF,0.3999999999999999,target
2026-01-02,max_sharpe,SPY,0.20000000000000007,drifted
2026-01-02,max_sharpe,QQQ,0.0,drifted
2026-01-02,max_sharpe,IWM,3.1395492569117213e-17,drifted
2026-01-02,max_sharpe,EFA,0.3999999999999999,drifted
2026-01-02,max_sharpe,IEF,0.3999999999999999,drifted
2026-01-05,max_sharpe,SPY,0.19990970254888588,drifted
2026-01-05,max_sharpe,QQQ,0.0,drifted
2026-01-05,max_sharpe,IWM,3.166865440809575e-17,drifted
2026-01-05,max_sharpe,EFA,0.4017173158953984,drifted
2026-01-05,max_sharpe,IEF,0.39837298155571577,drifted
2026-01-06,max_sharpe,SPY,0.20079471460757245,drifted
2026-01-06,max_sharpe,QQQ,0.0,drifted
2026-01-06,max_sharpe,IWM,3.203993941795957e-17,drifted
2026-01-06,max_sharpe,EFA,0.401723257038047,drifted
2026-01-06,max_sharpe,IEF,0.39748202835438046,drifted
2026-01-07,max_sharpe,SPY,0.2004313575194932,drifted
2026-01-07,max_sharpe,QQQ,0.0,drifted
2026-01-07,max_sharpe,IWM,3.201020921538975e-17,drifted
2026-01-07,max_sharpe,EFA,0.40077880523523096,drifted
2026-01-07,max_sharpe,IEF,0.39878983724527584,drifted
2026-01-08,max_sharpe,SPY,0.20064738940458773,drifted
2026-01-08,max_sharpe,QQQ,0.0,drifted
2026-01-08,max_sharpe,IWM,3.239794701560555e-17,drifted
2026-01-08,max_sharpe,EFA,0.40129250581066556,drifted
2026-01-08,max_sharpe,IEF,0.39806010478474674,drifted
2026-01-09,max_sharpe,SPY,0.2009001783990308,drifted
2026-01-09,max_sharpe,QQQ,0.0,drifted
2026-01-09,max_sharpe,IWM,3.247020420693135e-17,drifted
2026-01-09,max_sharpe,EFA,0.40270397079153314,drifted
2026-01-09,max_sharpe,IEF,0.39639585080943596,drifted
2026-01-12,max_sharpe,SPY,0.20076058258389304,drifted
2026-01-12,max_sharpe,QQQ,0.0,drifted
2026-01-12,max_sharpe,IWM,3.255487132725496e-17,drifted
2026-01-12,max_sharpe,EFA,0.404232982985429,drifted
2026-01-12,max_sharpe,IEF,0.3950064344306779,drifted
2026-01-13,max_sharpe,SPY,0.20080622895439346,drifted
2026-01-13,max_sharpe,QQQ,0.0,drifted
2026-01-13,max_sharpe,IWM,3.260879721398413e-17,drifted
2026-01-13,max_sharpe,EFA,0.4028119661695781,drifted
2026-01-13,max_sharpe,IEF,0.3963818048760285,drifted
2026-01-14,max_sharpe,SPY,0.1994779354247347,drifted
2026-01-14,max_sharpe,QQQ,0.0,drifted
2026-01-14,max_sharpe,IWM,3.2782281785805853e-17,drifted
2026-01-14,max_sharpe,EFA,0.403995452521296,drifted
2026-01-14,max_sharpe,IEF,0.3965266120539693,drifted
2026-01-15,max_sharpe,SPY,0.20010948118743083,drifted
2026-01-15,max_sharpe,QQQ,0.0,drifted
2026-01-15,max_sharpe,IWM,3.308586096893886e-17,drifted
2026-01-15,max_sharpe,EFA,0.4040110193244361,drifted
2026-01-15,max_sharpe,IEF,0.395879499488133,drifted
2026-01-16,max_sharpe,SPY,0.20005978500771252,drifted
2026-01-16,max_sharpe,QQQ,0.0,drifted
2026-01-16,max_sharpe,IWM,3.313655692126978e-17,drifted
2026-01-16,max_sharpe,EFA,0.4053490288451614,drifted
2026-01-16,max_sharpe,IEF,0.39459118614712607,drifted
2026-01-20,max_sharpe,SPY,0.1983245186189702,drifted
2026-01-20,max_sharpe,QQQ,0.0,drifted
2026-01-20,max_sharpe,IWM,3.3130505601307774e-17,drifted
2026-01-20,max_sharpe,EFA,0.40396013995413155,drifted
2026-01-20,max_sharpe,IEF,0.39771534142689835,drifted
2026-01-21,max_sharpe,SPY,0.199121609874766,drifted
2026-01-21,max_sharpe,QQQ,0.0,drifted
2026-01-21,max_sharpe,IWM,3.353661303018887e-17,drifted
2026-01-21,max_sharpe,EFA,0.4050876797695568,drifted
2026-01-21,max_sharpe,IEF,0.39579071035567703,drifted
2026-01-22,max_sharpe,SPY,0.1996437814754523,drifted
2026-01-22,max_sharpe,QQQ,0.0,drifted
2026-01-22,max_sharpe,IWM,3.369966277898908e-17,drifted
2026-01-22,max_sharpe,EFA,0.40563078256662416,drifted
2026-01-22,max_sharpe,IEF,0.3947254359579236,drifted
2026-01-23,max_sharpe,SPY,0.19912367014547883,drifted
2026-01-23,max_sharpe,QQQ,0.0,drifted
2026-01-23,max_sharpe,IWM,3.297947475326307e-17,drifted
2026-01-23,max_sharpe,EFA,0.40666467105019055,drifted
2026-01-23,max_sharpe,IEF,0.3942116588043305,drifted
2026-01-26,max_sharpe,SPY,0.1994129181426635,drifted
2026-01-26,max_sharpe,QQQ,0.0,drifted
2026-01-26,max_sharpe,IWM,3.2757514927269636e-17,drifted
2026-01-26,max_sharpe,EFA,0.4072243255234614,drifted
2026-01-26,max_sharpe,IEF,0.3933627563338751,drifted
2026-01-27,max_sharpe,SPY,0.19883340282384213,drifted
2026-01-27,max_sharpe,QQQ,0.0,drifted
2026-01-27,max_sharpe,IWM,3.262512910972909e-17,drifted
2026-01-27,max_sharpe,EFA,0.4109506410199345,drifted
2026-01-27,max_sharpe,IEF,0.39021595615622334,drifted
2026-01-28,max_sharpe,SPY,0.19975076225725363,drifted
2026-01-28,max_sharpe,QQQ,0.0,drifted
2026-01-28,max_sharpe,IWM,3.260188620574139e-17,drifted
2026-01-28,max_sharpe,EFA,0.4085203190281753,drifted
2026-01-28,max_sharpe,IEF,0.391728918714571,drifted
2026-01-29,max_sharpe,SPY,0.19880521505003773,drifted
2026-01-29,max_sharpe,QQQ,0.0,drifted
2026-01-29,max_sharpe,IWM,3.2520722344383137e-17,drifted
2026-01-29,max_sharpe,EFA,0.4101375484585344,drifted
2026-01-29,max_sharpe,IEF,0.39105723649142776,drifted
2026-01-30,max_sharpe,SPY,0.1991420759715943,drifted
2026-01-30,max_sharpe,QQQ,0.0,drifted
2026-01-30,max_sharpe,IWM,3.221177655302357e-17,drifted
2026-01-30,max_sharpe,EFA,0.4082119148640602,drifted
2026-01-30,max_sharpe,IEF,0.39264600916434544,drifted
2026-02-02,max_sharpe,SPY,0.20000000000000012,target
2026-02-02,max_sharpe,QQQ,0.0,target
2026-02-02,max_sharpe,IWM,0.0,target
2026-02-02,max_sharpe,EFA,0.3999999999999999,target
2026-02-02,max_sharpe,IEF,0.4,target
2026-02-02,max_sharpe,SPY,0.20000000000000012,drifted
2026-02-02,max_sharpe,QQQ,0.0,drifted
2026-02-02,max_sharpe,IWM,0.0,drifted
2026-02-02,max_sharpe,EFA,0.3999999999999999,drifted
2026-02-02,max_sharpe,IEF,0.4,drifted
2026-02-03,max_sharpe,SPY,0.19853059122768063,drifted
2026-02-03,max_sharpe,QQQ,0.0,drifted
2026-02-03,max_sharpe,IWM,0.0,drifted
2026-02-03,max_sharpe,EFA,0.4006446095296914,drifted
2026-02-03,max_sharpe,IEF,0.4008247992426279,drifted
2026-02-04,max_sharpe,SPY,0.19751804359570826,drifted
2026-02-04,max_sharpe,QQQ,0.0,drifted
2026-02-04,max_sharpe,IWM,0.0,drifted
2026-02-04,max_sharpe,EFA,0.40184429207340056,drifted
2026-02-04,max_sharpe,IEF,0.40063766433089126,drifted
2026-02-05,max_sharpe,SPY,0.19619749866517758,drifted
2026-02-05,max_sharpe,QQQ,0.0,drifted
2026-02-05,max_sharpe,IWM,0.0,drifted
2026-02-05,max_sharpe,EFA,0.3984474638036241,drifted
2026-02-05,max_sharpe,IEF,0.4053550375311983,drifted
2026-02-06,max_sharpe,SPY,0.19743069716868858,drifted
2026-02-06,max_sharpe,QQQ,0.0,drifted
2026-02-06,max_sharpe,IWM,0.0,drifted
2026-02-06,max_sharpe,EFA,0.4023446257191,drifted
2026-02-06,max_sharpe,IEF,0.4002246771122114,drifted
2026-02-09,max_sharpe,SPY,0.1971120185075909,drifted
2026-02-09,max_sharpe,QQQ,0.0,drifted
2026-02-09,max_sharpe,IWM,0.0,drifted
2026-02-09,max_sharpe,EFA,0.40514401642801867,drifted
2026-02-09,max_sharpe,IEF,0.3977439650643904,drifted
2026-02-10,max_sharpe,SPY,0.19616205861084984,drifted
2026-02-10,max_sharpe,QQQ,0.0,drifted
2026-02-10,max_sharpe,IWM,0.0,drifted
2026-02-10,max_sharpe,EFA,0.4052294670476443,drifted
2026-02-10,max_sharpe,IEF,0.39860847434150587,drifted
2026-02-11,max_sharpe,SPY,0.1958111224143194,drifted
2026-02-11,max_sharpe,QQQ,0.0,drifted
2026-02-11,max_sharpe,IWM,0.0,drifted
2026-02-11,max_sharpe,EFA,0.4073150113760044,drifted
2026-02-11,max_sharpe,IEF,0.3968738662096762,drifted
2026-02-12,max_sharpe,SPY,0.19349393280533425,drifted
2026-02-12,max_sharpe,QQQ,0.0,drifted
2026-02-12,max_sharpe,IWM,0.0,drifted
2026-02-12,max_sharpe,EFA,0.40573299132875235,drifted
2026-02-12,max_sharpe,IEF,0.40077307586591343,drifted
2026-02-13,max_sharpe,SPY,0.19323224134397474,drifted
2026-02-13,max_sharpe,QQQ,0.0,drifted
2026-02-13,max_sharpe,IWM,0.0,drifted
2026-02-13,max_sharpe,EFA,0.40524889554133464,drifted
2026-02-13,max_sharpe,IEF,0.40151886311469065,drifted
2026-02-17,max_sharpe,SPY,0.19350673861157494,drifted
2026-02-17,max_sharpe,QQQ,0.0,drifted
2026-02-17,max_sharpe,IWM,0.0,drifted
2026-02-17,max_sharpe,EFA,0.40509310339696736,drifted
2026-02-17,max_sharpe,IEF,0.40140015799145756,drifted
2026-02-18,max_sharpe,SPY,0.19436196156843477,drifted
2026-02-18,max_sharpe,QQQ,0.0,drifted
2026-02-18,max_sharpe,IWM,0.0,drifted
2026-02-18,max_sharpe,EFA,0.4053100962265897,drifted
2026-02-18,max_sharpe,IEF,0.40032794220497553,drifted
2026-02-19,max_sharpe,SPY,0.19409538953591474,drifted
2026-02-19,max_sharpe,QQQ,0.0,drifted
2026-02-19,max_sharpe,IWM,0.0,drifted
2026-02-19,max_sharpe,EFA,0.4046966255913568,drifted
2026-02-19,max_sharpe,IEF,0.40120798487272846,drifted
2026-02-20,max_sharpe,SPY,0.19458264859366645,drifted
2026-02-20,max_sharpe,QQQ,0.0,drifted
2026-02-20,max_sharpe,IWM,0.0,drifted
2026-02-20,max_sharpe,EFA,0.4060900746352543,drifted
2026-02-20,max_sharpe,IEF,0.3993272767710793,drifted
2026-02-23,max_sharpe,SPY,0.19302266714448404,drifted
2026-02-23,max_sharpe,QQQ,0.0,drifted
2026-02-23,max_sharpe,IWM,0.0,drifted
2026-02-23,max_sharpe,EFA,0.40532204741513694,drifted
2026-02-23,max_sharpe,IEF,0.40165528544037904,drifted
2026-02-24,max_sharpe,SPY,0.1940264100512698,drifted
2026-02-24,max_sharpe,QQQ,0.0,drifted
2026-02-24,max_sharpe,IWM,0.0,drifted
2026-02-24,max_sharpe,EFA,0.4052253976554283,drifted
2026-02-24,max_sharpe,IEF,0.40074819229330183,drifted
2026-02-25,max_sharpe,SPY,0.19465533983641914,drifted
2026-02-25,max_sharpe,QQQ,0.0,drifted
2026-02-25,max_sharpe,IWM,0.0,drifted
2026-02-25,max_sharpe,EFA,0.40698902058633796,drifted
2026-02-25,max_sharpe,IEF,0.3983556395772429,drifted
2026-02-26,max_sharpe,SPY,0.19364459936011708,drifted
2026-02-26,max_sharpe,QQQ,0.0,drifted
2026-02-26,max_sharpe,IWM,0.0,drifted
2026-02-26,max_sharpe,EFA,0.40679034894377075,drifted
2026-02-26,max_sharpe,IEF,0.3995650516961121,drifted
2026-02-27,max_sharpe,SPY,0.19272733176313264,drifted
2026-02-27,max_sharpe,QQQ,0.0,drifted
2026-02-27,max_sharpe,IWM,0.0,drifted
2026-02-27,max_sharpe,EFA,0.4060847583676003,drifted
2026-02-27,max_sharpe,IEF,0.4011879098692671,drifted
2026-03-02,max_sharpe,SPY,0.13639841809568312,target
2026-03-02,max_sharpe,QQQ,0.0,target
2026-03-02,max_sharpe,IWM,0.06360158190431699,target
2026-03-02,max_sharpe,EFA,0.4,target
2026-03-02,max_sharpe,IEF,0.4,target
2026-03-02,max_sharpe,SPY,0.13639841809568312,drifted
2026-03-02,max_sharpe,QQQ,0.0,drifted
2026-03-02,max_sharpe,IWM,0.06360158190431699,drifted
2026-03-02,max_sharpe,EFA,0.4,drifted
2026-03-02,max_sharpe,IEF,0.4,drifted
2026-03-03,max_sharpe,SPY,0.13728103181394286,drifted
2026-03-03,max_sharpe,QQQ,0.0,drifted
2026-03-03,max_sharpe,IWM,0.06346363064644209,drifted
2026-03-03,max_sharpe,EFA,0.3935469521044973,drifted
2026-03-03,max_sharpe,IEF,0.40570838543511767,drifted
2026-03-04,max_sharpe,SPY,0.13744946942593486,drifted
2026-03-04,max_sharpe,QQQ,0.0,drifted
2026-03-04,max_sharpe,IWM,0.06370967404008872,drifted
2026-03-04,max_sharpe,EFA,0.3963121181884624,drifted
2026-03-04,max_sharpe,IEF,0.40252873834551395,drifted
2026-03-05,max_sharpe,SPY,0.13833049098553468,drifted
2026-03-05,max_sharpe,QQQ,0.0,drifted
2026-03-05,max_sharpe,IWM,0.06324591552366986,drifted
2026-03-05,max_sharpe,EFA,0.39230573376945027,drifted
2026-03-05,max_sharpe,IEF,0.4061178597213452,drifted
2026-03-06,max_sharpe,SPY,0.1374787762068631,drifted
2026-03-06,max_sharpe,QQQ,0.0,drifted
2026-03-06,max_sharpe,IWM,0.06223522254755658,drifted
2026-03-06,max_sharpe,EFA,0.39156240093840416,drifted
2026-03-06,max_sharpe,IEF,0.4087236003071761,drifted
2026-03-09,max_sharpe,SPY,0.1378584864294959,drifted
2026-03-09,max_sharpe,QQQ,0.0,drifted
2026-03-09,max_sharpe,IWM,0.06253834088005913,drifted
2026-03-09,max_sharpe,EFA,0.39204612070740646,drifted
2026-03-09,max_sharpe,IEF,0.4075570519830385,drifted
2026-03-10,max_sharpe,SPY,0.13773067288501967,drifted
2026-03-10,max_sharpe,QQQ,0.0,drifted
2026-03-10,max_sharpe,IWM,0.0625167766340189,drifted
2026-03-10,max_sharpe,EFA,0.39322465811246265,drifted
2026-03-10,max_sharpe,IEF,0.4065278923684989,drifted
2026-03-11,max_sharpe,SPY,0.1379697342753119,drifted
2026-03-11,max_sharpe,QQQ,0.0,drifted
2026-03-11,max_sharpe,IWM,0.0625777763722404,drifted
2026-03-11,max_sharpe,EFA,0.39356747817533905,drifted
2026-03-11,max_sharpe,IEF,0.4058850111771085,drifted
2026-03-12,max_sharpe,SPY,0.13737388259579567,drifted
2026-03-12,max_sharpe,QQQ,0.0,drifted
2026-03-12,max_sharpe,IWM,0.06190704780577102,drifted
2026-03-12,max_sharpe,EFA,0.39168072622835304,drifted
2026-03-12,max_sharpe,IEF,0.40903834337008027,drifted
2026-03-13,max_sharpe,SPY,0.13743083074527318,drifted
2026-03-13,max_sharpe,QQQ,0.0,drifted
2026-03-13,max_sharpe,IWM,0.06207881498109653,drifted
2026-03-13,max_sharpe,EFA,0.3893832239293764,drifted
2026-03-13,max_sharpe,IEF,0.4111071303442539,drifted
2026-03-16,max_sharpe,SPY,0.13730362761139914,drifted
2026-03-16,max_sharpe,QQQ,0.0,drifted
2026-03-16,max_sharpe,IWM,0.06197666392714042,drifted
2026-03-16,max_sharpe,EFA,0.39230185778717025,drifted
2026-03-16,max_sharpe,IEF,0.40841785067429026,drifted
2026-03-17,max_sharpe,SPY,0.13731381973778584,drifted
2026-03-17,max_sharpe,QQQ,0.0,drifted
2026-03-17,max_sharpe,IWM,0.062209742444657996,drifted
2026-03-17,max_sharpe,EFA,0.39237864381374454,drifted
2026-03-17,max_sharpe,IEF,0.40809779400381163,drifted
2026-03-18,max_sharpe,SPY,0.13697112119476645,drifted
2026-03-18,max_sharpe,QQQ,0.0,drifted
2026-03-18,max_sharpe,IWM,0.06191835739925219,drifted
2026-03-18,max_sharpe,EFA,0.3901590672558968,drifted
2026-03-18,max_sharpe,IEF,0.4109514541500846,drifted
2026-03-19,max_sharpe,SPY,0.13672399659648887,drifted
2026-03-19,max_sharpe,QQQ,0.0,drifted
2026-03-19,max_sharpe,IWM,0.062364799749386565,drifted
2026-03-19,max_sharpe,EFA,0.38973077455789246,drifted
2026-03-19,max_sharpe,IEF,0.4111804290962321,drifted
2026-03-20,max_sharpe,SPY,0.13735261339253568,drifted
2026-03-20,max_sharpe,QQQ,0.0,drifted
2026-03-20,max_sharpe,IWM,0.062174098271145936,drifted
2026-03-20,max_sharpe,EFA,0.3851589868512566,drifted
2026-03-20,max_sharpe,IEF,0.4153143014850619,drifted
2026-03-23,max_sharpe,SPY,0.13696531070618648,drifted
2026-03-23,max_sharpe,QQQ,0.0,drifted
2026-03-23,max_sharpe,IWM,0.06267931988824076,drifted
2026-03-23,max_sharpe,EFA,0.38921961822221296,drifted
2026-03-23,max_sharpe,IEF,0.41113575118335993,drifted
2026-03-24,max_sharpe,SPY,0.13702898264634097,drifted
2026-03-24,max_sharpe,QQQ,0.0,drifted
2026-03-24,max_sharpe,IWM,0.06325785177085906,drifted
2026-03-24,max_sharpe,EFA,0.3883883872793155,drifted
2026-03-24,max_sharpe,IEF,0.4113247783034846,drifted
2026-03-25,max_sharpe,SPY,0.1365132968169537,drifted
2026-03-25,max_sharpe,QQQ,0.0,drifted
2026-03-25,max_sharpe,IWM,0.06343636064683299,drifted
2026-03-25,max_sharpe,EFA,0.39039652006467973,drifted
2026-03-25,max_sharpe,IEF,0.4096538224715336,drifted
2026-03-26,max_sharpe,SPY,0.13610699769136034,drifted
2026-03-26,max_sharpe,QQQ,0.0,drifted
2026-03-26,max_sharpe,IWM,0.06327752304932087,drifted
2026-03-26,max_sharpe,EFA,0.38811210683893604,drifted
2026-03-26,max_sharpe,IEF,0.41250337242038276,drifted
2026-03-27,max_sharpe,SPY,0.1347174398704031,drifted
2026-03-27,max_sharpe,QQQ,0.0,drifted
2026-03-27,max_sharpe,IWM,0.06260043040490083,drifted
2026-03-27,max_sharpe,EFA,0.3872632760494601,drifted
2026-03-27,max_sharpe,IEF,0.41541885367523596,drifted
2026-03-30,max_sharpe,SPY,0.13390445162466635,drifted
2026-03-30,max_sharpe,QQQ,0.0,drifted
2026-03-30,max_sharpe,IWM,0.061535098048943526,drifted
2026-03-30,max_sharpe,EFA,0.3873291788655282,drifted
2026-03-30,max_sharpe,IEF,0.4172312714608619,drifted
2026-03-31,max_sharpe,SPY,0.13517558675296557,drifted
2026-03-31,max_sharpe,QQQ,0.0,drifted
2026-03-31,max_sharpe,IWM,0.06247825567724673,drifted
2026-03-31,max_sharpe,EFA,0.3923211278293335,drifted
2026-03-31,max_sharpe,IEF,0.4100250297404542,drifted
2026-04-01,max_sharpe,SPY,0.12707290777247815,target
2026-04-01,max_sharpe,QQQ,0.041263299328864037,target
2026-04-01,max_sharpe,IWM,0.06636710470489292,target
2026-04-01,max_sharpe,EFA,0.3652966881937649,target
2026-04-01,max_sharpe,IEF,0.4,target
2026-04-01,max_sharpe,SPY,0.12707290777247815,drifted
2026-04-01,max_sharpe,QQQ,0.041263299328864037,drifted
2026-04-01,max_sharpe,IWM,0.06636710470489292,drifted
2026-04-01,max_sharpe,EFA,0.3652966881937649,drifted
2026-04-01,max_sharpe,IEF,0.4,drifted
2026-04-02,max_sharpe,SPY,0.12727795635510294,drifted
2026-04-02,max_sharpe,QQQ,0.041340045860391174,drifted
2026-04-02,max_sharpe,IWM,0.06687478909366674,drifted
2026-04-02,max_sharpe,EFA,0.36329562920398834,drifted
2026-04-02,max_sharpe,IEF,0.40121157948685077,drifted
2026-04-06,max_sharpe,SPY,0.12763724383255773,drifted
2026-04-06,max_sharpe,QQQ,0.041509989954641446,drifted
2026-04-06,max_sharpe,IWM,0.06703227583365855,drifted
2026-04-06,max_sharpe,EFA,0.3644201985100888,drifted
2026-04-06,max_sharpe,IEF,0.39940029186905346,drifted
2026-04-07,max_sharpe,SPY,0.12760414663038555,drifted
2026-04-07,max_sharpe,QQQ,0.04148732178582256,drifted
2026-04-07,max_sharpe,IWM,0.06713140921695744,drifted
2026-04-07,max_sharpe,EFA,0.363647807396314,drifted
2026-04-07,max_sharpe,IEF,0.4001293149705204,drifted
2026-04-08,max_sharpe,SPY,0.128091144951138,drifted
2026-04-08,max_sharpe,QQQ,0.04181876092739959,drifted
2026-04-08,max_sharpe,IWM,0.06767823070013332,drifted
2026-04-08,max_sharpe,EFA,0.36986784383039967,drifted
2026-04-08,max_sharpe,IEF,0.39254401959092927,drifted
2026-04-09,max_sharpe,SPY,0.1287764118249231,drifted
2026-04-09,max_sharpe,QQQ,0.042084101249904034,drifted
2026-04-09,max_sharpe,IWM,0.06803700721073135,drifted
2026-04-09,max_sharpe,EFA,0.3688453779490906,drifted
2026-04-09,max_sharpe,IEF,0.3922571017653507,drifted
2026-04-10,max_sharpe,SPY,0.1286939679768021,drifted
2026-04-10,max_sharpe,QQQ,0.0421456999246813,drifted
2026-04-10,max_sharpe,IWM,0.0678670527773158,drifted
2026-04-10,max_sharpe,EFA,0.3696854493588874,drifted
2026-04-10,max_sharpe,IEF,0.39160782996231336,drifted
2026-04-13,max_sharpe,SPY,0.12920028054791893,drifted
2026-04-13,max_sharpe,QQQ,0.04233540499312515,drifted
2026-04-13,max_sharpe,IWM,0.06844817980967592,drifted
2026-04-13,max_sharpe,EFA,0.369814193450328,drifted
2026-04-13,max_sharpe,IEF,0.39020194119895196,drifted
2026-04-14,max_sharpe,SPY,0.12979616593869805,drifted
2026-04-14,max_sharpe,QQQ,0.04278159801123376,drifted
2026-04-14,max_sharpe,IWM,0.06887156799044676,drifted
2026-04-14,max_sharpe,EFA,0.3700106333135511,drifted
2026-04-14,max_sharpe,IEF,0.38854003474607035,drifted
2026-04-15,max_sharpe,SPY,0.1308511556623019,drifted
2026-04-15,max_sharpe,QQQ,0.04339071833440071,drifted
2026-04-15,max_sharpe,IWM,0.06905952578345229,drifted
2026-04-15,max_sharpe,EFA,0.36891921321859955,drifted
2026-04-15,max_sharpe,IEF,0.38777938700124565,drifted
2026-04-16,max_sharpe,SPY,0.13131543067624618,drifted
2026-04-16,max_sharpe,QQQ,0.04364714770015441,drifted
2026-04-16,max_sharpe,IWM,0.069278379660664,drifted
2026-04-16,max_sharpe,EFA,0.3682481821012566,drifted
2026-04-16,max_sharpe,IEF,0.3875108598616788,drifted
2026-04-17,max_sharpe,SPY,0.1315280793671181,drifted
2026-04-17,max_sharpe,QQQ,0.04376095495253791,drifted
2026-04-17,max_sharpe,IWM,0.07004264590262438,drifted
2026-04-17,max_sharpe,EFA,0.3690746713867146,drifted
2026-04-17,max_sharpe,IEF,0.38559364839100513,drifted
2026-04-20,max_sharpe,SPY,0.13150379991406627,drifted
2026-04-20,max_sharpe,QQQ,0.04370136069957167,drifted
2026-04-20,max_sharpe,IWM,0.07056952261077797,drifted
2026-04-20,max_sharpe,EFA,0.3682927805421186,drifted
2026-04-20,max_sharpe,IEF,0.38593253623346535,drifted
2026-04-21,max_sharpe,SPY,0.13216569700419994,drifted
2026-04-21,max_sharpe,QQQ,0.044042619952777404,drifted
2026-04-21,max_sharpe,IWM,0.07066108025786098,drifted
2026-04-21,max_sharpe,EFA,0.36441044417415064,drifted
2026-04-21,max_sharpe,IEF,0.38872015861101106,drifted
2026-04-22,max_sharpe,SPY,0.1329445538718473,drifted
2026-04-22,max_sharpe,QQQ,0.044591793499686054,drifted
2026-04-22,max_sharpe,IWM,0.07086988550082342,drifted
2026-04-22,max_sharpe,EFA,0.364097160967582,drifted
2026-04-22,max_sharpe,IEF,0.3874966061600614,drifted
2026-04-23,max_sharpe,SPY,0.13299094676550297,drifted
2026-04-23,max_sharpe,QQQ,0.044528900132543923,drifted
2026-04-23,max_sharpe,IWM,0.07092368868507709,drifted
2026-04-23,max_sharpe,EFA,0.363025548313567,drifted
2026-04-23,max_sharpe,IEF,0.38853091610330903,drifted
2026-04-24,max_sharpe,SPY,0.13337497738325088,drifted
2026-04-24,max_sharpe,QQQ,0.04516169755020256,drifted
2026-04-24,max_sharpe,IWM,0.07087100408797817,drifted
2026-04-24,max_sharpe,EFA,0.3631654781108578,drifted
2026-04-24,max_sharpe,IEF,0.38742684286771045,drifted
2026-04-27,max_sharpe,SPY,0.13385969468428807,drifted
2026-04-27,max_sharpe,QQQ,0.045271728796117364,drifted
2026-04-27,max_sharpe,IWM,0.07113201669062545,drifted
2026-04-27,max_sharpe,EFA,0.362464119361218,drifted
2026-04-27,max_sharpe,IEF,0.38727244046775117,drifted
2026-04-28,max_sharpe,SPY,0.13371684116226326,drifted
2026-04-28,max_sharpe,QQQ,0.04498752358747954,drifted
2026-04-28,max_sharpe,IWM,0.07057135851756914,drifted
2026-04-28,max_sharpe,EFA,0.362340409941311,drifted
2026-04-28,max_sharpe,IEF,0.38838386679137704,drifted
2026-04-29,max_sharpe,SPY,0.1344691858907017,drifted
2026-04-29,max_sharpe,QQQ,0.04552426097094093,drifted
2026-04-29,max_sharpe,IWM,0.07050517065669555,drifted
2026-04-29,max_sharpe,EFA,0.36071741553292036,drifted
2026-04-29,max_sharpe,IEF,0.38878396694874146,drifted
2026-04-30,max_sharpe,SPY,0.13411005268522402,drifted
2026-04-30,max_sharpe,QQQ,0.04537465180467095,drifted
2026-04-30,max_sharpe,IWM,0.0711313647580267,drifted
2026-04-30,max_sharpe,EFA,0.36472923132303653,drifted
2026-04-30,max_sharpe,IEF,0.38465469942904174,drifted
2026-05-01,max_sharpe,SPY,0.4,target
2026-05-01,max_sharpe,QQQ,0.0894958432832556,target
2026-05-01,max_sharpe,IWM,4.440892098500625e-17,target
2026-05-01,max_sharpe,EFA,0.11050415671674439,target
2026-05-01,max_sharpe,IEF,0.4,target
2026-05-01,max_sharpe,SPY,0.4,drifted
2026-05-01,max_sharpe,QQQ,0.0894958432832556,drifted
2026-05-01,max_sharpe,IWM,4.440892098500625e-17,drifted
2026-05-01,max_sharpe,EFA,0.11050415671674439,drifted
2026-05-01,max_sharpe,IEF,0.4,drifted
2026-05-04,max_sharpe,SPY,0.4003872220087778,drifted
2026-05-04,max_sharpe,QQQ,0.08974247430128603,drifted
2026-05-04,max_sharpe,IWM,4.4391708028744936e-17,drifted
2026-05-04,max_sharpe,EFA,0.10949554324299278,drifted
2026-05-04,max_sharpe,IEF,0.40037476044694326,drifted
2026-05-05,max_sharpe,SPY,0.40102175947930047,drifted
2026-05-05,max_sharpe,QQQ,0.0903262465567834,drifted
2026-05-05,max_sharpe,IWM,4.485107106066371e-17,drifted
2026-05-05,max_sharpe,EFA,0.11024402356287454,drifted
2026-05-05,max_sharpe,IEF,0.3984079704010415,drifted
2026-05-06,max_sharpe,SPY,0.40160618071433724,drifted
2026-05-06,max_sharpe,QQQ,0.09107125117633628,drifted
2026-05-06,max_sharpe,IWM,4.49654381772197e-17,drifted
2026-05-06,max_sharpe,EFA,0.11184714021100768,drifted
2026-05-06,max_sharpe,IEF,0.39547542789831874,drifted
2026-05-07,max_sharpe,SPY,0.4022234971347271,drifted
2026-05-07,max_sharpe,QQQ,0.09138261496914149,drifted
2026-05-07,max_sharpe,IWM,4.445798300767862e-17,drifted
2026-05-07,max_sharpe,EFA,0.1103052138283435,drifted
2026-05-07,max_sharpe,IEF,0.3960886740677878,drifted
2026-05-08,max_sharpe,SPY,0.4024632181516015,drifted
2026-05-08,max_sharpe,QQQ,0.09281416527384032,drifted
2026-05-08,max_sharpe,IWM,4.441877492226729e-17,drifted
2026-05-08,max_sharpe,EFA,0.11060558435580227,drifted
2026-05-08,max_sharpe,IEF,0.3941170322187557,drifted
2026-05-11,max_sharpe,SPY,0.4035318614529707,drifted
2026-05-11,max_sharpe,QQQ,0.09311806915120367,drifted
2026-05-11,max_sharpe,IWM,4.4616892850707994e-17,drifted
2026-05-11,max_sharpe,EFA,0.11041310986288827,drifted
2026-05-11,max_sharpe,IEF,0.3929369595329372,drifted
2026-05-12,max_sharpe,SPY,0.40428231324914077,drifted
2026-05-12,max_sharpe,QQQ,0.09264029693188179,drifted
2026-05-12,max_sharpe,IWM,4.433465263553578e-17,drifted
2026-05-12,max_sharpe,EFA,0.11014552330765423,drifted
2026-05-12,max_sharpe,IEF,0.3929318665113232,drifted
2026-05-13,max_sharpe,SPY,0.4049336862293927,drifted
2026-05-13,max_sharpe,QQQ,0.09324791870410591,drifted
2026-05-13,max_sharpe,IWM,4.4174650664565306e-17,drifted
2026-05-13,max_sharpe,EFA,0.11044313019187098,drifted
2026-05-13,max_sharpe,IEF,0.3913752648746305,drifted
2026-05-14,max_sharpe,SPY,0.4068216319148048,drifted
2026-05-14,max_sharpe,QQQ,0.09360956570207701,drifted
2026-05-14,max_sharpe,IWM,4.431028079150193e-17,drifted
2026-05-14,max_sharpe,EFA,0.10969668296972615,drifted
2026-05-14,max_sharpe,IEF,0.3898721194133921,drifted
2026-05-15,max_sharpe,SPY,0.4065022557310672,drifted
2026-05-15,max_sharpe,QQQ,0.09324651832588522,drifted
2026-05-15,max_sharpe,IWM,4.373537234246184e-17,drifted
2026-05-15,max_sharpe,EFA,0.1090792662924773,drifted
2026-05-15,max_sharpe,IEF,0.39117195965057017,drifted
2026-05-18,max_sharpe,SPY,0.40615394314472403,drifted
2026-05-18,max_sharpe,QQQ,0.09283110392975015,drifted
2026-05-18,max_sharpe,IWM,4.347189867392157e-17,drifted
2026-05-18,max_sharpe,EFA,0.11007038646371167,drifted
2026-05-18,max_sharpe,IEF,0.3909445664618142,drifted
2026-05-19,max_sharpe,SPY,0.40571109390010146,drifted
2026-05-19,max_sharpe,QQQ,0.0927764095813795,drifted
2026-05-19,max_sharpe,IWM,4.324521148960985e-17,drifted
2026-05-19,max_sharpe,EFA,0.10988976880455101,drifted
2026-05-19,max_sharpe,IEF,0.391622727713968,drifted
2026-05-20,max_sharpe,SPY,0.4057397470092792,drifted
2026-05-20,max_sharpe,QQQ,0.09336291923518343,drifted
2026-05-20,max_sharpe,IWM,4.388680739897791e-17,drifted
2026-05-20,max_sharpe,EFA,0.11059709543399987,drifted
2026-05-20,max_sharpe,IEF,0.39030023832153765,drifted
2026-05-21,max_sharpe,SPY,0.4057973560627663,drifted
2026-05-21,max_sharpe,QQQ,0.09336908689386435,drifted
2026-05-21,max_sharpe,IWM,4.421625456003944e-17,drifted
2026-05-21,max_sharpe,EFA,0.11100113381733764,drifted
2026-05-21,max_sharpe,IEF,0.3898324232260317,drifted
2026-05-22,max_sharpe,SPY,0.4065389944166504,drifted
2026-05-22,max_sharpe,QQQ,0.09356852585998973,drifted
2026-05-22,max_sharpe,IWM,4.4534385976721066e-17,drifted
2026-05-22,max_sharpe,EFA,0.11054525013045816,drifted
2026-05-22,max_sharpe,IEF,0.38934722959290174,drifted
2026-05-26,max_sharpe,SPY,0.4062955836257403,drifted
2026-05-26,max_sharpe,QQQ,0.09454518072259332,drifted
2026-05-26,max_sharpe,IWM,4.505004335735651e-17,drifted
2026-05-26,max_sharpe,EFA,0.11096428869988878,drifted
2026-05-26,max_sharpe,IEF,0.38819494695177753,drifted
2026-05-27,max_sharpe,SPY,0.40638497083132225,drifted
2026-05-27,max_sharpe,QQQ,0.0944748607582739,drifted
2026-05-27,max_sharpe,IWM,4.504603952071787e-17,drifted
2026-05-27,max_sharpe,EFA,0.11062779688583682,drifted
2026-05-27,max_sharpe,IEF,0.3885123715245671,drifted
2026-05-28,max_sharpe,SPY,0.40705553559069263,drifted
2026-05-28,max_sharpe,QQQ,0.09490504227154381,drifted
2026-05-28,max_sharpe,IWM,4.5129359269564984e-17,drifted
2026-05-28,max_sharpe,EFA,0.1101182596362904,drifted
2026-05-28,max_sharpe,IEF,0.38792116250147307,drifted
2026-05-29,max_sharpe,SPY,0.40728327202162656,drifted
2026-05-29,max_sharpe,QQQ,0.09507110404532337,drifted
2026-05-29,max_sharpe,IWM,4.4795602526148913e-17,drifted
2026-05-29,max_sharpe,EFA,0.1100215325791605,drifted
2026-05-29,max_sharpe,IEF,0.3876240913538897,drifted
2026-06-01,max_sharpe,SPY,0.4,target
2026-06-01,max_sharpe,QQQ,0.16328444867414682,target
2026-06-01,max_sharpe,IWM,1.2754265186548544e-17,target
2026-06-01,max_sharpe,EFA,0.03671555132585313,target
2026-06-01,max_sharpe,IEF,0.39999999999999997,target
2026-06-01,max_sharpe,SPY,0.4,drifted
2026-06-01,max_sharpe,QQQ,0.16328444867414682,drifted
2026-06-01,max_sharpe,IWM,1.2754265186548544e-17,drifted
2026-06-01,max_sharpe,EFA,0.03671555132585313,drifted
2026-06-01,max_sharpe,IEF,0.39999999999999997,drifted
2026-06-02,max_sharpe,SPY,0.3998249802200703,drifted
2026-06-02,max_sharpe,QQQ,0.16374217494890356,drifted
2026-06-02,max_sharpe,IWM,1.2849466438160786e-17,drifted
2026-06-02,max_sharpe,EFA,0.03685324674021805,drifted
2026-06-02,max_sharpe,IEF,0.39957959809080806,drifted
2026-06-03,max_sharpe,SPY,0.3988408392939676,drifted
2026-06-03,max_sharpe,QQQ,0.1640635486295369,drifted
2026-06-03,max_sharpe,IWM,1.2731828137694424e-17,drifted
2026-06-03,max_sharpe,EFA,0.03670505608941251,drifted
2026-06-03,max_sharpe,IEF,0.40039055598708295,drifted
2026-06-04,max_sharpe,SPY,0.3997414244809966,drifted
2026-06-04,max_sharpe,QQQ,0.16302256950451752,drifted
2026-06-04,max_sharpe,IWM,1.2904331131318427e-17,drifted
2026-06-04,max_sharpe,EFA,0.036941602349573444,drifted
2026-06-04,max_sharpe,IEF,0.40029440366491253,drifted
2026-06-05,max_sharpe,SPY,0.3978653397108175,drifted
2026-06-05,max_sharpe,QQQ,0.1585613049060886,drifted
2026-06-05,max_sharpe,IWM,1.2716293010878205e-17,drifted
2026-06-05,max_sharpe,EFA,0.03677495199558033,drifted
2026-06-05,max_sharpe,IEF,0.40679840338751355,drifted
2026-06-08,max_sharpe,SPY,0.3975079473878312,drifted
2026-06-08,max_sharpe,QQQ,0.1605292439496476,drifted
2026-06-08,max_sharpe,IWM,1.27868846195777e-17,drifted
2026-06-08,max_sharpe,EFA,0.03688117424095883,drifted
2026-06-08,max_sharpe,IEF,0.4050816344215625,drifted
2026-06-09,max_sharpe,SPY,0.39708789757289276,drifted
2026-06-09,max_sharpe,QQQ,0.15898099884570846,drifted
2026-06-09,max_sharpe,IWM,1.2852013372334533e-17,drifted
2026-06-09,max_sharpe,EFA,0.03695785540688282,drifted
2026-06-09,max_sharpe,IEF,0.40697324817451597,drifted
2026-06-10,max_sharpe,SPY,0.39489679186958543,drifted
2026-06-10,max_sharpe,QQQ,0.15742730056030757,drifted
2026-06-10,max_sharpe,IWM,1.2850508690019244e-17,drifted
2026-06-10,max_sharpe,EFA,0.03685999051234953,drifted
2026-06-10,max_sharpe,IEF,0.4108159170577575,drifted
2026-06-11,max_sharpe,SPY,0.39527405401097576,drifted
2026-06-11,max_sharpe,QQQ,0.1601775169323315,drifted
2026-06-11,max_sharpe,IWM,1.3022695618573235e-17,drifted
2026-06-11,max_sharpe,EFA,0.03740726732998671,drifted
2026-06-11,max_sharpe,IEF,0.40714116172670595,drifted
2026-06-12,max_sharpe,SPY,0.39642334044818955,drifted
2026-06-12,max_sharpe,QQQ,0.16071937379508902,drifted
2026-06-12,max_sharpe,IWM,1.310392231571972e-17,drifted
2026-06-12,max_sharpe,EFA,0.037417547646472135,drifted
2026-06-12,max_sharpe,IEF,0.4054397381102492,drifted
2026-06-15,max_sharpe,SPY,0.3983462271851212,drifted
2026-06-15,max_sharpe,QQQ,0.16368579762511554,drifted
2026-06-15,max_sharpe,IWM,1.3044906937098221e-17,drifted
2026-06-15,max_sharpe,EFA,0.03719625186438965,drifted
2026-06-15,max_sharpe,IEF,0.4007717233253735,drifted
2026-06-16,max_sharpe,SPY,0.39771476134619177,drifted
2026-06-16,max_sharpe,QQQ,0.16128182897605203,drifted
2026-06-16,max_sharpe,IWM,1.298849596464948e-17,drifted
2026-06-16,max_sharpe,EFA,0.037442570269381414,drifted
2026-06-16,max_sharpe,IEF,0.4035608394083748,drifted
2026-06-17,max_sharpe,SPY,0.39628132714801134,drifted
2026-06-17,max_sharpe,QQQ,0.1610939558328766,drifted
2026-06-17,max_sharpe,IWM,1.3006630533360346e-17,drifted
2026-06-17,max_sharpe,EFA,0.03758744884257405,drifted
2026-06-17,max_sharpe,IEF,0.4050372681765381,drifted
2026-06-18,max_sharpe,SPY,0.3964955998894494,drifted
2026-06-18,max_sharpe,QQQ,0.16352100324378888,drifted
2026-06-18,max_sharpe,IWM,1.3133455835326e-17,drifted
2026-06-18,max_sharpe,EFA,0.0374467407224053,drifted
2026-06-18,max_sharpe,IEF,0.4025366561443564,drifted
2026-06-22,max_sharpe,SPY,0.3964900606396651,drifted
2026-06-22,max_sharpe,QQQ,0.16362317064816181,drifted
2026-06-22,max_sharpe,IWM,1.3290171040903807e-17,drifted
2026-06-22,max_sharpe,EFA,0.03762559175297704,drifted
2026-06-22,max_sharpe,IEF,0.40226117695919605,drifted
2026-06-23,max_sharpe,SPY,0.3952359197250944,drifted
2026-06-23,max_sharpe,QQQ,0.1600590886487907,drifted
2026-06-23,max_sharpe,IWM,1.3314415625790555e-17,drifted
2026-06-23,max_sharpe,EFA,0.0372877532397214,drifted
2026-06-23,max_sharpe,IEF,0.4074172383863935,drifted
2026-06-24,max_sharpe,SPY,0.39438032788767585,drifted
2026-06-24,max_sharpe,QQQ,0.1591082390294873,drifted
2026-06-24,max_sharpe,IWM,1.3353414428982678e-17,drifted
2026-06-24,max_sharpe,EFA,0.0371516275827197,drifted
2026-06-24,max_sharpe,IEF,0.4093598055001172,drifted
2026-06-25,max_sharpe,SPY,0.39398817631237765,drifted
2026-06-25,max_sharpe,QQQ,0.16000709453619574,drifted
2026-06-25,max_sharpe,IWM,1.3420552932278187e-17,drifted
2026-06-25,max_sharpe,EFA,0.037383662923689526,drifted
2026-06-25,max_sharpe,IEF,0.40862106622773714,drifted
2026-06-26,max_sharpe,SPY,0.392803766425237,drifted
2026-06-26,max_sharpe,QQQ,0.15847643015941426,drifted
2026-06-26,max_sharpe,IWM,1.3519151679301925e-17,drifted
2026-06-26,max_sharpe,EFA,0.03732074656852517,drifted
2026-06-26,max_sharpe,IEF,0.41139905684682354,drifted
2026-06-29,max_sharpe,SPY,0.39498118969770035,drifted
2026-06-29,max_sharpe,QQQ,0.1606685589878395,drifted
2026-06-29,max_sharpe,IWM,1.3335402208691419e-17,drifted
2026-06-29,max_sharpe,EFA,0.03724702895234724,drifted
2026-06-29,max_sharpe,IEF,0.407103222362113,drifted
2026-06-30,max_sharpe,SPY,0.39652397991737526,drifted
2026-06-30,max_sharpe,QQQ,0.16277305160317607,drifted
2026-06-30,max_sharpe,IWM,1.3349811000169575e-17,drifted
2026-06-30,max_sharpe,EFA,0.03725782122914605,drifted
2026-06-30,max_sharpe,IEF,0.40344514725030267,drifted
2026-07-01,max_sharpe,SPY,0.3999999999999999,target
2026-07-01,max_sharpe,QQQ,0.04740472326961569,target
2026-07-01,max_sharpe,IWM,0.09830323321945822,target
2026-07-01,max_sharpe,EFA,0.05429204351092604,target
2026-07-01,max_sharpe,IEF,0.4,target
2026-07-01,max_sharpe,SPY,0.3999999999999999,drifted
2026-07-01,max_sharpe,QQQ,0.04740472326961569,drifted
2026-07-01,max_sharpe,IWM,0.09830323321945822,drifted
2026-07-01,max_sharpe,EFA,0.05429204351092604,drifted
2026-07-01,max_sharpe,IEF,0.4,drifted
2026-07-02,max_sharpe,SPY,0.3998040011767843,drifted
2026-07-02,max_sharpe,QQQ,0.04662145549609251,drifted
2026-07-02,max_sharpe,IWM,0.09781241930732916,drifted
2026-07-02,max_sharpe,EFA,0.055048888827298435,drifted
2026-07-02,max_sharpe,IEF,0.40071323519249563,drifted
2026-07-06,max_sharpe,SPY,0.40111834375132277,drifted
2026-07-06,max_sharpe,QQQ,0.04703506771421647,drifted
2026-07-06,max_sharpe,IWM,0.09771646458251922,drifted
2026-07-06,max_sharpe,EFA,0.05532382492124978,drifted
2026-07-06,max_sharpe,IEF,0.3988062990306918,drifted
2026-07-07,max_sharpe,SPY,0.4017747403590379,drifted
2026-07-07,max_sharpe,QQQ,0.04646007267875287,drifted
2026-07-07,max_sharpe,IWM,0.09745204669068669,drifted
2026-07-07,max_sharpe,EFA,0.054992588943506504,drifted
2026-07-07,max_sharpe,IEF,0.399320551328016,drifted
2026-07-08,max_sharpe,SPY,0.40183274567427396,drifted
2026-07-08,max_sharpe,QQQ,0.04674284226480475,drifted
2026-07-08,max_sharpe,IWM,0.0968736386239121,drifted
2026-07-08,max_sharpe,EFA,0.05474723228396641,drifted
2026-07-08,max_sharpe,IEF,0.3998035411530427,drifted
2026-07-09,max_sharpe,SPY,0.4025884151165458,drifted
2026-07-09,max_sharpe,QQQ,0.04721046900120029,drifted
2026-07-09,max_sharpe,IWM,0.09747412147151038,drifted
2026-07-09,max_sharpe,EFA,0.05468444436245185,drifted
2026-07-09,max_sharpe,IEF,0.39804255004829175,drifted
2026-07-10,max_sharpe,SPY,0.40377981909007915,drifted
2026-07-10,max_sharpe,QQQ,0.047292334029212055,drifted
2026-07-10,max_sharpe,IWM,0.09693365346872977,drifted
2026-07-10,max_sharpe,EFA,0.05482635651451889,drifted
2026-07-10,max_sharpe,IEF,0.3971678368974601,drifted
2026-07-13,max_sharpe,SPY,0.40344230797688746,drifted
2026-07-13,max_sharpe,QQQ,0.04671359814409119,drifted
2026-07-13,max_sharpe,IWM,0.09677223284257537,drifted
2026-07-13,max_sharpe,EFA,0.054626427807127835,drifted
2026-07-13,max_sharpe,IEF,0.39844543322931814,drifted
2026-07-14,max_sharpe,SPY,0.4033479955591174,drifted
2026-07-14,max_sharpe,QQQ,0.04705725783335127,drifted
2026-07-14,max_sharpe,IWM,0.09674565373722988,drifted
2026-07-14,max_sharpe,EFA,0.05479996155138355,drifted
2026-07-14,max_sharpe,IEF,0.398049131318918,drifted
2026-07-15,max_sharpe,SPY,0.4036439833883931,drifted
2026-07-15,max_sharpe,QQQ,0.046778778901231235,drifted
2026-07-15,max_sharpe,IWM,0.09684698126931308,drifted
2026-07-15,max_sharpe,EFA,0.05498621496056648,drifted
2026-07-15,max_sharpe,IEF,0.3977440414804961,drifted
2026-07-16,max_sharpe,SPY,0.4029521375322711,drifted
2026-07-16,max_sharpe,QQQ,0.0461810894493987,drifted
2026-07-16,max_sharpe,IWM,0.09714856692698845,drifted
2026-07-16,max_sharpe,EFA,0.05474802061988352,drifted
2026-07-16,max_sharpe,IEF,0.3989701854714583,drifted
2026-07-17,max_sharpe,SPY,0.400942275564023,drifted
2026-07-17,max_sharpe,QQQ,0.0457125512146379,drifted
2026-07-17,max_sharpe,IWM,0.09711832367151606,drifted
2026-07-17,max_sharpe,EFA,0.05476508632879541,drifted
2026-07-17,max_sharpe,IEF,0.40146176322102756,drifted
2026-07-20,max_sharpe,SPY,0.4014418661356644,drifted
2026-07-20,max_sharpe,QQQ,0.045891648434682644,drifted
2026-07-20,max_sharpe,IWM,0.09682353138641576,drifted
2026-07-20,max_sharpe,EFA,0.05451803285256294,drifted
2026-07-20,max_sharpe,IEF,0.4013249211906743,drifted
2026-07-21,max_sharpe,SPY,0.4026138980515498,drifted
2026-07-21,max_sharpe,QQQ,0.04649147893499416,drifted
2026-07-21,max_sharpe,IWM,0.09769651684003779,drifted
2026-07-21,max_sharpe,EFA,0.05501259944080336,drifted
2026-07-21,max_sharpe,IEF,0.39818550673261477,drifted
2026-07-22,max_sharpe,SPY,0.40311615058230077,drifted
2026-07-22,max_sharpe,QQQ,0.04636570437942187,drifted
2026-07-22,max_sharpe,IWM,0.09702406937977752,drifted
2026-07-22,max_sharpe,EFA,0.055246037214653376,drifted
2026-07-22,max_sharpe,IEF,0.39824803844384643,drifted
2026-07-23,max_sharpe,SPY,0.40143156992567025,drifted
2026-07-23,max_sharpe,QQQ,0.04586180713382222,drifted
2026-07-23,max_sharpe,IWM,0.09726062846981666,drifted
2026-07-23,max_sharpe,EFA,0.05498172719432049,drifted
2026-07-23,max_sharpe,IEF,0.40046426727637036,drifted
2026-07-24,max_sharpe,SPY,0.4015831840693652,drifted
2026-07-24,max_sharpe,QQQ,0.045320558842060404,drifted
2026-07-24,max_sharpe,IWM,0.09689247438271957,drifted
2026-07-24,max_sharpe,EFA,0.05521900052598619,drifted
2026-07-24,max_sharpe,IEF,0.40098478217986855,drifted
2026-07-27,max_sharpe,SPY,0.4009201329759795,drifted
2026-07-27,max_sharpe,QQQ,0.04509643588911582,drifted
2026-07-27,max_sharpe,IWM,0.09728947608946921,drifted
2026-07-27,max_sharpe,EFA,0.05538238187983816,drifted
2026-07-27,max_sharpe,IEF,0.40131157316559735,drifted
2026-07-28,max_sharpe,SPY,0.40113070833631354,drifted
2026-07-28,max_sharpe,QQQ,0.04457482106354565,drifted
2026-07-28,max_sharpe,IWM,0.09726052738049001,drifted
2026-07-28,max_sharpe,EFA,0.0552684477814578,drifted
2026-07-28,max_sharpe,IEF,0.40176549543819307,drifted
2026-07-29,max_sharpe,SPY,0.39919905417162227,drifted
2026-07-29,max_sharpe,QQQ,0.0441356675027354,drifted
2026-07-29,max_sharpe,IWM,0.09669641067437529,drifted
2026-07-29,max_sharpe,EFA,0.05558226949688136,drifted
2026-07-29,max_sharpe,IEF,0.40438659815438577,drifted
2026-07-30,max_sharpe,SPY,0.4013914964049058,drifted
2026-07-30,max_sharpe,QQQ,0.04508550428137704,drifted
2026-07-30,max_sharpe,IWM,0.09695638202236628,drifted
2026-07-30,max_sharpe,EFA,0.056492079194888016,drifted
2026-07-30,max_sharpe,IEF,0.40007453809646293,drifted
2026-07-31,max_sharpe,SPY,0.40377460212609106,drifted
2026-07-31,max_sharpe,QQQ,0.04532146802919814,drifted
2026-07-31,max_sharpe,IWM,0.09637479263306815,drifted
2026-07-31,max_sharpe,EFA,0.05607074683668062,drifted
2026-07-31,max_sharpe,IEF,0.398458390374962,drifted
2026-08-03,max_sharpe,SPY,0.4,target
2026-08-03,max_sharpe,QQQ,1.0527522117865293e-16,target
2026-08-03,max_sharpe,IWM,0.054855655729489944,target
2026-08-03,max_sharpe,EFA,0.14514434427050996,target
2026-08-03,max_sharpe,IEF,0.4,target
2026-08-03,max_sharpe,SPY,0.4,drifted
2026-08-03,max_sharpe,QQQ,1.0527522117865293e-16,drifted
2026-08-03,max_sharpe,IWM,0.054855655729489944,drifted
2026-08-03,max_sharpe,EFA,0.14514434427050996,drifted
2026-08-03,max_sharpe,IEF,0.4,drifted
2026-08-04,max_sharpe,SPY,0.4024382355017399,drifted
2026-08-04,max_sharpe,QQQ,1.0757524742272418e-16,drifted
2026-08-04,max_sharpe,IWM,0.055217383406941545,drifted
2026-08-04,max_sharpe,EFA,0.14520183668635117,drifted
2026-08-04,max_sharpe,IEF,0.39714254440496716,drifted
2026-08-05,max_sharpe,SPY,0.4019378909922479,drifted
2026-08-05,max_sharpe,QQQ,1.0668228271672405e-16,drifted
2026-08-05,max_sharpe,IWM,0.05490374592417249,drifted
2026-08-05,max_sharpe,EFA,0.1454603740883867,drifted
2026-08-05,max_sharpe,IEF,0.3976979889951928,drifted
2026-08-06,max_sharpe,SPY,0.40232148596120976,drifted
2026-08-06,max_sharpe,QQQ,1.065598579535393e-16,drifted
2026-08-06,max_sharpe,IWM,0.05476499326820237,drifted
2026-08-06,max_sharpe,EFA,0.14573718587953793,drifted
2026-08-06,max_sharpe,IEF,0.39717633489104986,drifted
2026-08-07,max_sharpe,SPY,0.40251822762838046,drifted
2026-08-07,max_sharpe,QQQ,1.0720649848586487e-16,drifted
2026-08-07,max_sharpe,IWM,0.05506312514914823,drifted
2026-08-07,max_sharpe,EFA,0.14652855726339886,drifted
2026-08-07,max_sharpe,IEF,0.3958900899590724,drifted
2026-08-10,max_sharpe,SPY,0.40356045534321283,drifted
2026-08-10,max_sharpe,QQQ,1.0719486470080336e-16,drifted
2026-08-10,max_sharpe,IWM,0.054932795009202666,drifted
2026-08-10,max_sharpe,EFA,0.14622063208908623,drifted
2026-08-10,max_sharpe,IEF,0.3952861175584982,drifted
2026-08-11,max_sharpe,SPY,0.40248329185237336,drifted
2026-08-11,max_sharpe,QQQ,1.0689138642671337e-16,drifted
2026-08-11,max_sharpe,IWM,0.055146832739373854,drifted
2026-08-11,max_sharpe,EFA,0.14640614882367112,drifted
2026-08-11,max_sharpe,IEF,0.3959637265845816,drifted
2026-08-12,max_sharpe,SPY,0.40258062094727143,drifted
2026-08-12,max_sharpe,QQQ,1.0742945793142723e-16,drifted
2026-08-12,max_sharpe,IWM,0.055336782069167284,drifted
2026-08-12,max_sharpe,EFA,0.146629780331001,drifted
2026-08-12,max_sharpe,IEF,0.3954528166525604,drifted
2026-08-13,max_sharpe,SPY,0.40351065079987464,drifted
2026-08-13,max_sharpe,QQQ,1.0816824247139616e-16,drifted
2026-08-13,max_sharpe,IWM,0.05522404055337234,drifted
2026-08-13,max_sharpe,EFA,0.14620573493237624,drifted
2026-08-13,max_sharpe,IEF,0.39505957371437683,drifted
2026-08-14,max_sharpe,SPY,0.40338858395781513,drifted
2026-08-14,max_sharpe,QQQ,1.0820202081235235e-16,drifted
2026-08-14,max_sharpe,IWM,0.05560664986385091,drifted
2026-08-14,max_sharpe,EFA,0.14638406799962375,drifted
2026-08-14,max_sharpe,IEF,0.39462069817871015,drifted
2026-08-17,max_sharpe,SPY,0.4027700804446681,drifted
2026-08-17,max_sharpe,QQQ,1.0837108762624926e-16,drifted
2026-08-17,max_sharpe,IWM,0.05559677347914999,drifted
2026-08-17,max_sharpe,EFA,0.1465970177728705,drifted
2026-08-17,max_sharpe,IEF,0.39503612830331136,drifted
2026-08-18,max_sharpe,SPY,0.4019112801641493,drifted
2026-08-18,max_sharpe,QQQ,1.0703179902113824e-16,drifted
2026-08-18,max_sharpe,IWM,0.055152009161037144,drifted
2026-08-18,max_sharpe,EFA,0.14567693327961942,drifted
2026-08-18,max_sharpe,IEF,0.397259777395194,drifted
2026-08-19,max_sharpe,SPY,0.401321629489484,drifted
2026-08-19,max_sharpe,QQQ,1.0643848163865489e-16,drifted
2026-08-19,max_sharpe,IWM,0.05522854099025918,drifted
2026-08-19,max_sharpe,EFA,0.14568645745280856,drifted
2026-08-19,max_sharpe,IEF,0.3977633720674482,drifted
2026-08-20,max_sharpe,SPY,0.4004133548469194,drifted
2026-08-20,max_sharpe,QQQ,1.0632694905737788e-16,drifted
2026-08-20,max_sharpe,IWM,0.05482440954618764,drifted
2026-08-20,max_sharpe,EFA,0.14616595514402891,drifted
2026-08-20,max_sharpe,IEF,0.39859628046286383,drifted
2026-08-21,max_sharpe,SPY,0.40104880696726536,drifted
2026-08-21,max_sharpe,QQQ,1.0643623490960459e-16,drifted
2026-08-21,max_sharpe,IWM,0.05510839091474994,drifted
2026-08-21,max_sharpe,EFA,0.14701019792061762,drifted
2026-08-21,max_sharpe,IEF,0.3968326041973668,drifted
2026-08-24,max_sharpe,SPY,0.4002774118429265,drifted
2026-08-24,max_sharpe,QQQ,1.0548128666958297e-16,drifted
2026-08-24,max_sharpe,IWM,0.054798514001608074,drifted
2026-08-24,max_sharpe,EFA,0.14687434333519503,drifted
2026-08-24,max_sharpe,IEF,0.39804973082027034,drifted
2026-08-25,max_sharpe,SPY,0.3996737008022167,drifted
2026-08-25,max_sharpe,QQQ,1.0564067170434858e-16,drifted
2026-08-25,max_sharpe,IWM,0.05477219368594612,drifted
2026-08-25,max_sharpe,EFA,0.14724111258402534,drifted
2026-08-25,max_sharpe,IEF,0.3983129929278117,drifted
2026-08-26,max_sharpe,SPY,0.40036547075147977,drifted
2026-08-26,max_sharpe,QQQ,1.0589679552518558e-16,drifted
2026-08-26,max_sharpe,IWM,0.05479982008700917,drifted
2026-08-26,max_sharpe,EFA,0.14673139627544166,drifted
2026-08-26,max_sharpe,IEF,0.3981033128860693,drifted
2026-08-27,max_sharpe,SPY,0.4021597115740943,drifted
2026-08-27,max_sharpe,QQQ,1.0712581867342519e-16,drifted
2026-08-27,max_sharpe,IWM,0.054848035631749274,drifted
2026-08-27,max_sharpe,EFA,0.14609133293522017,drifted
2026-08-27,max_sharpe,IEF,0.3969009198589362,drifted
2026-08-28,max_sharpe,SPY,0.40272862619914135,drifted
2026-08-28,max_sharpe,QQQ,1.0682357200364793e-16,drifted
2026-08-28,max_sharpe,IWM,0.05430507598283828,drifted
2026-08-28,max_sharpe,EFA,0.14622355134703052,drifted
2026-08-28,max_sharpe,IEF,0.3967427464709898,drifted
2026-08-31,max_sharpe,SPY,0.4024804223725955,drifted
2026-08-31,max_sharpe,QQQ,1.0712717149809135e-16,drifted
2026-08-31,max_sharpe,IWM,0.054099357642425676,drifted
2026-08-31,max_sharpe,EFA,0.14620422854950416,drifted
2026-08-31,max_sharpe,IEF,0.3972159914354745,drifted
2026-09-01,max_sharpe,SPY,0.4,target
2026-09-01,max_sharpe,QQQ,4.000045789380851e-17,target
2026-09-01,max_sharpe,IWM,0.027069193279961212,target
2026-09-01,max_sharpe,EFA,0.17293080672003874,target
2026-09-01,max_sharpe,IEF,0.4,target
2026-09-01,max_sharpe,SPY,0.4,drifted
2026-09-01,max_sharpe,QQQ,4.000045789380851e-17,drifted
2026-09-01,max_sharpe,IWM,0.027069193279961212,drifted
2026-09-01,max_sharpe,EFA,0.17293080672003874,drifted
2026-09-01,max_sharpe,IEF,0.4,drifted
2026-09-02,max_sharpe,SPY,0.4004260028580711,drifted
2026-09-02,max_sharpe,QQQ,3.995631427708266e-17,drifted
2026-09-02,max_sharpe,IWM,0.027297711738984282,drifted
2026-09-02,max_sharpe,EFA,0.17327279973661625,drifted
2026-09-02,max_sharpe,IEF,0.3990034856663282,drifted
2026-09-03,max_sharpe,SPY,0.4019666700986593,drifted
2026-09-03,max_sharpe,QQQ,4.016631656282494e-17,drifted
2026-09-03,max_sharpe,IWM,0.027227692180057807,drifted
2026-09-03,max_sharpe,EFA,0.1739865133187415,drifted
2026-09-03,max_sharpe,IEF,0.39681912440254136,drifted
2026-09-04,max_sharpe,SPY,0.400969754867989,drifted
2026-09-04,max_sharpe,QQQ,4.0294024262454454e-17,drifted
2026-09-04,max_sharpe,IWM,0.027340991585452952,drifted
2026-09-04,max_sharpe,EFA,0.17445192975192772,drifted
2026-09-04,max_sharpe,IEF,0.3972373237946303,drifted
2026-09-08,max_sharpe,SPY,0.40023378390896197,drifted
2026-09-08,max_sharpe,QQQ,4.040843118945989e-17,drifted
2026-09-08,max_sharpe,IWM,0.027317296509495808,drifted
2026-09-08,max_sharpe,EFA,0.1741399384363859,drifted
2026-09-08,max_sharpe,IEF,0.3983089811451564,drifted
2026-09-09,max_sharpe,SPY,0.4004949092767688,drifted
2026-09-09,max_sharpe,QQQ,4.050767431256665e-17,drifted
2026-09-09,max_sharpe,IWM,0.027087169103887688,drifted
2026-09-09,max_sharpe,EFA,0.17311768491487345,drifted
2026-09-09,max_sharpe,IEF,0.39930023670446996,drifted
2026-09-10,max_sharpe,SPY,0.40100762907219134,drifted
2026-09-10,max_sharpe,QQQ,4.037005623309587e-17,drifted
2026-09-10,max_sharpe,IWM,0.027009394239948355,drifted
2026-09-10,max_sharpe,EFA,0.17291178922575284,drifted
2026-09-10,max_sharpe,IEF,0.3990711874621075,drifted
2026-09-11,max_sharpe,SPY,0.40261900650491156,drifted
2026-09-11,max_sharpe,QQQ,4.0540719529983226e-17,drifted
2026-09-11,max_sharpe,IWM,0.02699993953557117,drifted
2026-09-11,max_sharpe,EFA,0.17383357454770856,drifted
2026-09-11,max_sharpe,IEF,0.39654747941180857,drifted
2026-09-14,max_sharpe,SPY,0.4022794452554808,drifted
2026-09-14,max_sharpe,QQQ,4.036364203537284e-17,drifted
2026-09-14,max_sharpe,IWM,0.02700614296306888,drifted
2026-09-14,max_sharpe,EFA,0.17307553648701582,drifted
2026-09-14,max_sharpe,IEF,0.39763887529443437,drifted
2026-09-15,max_sharpe,SPY,0.4017407252172013,drifted
2026-09-15,max_sharpe,QQQ,4.023037751387456e-17,drifted
2026-09-15,max_sharpe,IWM,0.026903660880772222,drifted
2026-09-15,max_sharpe,EFA,0.17290201233980199,drifted
2026-09-15,max_sharpe,IEF,0.3984536015622245,drifted
2026-09-16,max_sharpe,SPY,0.4011343803542905,drifted
2026-09-16,max_sharpe,QQQ,4.035789414162216e-17,drifted
2026-09-16,max_sharpe,IWM,0.026866597453515995,drifted
2026-09-16,max_sharpe,EFA,0.17278056095995645,drifted
2026-09-16,max_sharpe,IEF,0.399218461232237,drifted
2026-09-17,max_sharpe,SPY,0.4022007283635756,drifted
2026-09-17,max_sharpe,QQQ,4.070417189519126e-17,drifted
2026-09-17,max_sharpe,IWM,0.026777657666535008,drifted
2026-09-17,max_sharpe,EFA,0.17296129161059312,drifted
2026-09-17,max_sharpe,IEF,0.3980603223592962,drifted
2026-09-18,max_sharpe,SPY,0.4040579755809533,drifted
2026-09-18,max_sharpe,QQQ,4.1097628640020107e-17,drifted
2026-09-18,max_sharpe,IWM,0.026741544854775215,drifted
2026-09-18,max_sharpe,EFA,0.17178556601863904,drifted
2026-09-18,max_sharpe,IEF,0.39741491354563246,drifted
2026-09-21,max_sharpe,SPY,0.4063268905827668,drifted
2026-09-21,max_sharpe,QQQ,4.187031304610235e-17,drifted
2026-09-21,max_sharpe,IWM,0.026619067467005163,drifted
2026-09-21,max_sharpe,EFA,0.17199247232234144,drifted
2026-09-21,max_sharpe,IEF,0.39506156962788647,drifted
2026-09-22,max_sharpe,SPY,0.405966747601273,drifted
2026-09-22,max_sharpe,QQQ,4.217769931270125e-17,drifted
2026-09-22,max_sharpe,IWM,0.0267514229805727,drifted
2026-09-22,max_sharpe,EFA,0.17246587264673197,drifted
2026-09-22,max_sharpe,IEF,0.39481595677142245,drifted
2026-09-23,max_sharpe,SPY,0.4072665193959798,drifted
2026-09-23,max_sharpe,QQQ,4.2263321296661703e-17,drifted
2026-09-23,max_sharpe,IWM,0.026533874773751975,drifted
2026-09-23,max_sharpe,EFA,0.17149137451441848,drifted
2026-09-23,max_sharpe,IEF,0.39470823131584964,drifted
2026-09-24,max_sharpe,SPY,0.4081722687195496,drifted
2026-09-24,max_sharpe,QQQ,4.2385803487166073e-17,drifted
2026-09-24,max_sharpe,IWM,0.02659017704826919,drifted
2026-09-24,max_sharpe,EFA,0.1715214964759665,drifted
2026-09-24,max_sharpe,IEF,0.39371605775621454,drifted
2026-09-25,max_sharpe,SPY,0.4082075769801718,drifted
2026-09-25,max_sharpe,QQQ,4.235373236031429e-17,drifted
2026-09-25,max_sharpe,IWM,0.026477825713674796,drifted
2026-09-25,max_sharpe,EFA,0.1723395690760769,drifted
2026-09-25,max_sharpe,IEF,0.3929750282300765,drifted
2026-09-28,max_sharpe,SPY,0.4076656108356327,drifted
2026-09-28,max_sharpe,QQQ,4.2158421448657996e-17,drifted
2026-09-28,max_sharpe,IWM,0.026456679981199525,drifted
2026-09-28,max_sharpe,EFA,0.1725469333338576,drifted
2026-09-28,max_sharpe,IEF,0.3933307758493101,drifted
2026-09-29,max_sharpe,SPY,0.4077380659078225,drifted
2026-09-29,max_sharpe,QQQ,4.2324006736717086e-17,drifted
2026-09-29,max_sharpe,IWM,0.026414586952244787,drifted
2026-09-29,max_sharpe,EFA,0.17207301069194753,drifted
2026-09-29,max_sharpe,IEF,0.3937743364479851,drifted
2026-09-30,max_sharpe,SPY,0.40797332586754137,drifted
2026-09-30,max_sharpe,QQQ,4.2541421927470115e-17,drifted
2026-09-30,max_sharpe,IWM,0.026377925899268788,drifted
2026-09-30,max_sharpe,EFA,0.1714540168084438,drifted
2026-09-30,max_sharpe,IEF,0.394194731424746,drifted
2026-10-01,max_sharpe,SPY,0.4,target
2026-10-01,max_sharpe,QQQ,0.04836071316204667,target
2026-10-01,max_sharpe,IWM,4.440892098500625e-17,target
2026-10-01,max_sharpe,EFA,0.15163928683795327,target
2026-10-01,max_sharpe,IEF,0.4,target
2026-10-01,max_sharpe,SPY,0.4,drifted
2026-10-01,max_sharpe,QQQ,0.04836071316204667,drifted
2026-10-01,max_sharpe,IWM,4.440892098500625e-17,drifted
2026-10-01,max_sharpe,EFA,0.15163928683795327,drifted
2026-10-01,max_sharpe,IEF,0.4,drifted
2026-10-02,max_sharpe,SPY,0.4013480865305264,drifted
2026-10-02,max_sharpe,QQQ,0.048657573857207814,drifted
2026-10-02,max_sharpe,IWM,4.462778945524904e-17,drifted
2026-10-02,max_sharpe,EFA,0.15270794638009932,drifted
2026-10-02,max_sharpe,IEF,0.3972863932321663,drifted
2026-10-05,max_sharpe,SPY,0.4029830104938142,drifted
2026-10-05,max_sharpe,QQQ,0.048957121237880895,drifted
2026-10-05,max_sharpe,IWM,4.4803514696636745e-17,drifted
2026-10-05,max_sharpe,EFA,0.1524055229587608,drifted
2026-10-05,max_sharpe,IEF,0.3956543453095442,drifted
2026-10-06,max_sharpe,SPY,0.4037240634806682,drifted
2026-10-06,max_sharpe,QQQ,0.049002149087985045,drifted
2026-10-06,max_sharpe,IWM,4.431911192251042e-17,drifted
2026-10-06,max_sharpe,EFA,0.15212825262993251,drifted
2026-10-06,max_sharpe,IEF,0.39514553480141407,drifted
2026-10-07,max_sharpe,SPY,0.40389279127407446,drifted
2026-10-07,max_sharpe,QQQ,0.0490157344250305,drifted
2026-10-07,max_sharpe,IWM,4.3869292509188026e-17,drifted
2026-10-07,max_sharpe,EFA,0.15091854921711972,drifted
2026-10-07,max_sharpe,IEF,0.3961729250837752,drifted
2026-10-08,max_sharpe,SPY,0.40276316882326935,drifted
2026-10-08,max_sharpe,QQQ,0.048428904868993046,drifted
2026-10-08,max_sharpe,IWM,4.39119971394275e-17,drifted
2026-10-08,max_sharpe,EFA,0.15054984560918838,drifted
2026-10-08,max_sharpe,IEF,0.3982580806985491,drifted
2026-10-09,max_sharpe,SPY,0.4037818889976312,drifted
2026-10-09,max_sharpe,QQQ,0.048500265578016226,drifted
2026-10-09,max_sharpe,IWM,4.397669093419452e-17,drifted
2026-10-09,max_sharpe,EFA,0.15105375416446154,drifted
2026-10-09,max_sharpe,IEF,0.396664091259891,drifted
2024-11-01,risk_parity,SPY,0.17908839019041475,target
2024-11-01,risk_parity,QQQ,0.1361368883017786,target
2024-11-01,risk_parity,IWM,0.10925281741771725,target
2024-11-01,risk_parity,EFA,0.17552190409008944,target
2024-11-01,risk_parity,IEF,0.39999999999999997,target
2024-11-01,risk_parity,SPY,0.17908839019041475,drifted
2024-11-01,risk_parity,QQQ,0.1361368883017786,drifted
2024-11-01,risk_parity,IWM,0.10925281741771725,drifted
2024-11-01,risk_parity,EFA,0.17552190409008944,drifted
2024-11-01,risk_parity,IEF,0.39999999999999997,drifted
2024-11-04,risk_parity,SPY,0.17833894350792595,drifted
2024-11-04,risk_parity,QQQ,0.1354640449751624,drifted
2024-11-04,risk_parity,IWM,0.10958313329392096,drifted
2024-11-04,risk_parity,EFA,0.17529711955091676,drifted
2024-11-04,risk_parity,IEF,0.40131675867207406,drifted
2024-11-05,risk_parity,SPY,0.17908025879518658,drifted
2024-11-05,risk_parity,QQQ,0.13611653025246867,drifted
2024-11-05,risk_parity,IWM,0.1107691541509061,drifted
2024-11-05,risk_parity,EFA,0.17565233966047078,drifted
2024-11-05,risk_parity,IEF,0.3983817171409677,drifted
2024-11-06,risk_parity,SPY,0.1820898717577571,drifted
2024-11-06,risk_parity,QQQ,0.13871440298094395,drifted
2024-11-06,risk_parity,IWM,0.1162646262016863,drifted
2024-11-06,risk_parity,EFA,0.17175131680225345,drifted
2024-11-06,risk_parity,IEF,0.39117978225735917,drifted
2024-11-07,risk_parity,SPY,0.18187316893791475,drifted
2024-11-07,risk_parity,QQQ,0.13965085959195522,drifted
2024-11-07,risk_parity,IWM,0.1148271929094762,drifted
2024-11-07,risk_parity,EFA,0.17281414664013914,drifted
2024-11-07,risk_parity,IEF,0.39083463192051465,drifted
2024-11-08,risk_parity,SPY,0.18261752941110782,drifted
2024-11-08,risk_parity,QQQ,0.13978075036670984,drifted
2024-11-08,risk_parity,IWM,0.11564489616461798,drifted
2024-11-08,risk_parity,EFA,0.17038385082444307,drifted
2024-11-08,risk_parity,IEF,0.39157297323312146,drifted
2024-11-11,risk_parity,SPY,0.1826466065644339,drifted
2024-11-11,risk_parity,QQQ,0.13958843043843136,drifted
2024-11-11,risk_parity,IWM,0.11729048460352307,drifted
2024-11-11,risk_parity,EFA,0.17029177192566033,drifted
2024-11-11,risk_parity,IEF,0.3901827064679512,drifted
2024-11-12,risk_parity,SPY,0.18363827040310113,drifted
2024-11-12,risk_parity,QQQ,0.14052882688290874,drifted
2024-11-12,risk_parity,IWM,0.11621961086414971,drifted
2024-11-12,risk_parity,EFA,0.1685613055455376,drifted
2024-11-12,risk_parity,IEF,0.39105198630430277,drifted
2024-11-13,risk_parity,SPY,0.18418626278347464,drifted
2024-11-13,risk_parity,QQQ,0.1406984721487597,drifted
2024-11-13,risk_parity,IWM,0.1153567880426021,drifted
2024-11-13,risk_parity,EFA,0.16798194365685687,drifted
2024-11-13,risk_parity,IEF,0.3917765333683068,drifted
2024-11-14,risk_parity,SPY,0.18362838345701799,drifted
2024-11-14,risk_parity,QQQ,0.14019895541853425,drifted
2024-11-14,risk_parity,IWM,0.11419100698338533,drifted
2024-11-14,risk_parity,EFA,0.1689060890364766,drifted
2024-11-14,risk_parity,IEF,0.39307556510458586,drifted
2024-11-15,risk_parity,SPY,0.18270847175398947,drifted
2024-11-15,risk_parity,QQQ,0.13793980943538978,drifted
2024-11-15,risk_parity,IWM,0.11337622683014949,drifted
2024-11-15,risk_parity,EFA,0.1696246967216497,drifted
2024-11-15,risk_parity,IEF,0.3963507952588216,drifted
2024-11-18,risk_parity,SPY,0.18277247118051007,drifted
2024-11-18,risk_parity,QQQ,0.13837980868911956,drifted
2024-11-18,risk_parity,IWM,0.11317556997398746,drifted
2024-11-18,risk_parity,EFA,0.16991193762304208,drifted
2024-11-18,risk_parity,IEF,0.3957602125333407,drifted
2024-11-19,risk_parity,SPY,0.18287591614848486,drifted
2024-11-19,risk_parity,QQQ,0.13890292914989025,drifted
2024-11-19,risk_parity,IWM,0.11366503989978698,drifted
2024-11-19,risk_parity,EFA,0.1691704578988312,drifted
2024-11-19,risk_parity,IEF,0.39538565690300675,drifted
2024-11-20,risk_parity,SPY,0.18310626993044163,drifted
2024-11-20,risk_parity,QQQ,0.1389506782202946,drifted
2024-11-20,risk_parity,IWM,0.11391762481516199,drifted
2024-11-20,risk_parity,EFA,0.16886703120482746,drifted
2024-11-20,risk_parity,IEF,0.39515839582927437,drifted
2024-11-21,risk_parity,SPY,0.18353002652969555,drifted
2024-11-21,risk_parity,QQQ,0.13902690619402722,drifted
2024-11-21,risk_parity,IWM,0.11529780330152173,drifted
2024-11-21,risk_parity,EFA,0.16839769459548448,drifted
2024-11-21,risk_parity,IEF,0.3937475693792711,drifted
2024-11-22,risk_parity,SPY,0.18339685576106607,drifted
2024-11-22,risk_parity,QQQ,0.1387189425765923,drifted
2024-11-22,risk_parity,IWM,0.11697954545612332,drifted
2024-11-22,risk_parity,EFA,0.16840692761599388,drifted
2024-11-22,risk_parity,IEF,0.3924977285902244,drifted
2024-11-25,risk_parity,SPY,0.18260849380959168,drifted
2024-11-25,risk_parity,QQQ,0.13787341627980576,drifted
2024-11-25,risk_parity,IWM,0.11784772891574971,drifted
2024-11-25,risk_parity,EFA,0.1679780125537473,drifted
2024-11-25,risk_parity,IEF,0.3936923484411055,drifted
2024-11-26,risk_parity,SPY,0.18374088100485933,drifted
2024-11-26,risk_parity,QQQ,0.13874879168632784,drifted
2024-11-26,risk_parity,IWM,0.11709634295861217,drifted
2024-11-26,risk_parity,EFA,0.16717117172976692,drifted
2024-11-26,risk_parity,IEF,0.39324281262043376,drifted
2024-11-27,risk_parity,SPY,0.1830011051999162,drifted
2024-11-27,risk_parity,QQQ,0.13751880619538315,drifted
2024-11-27,risk_parity,IWM,0.1171397777278327,drifted
2024-11-27,risk_parity,EFA,0.16790909638788276,drifted
2024-11-27,risk_parity,IEF,0.39443121448898527,drifted
2024-11-29,risk_parity,SPY,0.18291282372603965,drifted
2024-11-29,risk_parity,QQQ,0.13780420251472442,drifted
2024-11-29,risk_parity,IWM,0.11680473289408815,drifted
2024-11-29,risk_parity,EFA,0.16901785528693147,drifted
2024-11-29,risk_parity,IEF,0.3934603855782163,drifted
2024-12-02,risk_parity,SPY,0.177966619993575,target
2024-12-02,risk_parity,QQQ,0.13330707329499553,target
2024-12-02,risk_parity,IWM,0.10997893696269671,target
2024-12-02,risk_parity,EFA,0.17874736974873276,target
2024-12-02,risk_parity,IEF,0.4,target
2024-12-02,risk_parity,SPY,0.177966619993575,drifted
2024-12-02,risk_parity,QQQ,0.13330707329499553,drifted
2024-12-02,risk_parity,IWM,0.10997893696269671,drifted
2024-12-02,risk_parity,EFA,0.17874736974873276,drifted
2024-12-02,risk_parity,IEF,0.4,drifted
2024-12-03,risk_parity,SPY,0.17812285719749732,drifted
2024-12-03,risk_parity,QQQ,0.13377114339104385,drifted
2024-12-03,risk_parity,IWM,0.10924164394031066,drifted
2024-12-03,risk_parity,EFA,0.17983747169773204,drifted
2024-12-03,risk_parity,IEF,0.39902688377341605,drifted
2024-12-04,risk_parity,SPY,0.1783718336052341,drifted
2024-12-04,risk_parity,QQQ,0.1347773538491631,drifted
2024-12-04,risk_parity,IWM,0.1091087976335048,drifted
2024-12-04,risk_parity,EFA,0.17911235488648936,drifted
2024-12-04,risk_parity,IEF,0.3986296600256087,drifted
2024-12-05,risk_parity,SPY,0.17827537010249694,drifted
2024-12-05,risk_parity,QQQ,0.13455261019001669,drifted
2024-12-05,risk_parity,IWM,0.10795534595509557,drifted
2024-12-05,risk_parity,EFA,0.18018794758636442,drifted
2024-12-05,risk_parity,IEF,0.3990287261660264,drifted
2024-12-06,risk_parity,SPY,0.17804968334847956,drifted
2024-12-06,risk_parity,QQQ,0.13532840964673912,drifted
2024-12-06,risk_parity,IWM,0.10799889214853016,drifted
2024-12-06,risk_parity,EFA,0.17959695096380623,drifted
2024-12-06,risk_parity,IEF,0.3990260638924449,drifted
2024-12-09,risk_parity,SPY,0.1778455094716163,drifted
2024-12-09,risk_parity,QQQ,0.1348147729874641,drifted
2024-12-09,risk_parity,IWM,0.10788884961467847,drifted
2024-12-09,risk_parity,EFA,0.1802069942403815,drifted
2024-12-09,risk_parity,IEF,0.3992438736858597,drifted
2024-12-10,risk_parity,SPY,0.17797171449903862,drifted
2024-12-10,risk_parity,QQQ,0.13487006460432371,drifted
2024-12-10,risk_parity,IWM,0.10783288649144733,drifted
2024-12-10,risk_parity,EFA,0.17926979792163478,drifted
2024-12-10,risk_parity,IEF,0.4000555364835556,drifted
2024-12-11,risk_parity,SPY,0.17859280691120227,drifted
2024-12-11,risk_parity,QQQ,0.13670684599830235,drifted
2024-12-11,risk_parity,IWM,0.10786452100051598,drifted
2024-12-11,risk_parity,EFA,0.1796408272830575,drifted
2024-12-11,risk_parity,IEF,0.397194998806922,drifted
2024-12-12,risk_parity,SPY,0.17879777254723928,drifted
2024-12-12,risk_parity,QQQ,0.13668474021003818,drifted
2024-12-12,risk_parity,IWM,0.10713695440901953,drifted
2024-12-12,risk_parity,EFA,0.17919291561553222,drifted
2024-12-12,risk_parity,IEF,0.39818761721817075,drifted
2024-12-13,risk_parity,SPY,0.1791355460298122,drifted
2024-12-13,risk_parity,QQQ,0.13801858812086143,drifted
2024-12-13,risk_parity,IWM,0.10662413953720805,drifted
2024-12-13,risk_parity,EFA,0.1790677382322173,drifted
2024-12-13,risk_parity,IEF,0.39715398807990104,drifted
2024-12-16,risk_parity,SPY,0.17937737661399356,drifted
2024-12-16,risk_parity,QQQ,0.1395990276909774,drifted
2024-12-16,risk_parity,IWM,0.10693902390461557,drifted
2024-12-16,risk_parity,EFA,0.17795860687232717,drifted
2024-12-16,risk_parity,IEF,0.39612596491808627,drifted
2024-12-17,risk_parity,SPY,0.17915073678370325,drifted
2024-12-17,risk_parity,QQQ,0.1393829328979138,drifted
2024-12-17,risk_parity,IWM,0.10601799488602215,drifted
2024-12-17,risk_parity,EFA,0.17818609322653925,drifted
2024-12-17,risk_parity,IEF,0.39726224220582157,drifted
2024-12-18,risk_parity,SPY,0.17781278396791347,drifted
2024-12-18,risk_parity,QQQ,0.1374474423194964,drifted
2024-12-18,risk_parity,IWM,0.10365695413528193,drifted
2024-12-18,risk_parity,EFA,0.17781629782768105,drifted
2024-12-18,risk_parity,IEF,0.40326652174962707,drifted
2024-12-19,risk_parity,SPY,0.1783859091581661,drifted
2024-12-19,risk_parity,QQQ,0.13731856119233513,drifted
2024-12-19,risk_parity,IWM,0.10356139043028466,drifted
2024-12-19,risk_parity,EFA,0.17787735026199591,drifted
2024-12-19,risk_parity,IEF,0.4028567889572182,drifted
2024-12-20,risk_parity,SPY,0.17957665553080338,drifted
2024-12-20,risk_parity,QQQ,0.13778735342657186,drifted
2024-12-20,risk_parity,IWM,0.10398055971071356,drifted
2024-12-20,risk_parity,EFA,0.1764460895573934,drifted
2024-12-20,risk_parity,IEF,0.4022093417745178,drifted
2024-12-23,risk_parity,SPY,0.1803725515300381,drifted
2024-12-23,risk_parity,QQQ,0.13891455137034445,drifted
2024-12-23,risk_parity,IWM,0.10358111729331616,drifted
2024-12-23,risk_parity,EFA,0.17732260332259386,drifted
2024-12-23,risk_parity,IEF,0.3998091764837074,drifted
2024-12-24,risk_parity,SPY,0.18135005716813596,drifted
2024-12-24,risk_parity,QQQ,0.1400050708448532,drifted
2024-12-24,risk_parity,IWM,0.10391869949174332,drifted
2024-12-24,risk_parity,EFA,0.17695352939735418,drifted
2024-12-24,risk_parity,IEF,0.3977726430979132,drifted
2024-12-26,risk_parity,SPY,0.18097774829768948,drifted
2024-12-26,risk_parity,QQQ,0.1396134488823078,drifted
2024-12-26,risk_parity,IWM,0.10476149592685641,drifted
2024-12-26,risk_parity,EFA,0.1774164919489587,drifted
2024-12-26,risk_parity,IEF,0.3972308149441875,drifted
2024-12-27,risk_parity,SPY,0.1802582163055335,drifted
2024-12-27,risk_parity,QQQ,0.13866955650628207,drifted
2024-12-27,risk_parity,IWM,0.10391770957819399,drifted
2024-12-27,risk_parity,EFA,0.17833331250371612,drifted
2024-12-27,risk_parity,IEF,0.3988212051062743,drifted
2024-12-30,risk_parity,SPY,0.17883302217374186,drifted
2024-12-30,risk_parity,QQQ,0.13731037492022924,drifted
2024-12-30,risk_parity,IWM,0.10348428415055433,drifted
2024-12-30,risk_parity,EFA,0.17778991610638045,drifted
2024-12-30,risk_parity,IEF,0.4025824026490941,drifted
2024-12-31,risk_parity,SPY,0.17861550134838283,drifted
2024-12-31,risk_parity,QQQ,0.13647488422362689,drifted
2024-12-31,risk_parity,IWM,0.10386744788188149,drifted
2024-12-31,risk_parity,EFA,0.17822204845734765,drifted
2024-12-31,risk_parity,IEF,0.4028201180887612,drifted
2025-01-02,risk_parity,SPY,0.17405634219873145,target
2025-01-02,risk_parity,QQQ,0.12900469776232995,target
2025-01-02,risk_parity,IWM,0.11278178167238376,target
2025-01-02,risk_parity,EFA,0.18415717836655485,target
2025-01-02,risk_parity,IEF,0.4,target
2025-01-02,risk_parity,SPY,0.17405634219873145,drifted
2025-01-02,risk_parity,QQQ,0.12900469776232995,drifted
2025-01-02,risk_parity,IWM,0.11278178167238376,drifted
2025-01-02,risk_parity,EFA,0.18415717836655485,drifted
2025-01-02,risk_parity,IEF,0.4,drifted
2025-01-03,risk_parity,SPY,0.17516005391246298,drifted
2025-01-03,risk_parity,QQQ,0.13031791034106585,drifted
2025-01-03,risk_parity,IWM,0.11376307213805528,drifted
2025-01-03,risk_parity,EFA,0.18383800463011785,drifted
2025-01-03,risk_parity,IEF,0.396920958978298,drifted
2025-01-06,risk_parity,SPY,0.17548214632267625,drifted
2025-01-06,risk_parity,QQQ,0.13130165135171235,drifted
2025-01-06,risk_parity,IWM,0.11336493013328976,drifted
2025-01-06,risk_parity,EFA,0.1848633319831012,drifted
2025-01-06,risk_parity,IEF,0.39498794020922046,drifted
2025-01-07,risk_parity,SPY,0.17475303173489157,drifted
2025-01-07,risk_parity,QQQ,0.12989113254543955,drifted
2025-01-07,risk_parity,IWM,0.11326920017956314,drifted
2025-01-07,risk_parity,EFA,0.18605376614365443,drifted
2025-01-07,risk_parity,IEF,0.3960328693964513,drifted
2025-01-08,risk_parity,SPY,0.17498000492162127,drifted
2025-01-08,risk_parity,QQQ,0.12989282247672673,drifted
2025-01-08,risk_parity,IWM,0.11273728324761312,drifted
2025-01-08,risk_parity,EFA,0.18573125687562114,drifted
2025-01-08,risk_parity,IEF,0.39665863247841787,drifted
2025-01-10,risk_parity,SPY,0.17456122795942666,drifted
2025-01-10,risk_parity,QQQ,0.1295275110560027,drifted
2025-01-10,risk_parity,IWM,0.11169732378910315,drifted
2025-01-10,risk_parity,EFA,0.18529585311211544,drifted
2025-01-10,risk_parity,IEF,0.39891808408335205,drifted
2025-01-13,risk_parity,SPY,0.1750326024836523,drifted
2025-01-13,risk_parity,QQQ,0.12925946240829395,drifted
2025-01-13,risk_parity,IWM,0.11204217581289797,drifted
2025-01-13,risk_parity,EFA,0.1849895611168242,drifted
2025-01-13,risk_parity,IEF,0.39867619817833155,drifted
2025-01-14,risk_parity,SPY,0.17489032869587068,drifted
2025-01-14,risk_parity,QQQ,0.12885445959958,drifted
2025-01-14,risk_parity,IWM,0.11306834206822829,drifted
2025-01-14,risk_parity,EFA,0.18525106205522623,drifted
2025-01-14,risk_parity,IEF,0.3979358075810949,drifted
2025-01-15,risk_parity,SPY,0.17545296524708207,drifted
2025-01-15,risk_parity,QQQ,0.129880485141566,drifted
2025-01-15,risk_parity,IWM,0.11359599017086616,drifted
2025-01-15,risk_parity,EFA,0.18485945802703277,drifted
2025-01-15,risk_parity,IEF,0.39621110141345317,drifted
2025-01-16,risk_parity,SPY,0.17496256189429452,drifted
2025-01-16,risk_parity,QQQ,0.12885787253752812,drifted
2025-01-16,risk_parity,IWM,0.11372474109278466,drifted
2025-01-16,risk_parity,EFA,0.185644785461688,drifted
2025-01-16,risk_parity,IEF,0.3968100390137046,drifted
2025-01-17,risk_parity,SPY,0.17575672453292912,drifted
2025-01-17,risk_parity,QQQ,0.13031917097617912,drifted
2025-01-17,risk_parity,IWM,0.11359407827363939,drifted
2025-01-17,risk_parity,EFA,0.1853821813387248,drifted
2025-01-17,risk_parity,IEF,0.39494784487852763,drifted
2025-01-21,risk_parity,SPY,0.17567527001727576,drifted
2025-01-21,risk_parity,QQQ,0.12983427507649375,drifted
2025-01-21,risk_parity,IWM,0.11467234443964851,drifted
2025-01-21,risk_parity,EFA,0.18732228420040772,drifted
2025-01-21,risk_parity,IEF,0.39249582626617424,drifted
2025-01-22,risk_parity,SPY,0.17658281057627298,drifted
2025-01-22,risk_parity,QQQ,0.1314347643933211,drifted
2025-01-22,risk_parity,IWM,0.11387221498425627,drifted
2025-01-22,risk_parity,EFA,0.1868072122159364,drifted
2025-01-22,risk_parity,IEF,0.3913029978302132,drifted
2025-01-23,risk_parity,SPY,0.17714327912063133,drifted
2025-01-23,risk_parity,QQQ,0.13141499619301292,drifted
2025-01-23,risk_parity,IWM,0.11413112749091449,drifted
2025-01-23,risk_parity,EFA,0.1879092064351075,drifted
2025-01-23,risk_parity,IEF,0.3894013907603338,drifted
2025-01-24,risk_parity,SPY,0.17657798391072227,drifted
2025-01-24,risk_parity,QQQ,0.1306367008680647,drifted
2025-01-24,risk_parity,IWM,0.11378156192759573,drifted
2025-01-24,risk_parity,EFA,0.1889070384009571,drifted
2025-01-24,risk_parity,IEF,0.39009671489266023,drifted
2025-01-27,risk_parity,SPY,0.17493027574056674,drifted
2025-01-27,risk_parity,QQQ,0.1274526358859355,drifted
2025-01-27,risk_parity,IWM,0.1132422715840421,drifted
2025-01-27,risk_parity,EFA,0.1898295315956203,drifted
2025-01-27,risk_parity,IEF,0.3945452851938353,drifted
2025-01-28,risk_parity,SPY,0.17585051220662595,drifted
2025-01-28,risk_parity,QQQ,0.12890910318997922,drifted
2025-01-28,risk_parity,IWM,0.11299274598305133,drifted
2025-01-28,risk_parity,EFA,0.18896358318549952,drifted
2025-01-28,risk_parity,IEF,0.39328405543484396,drifted
2025-01-29,risk_parity,SPY,0.17537403071091634,drifted
2025-01-29,risk_parity,QQQ,0.12889619306160127,drifted
2025-01-29,risk_parity,IWM,0.11293444187319675,drifted
2025-01-29,risk_parity,EFA,0.18927629179318775,drifted
2025-01-29,risk_parity,IEF,0.3935190425610979,drifted
2025-01-30,risk_parity,SPY,0.17533921958786253,drifted
2025-01-30,risk_parity,QQQ,0.12872902509523323,drifted
2025-01-30,risk_parity,IWM,0.11345105998743676,drifted
2025-01-30,risk_parity,EFA,0.19029823128198964,drifted
2025-01-30,risk_parity,IEF,0.3921824640474778,drifted
2025-01-31,risk_parity,SPY,0.1752038857768678,drifted
2025-01-31,risk_parity,QQQ,0.12912997666797627,drifted
2025-01-31,risk_parity,IWM,0.11294766879568473,drifted
2025-01-31,risk_parity,EFA,0.18937629697710293,drifted
2025-01-31,risk_parity,IEF,0.39334217178236824,drifted
2025-02-03,risk_parity,SPY,0.17168977043788292,target
2025-02-03,risk_parity,QQQ,0.128419513302006,target
2025-02-03,risk_parity,IWM,0.11446294239348435,target
2025-02-03,risk_parity,EFA,0.18542777386662682,target
2025-02-03,risk_parity,IEF,0.4,target
2025-02-03,risk_parity,SPY,0.17168977043788292,drifted
2025-02-03,risk_parity,QQQ,0.128419513302006,drifted
2025-02-03,risk_parity,IWM,0.11446294239348435,drifted
2025-02-03,risk_parity,EFA,0.18542777386662682,drifted
2025-02-03,risk_parity,IEF,0.4,drifted
2025-02-04,risk_parity,SPY,0.17156170439712587,drifted
2025-02-04,risk_parity,QQQ,0.12903333110754422,drifted
2025-02-04,risk_parity,IWM,0.11518894987236566,drifted
2025-02-04,risk_parity,EFA,0.1861935893717296,drifted
2025-02-04,risk_parity,IEF,0.3980224252512346,drifted
2025-02-05,risk_parity,SPY,0.17111848976837596,drifted
2025-02-05,risk_parity,QQQ,0.12876193565714814,drifted
2025-02-05,risk_parity,IWM,0.11567289390186392,drifted
2025-02-05,risk_parity,EFA,0.18676041186617745,drifted
2025-02-05,risk_parity,IEF,0.39768626880643454,drifted
2025-02-06,risk_parity,SPY,0.17148884861016697,drifted
2025-02-06,risk_parity,QQQ,0.1292649359691089,drifted
2025-02-06,risk_parity,IWM,0.11514405778563148,drifted
2025-02-06,risk_parity,EFA,0.18740246934112864,drifted
2025-02-06,risk_parity,IEF,0.39669968829396396,drifted
2025-02-07,risk_parity,SPY,0.17122433498156775,drifted
2025-02-07,risk_parity,QQQ,0.12861488394480983,drifted
2025-02-07,risk_parity,IWM,0.11468376317236306,drifted
2025-02-07,risk_parity,EFA,0.1870562073205662,drifted
2025-02-07,risk_parity,IEF,0.3984208105806931,drifted
2025-02-10,risk_parity,SPY,0.17162845571501723,drifted
2025-02-10,risk_parity,QQQ,0.12959887462982667,drifted
2025-02-10,risk_parity,IWM,0.11469436242339513,drifted
2025-02-10,risk_parity,EFA,0.1874961944951856,drifted
2025-02-10,risk_parity,IEF,0.3965821127365754,drifted
2025-02-11,risk_parity,SPY,0.1719271505451208,drifted
2025-02-11,risk_parity,QQQ,0.1294169141282885,drifted
2025-02-11,risk_parity,IWM,0.11413910567206272,drifted
2025-02-11,risk_parity,EFA,0.1885695519056138,drifted
2025-02-11,risk_parity,IEF,0.39594727774891414,drifted
2025-02-12,risk_parity,SPY,0.171984788846931,drifted
2025-02-12,risk_parity,QQQ,0.12995496610267507,drifted
2025-02-12,risk_parity,IWM,0.1134907534415452,drifted
2025-02-12,risk_parity,EFA,0.18994741780629756,drifted
2025-02-12,risk_parity,IEF,0.39462207380255127,drifted
2025-02-13,risk_parity,SPY,0.172042410308468,drifted
2025-02-13,risk_parity,QQQ,0.13049096446744304,drifted
2025-02-13,risk_parity,IWM,0.11360872244737666,drifted
2025-02-13,risk_parity,EFA,0.19030564145249268,drifted
2025-02-13,risk_parity,IEF,0.39355226132421955,drifted
2025-02-14,risk_parity,SPY,0.17162469047783152,drifted
2025-02-14,risk_parity,QQQ,0.13072708757260262,drifted
2025-02-14,risk_parity,IWM,0.11325322701317593,drifted
2025-02-14,risk_parity,EFA,0.19013133638282823,drifted
2025-02-14,risk_parity,IEF,0.39426365855356155,drifted
2025-02-18,risk_parity,SPY,0.17201184289168606,drifted
2025-02-18,risk_parity,QQQ,0.1309346068758458,drifted
2025-02-18,risk_parity,IWM,0.113797495543157,drifted
2025-02-18,risk_parity,EFA,0.19137069825309383,drifted
2025-02-18,risk_parity,IEF,0.3918853564362173,drifted
2025-02-19,risk_parity,SPY,0.1726390874184554,drifted
2025-02-19,risk_parity,QQQ,0.13113982193574328,drifted
2025-02-19,risk_parity,IWM,0.11355299254258594,drifted
2025-02-19,risk_parity,EFA,0.18964355799232377,drifted
2025-02-19,risk_parity,IEF,0.39302454011089166,drifted
2025-02-20,risk_parity,SPY,0.17203743220012,drifted
2025-02-20,risk_parity,QQQ,0.13067172013307002,drifted
2025-02-20,risk_parity,IWM,0.11254099985792829,drifted
2025-02-20,risk_parity,EFA,0.1906551403352901,drifted
2025-02-20,risk_parity,IEF,0.3940947074735916,drifted
2025-02-21,risk_parity,SPY,0.1704164289506407,drifted
2025-02-21,risk_parity,QQQ,0.1289597134988934,drifted
2025-02-21,risk_parity,IWM,0.11015336456369883,drifted
2025-02-21,risk_parity,EFA,0.1909508530664662,drifted
2025-02-21,risk_parity,IEF,0.399519639920301,drifted
2025-02-24,risk_parity,SPY,0.17004158775892056,drifted
2025-02-24,risk_parity,QQQ,0.12773842630432994,drifted
2025-02-24,risk_parity,IWM,0.10961761162885555,drifted
2025-02-24,risk_parity,EFA,0.19128445039403552,drifted
2025-02-24,risk_parity,IEF,0.4013179239138584,drifted
2025-02-25,risk_parity,SPY,0.16885343226440694,drifted
2025-02-25,risk_parity,QQQ,0.12587366948469642,drifted
2025-02-25,risk_parity,IWM,0.10898084262824799,drifted
2025-02-25,risk_parity,EFA,0.19263072206561058,drifted
2025-02-25,risk_parity,IEF,0.40366133355703815,drifted
2025-02-26,risk_parity,SPY,0.168619548588565,drifted
2025-02-26,risk_parity,QQQ,0.12593941018861074,drifted
2025-02-26,risk_parity,IWM,0.10891132556994677,drifted
2025-02-26,risk_parity,EFA,0.19252405900066885,drifted
2025-02-26,risk_parity,IEF,0.4040056566522086,drifted
2025-02-27,risk_parity,SPY,0.16768762043003407,drifted
2025-02-27,risk_parity,QQQ,0.12374031307451822,drifted
2025-02-27,risk_parity,IWM,0.10838730565015973,drifted
2025-02-27,risk_parity,EFA,0.1923680987735272,drifted
2025-02-27,risk_parity,IEF,0.4078166620717608,drifted
2025-02-28,risk_parity,SPY,0.16889205497050844,drifted
2025-02-28,risk_parity,QQQ,0.12465191204638892,drifted
2025-02-28,risk_parity,IWM,0.10863215660485183,drifted
2025-02-28,risk_parity,EFA,0.19117108627789758,drifted
2025-02-28,risk_parity,IEF,0.40665279010035327,drifted
2025-03-03,risk_parity,SPY,0.17097120828761384,target
2025-03-03,risk_parity,QQQ,0.12553604469117832,target
2025-03-03,risk_parity,IWM,0.11828266153094456,target
2025-03-03,risk_parity,EFA,0.18521008549026324,target
2025-03-03,risk_parity,IEF,0.4,target
2025-03-03,risk_parity,SPY,0.17097120828761384,drifted
2025-03-03,risk_parity,QQQ,0.12553604469117832,drifted
2025-03-03,risk_parity,IWM,0.11828266153094456,drifted
2025-03-03,risk_parity,EFA,0.18521008549026324,drifted
2025-03-03,risk_parity,IEF,0.4,drifted
2025-03-04,risk_parity,SPY,0.16980368614684405,drifted
2025-03-04,risk_parity,QQQ,0.1257915136827489,drifted
2025-03-04,risk_parity,IWM,0.11753833118096299,drifted
2025-03-04,risk_parity,EFA,0.18610359534399046,drifted
2025-03-04,risk_parity,IEF,0.4007628736454535,drifted
2025-03-05,risk_parity,SPY,0.17046198512926172,drifted
2025-03-05,risk_parity,QQQ,0.1265650548982777,drifted
2025-03-05,risk_parity,IWM,0.11789866378591676,drifted
2025-03-05,risk_parity,EFA,0.18925433831901678,drifted
2025-03-05,risk_parity,IEF,0.39581995786752705,drifted
2025-03-06,risk_parity,SPY,0.16920789812923706,drifted
2025-03-06,risk_parity,QQQ,0.12438578875763666,drifted
2025-03-06,risk_parity,IWM,0.11732308724230318,drifted
2025-03-06,risk_parity,EFA,0.1892862290936593,drifted
2025-03-06,risk_parity,IEF,0.39979699677716374,drifted
2025-03-07,risk_parity,SPY,0.16952744990666052,drifted
2025-03-07,risk_parity,QQQ,0.12483742937700974,drifted
2025-03-07,risk_parity,IWM,0.11727104049757964,drifted
2025-03-07,risk_parity,EFA,0.19055024824674177,drifted
2025-03-07,risk_parity,IEF,0.3978138319720084,drifted
2025-03-10,risk_parity,SPY,0.16735717783368986,drifted
2025-03-10,risk_parity,QQQ,0.12170462240549083,drifted
2025-03-10,risk_parity,IWM,0.11594622625306583,drifted
2025-03-10,risk_parity,EFA,0.1887032916026916,drifted
2025-03-10,risk_parity,IEF,0.4062886819050618,drifted
2025-03-11,risk_parity,SPY,0.16659703446519758,drifted
2025-03-11,risk_parity,QQQ,0.12187535888198876,drifted
2025-03-11,risk_parity,IWM,0.11637547567575061,drifted
2025-03-11,risk_parity,EFA,0.18877746124587005,drifted
2025-03-11,risk_parity,IEF,0.40637466973119296,drifted
2025-03-12,risk_parity,SPY,0.16704406297021468,drifted
2025-03-12,risk_parity,QQQ,0.12292862344502066,drifted
2025-03-12,risk_parity,IWM,0.11627419787142546,drifted
2025-03-12,risk_parity,EFA,0.18963699687268176,drifted
2025-03-12,risk_parity,IEF,0.40411611884065746,drifted
2025-03-13,risk_parity,SPY,0.1657800065741123,drifted
2025-03-13,risk_parity,QQQ,0.12142218047971791,drifted
2025-03-13,risk_parity,IWM,0.11520865749184936,drifted
2025-03-13,risk_parity,EFA,0.18947686032348446,drifted
2025-03-13,risk_parity,IEF,0.408112295130836,drifted
2025-03-14,risk_parity,SPY,0.16732937450899546,drifted
2025-03-14,risk_parity,QQQ,0.1229790329377753,drifted
2025-03-14,risk_parity,IWM,0.11668689801951791,drifted
2025-03-14,risk_parity,EFA,0.19081939014702953,drifted
2025-03-14,risk_parity,IEF,0.4021853043866817,drifted
2025-03-17,risk_parity,SPY,0.16760679281881094,drifted
2025-03-17,risk_parity,QQQ,0.12303286726224807,drifted
2025-03-17,risk_parity,IWM,0.11744942344093152,drifted
2025-03-17,risk_parity,EFA,0.19180302583420314,drifted
2025-03-17,risk_parity,IEF,0.4001078906438063,drifted
2025-03-18,risk_parity,SPY,0.16654237433652383,drifted
2025-03-18,risk_parity,QQQ,0.12148045663145494,drifted
2025-03-18,risk_parity,IWM,0.1169542295512878,drifted
2025-03-18,risk_parity,EFA,0.19264459316890306,drifted
2025-03-18,risk_parity,IEF,0.40237834631183045,drifted
2025-03-19,risk_parity,SPY,0.16717595134364654,drifted
2025-03-19,risk_parity,QQQ,0.12224302845552845,drifted
2025-03-19,risk_parity,IWM,0.11794029484611714,drifted
2025-03-19,risk_parity,EFA,0.19185914210026256,drifted
2025-03-19,risk_parity,IEF,0.4007815832544454,drifted
2025-03-20,risk_parity,SPY,0.16713714423379344,drifted
2025-03-20,risk_parity,QQQ,0.12215361499075432,drifted
2025-03-20,risk_parity,IWM,0.11750422047249556,drifted
2025-03-20,risk_parity,EFA,0.19076191153544464,drifted
2025-03-20,risk_parity,IEF,0.402443108767512,drifted
2025-03-21,risk_parity,SPY,0.16749156420108058,drifted
2025-03-21,risk_parity,QQQ,0.12277571958154954,drifted
2025-03-21,risk_parity,IWM,0.11698551472083578,drifted
2025-03-21,risk_parity,EFA,0.18992291721466226,drifted
2025-03-21,risk_parity,IEF,0.40282428428187195,drifted
2025-03-24,risk_parity,SPY,0.16943216883270382,drifted
2025-03-24,risk_parity,QQQ,0.12469065569084704,drifted
2025-03-24,risk_parity,IWM,0.11915127260949723,drifted
2025-03-24,risk_parity,EFA,0.18872074118611953,drifted
2025-03-24,risk_parity,IEF,0.3980051616808324,drifted
2025-03-25,risk_parity,SPY,0.1694718652219467,drifted
2025-03-25,risk_parity,QQQ,0.1251308121998274,drifted
2025-03-25,risk_parity,IWM,0.1182330828841427,drifted
2025-03-25,risk_parity,EFA,0.1893478507607593,drifted
2025-03-25,risk_parity,IEF,0.39781638893332383,drifted
2025-03-26,risk_parity,SPY,0.16895326420170032,drifted
2025-03-26,risk_parity,QQQ,0.12393199615455988,drifted
2025-03-26,risk_parity,IWM,0.11808354514378368,drifted
2025-03-26,risk_parity,EFA,0.1885733890366024,drifted
2025-03-26,risk_parity,IEF,0.40045780546335374,drifted
2025-03-27,risk_parity,SPY,0.1687827361439821,drifted
2025-03-27,risk_parity,QQQ,0.12342924154217365,drifted
2025-03-27,risk_parity,IWM,0.1177146698469439,drifted
2025-03-27,risk_parity,EFA,0.1892942099355742,drifted
2025-03-27,risk_parity,IEF,0.40077914253132607,drifted
2025-03-28,risk_parity,SPY,0.166632922943078,drifted
2025-03-28,risk_parity,QQQ,0.12108736859076659,drifted
2025-03-28,risk_parity,IWM,0.11619241764641995,drifted
2025-03-28,risk_parity,EFA,0.1890276473819243,drifted
2025-03-28,risk_parity,IEF,0.40705964343781126,drifted
2025-03-31,risk_parity,SPY,0.16773773495964453,drifted
2025-03-31,risk_parity,QQQ,0.12107226040291189,drifted
2025-03-31,risk_parity,IWM,0.11562644662079041,drifted
2025-03-31,risk_parity,EFA,0.18733884343524487,drifted
2025-03-31,risk_parity,IEF,0.40822471458140847,drifted
2025-04-01,risk_parity,SPY,0.16672160478473666,target
2025-04-01,risk_parity,QQQ,0.12280262732915866,target
2025-04-01,risk_parity,IWM,0.12014151887243867,target
2025-04-01,risk_parity,EFA,0.19033424901366597,target
2025-04-01,risk_parity,IEF,0.4,target
2025-04-01,risk_parity,SPY,0.16672160478473666,drifted
2025-04-01,risk_parity,QQQ,0.12280262732915866,drifted
2025-04-01,risk_parity,IWM,0.12014151887243867,drifted
2025-04-01,risk_parity,EFA,0.19033424901366597,drifted
2025-04-01,risk_parity,IEF,0.4,drifted
2025-04-02,risk_parity,SPY,0.1671228089033037,drifted
2025-04-02,risk_parity,QQQ,0.12321679757546293,drifted
2025-04-02,risk_parity,IWM,0.12156275757054678,drifted
2025-04-02,risk_parity,EFA,0.1900325297350662,drifted
2025-04-02,risk_parity,IEF,0.3980651062156203,drifted
2025-04-03,risk_parity,SPY,0.16254862332220157,drifted
2025-04-03,risk_parity,QQQ,0.1193082178015871,drifted
2025-04-03,risk_parity,IWM,0.11638062502462329,drifted
2025-04-03,risk_parity,EFA,0.1903361493287427,drifted
2025-04-03,risk_parity,IEF,0.4114263845228453,drifted
2025-04-04,risk_parity,SPY,0.15834068875899918,drifted
2025-04-04,risk_parity,QQQ,0.11577947308486772,drifted
2025-04-04,risk_parity,IWM,0.11504580260960671,drifted
2025-04-04,risk_parity,EFA,0.18394306084882145,drifted
2025-04-04,risk_parity,IEF,0.4268909746977049,drifted
2025-04-07,risk_parity,SPY,0.1597465413172074,drifted
2025-04-07,risk_parity,QQQ,0.11729825215404488,drifted
2025-04-07,risk_parity,IWM,0.11522192895126332,drifted
2025-04-07,risk_parity,EFA,0.18142198521693373,drifted
2025-04-07,risk_parity,IEF,0.4263112923605506,drifted
2025-04-08,risk_parity,SPY,0.15889925340912284,drifted
2025-04-08,risk_parity,QQQ,0.11639807284195558,drifted
2025-04-08,risk_parity,IWM,0.11336718160013841,drifted
2025-04-08,risk_parity,EFA,0.18270517408982523,drifted
2025-04-08,risk_parity,IEF,0.428630318058958,drifted
2025-04-09,risk_parity,SPY,0.16674286758950144,drifted
2025-04-09,risk_parity,QQQ,0.12380300682232497,drifted
2025-04-09,risk_parity,IWM,0.11680816617237653,drifted
2025-04-09,risk_parity,EFA,0.1868911484432126,drifted
2025-04-09,risk_parity,IEF,0.4057548109725844,drifted
2025-04-10,risk_parity,SPY,0.16330602766307661,drifted
2025-04-10,risk_parity,QQQ,0.12141441919029188,drifted
2025-04-10,risk_parity,IWM,0.11461605259586553,drifted
2025-04-10,risk_parity,EFA,0.18765177987285003,drifted
2025-04-10,risk_parity,IEF,0.4130117206779159,drifted
2025-04-11,risk_parity,SPY,0.1647053208902122,drifted
2025-04-11,risk_parity,QQQ,0.12252456301421527,drifted
2025-04-11,risk_parity,IWM,0.11522798835194771,drifted
2025-04-11,risk_parity,EFA,0.19060014652548896,drifted
2025-04-11,risk_parity,IEF,0.40694198121813585,drifted
2025-04-14,risk_parity,SPY,0.16480347169934187,drifted
2025-04-14,risk_parity,QQQ,0.12224265434094954,drifted
2025-04-14,risk_parity,IWM,0.11553292289340339,drifted
2025-04-14,risk_parity,EFA,0.19091437525688718,drifted
2025-04-14,risk_parity,IEF,0.4065065758094179,drifted
2025-04-15,risk_parity,SPY,0.16389170768843817,drifted
2025-04-15,risk_parity,QQQ,0.12204368356454699,drifted
2025-04-15,risk_parity,IWM,0.11535849749888445,drifted
2025-04-15,risk_parity,EFA,0.1921087579753294,drifted
2025-04-15,risk_parity,IEF,0.4065973532728009,drifted
2025-04-16,risk_parity,SPY,0.16144418468378974,drifted
2025-04-16,risk_parity,QQQ,0.11924664651915284,drifted
2025-04-16,risk_parity,IWM,0.1151052051294614,drifted
2025-04-16,risk_parity,EFA,0.19279696436973498,drifted
2025-04-16,risk_parity,IEF,0.411406999297861,drifted
2025-04-17,risk_parity,SPY,0.16134066161655394,drifted
2025-04-17,risk_parity,QQQ,0.1189789790591667,drifted
2025-04-17,risk_parity,IWM,0.11580520666839447,drifted
2025-04-17,risk_parity,EFA,0.19448517060913265,drifted
2025-04-17,risk_parity,IEF,0.4093899820467523,drifted
2025-04-21,risk_parity,SPY,0.15947259935936264,drifted
2025-04-21,risk_parity,QQQ,0.11748766553472859,drifted
2025-04-21,risk_parity,IWM,0.11490371143555449,drifted
2025-04-21,risk_parity,EFA,0.19585225614357155,drifted
2025-04-21,risk_parity,IEF,0.41228376752678275,drifted
2025-04-22,risk_parity,SPY,0.16127217193442245,drifted
2025-04-22,risk_parity,QQQ,0.11884056807302606,drifted
2025-04-22,risk_parity,IWM,0.11618516766678884,drifted
2025-04-22,risk_parity,EFA,0.1970365736039898,drifted
2025-04-22,risk_parity,IEF,0.40666551872177276,drifted
2025-04-23,risk_parity,SPY,0.16244910840917567,drifted
2025-04-23,risk_parity,QQQ,0.12055455511585375,drifted
2025-04-23,risk_parity,IWM,0.11695625641177364,drifted
2025-04-23,risk_parity,EFA,0.1962293982990226,drifted
2025-04-23,risk_parity,IEF,0.40381068176417434,drifted
2025-04-24,risk_parity,SPY,0.16358675884985405,drifted
2025-04-24,risk_parity,QQQ,0.12224159037574514,drifted
2025-04-24,risk_parity,IWM,0.1176573797046432,drifted
2025-04-24,risk_parity,EFA,0.19610541151972968,drifted
2025-04-24,risk_parity,IEF,0.4004088595500279,drifted
2025-04-25,risk_parity,SPY,0.16395819769246978,drifted
2025-04-25,risk_parity,QQQ,0.12299627451357283,drifted
2025-04-25,risk_parity,IWM,0.11711478765085516,drifted
2025-04-25,risk_parity,EFA,0.19597945330494926,drifted
2025-04-25,risk_parity,IEF,0.39995128683815306,drifted
2025-04-28,risk_parity,SPY,0.16346179438561478,drifted
2025-04-28,risk_parity,QQQ,0.12253826935385648,drifted
2025-04-28,risk_parity,IWM,0.1172087520813924,drifted
2025-04-28,risk_parity,EFA,0.19661185496616054,drifted
2025-04-28,risk_parity,IEF,0.4001793292129758,drifted
2025-04-29,risk_parity,SPY,0.16378611308594027,drifted
2025-04-29,risk_parity,QQQ,0.12281862621821321,drifted
2025-04-29,risk_parity,IWM,0.11739461602415055,drifted
2025-04-29,risk_parity,EFA,0.19616174605617237,drifted
2025-04-29,risk_parity,IEF,0.39983889861552363,drifted
2025-04-30,risk_parity,SPY,0.16389913025772337,drifted
2025-04-30,risk_parity,QQQ,0.12283909964059565,drifted
2025-04-30,risk_parity,IWM,0.11669240452297185,drifted
2025-04-30,risk_parity,EFA,0.1959879554294869,drifted
2025-04-30,risk_parity,IEF,0.4005814101492223,drifted
2025-05-01,risk_parity,SPY,0.15174585351303807,target
2025-05-01,risk_parity,QQQ,0.12406151940816829,target
2025-05-01,risk_parity,IWM,0.13512721643226688,target
2025-05-01,risk_parity,EFA,0.18906541064652688,target
2025-05-01,risk_parity,IEF,0.39999999999999997,target
2025-05-01,risk_parity,SPY,0.15174585351303807,drifted
2025-05-01,risk_parity,QQQ,0.12406151940816829,drifted
2025-05-01,risk_parity,IWM,0.13512721643226688,drifted
2025-05-01,risk_parity,EFA,0.18906541064652688,drifted
2025-05-01,risk_parity,IEF,0.39999999999999997,drifted
2025-05-02,risk_parity,SPY,0.15276500990021027,drifted
2025-05-02,risk_parity,QQQ,0.1248946825279967,drifted
2025-05-02,risk_parity,IWM,0.13705988944467373,drifted
2025-05-02,risk_parity,EFA,0.19114765869237169,drifted
2025-05-02,risk_parity,IEF,0.39413275943474785,drifted
2025-05-05,risk_parity,SPY,0.15235279120045697,drifted
2025-05-05,risk_parity,QQQ,0.12453286271539171,drifted
2025-05-05,risk_parity,IWM,0.136422383586589,drifted
2025-05-05,risk_parity,EFA,0.1920653599247456,drifted
2025-05-05,risk_parity,IEF,0.3946266025728167,drifted
2025-05-06,risk_parity,SPY,0.15155877616314944,drifted
2025-05-06,risk_parity,QQQ,0.12376596216118049,drifted
2025-05-06,risk_parity,IWM,0.1353624438839639,drifted
2025-05-06,risk_parity,EFA,0.19242905924285156,drifted
2025-05-06,risk_parity,IEF,0.39688375854885466,drifted
2025-05-07,risk_parity,SPY,0.15189696116540233,drifted
2025-05-07,risk_parity,QQQ,0.12400760840071104,drifted
2025-05-07,risk_parity,IWM,0.1355426248856462,drifted
2025-05-07,risk_parity,EFA,0.19140421026621277,drifted
2025-05-07,risk_parity,IEF,0.39714859528202784,drifted
2025-05-08,risk_parity,SPY,0.1527783509535869,drifted
2025-05-08,risk_parity,QQQ,0.12514299405653487,drifted
2025-05-08,risk_parity,IWM,0.1379642658391239,drifted
2025-05-08,risk_parity,EFA,0.19051466863208216,drifted
2025-05-08,risk_parity,IEF,0.39359972051867215,drifted
2025-05-09,risk_parity,SPY,0.15247741318268668,drifted
2025-05-09,risk_parity,QQQ,0.12497386847599831,drifted
2025-05-09,risk_parity,IWM,0.13761462118332538,drifted
2025-05-09,risk_parity,EFA,0.19131660777343473,drifted
2025-05-09,risk_parity,IEF,0.393617489384555,drifted
2025-05-12,risk_parity,SPY,0.1554267202769911,drifted
2025-05-12,risk_parity,QQQ,0.12833984931396764,drifted
2025-05-12,risk_parity,IWM,0.1405629899643748,drifted
2025-05-12,risk_parity,EFA,0.18974474177929762,drifted
2025-05-12,risk_parity,IEF,0.38592569866536885,drifted
2025-05-13,risk_parity,SPY,0.15591527309865338,drifted
2025-05-13,risk_parity,QQQ,0.12984790252455367,drifted
2025-05-13,risk_parity,IWM,0.14059190527171814,drifted
2025-05-13,risk_parity,EFA,0.1893330950302594,drifted
2025-05-13,risk_parity,IEF,0.3843118240748154,drifted
2025-05-14,risk_parity,SPY,0.15652527513460043,drifted
2025-05-14,risk_parity,QQQ,0.130969767121037,drifted
2025-05-14,risk_parity,IWM,0.13971184581784135,drifted
2025-05-14,risk_parity,EFA,0.18890974755783713,drifted
2025-05-14,risk_parity,IEF,0.383883364368684,drifted
2025-05-15,risk_parity,SPY,0.15629076707175982,drifted
2025-05-15,risk_parity,QQQ,0.1302809161687745,drifted
2025-05-15,risk_parity,IWM,0.13973080970336055,drifted
2025-05-15,risk_parity,EFA,0.18975923031151026,drifted
2025-05-15,risk_parity,IEF,0.3839382767445948,drifted
2025-05-16,risk_parity,SPY,0.15676804761697438,drifted
2025-05-16,risk_parity,QQQ,0.13042143831140088,drifted
2025-05-16,risk_parity,IWM,0.14042631661537372,drifted
2025-05-16,risk_parity,EFA,0.1895752797758766,drifted
2025-05-16,risk_parity,IEF,0.38280891768037434,drifted
2025-05-19,risk_parity,SPY,0.15673460892595928,drifted
2025-05-19,risk_parity,QQQ,0.1303760114827838,drifted
2025-05-19,risk_parity,IWM,0.13965483487446764,drifted
2025-05-19,risk_parity,EFA,0.1911290064051226,drifted
2025-05-19,risk_parity,IEF,0.3821055383116667,drifted
2025-05-20,risk_parity,SPY,0.15628025154934916,drifted
2025-05-20,risk_parity,QQQ,0.13000186488581017,drifted
2025-05-20,risk_parity,IWM,0.1397933361361973,drifted
2025-05-20,risk_parity,EFA,0.19212975526053505,drifted
2025-05-20,risk_parity,IEF,0.38179479216810835,drifted
2025-05-21,risk_parity,SPY,0.15553494073260446,drifted
2025-05-21,risk_parity,QQQ,0.12977062666915493,drifted
2025-05-21,risk_parity,IWM,0.13753822029663762,drifted
2025-05-21,risk_parity,EFA,0.19334790428596815,drifted
2025-05-21,risk_parity,IEF,0.38380830801563487,drifted
2025-05-22,risk_parity,SPY,0.1553431513529792,drifted
2025-05-22,risk_parity,QQQ,0.12980192832967558,drifted
2025-05-22,risk_parity,IWM,0.1373076793534185,drifted
2025-05-22,risk_parity,EFA,0.19292359368222356,drifted
2025-05-22,risk_parity,IEF,0.38462364728170323,drifted
2025-05-23,risk_parity,SPY,0.15448687977605502,drifted
2025-05-23,risk_parity,QQQ,0.12876994231330938,drifted
2025-05-23,risk_parity,IWM,0.13705623649414683,drifted
2025-05-23,risk_parity,EFA,0.19344242843913662,drifted
2025-05-23,risk_parity,IEF,0.38624451297735213,drifted
2025-05-27,risk_parity,SPY,0.15550029298912613,drifted
2025-05-27,risk_parity,QQQ,0.12996188843145143,drifted
2025-05-27,risk_parity,IWM,0.1385749221247823,drifted
2025-05-27,risk_parity,EFA,0.19351886916491998,drifted
2025-05-27,risk_parity,IEF,0.3824440272897202,drifted
2025-05-28,risk_parity,SPY,0.15556897509468792,drifted
2025-05-28,risk_parity,QQQ,0.13019630125947765,drifted
2025-05-28,risk_parity,IWM,0.1379725755222205,drifted
2025-05-28,risk_parity,EFA,0.1924854056790729,drifted
2025-05-28,risk_parity,IEF,0.38377674244454096,drifted
2025-05-29,risk_parity,SPY,0.15560364616180108,drifted
2025-05-29,risk_parity,QQQ,0.12996824801584525,drifted
2025-05-29,risk_parity,IWM,0.13786870737603132,drifted
2025-05-29,risk_parity,EFA,0.19261840674071254,drifted
2025-05-29,risk_parity,IEF,0.38394099170560975,drifted
2025-05-30,risk_parity,SPY,0.15537658499294635,drifted
2025-05-30,risk_parity,QQQ,0.12971902239639496,drifted
2025-05-30,risk_parity,IWM,0.13711961305345519,drifted
2025-05-30,risk_parity,EFA,0.1928349680987201,drifted
2025-05-30,risk_parity,IEF,0.3849498114584834,drifted
2025-06-02,risk_parity,SPY,0.1502557796002535,target
2025-06-02,risk_parity,QQQ,0.1234014955300451,target
2025-06-02,risk_parity,IWM,0.13393966998870324,target
2025-06-02,risk_parity,EFA,0.19240305488099824,target
2025-06-02,risk_parity,IEF,0.4,target
2025-06-02,risk_parity,SPY,0.1502557796002535,drifted
2025-06-02,risk_parity,QQQ,0.1234014955300451,drifted
2025-06-02,risk_parity,IWM,0.13393966998870324,drifted
2025-06-02,risk_parity,EFA,0.19240305488099824,drifted
2025-06-02,risk_parity,IEF,0.4,drifted
2025-06-03,risk_parity,SPY,0.15078958261506778,drifted
2025-06-03,risk_parity,QQQ,0.12410028500283136,drifted
2025-06-03,risk_parity,IWM,0.1358104067997658,drifted
2025-06-03,risk_parity,EFA,0.19053725947896913,drifted
2025-06-03,risk_parity,IEF,0.3987624661033659,drifted
2025-06-04,risk_parity,SPY,0.1501919887759675,drifted
2025-06-04,risk_parity,QQQ,0.1239863270037851,drifted
2025-06-04,risk_parity,IWM,0.134926574253706,drifted
2025-06-04,risk_parity,EFA,0.19068550476892748,drifted
2025-06-04,risk_parity,IEF,0.40020960519761406,drifted
2025-06-05,risk_parity,SPY,0.14990294487442732,drifted
2025-06-05,risk_parity,QQQ,0.123412724165183,drifted
2025-06-05,risk_parity,IWM,0.135379318393789,drifted
2025-06-05,risk_parity,EFA,0.19111452823959404,drifted
2025-06-05,risk_parity,IEF,0.40019048432700666,drifted
2025-06-06,risk_parity,SPY,0.1510746838293264,drifted
2025-06-06,risk_parity,QQQ,0.1243165908107879,drifted
2025-06-06,risk_parity,IWM,0.13723320654187135,drifted
2025-06-06,risk_parity,EFA,0.1913328852953127,drifted
2025-06-06,risk_parity,IEF,0.39604263352270164,drifted
2025-06-09,risk_parity,SPY,0.15091452708942388,drifted
2025-06-09,risk_parity,QQQ,0.124255616444129,drifted
2025-06-09,risk_parity,IWM,0.13790799408548296,drifted
2025-06-09,risk_parity,EFA,0.1909366950890765,drifted
2025-06-09,risk_parity,IEF,0.39598516729188754,drifted
2025-06-10,risk_parity,SPY,0.15126309994384415,drifted
2025-06-10,risk_parity,QQQ,0.1246595524351998,drifted
2025-06-10,risk_parity,IWM,0.1381880204518735,drifted
2025-06-10,risk_parity,EFA,0.19055320312486965,drifted
2025-06-10,risk_parity,IEF,0.39533612404421287,drifted
2025-06-11,risk_parity,SPY,0.15084576913696257,drifted
2025-06-11,risk_parity,QQQ,0.12425109074011997,drifted
2025-06-11,risk_parity,IWM,0.13763400491567096,drifted
2025-06-11,risk_parity,EFA,0.1902528364155295,drifted
2025-06-11,risk_parity,IEF,0.39701629879171707,drifted
2025-06-12,risk_parity,SPY,0.1509118797454313,drifted
2025-06-12,risk_parity,QQQ,0.12410417569584106,drifted
2025-06-12,risk_parity,IWM,0.13660355336485,drifted
2025-06-12,risk_parity,EFA,0.1910411232976786,drifted
2025-06-12,risk_parity,IEF,0.397339267896199,drifted
2025-06-13,risk_parity,SPY,0.15068081394700056,drifted
2025-06-13,risk_parity,QQQ,0.1237418878335991,drifted
2025-06-13,risk_parity,IWM,0.13541482113537212,drifted
2025-06-13,risk_parity,EFA,0.19042971031763029,drifted
2025-06-13,risk_parity,IEF,0.3997327667663981,drifted
2025-06-16,risk_parity,SPY,0.15145996962662742,drifted
2025-06-16,risk_parity,QQQ,0.12492332642863804,drifted
2025-06-16,risk_parity,IWM,0.13642183595121374,drifted
2025-06-16,risk_parity,EFA,0.1903216289754604,drifted
2025-06-16,risk_parity,IEF,0.3968732390180605,drifted
2025-06-17,risk_parity,SPY,0.15082062393413426,drifted
2025-06-17,risk_parity,QQQ,0.12424468597298591,drifted
2025-06-17,risk_parity,IWM,0.13557365374071828,drifted
2025-06-17,risk_parity,EFA,0.1888067688727314,drifted
2025-06-17,risk_parity,IEF,0.4005542674794302,drifted
2025-06-18,risk_parity,SPY,0.15060945323291738,drifted
2025-06-18,risk_parity,QQQ,0.12406830400077531,drifted
2025-06-18,risk_parity,IWM,0.13611841729795227,drifted
2025-06-18,risk_parity,EFA,0.18889609514801098,drifted
2025-06-18,risk_parity,IEF,0.400307730320344,drifted
2025-06-20,risk_parity,SPY,0.15064491133328134,drifted
2025-06-20,risk_parity,QQQ,0.1238817512454849,drifted
2025-06-20,risk_parity,IWM,0.13618454868717564,drifted
2025-06-20,risk_parity,EFA,0.1876895480976922,drifted
2025-06-20,risk_parity,IEF,0.40159924063636593,drifted
2025-06-23,risk_parity,SPY,0.15103901516978682,drifted
2025-06-23,risk_parity,QQQ,0.12425563014937217,drifted
2025-06-23,risk_parity,IWM,0.13685979069875398,drifted
2025-06-23,risk_parity,EFA,0.18774300332008745,drifted
2025-06-23,risk_parity,IEF,0.40010256066199956,drifted
2025-06-24,risk_parity,SPY,0.15134660768655703,drifted
2025-06-24,risk_parity,QQQ,0.12503142714293297,drifted
2025-06-24,risk_parity,IWM,0.1373694213608398,drifted
2025-06-24,risk_parity,EFA,0.18833737710886198,drifted
2025-06-24,risk_parity,IEF,0.39791516670080834,drifted
2025-06-25,risk_parity,SPY,0.1517434887086513,drifted
2025-06-25,risk_parity,QQQ,0.12560939460612464,drifted
2025-06-25,risk_parity,IWM,0.13604793995535258,drifted
2025-06-25,risk_parity,EFA,0.1876965309069606,drifted
2025-06-25,risk_parity,IEF,0.3989026458229109,drifted
2025-06-26,risk_parity,SPY,0.15170290663261335,drifted
2025-06-26,risk_parity,QQQ,0.12576598240690837,drifted
2025-06-26,risk_parity,IWM,0.13714584418595024,drifted
2025-06-26,risk_parity,EFA,0.1882735034046152,drifted
2025-06-26,risk_parity,IEF,0.39711176336991294,drifted
2025-06-27,risk_parity,SPY,0.15216873891621904,drifted
2025-06-27,risk_parity,QQQ,0.12595826192487275,drifted
2025-06-27,risk_parity,IWM,0.13693133600285046,drifted
2025-06-27,risk_parity,EFA,0.18961590545054588,drifted
2025-06-27,risk_parity,IEF,0.3953257577055118,drifted
2025-06-30,risk_parity,SPY,0.1523749506960535,drifted
2025-06-30,risk_parity,QQQ,0.12634183131070598,drifted
2025-06-30,risk_parity,IWM,0.1366607823446338,drifted
2025-06-30,risk_parity,EFA,0.18907513113913296,drifted
2025-06-30,risk_parity,IEF,0.3955473045094739,drifted
2025-07-01,risk_parity,SPY,0.1495809337651582,target
2025-07-01,risk_parity,QQQ,0.12281178284094177,target
2025-07-01,risk_parity,IWM,0.13409858260513613,target
2025-07-01,risk_parity,EFA,0.19350870078876387,target
2025-07-01,risk_parity,IEF,0.4,target
2025-07-01,risk_parity,SPY,0.1495809337651582,drifted
2025-07-01,risk_parity,QQQ,0.12281178284094177,drifted
2025-07-01,risk_parity,IWM,0.13409858260513613,drifted
2025-07-01,risk_parity,EFA,0.19350870078876387,drifted
2025-07-01,risk_parity,IEF,0.4,drifted
2025-07-02,risk_parity,SPY,0.14979237087519257,drifted
2025-07-02,risk_parity,QQQ,0.12328314008066907,drifted
2025-07-02,risk_parity,IWM,0.13553394600629104,drifted
2025-07-02,risk_parity,EFA,0.1934697607882267,drifted
2025-07-02,risk_parity,IEF,0.3979207822496206,drifted
2025-07-03,risk_parity,SPY,0.15062451873280172,drifted
2025-07-03,risk_parity,QQQ,0.12420898122047262,drifted
2025-07-03,risk_parity,IWM,0.1364753107603617,drifted
2025-07-03,risk_parity,EFA,0.19306639393727265,drifted
2025-07-03,risk_parity,IEF,0.39562479534909123,drifted
2025-07-07,risk_parity,SPY,0.15062455674096561,drifted
2025-07-07,risk_parity,QQQ,0.12419885932150175,drifted
2025-07-07,risk_parity,IWM,0.1354351338214079,drifted
2025-07-07,risk_parity,EFA,0.1924082556171249,drifted
2025-07-07,risk_parity,IEF,0.39733319449899984,drifted
2025-07-08,risk_parity,SPY,0.15027940976675552,drifted
2025-07-08,risk_parity,QQQ,0.12405181431074547,drifted
2025-07-08,risk_parity,IWM,0.13613410436321283,drifted
2025-07-08,risk_parity,EFA,0.19348248892717035,drifted
2025-07-08,risk_parity,IEF,0.3960521826321158,drifted
2025-07-09,risk_parity,SPY,0.1501644550164308,drifted
2025-07-09,risk_parity,QQQ,0.12409026510121876,drifted
2025-07-09,risk_parity,IWM,0.13668588627866873,drifted
2025-07-09,risk_parity,EFA,0.19362555782246377,drifted
2025-07-09,risk_parity,IEF,0.3954338357812179,drifted
2025-07-10,risk_parity,SPY,0.15049612861756534,drifted
2025-07-10,risk_parity,QQQ,0.12383623802258195,drifted
2025-07-10,risk_parity,IWM,0.13730495094164932,drifted
2025-07-10,risk_parity,EFA,0.19337829999110073,drifted
2025-07-10,risk_parity,IEF,0.3949843824271026,drifted
2025-07-11,risk_parity,SPY,0.15093106671004586,drifted
2025-07-11,risk_parity,QQQ,0.12435179802915956,drifted
2025-07-11,risk_parity,IWM,0.13628192951611226,drifted
2025-07-11,risk_parity,EFA,0.1927576983429928,drifted
2025-07-11,risk_parity,IEF,0.39567750740168955,drifted
2025-07-14,risk_parity,SPY,0.15099452212212955,drifted
2025-07-14,risk_parity,QQQ,0.12461748514766743,drifted
2025-07-14,risk_parity,IWM,0.13699413570928473,drifted
2025-07-14,risk_parity,EFA,0.19247147224579533,drifted
2025-07-14,risk_parity,IEF,0.3949223847751229,drifted
2025-07-15,risk_parity,SPY,0.15137493548612477,drifted
2025-07-15,risk_parity,QQQ,0.12558262579096358,drifted
2025-07-15,risk_parity,IWM,0.1352280572756696,drifted
2025-07-15,risk_parity,EFA,0.19175837709599766,drifted
2025-07-15,risk_parity,IEF,0.39605600435124444,drifted
2025-07-16,risk_parity,SPY,0.15129473280941544,drifted
2025-07-16,risk_parity,QQQ,0.12522594686609712,drifted
2025-07-16,risk_parity,IWM,0.13606040148921392,drifted
2025-07-16,risk_parity,EFA,0.19179943906965455,drifted
2025-07-16,risk_parity,IEF,0.39561947976561884,drifted
2025-07-17,risk_parity,SPY,0.1515994002099072,drifted
2025-07-17,risk_parity,QQQ,0.1257242012125969,drifted
2025-07-17,risk_parity,IWM,0.13728309812592063,drifted
2025-07-17,risk_parity,EFA,0.1915138186772118,drifted
2025-07-17,risk_parity,IEF,0.3938794817743634,drifted
2025-07-18,risk_parity,SPY,0.15158830768982903,drifted
2025-07-18,risk_parity,QQQ,0.12568619862765304,drifted
2025-07-18,risk_parity,IWM,0.13639821083528783,drifted
2025-07-18,risk_parity,EFA,0.19109946488675233,drifted
2025-07-18,risk_parity,IEF,0.39522781796047773,drifted
2025-07-21,risk_parity,SPY,0.1514539441575545,drifted
2025-07-21,risk_parity,QQQ,0.1259869634690426,drifted
2025-07-21,risk_parity,IWM,0.13546876804908622,drifted
2025-07-21,risk_parity,EFA,0.19158238598318808,drifted
2025-07-21,risk_parity,IEF,0.3955079383411286,drifted
2025-07-22,risk_parity,SPY,0.15107083018912115,drifted
2025-07-22,risk_parity,QQQ,0.12499998002901783,drifted
2025-07-22,risk_parity,IWM,0.13622945014674426,drifted
2025-07-22,risk_parity,EFA,0.19212439514042678,drifted
2025-07-22,risk_parity,IEF,0.39557534449468995,drifted
2025-07-23,risk_parity,SPY,0.1512526157760794,drifted
2025-07-23,risk_parity,QQQ,0.12466068513875576,drifted
2025-07-23,risk_parity,IWM,0.13730836926414966,drifted
2025-07-23,risk_parity,EFA,0.19547347747284832,drifted
2025-07-23,risk_parity,IEF,0.3913048523481667,drifted
2025-07-24,risk_parity,SPY,0.1518510773049211,drifted
2025-07-24,risk_parity,QQQ,0.12537879300459912,drifted
2025-07-24,risk_parity,IWM,0.13590319919882599,drifted
2025-07-24,risk_parity,EFA,0.1947246457426451,drifted
2025-07-24,risk_parity,IEF,0.39214228474900864,drifted
2025-07-25,risk_parity,SPY,0.1521692028025784,drifted
2025-07-25,risk_parity,QQQ,0.1254141041515434,drifted
2025-07-25,risk_parity,IWM,0.13611855839056916,drifted
2025-07-25,risk_parity,EFA,0.19407651293619033,drifted
2025-07-25,risk_parity,IEF,0.3922216217191186,drifted
2025-07-28,risk_parity,SPY,0.15271065107521445,drifted
2025-07-28,risk_parity,QQQ,0.12628539106246242,drifted
2025-07-28,risk_parity,IWM,0.13647885794942946,drifted
2025-07-28,risk_parity,EFA,0.19168175062736897,drifted
2025-07-28,risk_parity,IEF,0.39284334928552467,drifted
2025-07-29,risk_parity,SPY,0.1521981365100314,drifted
2025-07-29,risk_parity,QQQ,0.12599894803026823,drifted
2025-07-29,risk_parity,IWM,0.13551037395795565,drifted
2025-07-29,risk_parity,EFA,0.19115752905421,drifted
2025-07-29,risk_parity,IEF,0.3951350124475348,drifted
2025-07-30,risk_parity,SPY,0.1525332922196337,drifted
2025-07-30,risk_parity,QQQ,0.12660502033146293,drifted
2025-07-30,risk_parity,IWM,0.13529000813176012,drifted
2025-07-30,risk_parity,EFA,0.19044236529746425,drifted
2025-07-30,risk_parity,IEF,0.39512931401967893,drifted
2025-07-31,risk_parity,SPY,0.15261425977443469,drifted
2025-07-31,risk_parity,QQQ,0.12647541641196297,drifted
2025-07-31,risk_parity,IWM,0.13454075099265334,drifted
2025-07-31,risk_parity,EFA,0.189207137323405,drifted
2025-07-31,risk_parity,IEF,0.39716243549754393,drifted
2025-08-01,risk_parity,SPY,0.1502856494141987,target
2025-08-01,risk_parity,QQQ,0.12461061192443348,target
2025-08-01,risk_parity,IWM,0.1338560015107905,target
2025-08-01,risk_parity,EFA,0.19124773715057738,target
2025-08-01,risk_parity,IEF,0.4,target
2025-08-01,risk_parity,SPY,0.1502856494141987,drifted
2025-08-01,risk_parity,QQQ,0.12461061192443348,drifted
2025-08-01,risk_parity,IWM,0.1338560015107905,drifted
2025-08-01,risk_parity,EFA,0.19124773715057738,drifted
2025-08-01,risk_parity,IEF,0.4,drifted
2025-08-04,risk_parity,SPY,0.1509600706653287,drifted
2025-08-04,risk_parity,QQQ,0.12557077403705572,drifted
2025-08-04,risk_parity,IWM,0.13540773398633354,drifted
2025-08-04,risk_parity,EFA,0.19174442476483536,drifted
2025-08-04,risk_parity,IEF,0.39631699654644653,drifted
2025-08-05,risk_parity,SPY,0.15038103023932578,drifted
2025-08-05,risk_parity,QQQ,0.12487290657712334,drifted
2025-08-05,risk_parity,IWM,0.1362667458059117,drifted
2025-08-05,risk_parity,EFA,0.19196057317561055,drifted
2025-08-05,risk_parity,IEF,0.3965187442020286,drifted
2025-08-06,risk_parity,SPY,0.15100239509066068,drifted
2025-08-06,risk_parity,QQQ,0.1260015405949479,drifted
2025-08-06,risk_parity,IWM,0.13561139109905124,drifted
2025-08-06,risk_parity,EFA,0.1925430191293987,drifted
2025-08-06,risk_parity,IEF,0.3948416540859415,drifted
2025-08-07,risk_parity,SPY,0.1506802139585914,drifted
2025-08-07,risk_parity,QQQ,0.12626400456847822,drifted
2025-08-07,risk_parity,IWM,0.1349933817887586,drifted
2025-08-07,risk_parity,EFA,0.19402137473452089,drifted
2025-08-07,risk_parity,IEF,0.3940410249496508,drifted
2025-08-08,risk_parity,SPY,0.15141172006843587,drifted
2025-08-08,risk_parity,QQQ,0.12706963124500129,drifted
2025-08-08,risk_parity,IWM,0.1348930634788527,drifted
2025-08-08,risk_parity,EFA,0.19463939863317553,drifted
2025-08-08,risk_parity,IEF,0.39198618657453466,drifted
2025-08-11,risk_parity,SPY,0.15132433173677598,drifted
2025-08-11,risk_parity,QQQ,0.12687141986971592,drifted
2025-08-11,risk_parity,IWM,0.13505166982552858,drifted
2025-08-11,risk_parity,EFA,0.194092878042782,drifted
2025-08-11,risk_parity,IEF,0.3926597005251975,drifted
2025-08-12,risk_parity,SPY,0.1514952990993849,drifted
2025-08-12,risk_parity,QQQ,0.1272564080692292,drifted
2025-08-12,risk_parity,IWM,0.13775204911215047,drifted
2025-08-12,risk_parity,EFA,0.194615468640065,drifted
2025-08-12,risk_parity,IEF,0.38888077507917035,drifted
2025-08-13,risk_parity,SPY,0.15113400027328977,drifted
2025-08-13,risk_parity,QQQ,0.12658308952640643,drifted
2025-08-13,risk_parity,IWM,0.1396176156350763,drifted
2025-08-13,risk_parity,EFA,0.1946572992519309,drifted
2025-08-13,risk_parity,IEF,0.38800799531329655,drifted
2025-08-14,risk_parity,SPY,0.1516209187282077,drifted
2025-08-14,risk_parity,QQQ,0.1268806454507275,drifted
2025-08-14,risk_parity,IWM,0.13824935693593715,drifted
2025-08-14,risk_parity,EFA,0.19528758868607166,drifted
2025-08-14,risk_parity,IEF,0.3879614901990559,drifted
2025-08-15,risk_parity,SPY,0.15144874019266147,drifted
2025-08-15,risk_parity,QQQ,0.12647537228930794,drifted
2025-08-15,risk_parity,IWM,0.13774327618041807,drifted
2025-08-15,risk_parity,EFA,0.19667561161770647,drifted
2025-08-15,risk_parity,IEF,0.38765699971990614,drifted
2025-08-18,risk_parity,SPY,0.15143996641790441,drifted
2025-08-18,risk_parity,QQQ,0.12644519069553253,drifted
2025-08-18,risk_parity,IWM,0.13826873776178566,drifted
2025-08-18,risk_parity,EFA,0.19649367314221888,drifted
2025-08-18,risk_parity,IEF,0.3873524319825586,drifted
2025-08-19,risk_parity,SPY,0.15101105030784392,drifted
2025-08-19,risk_parity,QQQ,0.12505478974815443,drifted
2025-08-19,risk_parity,IWM,0.13756496800659562,drifted
2025-08-19,risk_parity,EFA,0.1970273172296002,drifted
2025-08-19,risk_parity,IEF,0.3893418747078058,drifted
2025-08-20,risk_parity,SPY,0.15066295571830338,drifted
2025-08-20,risk_parity,QQQ,0.12435617632949902,drifted
2025-08-20,risk_parity,IWM,0.13712683362851336,drifted
2025-08-20,risk_parity,EFA,0.19780306586912533,drifted
2025-08-20,risk_parity,IEF,0.3900509684545589,drifted
2025-08-21,risk_parity,SPY,0.1505438994371005,drifted
2025-08-21,risk_parity,QQQ,0.12418079111771196,drifted
2025-08-21,risk_parity,IWM,0.13791215814307925,drifted
2025-08-21,risk_parity,EFA,0.19719762849592212,drifted
2025-08-21,risk_parity,IEF,0.3901655228061861,drifted
2025-08-22,risk_parity,SPY,0.15063108254500845,drifted
2025-08-22,risk_parity,QQQ,0.12426135662813795,drifted
2025-08-22,risk_parity,IWM,0.14123363056753266,drifted
2025-08-22,risk_parity,EFA,0.19724727754160584,drifted
2025-08-22,risk_parity,IEF,0.3866266527177152,drifted
2025-08-25,risk_parity,SPY,0.15085460695313774,drifted
2025-08-25,risk_parity,QQQ,0.12463528806445417,drifted
2025-08-25,risk_parity,IWM,0.1405741451884861,drifted
2025-08-25,risk_parity,EFA,0.19579550600685353,drifted
2025-08-25,risk_parity,IEF,0.38814045378706846,drifted
2025-08-26,risk_parity,SPY,0.1510186819577046,drifted
2025-08-26,risk_parity,QQQ,0.12474949427718184,drifted
2025-08-26,risk_parity,IWM,0.14129824512389574,drifted
2025-08-26,risk_parity,EFA,0.19497900773837273,drifted
2025-08-26,risk_parity,IEF,0.3879545709028451,drifted
2025-08-27,risk_parity,SPY,0.1510909664328367,drifted
2025-08-27,risk_parity,QQQ,0.12471684154352036,drifted
2025-08-27,risk_parity,IWM,0.14204389037458592,drifted
2025-08-27,risk_parity,EFA,0.19416294772070278,drifted
2025-08-27,risk_parity,IEF,0.38798535392835415,drifted
2025-08-28,risk_parity,SPY,0.15115844995269492,drifted
2025-08-28,risk_parity,QQQ,0.12511056054556363,drifted
2025-08-28,risk_parity,IWM,0.1417738968228834,drifted
2025-08-28,risk_parity,EFA,0.19428203032416635,drifted
2025-08-28,risk_parity,IEF,0.3876750623546916,drifted
2025-08-29,risk_parity,SPY,0.15092742075944368,drifted
2025-08-29,risk_parity,QQQ,0.12421413600007401,drifted
2025-08-29,risk_parity,IWM,0.14177350133361805,drifted
2025-08-29,risk_parity,EFA,0.19400374364938483,drifted
2025-08-29,risk_parity,IEF,0.38908119825747955,drifted
2025-09-02,risk_parity,SPY,0.14912272040613755,target
2025-09-02,risk_parity,QQQ,0.12565224791435173,target
2025-09-02,risk_parity,IWM,0.13305694079130173,target
2025-09-02,risk_parity,EFA,0.19216809088820905,target
2025-09-02,risk_parity,IEF,0.4,target
2025-09-02,risk_parity,SPY,0.14912272040613755,drifted
2025-09-02,risk_parity,QQQ,0.12565224791435173,drifted
2025-09-02,risk_parity,IWM,0.13305694079130173,drifted
2025-09-02,risk_parity,EFA,0.19216809088820905,drifted
2025-09-02,risk_parity,IEF,0.4,drifted
2025-09-03,risk_parity,SPY,0.14943115639827315,drifted
2025-09-03,risk_parity,QQQ,0.12621870199660515,drifted
2025-09-03,risk_parity,IWM,0.13248302818614036,drifted
2025-09-03,risk_parity,EFA,0.1918235718491372,drifted
2025-09-03,risk_parity,IEF,0.40004354156984423,drifted
2025-09-04,risk_parity,SPY,0.14959744174483036,drifted
2025-09-04,risk_parity,QQQ,0.12644612658669102,drifted
2025-09-04,risk_parity,IWM,0.1331748485351168,drifted
2025-09-04,risk_parity,EFA,0.19183091361557497,drifted
2025-09-04,risk_parity,IEF,0.39895066951778685,drifted
2025-09-05,risk_parity,SPY,0.14868524387513685,drifted
2025-09-05,risk_parity,QQQ,0.126221997745439,drifted
2025-09-05,risk_parity,IWM,0.13340935522947406,drifted
2025-09-05,risk_parity,EFA,0.1920729486818055,drifted
2025-09-05,risk_parity,IEF,0.39961045446814447,drifted
2025-09-08,risk_parity,SPY,0.1483954642889543,drifted
2025-09-08,risk_parity,QQQ,0.1262803068504083,drifted
2025-09-08,risk_parity,IWM,0.1330911901898873,drifted
2025-09-08,risk_parity,EFA,0.19314549049269247,drifted
2025-09-08,risk_parity,IEF,0.3990875481780576,drifted
2025-09-09,risk_parity,SPY,0.14898773064645687,drifted
2025-09-09,risk_parity,QQQ,0.12685024794908356,drifted
2025-09-09,risk_parity,IWM,0.1325307847132327,drifted
2025-09-09,risk_parity,EFA,0.19282217128116264,drifted
2025-09-09,risk_parity,IEF,0.3988090654100641,drifted
2025-09-10,risk_parity,SPY,0.1492295049118577,drifted
2025-09-10,risk_parity,QQQ,0.12673129913839537,drifted
2025-09-10,risk_parity,IWM,0.1321284752452884,drifted
2025-09-10,risk_parity,EFA,0.19253665692035363,drifted
2025-09-10,risk_parity,IEF,0.3993740637841049,drifted
2025-09-11,risk_parity,SPY,0.149411892559799,drifted
2025-09-11,risk_parity,QQQ,0.12657291005749455,drifted
2025-09-11,risk_parity,IWM,0.1336246812388386,drifted
2025-09-11,risk_parity,EFA,0.19321135222155908,drifted
2025-09-11,risk_parity,IEF,0.39717916392230873,drifted
2025-09-12,risk_parity,SPY,0.14977603810781778,drifted
2025-09-12,risk_parity,QQQ,0.12748451934395813,drifted
2025-09-12,risk_parity,IWM,0.1326263087879555,drifted
2025-09-12,risk_parity,EFA,0.1929792524888514,drifted
2025-09-12,risk_parity,IEF,0.3971338812714172,drifted
2025-09-15,risk_parity,SPY,0.14991500014186587,drifted
2025-09-15,risk_parity,QQQ,0.1280131391077419,drifted
2025-09-15,risk_parity,IWM,0.13260592342086178,drifted
2025-09-15,risk_parity,EFA,0.19341640994128384,drifted
2025-09-15,risk_parity,IEF,0.3960495273882466,drifted
2025-09-16,risk_parity,SPY,0.1498322663390754,drifted
2025-09-16,risk_parity,QQQ,0.1280106398630563,drifted
2025-09-16,risk_parity,IWM,0.13249693208102686,drifted
2025-09-16,risk_parity,EFA,0.19303855248910667,drifted
2025-09-16,risk_parity,IEF,0.3966216092277349,drifted
2025-09-17,risk_parity,SPY,0.14989843639801523,drifted
2025-09-17,risk_parity,QQQ,0.12797051504895796,drifted
2025-09-17,risk_parity,IWM,0.13306009518174033,drifted
2025-09-17,risk_parity,EFA,0.19263902336287445,drifted
2025-09-17,risk_parity,IEF,0.3964319300084121,drifted
2025-09-18,risk_parity,SPY,0.14990832774726934,drifted
2025-09-18,risk_parity,QQQ,0.1285323921453213,drifted
2025-09-18,risk_parity,IWM,0.13574891891652954,drifted
2025-09-18,risk_parity,EFA,0.19249804136521056,drifted
2025-09-18,risk_parity,IEF,0.3933123198256692,drifted
2025-09-19,risk_parity,SPY,0.1506995912210384,drifted
2025-09-19,risk_parity,QQQ,0.12944437650558838,drifted
2025-09-19,risk_parity,IWM,0.13476129307761187,drifted
2025-09-19,risk_parity,EFA,0.19181786799394573,drifted
2025-09-19,risk_parity,IEF,0.39327687120181565,drifted
2025-09-22,risk_parity,SPY,0.15107582814693743,drifted
2025-09-22,risk_parity,QQQ,0.12992111613875612,drifted
2025-09-22,risk_parity,IWM,0.13524185951858256,drifted
2025-09-22,risk_parity,EFA,0.1920086782004395,drifted
2025-09-22,risk_parity,IEF,0.3917525179952843,drifted
2025-09-23,risk_parity,SPY,0.1504435553880745,drifted
2025-09-23,risk_parity,QQQ,0.12922143386434853,drifted
2025-09-23,risk_parity,IWM,0.13510823968636196,drifted
2025-09-23,risk_parity,EFA,0.19188072925743274,drifted
2025-09-23,risk_parity,IEF,0.3933460418037824,drifted
2025-09-24,risk_parity,SPY,0.15061907987245307,drifted
2025-09-24,risk_parity,QQQ,0.1293295086694567,drifted
2025-09-24,risk_parity,IWM,0.13445105953913283,drifted
2025-09-24,risk_parity,EFA,0.19160019995710612,drifted
2025-09-24,risk_parity,IEF,0.39400015196185123,drifted
2025-09-25,risk_parity,SPY,0.15064148900567215,drifted
2025-09-25,risk_parity,QQQ,0.12938801911002334,drifted
2025-09-25,risk_parity,IWM,0.13380262065479254,drifted
2025-09-25,risk_parity,EFA,0.1911443966234147,drifted
2025-09-25,risk_parity,IEF,0.3950234746060973,drifted
2025-09-26,risk_parity,SPY,0.15092910473747537,drifted
2025-09-26,risk_parity,QQQ,0.12942647422901804,drifted
2025-09-26,risk_parity,IWM,0.13443636751800847,drifted
2025-09-26,risk_parity,EFA,0.19188924672100033,drifted
2025-09-26,risk_parity,IEF,0.39331880679449766,drifted
2025-09-29,risk_parity,SPY,0.15089007693509493,drifted
2025-09-29,risk_parity,QQQ,0.12962792369238407,drifted
2025-09-29,risk_parity,IWM,0.13418043458296455,drifted
2025-09-29,risk_parity,EFA,0.19204546530003444,drifted
2025-09-29,risk_parity,IEF,0.3932560994895219,drifted
2025-09-30,risk_parity,SPY,0.15119626112417098,drifted
2025-09-30,risk_parity,QQQ,0.12975799096491222,drifted
2025-09-30,risk_parity,IWM,0.13413665947968118,drifted
2025-09-30,risk_parity,EFA,0.1924964478813223,drifted
2025-09-30,risk_parity,IEF,0.3924126405499133,drifted
2025-10-01,risk_parity,SPY,0.1484837371492058,target
2025-10-01,risk_parity,QQQ,0.12688453876486291,target
2025-10-01,risk_parity,IWM,0.13234492696047767,target
2025-10-01,risk_parity,EFA,0.19228679712545374,target
2025-10-01,risk_parity,IEF,0.4,target
2025-10-01,risk_parity,SPY,0.1484837371492058,drifted
2025-10-01,risk_parity,QQQ,0.12688453876486291,drifted
2025-10-01,risk_parity,IWM,0.13234492696047767,drifted
2025-10-01,risk_parity,EFA,0.19228679712545374,drifted
2025-10-01,risk_parity,IEF,0.4,drifted
2025-10-02,risk_parity,SPY,0.148321239319699,drifted
2025-10-02,risk_parity,QQQ,0.12712030144930678,drifted
2025-10-02,risk_parity,IWM,0.13288115206658704,drifted
2025-10-02,risk_parity,EFA,0.1921610744777149,drifted
2025-10-02,risk_parity,IEF,0.3995162326866922,drifted
2025-10-03,risk_parity,SPY,0.14813055053090685,drifted
2025-10-03,risk_parity,QQQ,0.1264242938767989,drifted
2025-10-03,risk_parity,IWM,0.13369666601278135,drifted
2025-10-03,risk_parity,EFA,0.19352481932965232,drifted
2025-10-03,risk_parity,IEF,0.3982236702498606,drifted
2025-10-06,risk_parity,SPY,0.1484680634645539,drifted
2025-10-06,risk_parity,QQQ,0.12720779436624238,drifted
2025-10-06,risk_parity,IWM,0.13405473258363265,drifted
2025-10-06,risk_parity,EFA,0.1937198528061754,drifted
2025-10-06,risk_parity,IEF,0.3965495567793957,drifted
2025-10-07,risk_parity,SPY,0.14841580981928146,drifted
2025-10-07,risk_parity,QQQ,0.12696413219308034,drifted
2025-10-07,risk_parity,IWM,0.1330620374994422,drifted
2025-10-07,risk_parity,EFA,0.19267944209170357,drifted
2025-10-07,risk_parity,IEF,0.39887857839649243,drifted
2025-10-08,risk_parity,SPY,0.1486483320496195,drifted
2025-10-08,risk_parity,QQQ,0.12785838519485865,drifted
2025-10-08,risk_parity,IWM,0.1338695721210676,drifted
2025-10-08,risk_parity,EFA,0.19240596273254226,drifted
2025-10-08,risk_parity,IEF,0.397217747901912,drifted
2025-10-09,risk_parity,SPY,0.1487114876304161,drifted
2025-10-09,risk_parity,QQQ,0.12812912460826906,drifted
2025-10-09,risk_parity,IWM,0.13344995310622415,drifted
2025-10-09,risk_parity,EFA,0.1914577914531948,drifted
2025-10-09,risk_parity,IEF,0.39825164320189593,drifted
2025-10-10,risk_parity,SPY,0.14667324499657267,drifted
2025-10-10,risk_parity,QQQ,0.12537463143360014,drifted
2025-10-10,risk_parity,IWM,0.1312264758284926,drifted
2025-10-10,risk_parity,EFA,0.1905061468457857,drifted
2025-10-10,risk_parity,IEF,0.40621950089554887,drifted
2025-10-13,risk_parity,SPY,0.1474051714885798,drifted
2025-10-13,risk_parity,QQQ,0.12672962251014475,drifted
2025-10-13,risk_parity,IWM,0.13350436795583523,drifted
2025-10-13,risk_parity,EFA,0.19007625690569613,drifted
2025-10-13,risk_parity,IEF,0.40228458113974414,drifted
2025-10-14,risk_parity,SPY,0.1468172582191917,drifted
2025-10-14,risk_parity,QQQ,0.1255367291305251,drifted
2025-10-14,risk_parity,IWM,0.135035590968235,drifted
2025-10-14,risk_parity,EFA,0.19040593797915054,drifted
2025-10-14,risk_parity,IEF,0.40220448370289774,drifted
2025-10-15,risk_parity,SPY,0.1469805549562807,drifted
2025-10-15,risk_parity,QQQ,0.12600383322003506,drifted
2025-10-15,risk_parity,IWM,0.13590756119531403,drifted
2025-10-15,risk_parity,EFA,0.1906895131532826,drifted
2025-10-15,risk_parity,IEF,0.40041853747508765,drifted
2025-10-16,risk_parity,SPY,0.146195545721983,drifted
2025-10-16,risk_parity,QQQ,0.12572298616955993,drifted
2025-10-16,risk_parity,IWM,0.13324325169879012,drifted
2025-10-16,risk_parity,EFA,0.19196871571033133,drifted
2025-10-16,risk_parity,IEF,0.40286950069933564,drifted
2025-10-17,risk_parity,SPY,0.14696024960019588,drifted
2025-10-17,risk_parity,QQQ,0.12649249624569903,drifted
2025-10-17,risk_parity,IWM,0.13228746424135385,drifted
2025-10-17,risk_parity,EFA,0.1922294164675281,drifted
2025-10-17,risk_parity,IEF,0.40203037344522313,drifted
2025-10-20,risk_parity,SPY,0.14733552090278368,drifted
2025-10-20,risk_parity,QQQ,0.12709165823872157,drifted
2025-10-20,risk_parity,IWM,0.13382155700012982,drifted
2025-10-20,risk_parity,EFA,0.1923106897756169,drifted
2025-10-20,risk_parity,IEF,0.3994405740827481,drifted
2025-10-21,risk_parity,SPY,0.14753126368174754,drifted
2025-10-21,risk_parity,QQQ,0.1272291312182155,drifted
2025-10-21,risk_parity,IWM,0.13336958456623205,drifted
2025-10-21,risk_parity,EFA,0.19115446661438845,drifted
2025-10-21,risk_parity,IEF,0.4007155539194165,drifted
2025-10-22,risk_parity,SPY,0.1473780303963555,drifted
2025-10-22,risk_parity,QQQ,0.12653034741287666,drifted
2025-10-22,risk_parity,IWM,0.1319481502829574,drifted
2025-10-22,risk_parity,EFA,0.19166975682913862,drifted
2025-10-22,risk_parity,IEF,0.4024737150786719,drifted
2025-10-23,risk_parity,SPY,0.14778162163975314,drifted
2025-10-23,risk_parity,QQQ,0.12718921267921782,drifted
2025-10-23,risk_parity,IWM,0.13319432574961457,drifted
2025-10-23,risk_parity,EFA,0.19195173515305974,drifted
2025-10-23,risk_parity,IEF,0.39988310477835476,drifted
2025-10-24,risk_parity,SPY,0.148267942958644,drifted
2025-10-24,risk_parity,QQQ,0.127924936647046,drifted
2025-10-24,risk_parity,IWM,0.1341684615845744,drifted
2025-10-24,risk_parity,EFA,0.1913242352723657,drifted
2025-10-24,risk_parity,IEF,0.3983144235373699,drifted
2025-10-27,risk_parity,SPY,0.14914851631205564,drifted
2025-10-27,risk_parity,QQQ,0.12944924377717415,drifted
2025-10-27,risk_parity,IWM,0.13385684532691108,drifted
2025-10-27,risk_parity,EFA,0.19153734660001753,drifted
2025-10-27,risk_parity,IEF,0.39600804798384154,drifted
2025-10-28,risk_parity,SPY,0.14940114607923713,drifted
2025-10-28,risk_parity,QQQ,0.13031952481684525,drifted
2025-10-28,risk_parity,IWM,0.13301247283832052,drifted
2025-10-28,risk_parity,EFA,0.19127357476859125,drifted
2025-10-28,risk_parity,IEF,0.39599328149700574,drifted
2025-10-29,risk_parity,SPY,0.15008984960053431,drifted
2025-10-29,risk_parity,QQQ,0.13144664574151255,drifted
2025-10-29,risk_parity,IWM,0.13242413299795003,drifted
2025-10-29,risk_parity,EFA,0.19097885830426461,drifted
2025-10-29,risk_parity,IEF,0.39506051335573855,drifted
2025-10-30,risk_parity,SPY,0.14935644219061736,drifted
2025-10-30,risk_parity,QQQ,0.13023689981852304,drifted
2025-10-30,risk_parity,IWM,0.1321682772664504,drifted
2025-10-30,risk_parity,EFA,0.19131053465202072,drifted
2025-10-30,risk_parity,IEF,0.3969278460723884,drifted
2025-10-31,risk_parity,SPY,0.14960655789748026,drifted
2025-10-31,risk_parity,QQQ,0.1306557173587421,drifted
2025-10-31,risk_parity,IWM,0.1327004899097851,drifted
2025-10-31,risk_parity,EFA,0.19058083575301954,drifted
2025-10-31,risk_parity,IEF,0.3964563990809729,drifted
2025-11-03,risk_parity,SPY,0.14811357580881082,target
2025-11-03,risk_parity,QQQ,0.12583249709047853,target
2025-11-03,risk_parity,IWM,0.13111116866520567,target
2025-11-03,risk_parity,EFA,0.19494275843550504,target
2025-11-03,risk_parity,IEF,0.39999999999999997,target
2025-11-03,risk_parity,SPY,0.14811357580881082,drifted
2025-11-03,risk_parity,QQQ,0.12583249709047853,drifted
2025-11-03,risk_parity,IWM,0.13111116866520567,drifted
2025-11-03,risk_parity,EFA,0.19494275843550504,drifted
2025-11-03,risk_parity,IEF,0.39999999999999997,drifted
2025-11-04,risk_parity,SPY,0.1475497758899005,drifted
2025-11-04,risk_parity,QQQ,0.12428224734580438,drifted
2025-11-04,risk_parity,IWM,0.12989545735948982,drifted
2025-11-04,risk_parity,EFA,0.1945136230729747,drifted
2025-11-04,risk_parity,IEF,0.40375889633183054,drifted
2025-11-05,risk_parity,SPY,0.14768900799646387,drifted
2025-11-05,risk_parity,QQQ,0.12477670160786107,drifted
2025-11-05,risk_parity,IWM,0.1314384383414491,drifted
2025-11-05,risk_parity,EFA,0.1952690909404945,drifted
2025-11-05,risk_parity,IEF,0.4008267611137314,drifted
2025-11-06,risk_parity,SPY,0.14678370888490888,drifted
2025-11-06,risk_parity,QQQ,0.12302178554036819,drifted
2025-11-06,risk_parity,IWM,0.12971272686311913,drifted
2025-11-06,risk_parity,EFA,0.19573944634242002,drifted
2025-11-06,risk_parity,IEF,0.4047423323691837,drifted
2025-11-07,risk_parity,SPY,0.146732606992432,drifted
2025-11-07,risk_parity,QQQ,0.12247034904280474,drifted
2025-11-07,risk_parity,IWM,0.13021912061812596,drifted
2025-11-07,risk_parity,EFA,0.19620710098183444,drifted
2025-11-07,risk_parity,IEF,0.4043708223648028,drifted
2025-11-10,risk_parity,SPY,0.14786600641021677,drifted
2025-11-10,risk_parity,QQQ,0.12420862897470636,drifted
2025-11-10,risk_parity,IWM,0.13050293290144369,drifted
2025-11-10,risk_parity,EFA,0.19672858917155966,drifted
2025-11-10,risk_parity,IEF,0.40069384254207335,drifted
2025-11-11,risk_parity,SPY,0.14778922326854524,drifted
2025-11-11,risk_parity,QQQ,0.12353069005262832,drifted
2025-11-11,risk_parity,IWM,0.13024923791816598,drifted
2025-11-11,risk_parity,EFA,0.19761845903969968,drifted
2025-11-11,risk_parity,IEF,0.4008123897209608,drifted
2025-11-12,risk_parity,SPY,0.1477353818387625,drifted
2025-11-12,risk_parity,QQQ,0.12331971845456349,drifted
2025-11-12,risk_parity,IWM,0.12980969367452933,drifted
2025-11-12,risk_parity,EFA,0.19860898784817752,drifted
2025-11-12,risk_parity,IEF,0.4005262181839671,drifted
2025-11-13,risk_parity,SPY,0.14703280263146634,drifted
2025-11-13,risk_parity,QQQ,0.122256242961237,drifted
2025-11-13,risk_parity,IWM,0.12767879716180006,drifted
2025-11-13,risk_parity,EFA,0.19885581072700448,drifted
2025-11-13,risk_parity,IEF,0.4041763465184921,drifted
2025-11-14,risk_parity,SPY,0.1471251181994905,drifted
2025-11-14,risk_parity,QQQ,0.12244555675488135,drifted
2025-11-14,risk_parity,IWM,0.12815222671787563,drifted
2025-11-14,risk_parity,EFA,0.19845079598275428,drifted
2025-11-14,risk_parity,IEF,0.40382630234499833,drifted
2025-11-17,risk_parity,SPY,0.14679463707256046,drifted
2025-11-17,risk_parity,QQQ,0.12226618625192642,drifted
2025-11-17,risk_parity,IWM,0.1265015467411806,drifted
2025-11-17,risk_parity,EFA,0.19726539835357038,drifted
2025-11-17,risk_parity,IEF,0.40717223158076216,drifted
2025-11-18,risk_parity,SPY,0.14617886754744328,drifted
2025-11-18,risk_parity,QQQ,0.12128939760088009,drifted
2025-11-18,risk_parity,IWM,0.12742522987467814,drifted
2025-11-18,risk_parity,EFA,0.19553092787615053,drifted
2025-11-18,risk_parity,IEF,0.40957557710084797,drifted
2025-11-19,risk_parity,SPY,0.1466877628622325,drifted
2025-11-19,risk_parity,QQQ,0.12196709066180918,drifted
2025-11-19,risk_parity,IWM,0.12735492866112,drifted
2025-11-19,risk_parity,EFA,0.1948667730650721,drifted
2025-11-19,risk_parity,IEF,0.4091234447497663,drifted
2025-11-20,risk_parity,SPY,0.1457935185790886,drifted
2025-11-20,risk_parity,QQQ,0.12018587428241774,drifted
2025-11-20,risk_parity,IWM,0.12615895087864865,drifted
2025-11-20,risk_parity,EFA,0.19395564494063375,drifted
2025-11-20,risk_parity,IEF,0.41390601131921123,drifted
2025-11-21,risk_parity,SPY,0.14574557228949123,drifted
2025-11-21,risk_parity,QQQ,0.1198550757346487,drifted
2025-11-21,risk_parity,IWM,0.1284108553996202,drifted
2025-11-21,risk_parity,EFA,0.19494630702872395,drifted
2025-11-21,risk_parity,IEF,0.41104218954751603,drifted
2025-11-24,risk_parity,SPY,0.1466650910257542,drifted
2025-11-24,risk_parity,QQQ,0.12190146229730489,drifted
2025-11-24,risk_parity,IWM,0.12967090844974408,drifted
2025-11-24,risk_parity,EFA,0.19349766373072771,drifted
2025-11-24,risk_parity,IEF,0.40826487449646903,drifted
2025-11-25,risk_parity,SPY,0.1468226851724852,drifted
2025-11-25,risk_parity,QQQ,0.12164047729181296,drifted
2025-11-25,risk_parity,IWM,0.13140421026836632,drifted
2025-11-25,risk_parity,EFA,0.19419762840840019,drifted
2025-11-25,risk_parity,IEF,0.40593499885893536,drifted
2025-11-26,risk_parity,SPY,0.14699606272619406,drifted
2025-11-26,risk_parity,QQQ,0.12201782052386832,drifted
2025-11-26,risk_parity,IWM,0.13181402938248588,drifted
2025-11-26,risk_parity,EFA,0.19521336227380603,drifted
2025-11-26,risk_parity,IEF,0.40395872509364567,drifted
2025-11-28,risk_parity,SPY,0.14742693632674111,drifted
2025-11-28,risk_parity,QQQ,0.12269784654986464,drifted
2025-11-28,risk_parity,IWM,0.13225363373565263,drifted
2025-11-28,risk_parity,EFA,0.19537951119835906,drifted
2025-11-28,risk_parity,IEF,0.40224207218938246,drifted
2025-12-01,risk_parity,SPY,0.14892871433126914,target
2025-12-01,risk_parity,QQQ,0.12600809992371534,target
2025-12-01,risk_parity,IWM,0.13221769133106576,target
2025-12-01,risk_parity,EFA,0.19284549441394974,target
2025-12-01,risk_parity,IEF,0.4,target
2025-12-01,risk_parity,SPY,0.14892871433126914,drifted
2025-12-01,risk_parity,QQQ,0.12600809992371534,drifted
2025-12-01,risk_parity,IWM,0.13221769133106576,drifted
2025-12-01,risk_parity,EFA,0.19284549441394974,drifted
2025-12-01,risk_parity,IEF,0.4,drifted
2025-12-02,risk_parity,SPY,0.14890643347698032,drifted
2025-12-02,risk_parity,QQQ,0.1267404834299514,drifted
2025-12-02,risk_parity,IWM,0.13171174891068194,drifted
2025-12-02,risk_parity,EFA,0.19311034796148288,drifted
2025-12-02,risk_parity,IEF,0.3995309862209034,drifted
2025-12-03,risk_parity,SPY,0.14866632588860168,drifted
2025-12-03,risk_parity,QQQ,0.12640761747847473,drifted
2025-12-03,risk_parity,IWM,0.1334294934332586,drifted
2025-12-03,risk_parity,EFA,0.19316468557421093,drifted
2025-12-03,risk_parity,IEF,0.39833187762545397,drifted
2025-12-04,risk_parity,SPY,0.148707362162852,drifted
2025-12-04,risk_parity,QQQ,0.1262325998489072,drifted
2025-12-04,risk_parity,IWM,0.1345388713937001,drifted
2025-12-04,risk_parity,EFA,0.19360222080048506,drifted
2025-12-04,risk_parity,IEF,0.3969189457940556,drifted
2025-12-05,risk_parity,SPY,0.14907703690023483,drifted
2025-12-05,risk_parity,QQQ,0.12682150583118867,drifted
2025-12-05,risk_parity,IWM,0.13405630617044317,drifted
2025-12-05,risk_parity,EFA,0.19371553520421594,drifted
2025-12-05,risk_parity,IEF,0.39632961589391724,drifted
2025-12-08,risk_parity,SPY,0.1489368798438119,drifted
2025-12-08,risk_parity,QQQ,0.12684024280765183,drifted
2025-12-08,risk_parity,IWM,0.13438740811075872,drifted
2025-12-08,risk_parity,EFA,0.19350876029648006,drifted
2025-12-08,risk_parity,IEF,0.39632670894129746,drifted
2025-12-09,risk_parity,SPY,0.14888770937068058,drifted
2025-12-09,risk_parity,QQQ,0.12706444731660352,drifted
2025-12-09,risk_parity,IWM,0.1347378012930962,drifted
2025-12-09,risk_parity,EFA,0.19334847591735294,drifted
2025-12-09,risk_parity,IEF,0.39596156610226674,drifted
2025-12-10,risk_parity,SPY,0.14886785629566682,drifted
2025-12-10,risk_parity,QQQ,0.1267273485463051,drifted
2025-12-10,risk_parity,IWM,0.13565292716655744,drifted
2025-12-10,risk_parity,EFA,0.19418328797535073,drifted
2025-12-10,risk_parity,IEF,0.39456858001611983,drifted
2025-12-11,risk_parity,SPY,0.14880996384222972,drifted
2025-12-11,risk_parity,QQQ,0.1259751970435093,drifted
2025-12-11,risk_parity,IWM,0.13687283899056382,drifted
2025-12-11,risk_parity,EFA,0.19480172639243054,drifted
2025-12-11,risk_parity,IEF,0.39354027373126677,drifted
2025-12-12,risk_parity,SPY,0.1484256511722794,drifted
2025-12-12,risk_parity,QQQ,0.12458719166027318,drifted
2025-12-12,risk_parity,IWM,0.13588869248581126,drifted
2025-12-12,risk_parity,EFA,0.19537787925992775,drifted
2025-12-12,risk_parity,IEF,0.3957205854217084,drifted
2025-12-15,risk_parity,SPY,0.14825384084653492,drifted
2025-12-15,risk_parity,QQQ,0.12400572160173409,drifted
2025-12-15,risk_parity,IWM,0.13490861401667958,drifted
2025-12-15,risk_parity,EFA,0.19664199119494,drifted
2025-12-15,risk_parity,IEF,0.39618983234011146,drifted
2025-12-16,risk_parity,SPY,0.1479372168565051,drifted
2025-12-16,risk_parity,QQQ,0.12432582557155096,drifted
2025-12-16,risk_parity,IWM,0.13435063056492713,drifted
2025-12-16,risk_parity,EFA,0.195847656523005,drifted
2025-12-16,risk_parity,IEF,0.39753867048401187,drifted
2025-12-17,risk_parity,SPY,0.14734575402173186,drifted
2025-12-17,risk_parity,QQQ,0.12288551329059606,drifted
2025-12-17,risk_parity,IWM,0.13386211220990973,drifted
2025-12-17,risk_parity,EFA,0.19563494705194692,drifted
2025-12-17,risk_parity,IEF,0.40027167342581543,drifted
2025-12-18,risk_parity,SPY,0.14755563851885808,drifted
2025-12-18,risk_parity,QQQ,0.12390804993983903,drifted
2025-12-18,risk_parity,IWM,0.13383915772751723,drifted
2025-12-18,risk_parity,EFA,0.19582903612347322,drifted
2025-12-18,risk_parity,IEF,0.3988681176903125,drifted
2025-12-19,risk_parity,SPY,0.14822653032924082,drifted
2025-12-19,risk_parity,QQQ,0.12496137899490001,drifted
2025-12-19,risk_parity,IWM,0.13435437756851032,drifted
2025-12-19,risk_parity,EFA,0.1962683161320014,drifted
2025-12-19,risk_parity,IEF,0.3961893969753475,drifted
2025-12-22,risk_parity,SPY,0.14868919811383294,drifted
2025-12-22,risk_parity,QQQ,0.12517249374860012,drifted
2025-12-22,risk_parity,IWM,0.13542937466964827,drifted
2025-12-22,risk_parity,EFA,0.19615390131544702,drifted
2025-12-22,risk_parity,IEF,0.39455503215247156,drifted
2025-12-23,risk_parity,SPY,0.1491435736784285,drifted
2025-12-23,risk_parity,QQQ,0.1255691172179198,drifted
2025-12-23,risk_parity,IWM,0.13442530435490987,drifted
2025-12-23,risk_parity,EFA,0.1970656880406423,drifted
2025-12-23,risk_parity,IEF,0.39379631670809945,drifted
2025-12-24,risk_parity,SPY,0.14929527868937353,drifted
2025-12-24,risk_parity,QQQ,0.12562266912845832,drifted
2025-12-24,risk_parity,IWM,0.1344254675148679,drifted
2025-12-24,risk_parity,EFA,0.19681962464534047,drifted
2025-12-24,risk_parity,IEF,0.3938369600219598,drifted
2025-12-26,risk_parity,SPY,0.14928236358656913,drifted
2025-12-26,risk_parity,QQQ,0.12561649971693778,drifted
2025-12-26,risk_parity,IWM,0.13374125183928381,drifted
2025-12-26,risk_parity,EFA,0.1971491844715935,drifted
2025-12-26,risk_parity,IEF,0.39421070038561584,drifted
2025-12-29,risk_parity,SPY,0.14904532887592664,drifted
2025-12-29,risk_parity,QQQ,0.12525630700558968,drifted
2025-12-29,risk_parity,IWM,0.13318564390399398,drifted
2025-12-29,risk_parity,EFA,0.19694689787814937,drifted
2025-12-29,risk_parity,IEF,0.3955658223363403,drifted
2025-12-30,risk_parity,SPY,0.14909305828905997,drifted
2025-12-30,risk_parity,QQQ,0.1251586592536543,drifted
2025-12-30,risk_parity,IWM,0.13240360097483075,drifted
2025-12-30,risk_parity,EFA,0.19757863128274294,drifted
2025-12-30,risk_parity,IEF,0.3957660501997121,drifted
2025-12-31,risk_parity,SPY,0.14877545498375772,drifted
2025-12-31,risk_parity,QQQ,0.12478424287374781,drifted
2025-12-31,risk_parity,IWM,0.13210419396944956,drifted
2025-12-31,risk_parity,EFA,0.1977849316022101,drifted
2025-12-31,risk_parity,IEF,0.3965511765708347,drifted
2026-01-02,risk_parity,SPY,0.14866495724817932,target
2026-01-02,risk_parity,QQQ,0.126114722696571,target
2026-01-02,risk_parity,IWM,0.13283633220075386,target
2026-01-02,risk_parity,EFA,0.19238398785449584,target
2026-01-02,risk_parity,IEF,0.4,target
2026-01-02,risk_parity,SPY,0.14866495724817932,drifted
2026-01-02,risk_parity,QQQ,0.126114722696571,drifted
2026-01-02,risk_parity,IWM,0.13283633220075386,drifted
2026-01-02,risk_parity,EFA,0.19238398785449584,drifted
2026-01-02,risk_parity,IEF,0.4,drifted
2026-01-05,risk_parity,SPY,0.14853971439944952,drifted
2026-01-05,risk_parity,QQQ,0.126169059826612,drifted
2026-01-05,risk_parity,IWM,0.13393968773972187,drifted
2026-01-05,risk_parity,EFA,0.19313437597190267,drifted
2026-01-05,risk_parity,IEF,0.3982171620623139,drifted
2026-01-06,risk_parity,SPY,0.14886141651222956,drifted
2026-01-06,risk_parity,QQQ,0.12679919460682285,drifted
2026-01-06,risk_parity,IWM,0.1352049264803206,drifted
2026-01-06,risk_parity,EFA,0.19270241718090114,drifted
2026-01-06,risk_parity,IEF,0.39643204521972597,drifted
2026-01-07,risk_parity,SPY,0.14847940742319907,drifted
2026-01-07,risk_parity,QQQ,0.12700493827241352,drifted
2026-01-07,risk_parity,IWM,0.13497708044824494,drifted
2026-01-07,risk_parity,EFA,0.1921036518461522,drifted
2026-01-07,risk_parity,IEF,0.39743492200999037,drifted
2026-01-08,risk_parity,SPY,0.14852947544642323,drifted
2026-01-08,risk_parity,QQQ,0.1263377976250009,drifted
2026-01-08,risk_parity,IWM,0.13651097997275222,drifted
2026-01-08,risk_parity,EFA,0.1922075751916258,drifted
2026-01-08,risk_parity,IEF,0.3964141717641978,drifted
2026-01-09,risk_parity,SPY,0.14870321452559315,drifted
2026-01-09,risk_parity,QQQ,0.12690613870335382,drifted
2026-01-09,risk_parity,IWM,0.13680312374709352,drifted
2026-01-09,risk_parity,EFA,0.1928662619045426,drifted
2026-01-09,risk_parity,IEF,0.39472126111941697,drifted
2026-01-12,risk_parity,SPY,0.14868610131150306,drifted
2026-01-12,risk_parity,QQQ,0.12679769297052196,drifted
2026-01-12,risk_parity,IWM,0.13723941863509412,drifted
2026-01-12,risk_parity,EFA,0.19371086927132494,drifted
2026-01-12,risk_parity,IEF,0.39356591781155587,drifted
2026-01-13,risk_parity,SPY,0.14856465375220143,drifted
2026-01-13,risk_parity,QQQ,0.1267597185454034,drifted
2026-01-13,risk_parity,IWM,0.13732324409280322,drifted
2026-01-13,risk_parity,EFA,0.19282839883444206,drifted
2026-01-13,risk_parity,IEF,0.3945239847751498,drifted
2026-01-14,risk_parity,SPY,0.14774589966517823,drifted
2026-01-14,risk_parity,QQQ,0.1253304621811047,drifted
2026-01-14,risk_parity,IWM,0.13820721354754326,drifted
2026-01-14,risk_parity,EFA,0.193609813093728,drifted
2026-01-14,risk_parity,IEF,0.3951066115124457,drifted
2026-01-15,risk_parity,SPY,0.14797439406863017,drifted
2026-01-15,risk_parity,QQQ,0.12563398299794556,drifted
2026-01-15,risk_parity,IWM,0.13926189628754032,drifted
2026-01-15,risk_parity,EFA,0.19330470807344294,drifted
2026-01-15,risk_parity,IEF,0.393825018572441,drifted
2026-01-16,risk_parity,SPY,0.14801102929133958,drifted
2026-01-16,risk_parity,QQQ,0.12566528972894683,drifted
2026-01-16,risk_parity,IWM,0.13954446711760796,drifted
2026-01-16,risk_parity,EFA,0.19404110303587363,drifted
2026-01-16,risk_parity,IEF,0.39273811082623206,drifted
2026-01-20,risk_parity,SPY,0.14673718039332728,drifted
2026-01-20,risk_parity,QQQ,0.1244705325235278,drifted
2026-01-20,risk_parity,IWM,0.1395284546858754,drifted
2026-01-20,risk_parity,EFA,0.19338936692903053,drifted
2026-01-20,risk_parity,IEF,0.3958744654682391,drifted
2026-01-21,risk_parity,SPY,0.1470815029850639,drifted
2026-01-21,risk_parity,QQQ,0.12500648356738753,drifted
2026-01-21,risk_parity,IWM,0.141003477576942,drifted
2026-01-21,risk_parity,EFA,0.19360609082309152,drifted
2026-01-21,risk_parity,IEF,0.3933024450475151,drifted
2026-01-22,risk_parity,SPY,0.14734120593840996,drifted
2026-01-22,risk_parity,QQQ,0.12548210320922518,drifted
2026-01-22,risk_parity,IWM,0.14156795144219467,drifted
2026-01-22,risk_parity,EFA,0.19370001530018943,drifted
2026-01-22,risk_parity,IEF,0.3919087241099806,drifted
2026-01-23,risk_parity,SPY,0.14745914627925702,drifted
2026-01-23,risk_parity,QQQ,0.12593338605545673,drifted
2026-01-23,risk_parity,IWM,0.1390155944764266,drifted
2026-01-23,risk_parity,EFA,0.19485681000434768,drifted
2026-01-23,risk_parity,IEF,0.3927350631845119,drifted
2026-01-26,risk_parity,SPY,0.14785093341204839,drifted
2026-01-26,risk_parity,QQQ,0.12618279165936658,drifted
2026-01-26,risk_parity,IWM,0.1382460365692528,drifted
2026-01-26,risk_parity,EFA,0.19535962425787315,drifted
2026-01-26,risk_parity,IEF,0.392360614101459,drifted
2026-01-27,risk_parity,SPY,0.14772697887362293,drifted
2026-01-27,risk_parity,QQQ,0.12671507430967954,drifted
2026-01-27,risk_parity,IWM,0.137972861037842,drifted
2026-01-27,risk_parity,EFA,0.19755610282226993,drifted
2026-01-27,risk_parity,IEF,0.3900289829565855,drifted
2026-01-28,risk_parity,SPY,0.1481202755521595,drifted
2026-01-28,risk_parity,QQQ,0.12748598218538518,drifted
2026-01-28,risk_parity,IWM,0.13760675483431897,drifted
2026-01-28,risk_parity,EFA,0.19600630662452187,drifted
2026-01-28,risk_parity,IEF,0.3907806808036144,drifted
2026-01-29,risk_parity,SPY,0.1477219511378164,drifted
2026-01-29,risk_parity,QQQ,0.12663346475605416,drifted
2026-01-29,risk_parity,IWM,0.1375461396184927,drifted
2026-01-29,risk_parity,EFA,0.197186469207921,drifted
2026-01-29,risk_parity,IEF,0.3909119752797156,drifted
2026-01-30,risk_parity,SPY,0.14816903906487144,drifted
2026-01-30,risk_parity,QQQ,0.1258665306319897,drifted
2026-01-30,risk_parity,IWM,0.13642063658981157,drifted
2026-01-30,risk_parity,EFA,0.19652166172853142,drifted
2026-01-30,risk_parity,IEF,0.3930221319847958,drifted
2026-02-02,risk_parity,SPY,0.1494552008252927,target
2026-02-02,risk_parity,QQQ,0.12728904471889058,target
2026-02-02,risk_parity,IWM,0.13268857332531547,target
2026-02-02,risk_parity,EFA,0.19056718113050128,target
2026-02-02,risk_parity,IEF,0.4,target
2026-02-02,risk_parity,SPY,0.1494552008252927,drifted
2026-02-02,risk_parity,QQQ,0.12728904471889058,drifted
2026-02-02,risk_parity,IWM,0.13268857332531547,drifted
2026-02-02,risk_parity,EFA,0.19056718113050128,drifted
2026-02-02,risk_parity,IEF,0.4,drifted
2026-02-03,risk_parity,SPY,0.14855463190709065,drifted
2026-02-03,risk_parity,QQQ,0.12564051580859373,drifted
2026-02-03,risk_parity,IWM,0.1333181305899138,drifted
2026-02-03,risk_parity,EFA,0.19112836619130705,drifted
2026-02-03,risk_parity,IEF,0.40135835550309473,drifted
2026-02-04,risk_parity,SPY,0.14835776325125133,drifted
2026-02-04,risk_parity,QQQ,0.12388216782768993,drifted
2026-02-04,risk_parity,IWM,0.13263886694510826,drifted
2026-02-04,risk_parity,EFA,0.19242805374750843,drifted
2026-02-04,risk_parity,IEF,0.40269314822844204,drifted
2026-02-05,risk_parity,SPY,0.14744919608304935,drifted
2026-02-05,risk_parity,QQQ,0.12288584682989695,drifted
2026-02-05,risk_parity,IWM,0.1310906038567861,drifted
2026-02-05,risk_parity,EFA,0.19090930272673082,drifted
2026-02-05,risk_parity,IEF,0.40766505050353685,drifted
2026-02-06,risk_parity,SPY,0.14813391328103812,drifted
2026-02-06,risk_parity,QQQ,0.12369309033233018,drifted
2026-02-06,risk_parity,IWM,0.1338621787043899,drifted
2026-02-06,risk_parity,EFA,0.19246204815552373,drifted
2026-02-06,risk_parity,IEF,0.4018487695267181,drifted
2026-02-09,risk_parity,SPY,0.14806738268899572,drifted
2026-02-09,risk_parity,QQQ,0.12398677573332852,drifted
2026-02-09,risk_parity,IWM,0.1340945602235001,drifted
2026-02-09,risk_parity,EFA,0.19402728439890785,drifted
2026-02-09,risk_parity,IEF,0.3998239969552678,drifted
2026-02-10,risk_parity,SPY,0.1475460749811589,drifted
2026-02-10,risk_parity,QQQ,0.1233022405609424,drifted
2026-02-10,risk_parity,IWM,0.13361432578041477,drifted
2026-02-10,risk_parity,EFA,0.19432145363141384,drifted
2026-02-10,risk_parity,IEF,0.40121590504607013,drifted
2026-02-11,risk_parity,SPY,0.14753092092402192,drifted
2026-02-11,risk_parity,QQQ,0.12364881181714238,drifted
2026-02-11,risk_parity,IWM,0.13302397614541253,drifted
2026-02-11,risk_parity,EFA,0.1956515056641711,drifted
2026-02-11,risk_parity,IEF,0.4001447854492521,drifted
2026-02-12,risk_parity,SPY,0.14620647952355345,drifted
2026-02-12,risk_parity,QQQ,0.12193013900557124,drifted
2026-02-12,risk_parity,IWM,0.13116426800063785,drifted
2026-02-12,risk_parity,EFA,0.19545494962631663,drifted
2026-02-12,risk_parity,IEF,0.4052441638439208,drifted
2026-02-13,risk_parity,SPY,0.14574828150453847,drifted
2026-02-13,risk_parity,QQQ,0.12172129713795643,drifted
2026-02-13,risk_parity,IWM,0.13238290377309725,drifted
2026-02-13,risk_parity,EFA,0.19487349451726607,drifted
2026-02-13,risk_parity,IEF,0.4052740230671417,drifted
2026-02-17,risk_parity,SPY,0.14597309439543835,drifted
2026-02-17,risk_parity,QQQ,0.12158728975006801,drifted
2026-02-17,risk_parity,IWM,0.13241378894252992,drifted
2026-02-17,risk_parity,EFA,0.19482229384510164,drifted
2026-02-17,risk_parity,IEF,0.405203533066862,drifted
2026-02-18,risk_parity,SPY,0.14648695627107658,drifted
2026-02-18,risk_parity,QQQ,0.12231025941209037,drifted
2026-02-18,risk_parity,IWM,0.13269135835163345,drifted
2026-02-18,risk_parity,EFA,0.1947521163089488,drifted
2026-02-18,risk_parity,IEF,0.40375930965625095,drifted
2026-02-19,risk_parity,SPY,0.14620510831121736,drifted
2026-02-19,risk_parity,QQQ,0.1219289957368494,drifted
2026-02-19,risk_parity,IWM,0.13309313208840456,drifted
2026-02-19,risk_parity,EFA,0.19434975273150568,drifted
2026-02-19,risk_parity,IEF,0.40442301113202295,drifted
2026-02-20,risk_parity,SPY,0.1467153569266999,drifted
2026-02-20,risk_parity,QQQ,0.12255095373843718,drifted
2026-02-20,risk_parity,IWM,0.13260366554599656,drifted
2026-02-20,risk_parity,EFA,0.19520948722675285,drifted
2026-02-20,risk_parity,IEF,0.4029205365621135,drifted
2026-02-23,risk_parity,SPY,0.1458589917285404,drifted
2026-02-23,risk_parity,QQQ,0.12159638316745994,drifted
2026-02-23,risk_parity,IWM,0.13111593737837507,drifted
2026-02-23,risk_parity,EFA,0.19526850639530033,drifted
2026-02-23,risk_parity,IEF,0.4061601813303243,drifted
2026-02-24,risk_parity,SPY,0.1463239910194804,drifted
2026-02-24,risk_parity,QQQ,0.12240462543079304,drifted
2026-02-24,risk_parity,IWM,0.1320084843327021,drifted
2026-02-24,risk_parity,EFA,0.19483116560388888,drifted
2026-02-24,risk_parity,IEF,0.4044317336131355,drifted
2026-02-25,risk_parity,SPY,0.14680050944458548,drifted
2026-02-25,risk_parity,QQQ,0.12354058758125157,drifted
2026-02-25,risk_parity,IWM,0.13195358749963815,drifted
2026-02-25,risk_parity,EFA,0.19568206195016663,drifted
2026-02-25,risk_parity,IEF,0.40202325352435814,drifted
2026-02-26,risk_parity,SPY,0.14608671708456913,drifted
2026-02-26,risk_parity,QQQ,0.12213508360101553,drifted
2026-02-26,risk_parity,IWM,0.13274913332481825,drifted
2026-02-26,risk_parity,EFA,0.19565144641122884,drifted
2026-02-26,risk_parity,IEF,0.4033776195783683,drifted
2026-02-27,risk_parity,SPY,0.14569386372384405,drifted
2026-02-27,risk_parity,QQQ,0.12200261027204724,drifted
2026-02-27,risk_parity,IWM,0.13074034880581453,drifted
2026-02-27,risk_parity,EFA,0.19571392336880192,drifted
2026-02-27,risk_parity,IEF,0.40584925382949233,drifted
2026-03-02,risk_parity,SPY,0.14929731051032802,target
2026-03-02,risk_parity,QQQ,0.12685375945669622,target
2026-03-02,risk_parity,IWM,0.13247255345664072,target
2026-03-02,risk_parity,EFA,0.19137637657633508,target
2026-03-02,risk_parity,IEF,0.4,target
2026-03-02,risk_parity,SPY,0.14929731051032802,drifted
2026-03-02,risk_parity,QQQ,0.12685375945669622,drifted
2026-03-02,risk_parity,IWM,0.13247255345664072,drifted
2026-03-02,risk_parity,EFA,0.19137637657633508,drifted
2026-03-02,risk_parity,IEF,0.4,drifted
2026-03-03,risk_parity,SPY,0.14968307322034732,drifted
2026-03-03,risk_parity,QQQ,0.12693886538384633,drifted
2026-03-03,risk_parity,IWM,0.13167472183581475,drifted
2026-03-03,risk_parity,EFA,0.18756180150631616,drifted
2026-03-03,risk_parity,IEF,0.40414153805367553,drifted
2026-03-04,risk_parity,SPY,0.14986167162308797,drifted
2026-03-04,risk_parity,QQQ,0.128123641540887,drifted
2026-03-04,risk_parity,IWM,0.13218075470255738,drifted
2026-03-04,risk_parity,EFA,0.18887328875489307,drifted
2026-03-04,risk_parity,IEF,0.4009606433785746,drifted
2026-03-05,risk_parity,SPY,0.1503984684014855,drifted
2026-03-05,risk_parity,QQQ,0.12891394572360065,drifted
2026-03-05,risk_parity,IWM,0.13084987680029964,drifted
2026-03-05,risk_parity,EFA,0.18643860141248725,drifted
2026-03-05,risk_parity,IEF,0.40339910766212683,drifted
2026-03-06,risk_parity,SPY,0.149746052043909,drifted
2026-03-06,risk_parity,QQQ,0.1281029069752665,drifted
2026-03-06,risk_parity,IWM,0.12899453459110732,drifted
2026-03-06,risk_parity,EFA,0.1864259617097575,drifted
2026-03-06,risk_parity,IEF,0.4067305446799598,drifted
2026-03-09,risk_parity,SPY,0.1500020923459313,drifted
2026-03-09,risk_parity,QQQ,0.1289065357561298,drifted
2026-03-09,risk_parity,IWM,0.12948680217874306,drifted
2026-03-09,risk_parity,EFA,0.1864604196894923,drifted
2026-03-09,risk_parity,IEF,0.40514415002970366,drifted
2026-03-10,risk_parity,SPY,0.14994644127907583,drifted
2026-03-10,risk_parity,QQQ,0.1290682671256438,drifted
2026-03-10,risk_parity,IWM,0.12951420697913987,drifted
2026-03-10,risk_parity,EFA,0.18712504716065534,drifted
2026-03-10,risk_parity,IEF,0.4043460374554852,drifted
2026-03-11,risk_parity,SPY,0.15016468665892455,drifted
2026-03-11,risk_parity,QQQ,0.12940153426603246,drifted
2026-03-11,risk_parity,IWM,0.1296043124701385,drifted
2026-03-11,risk_parity,EFA,0.1872357936488801,drifted
2026-03-11,risk_parity,IEF,0.4035936729560245,drifted
2026-03-12,risk_parity,SPY,0.1496085388788218,drifted
2026-03-12,risk_parity,QQQ,0.12866329002447743,drifted
2026-03-12,risk_parity,IWM,0.12829438285266506,drifted
2026-03-12,risk_parity,EFA,0.1864533091433511,drifted
2026-03-12,risk_parity,IEF,0.40698047910068463,drifted
2026-03-13,risk_parity,SPY,0.1494610980011502,drifted
2026-03-13,risk_parity,QQQ,0.1285019676689216,drifted
2026-03-13,risk_parity,IWM,0.12847030466800563,drifted
2026-03-13,risk_parity,EFA,0.1851002131334465,drifted
2026-03-13,risk_parity,IEF,0.408466416528476,drifted
2026-03-16,risk_parity,SPY,0.14956520554483307,drifted
2026-03-16,risk_parity,QQQ,0.12872394431613607,drifted
2026-03-16,risk_parity,IWM,0.12846715166440473,drifted
2026-03-16,risk_parity,EFA,0.186790425275421,drifted
2026-03-16,risk_parity,IEF,0.40645327319920493,drifted
2026-03-17,risk_parity,SPY,0.14949996086711403,drifted
2026-03-17,risk_parity,QQQ,0.12895649241606963,drifted
2026-03-17,risk_parity,IWM,0.12888446502760445,drifted
2026-03-17,risk_parity,EFA,0.1867316255974088,drifted
2026-03-17,risk_parity,IEF,0.40592745609180325,drifted
2026-03-18,risk_parity,SPY,0.14905450146115384,drifted
2026-03-18,risk_parity,QQQ,0.12857406230125767,drifted
2026-03-18,risk_parity,IWM,0.12821854711789757,drifted
2026-03-18,risk_parity,EFA,0.1855852581906259,drifted
2026-03-18,risk_parity,IEF,0.408567630929065,drifted
2026-03-19,risk_parity,SPY,0.14873233437778063,drifted
2026-03-19,risk_parity,QQQ,0.12820666157103736,drifted
2026-03-19,risk_parity,IWM,0.1290968129756311,drifted
2026-03-19,risk_parity,EFA,0.18531519701583848,drifted
2026-03-19,risk_parity,IEF,0.40864899405971233,drifted
2026-03-20,risk_parity,SPY,0.1490775553407081,drifted
2026-03-20,risk_parity,QQQ,0.12796372879754772,drifted
2026-03-20,risk_parity,IWM,0.1284103914126238,drifted
2026-03-20,risk_parity,EFA,0.18272629834751672,drifted
2026-03-20,risk_parity,IEF,0.4118220261016036,drifted
2026-03-23,risk_parity,SPY,0.1489298959298603,drifted
2026-03-23,risk_parity,QQQ,0.1279608314597419,drifted
2026-03-23,risk_parity,IWM,0.12969132094204872,drifted
2026-03-23,risk_parity,EFA,0.18499147145781475,drifted
2026-03-23,risk_parity,IEF,0.40842648021053435,drifted
2026-03-24,risk_parity,SPY,0.14889914909930108,drifted
2026-03-24,risk_parity,QQQ,0.12748769864132886,drifted
2026-03-24,risk_parity,IWM,0.1308005472610235,drifted
2026-03-24,risk_parity,EFA,0.1844725300769142,drifted
2026-03-24,risk_parity,IEF,0.4083400749214323,drifted
2026-03-25,risk_parity,SPY,0.1485243552985415,drifted
2026-03-25,risk_parity,QQQ,0.12729363389885334,drifted
2026-03-25,risk_parity,IWM,0.13133374233147752,drifted
2026-03-25,risk_parity,EFA,0.18565828918492344,drifted
2026-03-25,risk_parity,IEF,0.40718997928620426,drifted
2026-03-26,risk_parity,SPY,0.14810900477245487,drifted
2026-03-26,risk_parity,QQQ,0.12616098854816646,drifted
2026-03-26,risk_parity,IWM,0.13102851511622332,drifted
2026-03-26,risk_parity,EFA,0.1846051809776665,drifted
2026-03-26,risk_parity,IEF,0.4100963105854889,drifted
2026-03-27,risk_parity,SPY,0.1468940974320913,drifted
2026-03-27,risk_parity,QQQ,0.12480980417767046,drifted
2026-03-27,risk_parity,IWM,0.1298892420416239,drifted
2026-03-27,risk_parity,EFA,0.1845748502245113,drifted
2026-03-27,risk_parity,IEF,0.41383200612410304,drifted
2026-03-30,risk_parity,SPY,0.14638066611769257,drifted
2026-03-30,risk_parity,QQQ,0.12383698630837751,drifted
2026-03-30,risk_parity,IWM,0.12800500179227645,drifted
2026-03-30,risk_parity,EFA,0.1850779176590887,drifted
2026-03-30,risk_parity,IEF,0.41669942812256466,drifted
2026-03-31,risk_parity,SPY,0.14772639897660186,drifted
2026-03-31,risk_parity,QQQ,0.12555669918156512,drifted
2026-03-31,risk_parity,IWM,0.12992839790064947,drifted
2026-03-31,risk_parity,EFA,0.1874076136526394,drifted
2026-03-31,risk_parity,IEF,0.40938089028854413,drifted
2026-04-01,risk_parity,SPY,0.1546936120201376,target
2026-04-01,risk_parity,QQQ,0.13306950234363327,target
2026-04-01,risk_parity,IWM,0.133367358167465,target
2026-04-01,risk_parity,EFA,0.17886952746876408,target
2026-04-01,risk_parity,IEF,0.4,target
2026-04-01,risk_parity,SPY,0.1546936120201376,drifted
2026-04-01,risk_parity,QQQ,0.13306950234363327,drifted
2026-04-01,risk_parity,IWM,0.133367358167465,drifted
2026-04-01,risk_parity,EFA,0.17886952746876408,drifted
2026-04-01,risk_parity,IEF,0.4,drifted
2026-04-02,risk_parity,SPY,0.15467269538749404,drifted
2026-04-02,risk_parity,QQQ,0.13308422642751805,drifted
2026-04-02,risk_parity,IWM,0.13415292620984753,drifted
2026-04-02,risk_parity,EFA,0.17757909804718014,drifted
2026-04-02,risk_parity,IEF,0.4005110539279602,drifted
2026-04-06,risk_parity,SPY,0.15510292390784866,drifted
2026-04-06,risk_parity,QQQ,0.13362581460757555,drifted
2026-04-06,risk_parity,IWM,0.13446330953640068,drifted
2026-04-06,risk_parity,EFA,0.17812144935113838,drifted
2026-04-06,risk_parity,IEF,0.39868650259703675,drifted
2026-04-07,risk_parity,SPY,0.1549951490742612,drifted
2026-04-07,risk_parity,QQQ,0.13349465848334408,drifted
2026-04-07,risk_parity,IWM,0.13460349825482362,drifted
2026-04-07,risk_parity,EFA,0.17766648268034693,drifted
2026-04-07,risk_parity,IEF,0.39924021150722433,drifted
2026-04-08,risk_parity,SPY,0.15586335770472043,drifted
2026-04-08,risk_parity,QQQ,0.13480042176236476,drifted
2026-04-08,risk_parity,IWM,0.13594122562143626,drifted
2026-04-08,risk_parity,EFA,0.18102673072846473,drifted
2026-04-08,risk_parity,IEF,0.3923682641830139,drifted
2026-04-09,risk_parity,SPY,0.15644335876160273,drifted
2026-04-09,risk_parity,QQQ,0.13543597496641074,drifted
2026-04-09,risk_parity,IWM,0.1364404922968893,drifted
2026-04-09,risk_parity,EFA,0.1802338541030594,drifted
2026-04-09,risk_parity,IEF,0.3914463198720378,drifted
2026-04-10,risk_parity,SPY,0.1564183107602665,drifted
2026-04-10,risk_parity,QQQ,0.13569937289209139,drifted
2026-04-10,risk_parity,IWM,0.1361650513106712,drifted
2026-04-10,risk_parity,EFA,0.18073113238104996,drifted
2026-04-10,risk_parity,IEF,0.39098613265592097,drifted
2026-04-13,risk_parity,SPY,0.1568687624396344,drifted
2026-04-13,risk_parity,QQQ,0.136167010405793,drifted
2026-04-13,risk_parity,IWM,0.13718675448505244,drifted
2026-04-13,risk_parity,EFA,0.18060418161962202,drifted
2026-04-13,risk_parity,IEF,0.3891732910498982,drifted
2026-04-14,risk_parity,SPY,0.15736477035137542,drifted
2026-04-14,risk_parity,QQQ,0.13740350811986538,drifted
2026-04-14,risk_parity,IWM,0.13783607044670834,drifted
2026-04-14,risk_parity,EFA,0.18043927181827998,drifted
2026-04-14,risk_parity,IEF,0.38695637926377086,drifted
2026-04-15,risk_parity,SPY,0.15827635508388566,drifted
2026-04-15,risk_parity,QQQ,0.13903703182417881,drifted
2026-04-15,risk_parity,IWM,0.13789208361189847,drifted
2026-04-15,risk_parity,EFA,0.17949029200115732,drifted
2026-04-15,risk_parity,IEF,0.3853042374788797,drifted
2026-04-16,risk_parity,SPY,0.15864328909224307,drifted
2026-04-16,risk_parity,QQQ,0.1396873187593833,drifted
2026-04-16,risk_parity,IWM,0.13815955600684135,drifted
2026-04-16,risk_parity,EFA,0.1789442579488142,drifted
2026-04-16,risk_parity,IEF,0.3845655781927181,drifted
2026-04-17,risk_parity,SPY,0.15879788484426555,drifted
2026-04-17,risk_parity,QQQ,0.13996137349742893,drifted
2026-04-17,risk_parity,IWM,0.13959377209605497,drifted
2026-04-17,risk_parity,EFA,0.17923040629841228,drifted
2026-04-17,risk_parity,IEF,0.3824165632638383,drifted
2026-04-20,risk_parity,SPY,0.15864379270262957,drifted
2026-04-20,risk_parity,QQQ,0.13966092409706315,drifted
2026-04-20,risk_parity,IWM,0.1405332939079324,drifted
2026-04-20,risk_parity,EFA,0.17871014200568183,drifted
2026-04-20,risk_parity,IEF,0.382451847286693,drifted
2026-04-21,risk_parity,SPY,0.15897331472367698,drifted
2026-04-21,risk_parity,QQQ,0.14033751918375673,drifted
2026-04-21,risk_parity,IWM,0.14030172674605593,drifted
2026-04-21,risk_parity,EFA,0.17630616840140284,drifted
2026-04-21,risk_parity,IEF,0.3840812709451075,drifted
2026-04-22,risk_parity,SPY,0.15963226240249828,drifted
2026-04-22,risk_parity,QQQ,0.14184049169398208,drifted
2026-04-22,risk_parity,IWM,0.1404717889454757,drifted
2026-04-22,risk_parity,EFA,0.17584848168454606,drifted
2026-04-22,risk_parity,IEF,0.3822069752734978,drifted
2026-04-23,risk_parity,SPY,0.15961375960596594,drifted
2026-04-23,risk_parity,QQQ,0.14157461450023254,drifted
2026-04-23,risk_parity,IWM,0.14051310434853512,drifted
2026-04-23,risk_parity,EFA,0.17524944532231107,drifted
2026-04-23,risk_parity,IEF,0.3830490762229552,drifted
2026-04-24,risk_parity,SPY,0.15985925825738836,drifted
2026-04-24,risk_parity,QQQ,0.14339330106585024,drifted
2026-04-24,risk_parity,IWM,0.14021978115853384,drifted
2026-04-24,risk_parity,EFA,0.17508107551089275,drifted
2026-04-24,risk_parity,IEF,0.3814465840073347,drifted
2026-04-27,risk_parity,SPY,0.1602868945744225,drifted
2026-04-27,risk_parity,QQQ,0.1436052886145179,drifted
2026-04-27,risk_parity,IWM,0.1406016997425745,drifted
2026-04-27,risk_parity,EFA,0.1745759520587332,drifted
2026-04-27,risk_parity,IEF,0.3809301650097519,drifted
2026-04-28,risk_parity,SPY,0.16029972584577243,drifted
2026-04-28,risk_parity,QQQ,0.142867658995073,drifted
2026-04-28,risk_parity,IWM,0.13965368933341646,drifted
2026-04-28,risk_parity,EFA,0.17471679520223898,drifted
2026-04-28,risk_parity,IEF,0.38246213062349904,drifted
2026-04-29,risk_parity,SPY,0.16086593086235232,drifted
2026-04-29,risk_parity,QQQ,0.14427111067457923,drifted
2026-04-29,risk_parity,IWM,0.13923215124541935,drifted
2026-04-29,risk_parity,EFA,0.17357198255219827,drifted
2026-04-29,risk_parity,IEF,0.3820588246654508,drifted
2026-04-30,risk_parity,SPY,0.16072473144576976,drifted
2026-04-30,risk_parity,QQQ,0.14405550230572894,drifted
2026-04-30,risk_parity,IWM,0.14072128149336394,drifted
2026-04-30,risk_parity,EFA,0.17581792877602803,drifted
2026-04-30,risk_parity,IEF,0.3786805559791092,drifted
2026-05-01,risk_parity,SPY,0.17603879125856392,target
2026-05-01,risk_parity,QQQ,0.1411785778706318,target
2026-05-01,risk_parity,IWM,0.11772626659757562,target
2026-05-01,risk_parity,EFA,0.16505636427322876,target
2026-05-01,risk_parity,IEF,0.4,target
2026-05-01,risk_parity,SPY,0.17603879125856392,drifted
2026-05-01,risk_parity,QQQ,0.1411785778706318,drifted
2026-05-01,risk_parity,IWM,0.11772626659757562,drifted
2026-05-01,risk_parity,EFA,0.16505636427322876,drifted
2026-05-01,risk_parity,IEF,0.4,drifted
2026-05-04,risk_parity,SPY,0.17631815878108895,drifted
2026-05-04,risk_parity,QQQ,0.14165516821263385,drifted
2026-05-04,risk_parity,IWM,0.11775339910400029,drifted
2026-05-04,risk_parity,EFA,0.16365095689168135,drifted
2026-05-04,risk_parity,IEF,0.4006223170105955,drifted
2026-05-05,risk_parity,SPY,0.17632075449598336,drifted
2026-05-05,risk_parity,QQQ,0.14235312746496426,drifted
2026-05-05,risk_parity,IWM,0.11878540425081269,drifted
2026-05-05,risk_parity,EFA,0.16451133475626636,drifted
2026-05-05,risk_parity,IEF,0.39802937903197344,drifted
2026-05-06,risk_parity,SPY,0.17636669616861206,drifted
2026-05-06,risk_parity,QQQ,0.14335572660312154,drifted
2026-05-06,risk_parity,IWM,0.1189459845077651,drifted
2026-05-06,risk_parity,EFA,0.16670412602912033,drifted
2026-05-06,risk_parity,IEF,0.394627466691381,drifted
2026-05-07,risk_parity,SPY,0.17703921096618966,drifted
2026-05-07,risk_parity,QQQ,0.14417274284451367,drifted
2026-05-07,risk_parity,IWM,0.1178708857668932,drifted
2026-05-07,risk_parity,EFA,0.16477956113436207,drifted
2026-05-07,risk_parity,IEF,0.3961375992880415,drifted
2026-05-08,risk_parity,SPY,0.17701427969888256,drifted
2026-05-08,risk_parity,QQQ,0.14632344635407335,drifted
2026-05-08,risk_parity,IWM,0.11768021334344517,drifted
2026-05-08,risk_parity,EFA,0.16510660014164566,drifted
2026-05-08,risk_parity,IEF,0.39387546046195315,drifted
2026-05-11,risk_parity,SPY,0.17748299467298112,drifted
2026-05-11,risk_parity,QQQ,0.1468014789708365,drifted
2026-05-11,risk_parity,IWM,0.11820422600146104,drifted
2026-05-11,risk_parity,EFA,0.16481807321367697,drifted
2026-05-11,risk_parity,IEF,0.3926932271410443,drifted
2026-05-12,risk_parity,SPY,0.17809363292617097,drifted
2026-05-12,risk_parity,QQQ,0.14627871656329042,drifted
2026-05-12,risk_parity,IWM,0.11764181741732362,drifted
2026-05-12,risk_parity,EFA,0.16467807250063426,drifted
2026-05-12,risk_parity,IEF,0.3933077605925806,drifted
2026-05-13,risk_parity,SPY,0.17843255726487026,drifted
2026-05-13,risk_parity,QQQ,0.14728105673669326,drifted
2026-05-13,risk_parity,IWM,0.11725141174512188,drifted
2026-05-13,risk_parity,EFA,0.1651711425724081,drifted
2026-05-13,risk_parity,IEF,0.39186383168090666,drifted
2026-05-14,risk_parity,SPY,0.17941845703156298,drifted
2026-05-14,risk_parity,QQQ,0.14797926365386896,drifted
2026-05-14,risk_parity,IWM,0.1177124356430817,drifted
2026-05-14,risk_parity,EFA,0.16419572615989025,drifted
2026-05-14,risk_parity,IEF,0.39069411751159616,drifted
2026-05-15,risk_parity,SPY,0.17961233220766182,drifted
2026-05-15,risk_parity,QQQ,0.14768057301601833,drifted
2026-05-15,risk_parity,IWM,0.11640209167310356,drifted
2026-05-15,risk_parity,EFA,0.16357641038515222,drifted
2026-05-15,risk_parity,IEF,0.392728592718064,drifted
2026-05-18,risk_parity,SPY,0.17950421550852855,drifted
2026-05-18,risk_parity,QQQ,0.14706016362649196,drifted
2026-05-18,risk_parity,IWM,0.11573037247558274,drifted
2026-05-18,risk_parity,EFA,0.16510481646943367,drifted
2026-05-18,risk_parity,IEF,0.39260043191996313,drifted
2026-05-19,risk_parity,SPY,0.17939383871471246,drifted
2026-05-19,risk_parity,QQQ,0.14704347339525783,drifted
2026-05-19,risk_parity,IWM,0.11518168539484322,drifted
2026-05-19,risk_parity,EFA,0.1649123470836685,drifted
2026-05-19,risk_parity,IEF,0.3934686554115179,drifted
2026-05-20,risk_parity,SPY,0.1789798433863965,drifted
2026-05-20,risk_parity,QQQ,0.14762113629447235,drifted
2026-05-20,risk_parity,IWM,0.11661255805393006,drifted
2026-05-20,risk_parity,EFA,0.16557911781117732,drifted
2026-05-20,risk_parity,IEF,0.39120734445402383,drifted
2026-05-21,risk_parity,SPY,0.17881811479202747,drifted
2026-05-21,risk_parity,QQQ,0.14747654756241524,drifted
2026-05-21,risk_parity,IWM,0.1173651112324027,drifted
2026-05-21,risk_parity,EFA,0.1660102819169909,drifted
2026-05-21,risk_parity,IEF,0.39032994449616376,drifted
2026-05-22,risk_parity,SPY,0.17908786081315772,drifted
2026-05-22,risk_parity,QQQ,0.1477444852744278,drifted
2026-05-22,risk_parity,IWM,0.11817188768654506,drifted
2026-05-22,risk_parity,EFA,0.16527581229548965,drifted
2026-05-22,risk_parity,IEF,0.38971995393037984,drifted
2026-05-26,risk_parity,SPY,0.1785741416882134,drifted
2026-05-26,risk_parity,QQQ,0.1489475684322531,drifted
2026-05-26,risk_parity,IWM,0.11926868940069789,drifted
2026-05-26,risk_parity,EFA,0.16552552600617637,drifted
2026-05-26,risk_parity,IEF,0.3876840744726593,drifted
2026-05-27,risk_parity,SPY,0.17866113754612464,drifted
2026-05-27,risk_parity,QQQ,0.1488765406403916,drifted
2026-05-27,risk_parity,IWM,0.11928994382403676,drifted
2026-05-27,risk_parity,EFA,0.16506765954402686,drifted
2026-05-27,risk_parity,IEF,0.38810471844542016,drifted
2026-05-28,risk_parity,SPY,0.17898413598408477,drifted
2026-05-28,risk_parity,QQQ,0.14957799692946455,drifted
2026-05-28,risk_parity,IWM,0.11952941830594165,drifted
2026-05-28,risk_parity,EFA,0.16433326604569637,drifted
2026-05-28,risk_parity,IEF,0.3875751827348127,drifted
2026-05-29,risk_parity,SPY,0.179256947064185,drifted
2026-05-29,risk_parity,QQQ,0.14998420021974132,drifted
2026-05-29,risk_parity,IWM,0.11875983048000056,drifted
2026-05-29,risk_parity,EFA,0.16434722907647173,drifted
2026-05-29,risk_parity,IEF,0.3876517931596015,drifted
2026-06-01,risk_parity,SPY,0.1844403431906746,target
2026-06-01,risk_parity,QQQ,0.14212773799523193,target
2026-06-01,risk_parity,IWM,0.11890367514977197,target
2026-06-01,risk_parity,EFA,0.1545282436643216,target
2026-06-01,risk_parity,IEF,0.39999999999999986,target
2026-06-01,risk_parity,SPY,0.1844403431906746,drifted
2026-06-01,risk_parity,QQQ,0.14212773799523193,drifted
2026-06-01,risk_parity,IWM,0.11890367514977197,drifted
2026-06-01,risk_parity,EFA,0.1545282436643216,drifted
2026-06-01,risk_parity,IEF,0.39999999999999986,drifted
2026-06-02,risk_parity,SPY,0.18410844829684306,drifted
2026-06-02,risk_parity,QQQ,0.14233196253738184,drifted
2026-06-02,risk_parity,IWM,0.11962798649233562,drifted
2026-06-02,risk_parity,EFA,0.1548964385293217,drifted
2026-06-02,risk_parity,IEF,0.3990351641441177,drifted
2026-06-03,risk_parity,SPY,0.18385421351867223,drifted
2026-06-03,risk_parity,QQQ,0.1427657911840403,drifted
2026-06-03,risk_parity,IWM,0.11866117346248548,drifted
2026-06-03,risk_parity,EFA,0.1544406931478437,drifted
2026-06-03,risk_parity,IEF,0.4002781286869583,drifted
2026-06-04,risk_parity,SPY,0.18389858051904429,drifted
2026-06-04,risk_parity,QQQ,0.1415745027619825,drifted
2026-06-04,risk_parity,IWM,0.12002690991429299,drifted
2026-06-04,risk_parity,EFA,0.1551232283811075,drifted
2026-06-04,risk_parity,IEF,0.39937677842357266,drifted
2026-06-05,risk_parity,SPY,0.18316318152628489,drifted
2026-06-05,risk_parity,QQQ,0.137796241662457,drifted
2026-06-05,risk_parity,IWM,0.11836042159265325,drifted
2026-06-05,risk_parity,EFA,0.1545311619997498,drifted
2026-06-05,risk_parity,IEF,0.40614899321885506,drifted
2026-06-08,risk_parity,SPY,0.18282769489722503,drifted
2026-06-08,risk_parity,QQQ,0.1393761352025138,drifted
2026-06-08,risk_parity,IWM,0.11890628743507099,drifted
2026-06-08,risk_parity,EFA,0.15483273731194094,drifted
2026-06-08,risk_parity,IEF,0.4040571451532492,drifted
2026-06-09,risk_parity,SPY,0.18240157994564346,drifted
2026-06-09,risk_parity,QQQ,0.13785586760852253,drifted
2026-06-09,risk_parity,IWM,0.11935950775839234,drifted
2026-06-09,risk_parity,EFA,0.15495678285334344,drifted
2026-06-09,risk_parity,IEF,0.4054262618340983,drifted
2026-06-10,risk_parity,SPY,0.1812048283422637,drifted
2026-06-10,risk_parity,QQQ,0.136365433767882,drifted
2026-06-10,risk_parity,IWM,0.11922034796538065,drifted
2026-06-10,risk_parity,EFA,0.1543843463399933,drifted
2026-06-10,risk_parity,IEF,0.40882504358448035,drifted
2026-06-11,risk_parity,SPY,0.18087364537751524,drifted
2026-06-11,risk_parity,QQQ,0.13836193601606173,drifted
2026-06-11,risk_parity,IWM,0.12048189197439683,drifted
2026-06-11,risk_parity,EFA,0.15624094286869977,drifted
2026-06-11,risk_parity,IEF,0.40404158376332644,drifted
2026-06-12,risk_parity,SPY,0.18138142570710006,drifted
2026-06-12,risk_parity,QQQ,0.1388161245770955,drifted
2026-06-12,risk_parity,IWM,0.12122126440287706,drifted
2026-06-12,risk_parity,EFA,0.15626826812156122,drifted
2026-06-12,risk_parity,IEF,0.4023129171913662,drifted
2026-06-15,risk_parity,SPY,0.18274737674854014,drifted
2026-06-15,risk_parity,QQQ,0.14175537396025475,drifted
2026-06-15,risk_parity,IWM,0.12099720375501544,drifted
2026-06-15,risk_parity,EFA,0.1557584107508733,drifted
2026-06-15,risk_parity,IEF,0.3987416347853163,drifted
2026-06-16,risk_parity,SPY,0.1822915013455685,drifted
2026-06-16,risk_parity,QQQ,0.13954627270706724,drifted
2026-06-16,risk_parity,IWM,0.12036424073218646,drifted
2026-06-16,risk_parity,EFA,0.15664706031125594,drifted
2026-06-16,risk_parity,IEF,0.40115092490392185,drifted
2026-06-17,risk_parity,SPY,0.1813765326820764,drifted
2026-06-17,risk_parity,QQQ,0.13918576553782847,drifted
2026-06-17,risk_parity,IWM,0.12036111319837775,drifted
2026-06-17,risk_parity,EFA,0.15702985179744827,drifted
2026-06-17,risk_parity,IEF,0.4020467367842691,drifted
2026-06-18,risk_parity,SPY,0.18142041774701229,drifted
2026-06-18,risk_parity,QQQ,0.14124055751267017,drifted
2026-06-18,risk_parity,IWM,0.12149844339273028,drifted
2026-06-18,risk_parity,EFA,0.156395300340279,drifted
2026-06-18,risk_parity,IEF,0.3994452810073082,drifted
2026-06-22,risk_parity,SPY,0.18105412782056018,drifted
2026-06-22,risk_parity,QQQ,0.14104543014933232,drifted
2026-06-22,risk_parity,IWM,0.1227017061376458,drifted
2026-06-22,risk_parity,EFA,0.15682718573367066,drifted
2026-06-22,risk_parity,IEF,0.398371550158791,drifted
2026-06-23,risk_parity,SPY,0.1804314693365677,drifted
2026-06-23,risk_parity,QQQ,0.13793494564235462,drifted
2026-06-23,risk_parity,IWM,0.12289151377229282,drifted
2026-06-23,risk_parity,EFA,0.15537601501020745,drifted
2026-06-23,risk_parity,IEF,0.40336605623857735,drifted
2026-06-24,risk_parity,SPY,0.17994982878447818,drifted
2026-06-24,risk_parity,QQQ,0.13704618574184124,drifted
2026-06-24,risk_parity,IWM,0.12318914106823377,drifted
2026-06-24,risk_parity,EFA,0.15473049782736914,drifted
2026-06-24,risk_parity,IEF,0.4050843465780776,drifted
2026-06-25,risk_parity,SPY,0.17951060107309139,drifted
2026-06-25,risk_parity,QQQ,0.1376208516993523,drifted
2026-06-25,risk_parity,IWM,0.1236292478549968,drifted
2026-06-25,risk_parity,EFA,0.15547144989191528,drifted
2026-06-25,risk_parity,IEF,0.40376784948064426,drifted
2026-06-26,risk_parity,SPY,0.1786965725981064,drifted
2026-06-26,risk_parity,QQQ,0.13609536942055586,drifted
2026-06-26,risk_parity,IWM,0.1243466030270127,drifted
2026-06-26,risk_parity,EFA,0.1549718389096846,drifted
2026-06-26,risk_parity,IEF,0.4058896160446404,drifted
2026-06-29,risk_parity,SPY,0.18029317554201246,drifted
2026-06-29,risk_parity,QQQ,0.13844327448826388,drifted
2026-06-29,risk_parity,IWM,0.1230701978733053,drifted
2026-06-29,risk_parity,EFA,0.1551873779137353,drifted
2026-06-29,risk_parity,IEF,0.4030059741826829,drifted
2026-06-30,risk_parity,SPY,0.18116510537926941,drifted
2026-06-30,risk_parity,QQQ,0.1403866108414692,drifted
2026-06-30,risk_parity,IWM,0.12331733112033814,drifted
2026-06-30,risk_parity,EFA,0.15537617757900776,drifted
2026-06-30,risk_parity,IEF,0.39975477507991547,drifted
2026-07-01,risk_parity,SPY,0.18541159671012641,target
2026-07-01,risk_parity,QQQ,0.13296883256344627,target
2026-07-01,risk_parity,IWM,0.1239661485052705,target
2026-07-01,risk_parity,EFA,0.15765342222115683,target
2026-07-01,risk_parity,IEF,0.4,target
2026-07-01,risk_parity,SPY,0.18541159671012641,drifted
2026-07-01,risk_parity,QQQ,0.13296883256344627,drifted
2026-07-01,risk_parity,IWM,0.1239661485052705,drifted
2026-07-01,risk_parity,EFA,0.15765342222115683,drifted
2026-07-01,risk_parity,IEF,0.4,drifted
2026-07-02,risk_parity,SPY,0.18531998090253665,drifted
2026-07-02,risk_parity,QQQ,0.13077125026799055,drifted
2026-07-02,risk_parity,IWM,0.12334669439085404,drifted
2026-07-02,risk_parity,EFA,0.15985049266953924,drifted
2026-07-02,risk_parity,IEF,0.40071158176907945,drifted
2026-07-06,risk_parity,SPY,0.18582889951742373,drifted
2026-07-06,risk_parity,QQQ,0.13186023417653212,drifted
2026-07-06,risk_parity,IWM,0.12315920614620841,drifted
2026-07-06,risk_parity,EFA,0.16056217455403082,drifted
2026-07-06,risk_parity,IEF,0.3985894856058048,drifted
2026-07-07,risk_parity,SPY,0.18652254293625348,drifted
2026-07-07,risk_parity,QQQ,0.13052085827480972,drifted
2026-07-07,risk_parity,IWM,0.1230829982266903,drifted
2026-07-07,risk_parity,EFA,0.1599348752630634,drifted
2026-07-07,risk_parity,IEF,0.39993872529918306,drifted
2026-07-08,risk_parity,SPY,0.18657541534396577,drifted
2026-07-08,risk_parity,QQQ,0.1313335085343735,drifted
2026-07-08,risk_parity,IWM,0.12236947821859472,drifted
2026-07-08,risk_parity,EFA,0.15924344788889933,drifted
2026-07-08,risk_parity,IEF,0.4004781500141666,drifted
2026-07-09,risk_parity,SPY,0.1868372183998489,drifted
2026-07-09,risk_parity,QQQ,0.13258419979852398,drifted
2026-07-09,risk_parity,IWM,0.1230693346590053,drifted
2026-07-09,risk_parity,EFA,0.15898503053402074,drifted
2026-07-09,risk_parity,IEF,0.398524216608601,drifted
2026-07-10,risk_parity,SPY,0.18745813724834745,drifted
2026-07-10,risk_parity,QQQ,0.1328623023251064,drifted
2026-07-10,risk_parity,IWM,0.12243135990764945,drifted
2026-07-10,risk_parity,EFA,0.15945545653080934,drifted
2026-07-10,risk_parity,IEF,0.3977927439880873,drifted
2026-07-13,risk_parity,SPY,0.18754306135170756,drifted
2026-07-13,risk_parity,QQQ,0.13140570455993442,drifted
2026-07-13,risk_parity,IWM,0.12238515060444659,drifted
2026-07-13,risk_parity,EFA,0.1590789348094047,drifted
2026-07-13,risk_parity,IEF,0.3995871486745067,drifted
2026-07-14,risk_parity,SPY,0.18731243608899886,drifted
2026-07-14,risk_parity,QQQ,0.1322405547618391,drifted
2026-07-14,risk_parity,IWM,0.12222965227978473,drifted
2026-07-14,risk_parity,EFA,0.15942531151512948,drifted
2026-07-14,risk_parity,IEF,0.39879204535424784,drifted
2026-07-15,risk_parity,SPY,0.1875025635749264,drifted
2026-07-15,risk_parity,QQQ,0.1314949108253079,drifted
2026-07-15,risk_parity,IWM,0.1223920526255908,drifted
2026-07-15,risk_parity,EFA,0.16001211419803346,drifted
2026-07-15,risk_parity,IEF,0.3985983587761414,drifted
2026-07-16,risk_parity,SPY,0.18738444472134586,drifted
2026-07-16,risk_parity,QQQ,0.12995577506462233,drifted
2026-07-16,risk_parity,IWM,0.12290650647963329,drifted
2026-07-16,risk_parity,EFA,0.15949196391623904,drifted
2026-07-16,risk_parity,IEF,0.40026130981815944,drifted
2026-07-17,risk_parity,SPY,0.18640171603008998,drifted
2026-07-17,risk_parity,QQQ,0.12860411131685123,drifted
2026-07-17,risk_parity,IWM,0.12283655740287049,drifted
2026-07-17,risk_parity,EFA,0.1595005347104804,drifted
2026-07-17,risk_parity,IEF,0.4026570805397079,drifted
2026-07-20,risk_parity,SPY,0.18672613240559902,drifted
2026-07-20,risk_parity,QQQ,0.1291717176032026,drifted
2026-07-20,risk_parity,IWM,0.12252416769802506,drifted
2026-07-20,risk_parity,EFA,0.15885940351468308,drifted
2026-07-20,risk_parity,IEF,0.4027185787784903,drifted
2026-07-21,risk_parity,SPY,0.1869667190315932,drifted
2026-07-21,risk_parity,QQQ,0.13064724126356922,drifted
2026-07-21,risk_parity,IWM,0.12342781140122955,drifted
2026-07-21,risk_parity,EFA,0.16003980830168116,drifted
2026-07-21,risk_parity,IEF,0.39891842000192684,drifted
2026-07-22,risk_parity,SPY,0.18724264949884392,drifted
2026-07-22,risk_parity,QQQ,0.13032351319488306,drifted
2026-07-22,risk_parity,IWM,0.12260621036344023,drifted
2026-07-22,risk_parity,EFA,0.16075556739943855,drifted
2026-07-22,risk_parity,IEF,0.3990720595433942,drifted
2026-07-23,risk_parity,SPY,0.18654378232048305,drifted
2026-07-23,risk_parity,QQQ,0.1289649682058136,drifted
2026-07-23,risk_parity,IWM,0.12296024772193823,drifted
2026-07-23,risk_parity,EFA,0.16005820583344985,drifted
2026-07-23,risk_parity,IEF,0.4014727959183153,drifted
2026-07-24,risk_parity,SPY,0.18674578642065678,drifted
2026-07-24,risk_parity,QQQ,0.12753279760562827,drifted
2026-07-24,risk_parity,IWM,0.12258116460137342,drifted
2026-07-24,risk_parity,EFA,0.160862252505089,drifted
2026-07-24,risk_parity,IEF,0.40227799886725246,drifted
2026-07-27,risk_parity,SPY,0.18636904707056356,drifted
2026-07-27,risk_parity,QQQ,0.1268555509815326,drifted
2026-07-27,risk_parity,IWM,0.1230382618288245,drifted
2026-07-27,risk_parity,EFA,0.161279014209447,drifted
2026-07-27,risk_parity,IEF,0.4024581259096323,drifted
2026-07-28,risk_parity,SPY,0.186706400759951,drifted
2026-07-28,risk_parity,QQQ,0.1255492846117263,drifted
2026-07-28,risk_parity,IWM,0.12315961432086929,drifted
2026-07-28,risk_parity,EFA,0.16115392054449434,drifted
2026-07-28,risk_parity,IEF,0.4034307797629591,drifted
2026-07-29,risk_parity,SPY,0.18567795358840616,drifted
2026-07-29,risk_parity,QQQ,0.12422582053377511,drifted
2026-07-29,risk_parity,IWM,0.12236003556320509,drifted
2026-07-29,risk_parity,EFA,0.16195614260671654,drifted
2026-07-29,risk_parity,IEF,0.40578004770789716,drifted
2026-07-30,risk_parity,SPY,0.18626069828729364,drifted
2026-07-30,risk_parity,QQQ,0.12660222206445965,drifted
2026-07-30,risk_parity,IWM,0.1224018167853918,drifted
2026-07-30,risk_parity,EFA,0.16422184608132853,drifted
2026-07-30,risk_parity,IEF,0.4005134167815265,drifted
2026-07-31,risk_parity,SPY,0.18770601579999693,drifted
2026-07-31,risk_parity,QQQ,0.1274953953686888,drifted
2026-07-31,risk_parity,IWM,0.12188802889268244,drifted
2026-07-31,risk_parity,EFA,0.1632923525257845,drifted
2026-07-31,risk_parity,IEF,0.3996182074128473,drifted
2026-08-03,risk_parity,SPY,0.18524820411157802,target
2026-08-03,risk_parity,QQQ,0.12702792480584543,target
2026-08-03,risk_parity,IWM,0.12851174151926995,target
2026-08-03,risk_parity,EFA,0.1592121295633066,target
2026-08-03,risk_parity,IEF,0.4,target
2026-08-03,risk_parity,SPY,0.18524820411157802,drifted
2026-08-03,risk_parity,QQQ,0.12702792480584543,drifted
2026-08-03,risk_parity,IWM,0.12851174151926995,drifted
2026-08-03,risk_parity,EFA,0.1592121295633066,drifted
2026-08-03,risk_parity,IEF,0.4,drifted
2026-08-04,risk_parity,SPY,0.18601327842056345,drifted
2026-08-04,risk_parity,QQQ,0.12954960414126837,drifted
2026-08-04,risk_parity,IWM,0.12910644320919146,drifted
2026-08-04,risk_parity,EFA,0.15896402088963413,drifted
2026-08-04,risk_parity,IEF,0.3963666533393427,drifted
2026-08-05,risk_parity,SPY,0.18600569572274017,drifted
2026-08-05,risk_parity,QQQ,0.12862891881293637,drifted
2026-08-05,risk_parity,IWM,0.12852767539529178,drifted
2026-08-05,risk_parity,EFA,0.15943879829768545,drifted
2026-08-05,risk_parity,IEF,0.3973989117713462,drifted
2026-08-06,risk_parity,SPY,0.18627872850332253,drifted
2026-08-06,risk_parity,QQQ,0.12854722233594687,drifted
2026-08-06,risk_parity,IWM,0.1282686310758841,drifted
2026-08-06,risk_parity,EFA,0.159824162019005,drifted
2026-08-06,risk_parity,IEF,0.39708125606584166,drifted
2026-08-07,risk_parity,SPY,0.18615548928479853,drifted
2026-08-07,risk_parity,QQQ,0.12917855809382228,drifted
2026-08-07,risk_parity,IWM,0.12881858809517463,drifted
2026-08-07,risk_parity,EFA,0.16050722541730528,drifted
2026-08-07,risk_parity,IEF,0.39534013910889926,drifted
2026-08-10,risk_parity,SPY,0.18678269123845206,drifted
2026-08-10,risk_parity,QQQ,0.1292650240580894,drifted
2026-08-10,risk_parity,IWM,0.1286136622710647,drifted
2026-08-10,risk_parity,EFA,0.16029452938348737,drifted
2026-08-10,risk_parity,IEF,0.3950440930489065,drifted
2026-08-11,risk_parity,SPY,0.1861878475864846,drifted
2026-08-11,risk_parity,QQQ,0.1288324336578523,drifted
2026-08-11,risk_parity,IWM,0.12904804586058558,drifted
2026-08-11,risk_parity,EFA,0.16041493895040929,drifted
2026-08-11,risk_parity,IEF,0.39551673394466824,drifted
2026-08-12,risk_parity,SPY,0.18607048138207447,drifted
2026-08-12,risk_parity,QQQ,0.1293680481817083,drifted
2026-08-12,risk_parity,IWM,0.12937962837672168,drifted
2026-08-12,risk_parity,EFA,0.16051987702647197,drifted
2026-08-12,risk_parity,IEF,0.3946619650330236,drifted
2026-08-13,risk_parity,SPY,0.18646318430806347,drifted
2026-08-13,risk_parity,QQQ,0.13023175495826098,drifted
2026-08-13,risk_parity,IWM,0.129090313743399,drifted
2026-08-13,risk_parity,EFA,0.16002377850116303,drifted
2026-08-13,risk_parity,IEF,0.3941909684891134,drifted
2026-08-14,risk_parity,SPY,0.18628831330270387,drifted
2026-08-14,risk_parity,QQQ,0.13018963358669994,drifted
2026-08-14,risk_parity,IWM,0.1299020847838759,drifted
2026-08-14,risk_parity,EFA,0.16011714500901816,drifted
2026-08-14,risk_parity,IEF,0.3935028233177021,drifted
2026-08-17,risk_parity,SPY,0.1859019425474798,drifted
2026-08-17,risk_parity,QQQ,0.13032243437315524,drifted
2026-08-17,risk_parity,IWM,0.12980866917259748,drifted
2026-08-17,risk_parity,EFA,0.16026322588252037,drifted
2026-08-17,risk_parity,IEF,0.39370372802424713,drifted
2026-08-18,risk_parity,SPY,0.18584660543062137,drifted
2026-08-18,risk_parity,QQQ,0.1289484981852497,drifted
2026-08-18,risk_parity,IWM,0.12900696515686896,drifted
2026-08-18,risk_parity,EFA,0.15955016088187415,drifted
2026-08-18,risk_parity,IEF,0.39664777034538573,drifted
2026-08-19,risk_parity,SPY,0.18562874470940294,drifted
2026-08-19,risk_parity,QQQ,0.12827155429160322,drifted
2026-08-19,risk_parity,IWM,0.12922412917755483,drifted
2026-08-19,risk_parity,EFA,0.1596077085195767,drifted
2026-08-19,risk_parity,IEF,0.39726786330186237,drifted
2026-08-20,risk_parity,SPY,0.18523510362154325,drifted
2026-08-20,risk_parity,QQQ,0.12815546088421664,drifted
2026-08-20,risk_parity,IWM,0.12829687695890665,drifted
2026-08-20,risk_parity,EFA,0.16015591618049266,drifted
2026-08-20,risk_parity,IEF,0.3981566423548408,drifted
2026-08-21,risk_parity,SPY,0.1854820388540553,drifted
2026-08-21,risk_parity,QQQ,0.12825466226832935,drifted
2026-08-21,risk_parity,IWM,0.12892874219773656,drifted
2026-08-21,risk_parity,EFA,0.16104013028410089,drifted
2026-08-21,risk_parity,IEF,0.39629442639577794,drifted
2026-08-24,risk_parity,SPY,0.18534134241115005,drifted
2026-08-24,risk_parity,QQQ,0.12725230731809448,drifted
2026-08-24,risk_parity,IWM,0.1283534025318104,drifted
2026-08-24,risk_parity,EFA,0.16107909382849314,drifted
2026-08-24,risk_parity,IEF,0.3979738539104519,drifted
2026-08-25,risk_parity,SPY,0.18496626093866417,drifted
2026-08-25,risk_parity,QQQ,0.12737879178749575,drifted
2026-08-25,risk_parity,IWM,0.128225518480102,drifted
2026-08-25,risk_parity,EFA,0.1613979649955606,drifted
2026-08-25,risk_parity,IEF,0.39803146379817744,drifted
2026-08-26,risk_parity,SPY,0.18530023201273924,drifted
2026-08-26,risk_parity,QQQ,0.12769714635075194,drifted
2026-08-26,risk_parity,IWM,0.12829976584707778,drifted
2026-08-26,risk_parity,EFA,0.1608512413825642,drifted
2026-08-26,risk_parity,IEF,0.3978516144068668,drifted
2026-08-27,risk_parity,SPY,0.18603353669189107,drifted
2026-08-27,risk_parity,QQQ,0.12911177785913935,drifted
2026-08-27,risk_parity,IWM,0.12834564676711802,drifted
2026-08-27,risk_parity,EFA,0.16006602203826445,drifted
2026-08-27,risk_parity,IEF,0.39644301664358716,drifted
2026-08-28,risk_parity,SPY,0.18655504437870168,drifted
2026-08-28,risk_parity,QQQ,0.1289260323794657,drifted
2026-08-28,risk_parity,IWM,0.1272513225560349,drifted
2026-08-28,risk_parity,EFA,0.1604330507962471,drifted
2026-08-28,risk_parity,IEF,0.3968345498895506,drifted
2026-08-31,risk_parity,SPY,0.18639877432710375,drifted
2026-08-31,risk_parity,QQQ,0.12926381112204577,drifted
2026-08-31,risk_parity,IWM,0.12674119093774475,drifted
2026-08-31,risk_parity,EFA,0.16037632017383616,drifted
2026-08-31,risk_parity,IEF,0.3972199034392695,drifted
2026-09-01,risk_parity,SPY,0.18499108804734926,target
2026-09-01,risk_parity,QQQ,0.1242969335854777,target
2026-09-01,risk_parity,IWM,0.1314158405609915,target
2026-09-01,risk_parity,EFA,0.15929613780618151,target
2026-09-01,risk_parity,IEF,0.4,target
2026-09-01,risk_parity,SPY,0.18499108804734926,drifted
2026-09-01,risk_parity,QQQ,0.1242969335854777,drifted
2026-09-01,risk_parity,IWM,0.1314158405609915,drifted
2026-09-01,risk_parity,EFA,0.15929613780618151,drifted
2026-09-01,risk_parity,IEF,0.4,drifted
2026-09-02,risk_parity,SPY,0.185097818977301,drifted
2026-09-02,risk_parity,QQQ,0.12409922987503413,drifted
2026-09-02,risk_parity,IWM,0.1324606438299784,drifted
2026-09-02,risk_parity,EFA,0.1595333502852293,drifted
2026-09-02,risk_parity,IEF,0.39880895703245717,drifted
2026-09-03,risk_parity,SPY,0.1859032308987202,drifted
2026-09-03,risk_parity,QQQ,0.124814067579341,drifted
2026-09-03,risk_parity,IWM,0.13218717288326998,drifted
2026-09-03,risk_parity,EFA,0.16027085060602167,drifted
2026-09-03,risk_parity,IEF,0.3968246780326472,drifted
2026-09-04,risk_parity,SPY,0.18519535010454424,drifted
2026-09-04,risk_parity,QQQ,0.12504425494025553,drifted
2026-09-04,risk_parity,IWM,0.13256055482431464,drifted
2026-09-04,risk_parity,EFA,0.160485686543601,drifted
2026-09-04,risk_parity,IEF,0.39671415358728457,drifted
2026-09-08,risk_parity,SPY,0.18472917229664773,drifted
2026-09-08,risk_parity,QQQ,0.12531364593299862,drifted
2026-09-08,risk_parity,IWM,0.1323552110466945,drifted
2026-09-08,risk_parity,EFA,0.160089257182594,drifted
2026-09-08,risk_parity,IEF,0.39751271354106504,drifted
2026-09-09,risk_parity,SPY,0.18496755614078697,drifted
2026-09-09,risk_parity,QQQ,0.1257015128090939,drifted
2026-09-09,risk_parity,IWM,0.13132389833033103,drifted
2026-09-09,risk_parity,EFA,0.15925095945017356,drifted
2026-09-09,risk_parity,IEF,0.39875607326961454,drifted
2026-09-10,risk_parity,SPY,0.18538704598157002,drifted
2026-09-10,risk_parity,QQQ,0.12539803758889229,drifted
2026-09-10,risk_parity,IWM,0.1310760007119958,drifted
2026-09-10,risk_parity,EFA,0.15921845941700372,drifted
2026-09-10,risk_parity,IEF,0.3989204563005382,drifted
2026-09-11,risk_parity,SPY,0.18621481717720592,drifted
2026-09-11,risk_parity,QQQ,0.1259841908494777,drifted
2026-09-11,risk_parity,IWM,0.13108842407321308,drifted
2026-09-11,risk_parity,EFA,0.16013847419618607,drifted
2026-09-11,risk_parity,IEF,0.396574093703917,drifted
2026-09-14,risk_parity,SPY,0.18611063473110348,drifted
2026-09-14,risk_parity,QQQ,0.12546954704538238,drifted
2026-09-14,risk_parity,IWM,0.1311557994024824,drifted
2026-09-14,risk_parity,EFA,0.15948546082992554,drifted
2026-09-14,risk_parity,IEF,0.3977785579911062,drifted
2026-09-15,risk_parity,SPY,0.1859555088027133,drifted
2026-09-15,risk_parity,QQQ,0.12511861655461554,drifted
2026-09-15,risk_parity,IWM,0.13072424979715222,drifted
2026-09-15,risk_parity,EFA,0.15940623364146117,drifted
2026-09-15,risk_parity,IEF,0.3987953912040578,drifted
2026-09-16,risk_parity,SPY,0.1855654794559709,drifted
2026-09-16,risk_parity,QQQ,0.12544126800232708,drifted
2026-09-16,risk_parity,IWM,0.1304672652266402,drifted
2026-09-16,risk_parity,EFA,0.1592004331946993,drifted
2026-09-16,risk_parity,IEF,0.39932555412036247,drifted
2026-09-17,risk_parity,SPY,0.18603165485650616,drifted
2026-09-17,risk_parity,QQQ,0.12649913527472223,drifted
2026-09-17,risk_parity,IWM,0.1300164100953479,drifted
2026-09-17,risk_parity,EFA,0.15934373024934498,drifted
2026-09-17,risk_parity,IEF,0.3981090695240787,drifted
2026-09-18,risk_parity,SPY,0.18685746770938097,drifted
2026-09-18,risk_parity,QQQ,0.12769919965860535,drifted
2026-09-18,risk_parity,IWM,0.1298179829304785,drifted
2026-09-18,risk_parity,EFA,0.1582324341338449,drifted
2026-09-18,risk_parity,IEF,0.3973929155676902,drifted
2026-09-21,risk_parity,SPY,0.1877766108451871,drifted
2026-09-21,risk_parity,QQQ,0.13001000527531434,drifted
2026-09-21,risk_parity,IWM,0.12913392670289364,drifted
2026-09-21,risk_parity,EFA,0.15831331186068673,drifted
2026-09-21,risk_parity,IEF,0.39476614531591825,drifted
2026-09-22,risk_parity,SPY,0.1873066616291047,drifted
2026-09-22,risk_parity,QQQ,0.1307525850874614,drifted
2026-09-22,risk_parity,IWM,0.12956605574965455,drifted
2026-09-22,risk_parity,EFA,0.15849223684729288,drifted
2026-09-22,risk_parity,IEF,0.39388246068648664,drifted
2026-09-23,risk_parity,SPY,0.18813052185793322,drifted
2026-09-23,risk_parity,QQQ,0.1311743168369886,drifted
2026-09-23,risk_parity,IWM,0.12866570828446536,drifted
2026-09-23,risk_parity,EFA,0.15778470268870612,drifted
2026-09-23,risk_parity,IEF,0.3942447503319068,drifted
2026-09-24,risk_parity,SPY,0.18852850657222256,drifted
2026-09-24,risk_parity,QQQ,0.1315402275055262,drifted
2026-09-24,risk_parity,IWM,0.12892476537468037,drifted
2026-09-24,risk_parity,EFA,0.15779533235168547,drifted
2026-09-24,risk_parity,IEF,0.3932111681958854,drifted
2026-09-25,risk_parity,SPY,0.18866092440914167,drifted
2026-09-25,risk_parity,QQQ,0.13152164156468027,drifted
2026-09-25,risk_parity,IWM,0.12845907910982549,drifted
2026-09-25,risk_parity,EFA,0.15864557479041325,drifted
2026-09-25,risk_parity,IEF,0.39271278012593935,drifted
2026-09-28,risk_parity,SPY,0.18848832294598264,drifted
2026-09-28,risk_parity,QQQ,0.1309692529736166,drifted
2026-09-28,risk_parity,IWM,0.12840954459288778,drifted
2026-09-28,risk_parity,EFA,0.158902116289636,drifted
2026-09-28,risk_parity,IEF,0.3932307631978769,drifted
2026-09-29,risk_parity,SPY,0.188455749213693,drifted
2026-09-29,risk_parity,QQQ,0.1314375767916216,drifted
2026-09-29,risk_parity,IWM,0.12816030880526272,drifted
2026-09-29,risk_parity,EFA,0.15841013107776464,drifted
2026-09-29,risk_parity,IEF,0.393536234111658,drifted
2026-09-30,risk_parity,SPY,0.18847847515184515,drifted
2026-09-30,risk_parity,QQQ,0.13205250040218677,drifted
2026-09-30,risk_parity,IWM,0.12792405671061746,drifted
2026-09-30,risk_parity,EFA,0.15776828992927786,drifted
2026-09-30,risk_parity,IEF,0.3937766778060727,drifted
2026-10-01,risk_parity,SPY,0.18439553634401232,target
2026-10-01,risk_parity,QQQ,0.12391421132450223,target
2026-10-01,risk_parity,IWM,0.13345282547897128,target
2026-10-01,risk_parity,EFA,0.1582374268525142,target
2026-10-01,risk_parity,IEF,0.4,target
2026-10-01,risk_parity,SPY,0.18439553634401232,drifted
2026-10-01,risk_parity,QQQ,0.12391421132450223,drifted
2026-10-01,risk_parity,IWM,0.13345282547897128,drifted
2026-10-01,risk_parity,EFA,0.1582374268525142,drifted
2026-10-01,risk_parity,IEF,0.4,drifted
2026-10-02,risk_parity,SPY,0.18493536460128096,drifted
2026-10-02,risk_parity,QQQ,0.12461985151806239,drifted
2026-10-02,risk_parity,IWM,0.13405137901781933,drifted
2026-10-02,risk_parity,EFA,0.15928228385312757,drifted
2026-10-02,risk_parity,IEF,0.3971111210097098,drifted
2026-10-05,risk_parity,SPY,0.18566984896393693,drifted
2026-10-05,risk_parity,QQQ,0.12537430185345005,drifted
2026-10-05,risk_parity,IWM,0.1345655438725556,drifted
2026-10-05,risk_parity,EFA,0.15895069053075433,drifted
2026-10-05,risk_parity,IEF,0.3954396147793031,drifted
2026-10-06,risk_parity,SPY,0.18634593058366097,drifted
2026-10-06,risk_parity,QQQ,0.1257153800042151,drifted
2026-10-06,risk_parity,IWM,0.13335013695690004,drifted
2026-10-06,risk_parity,EFA,0.15894695796647387,drifted
2026-10-06,risk_parity,IEF,0.39564159448874997,drifted
2026-10-07,risk_parity,SPY,0.18669937014416293,drifted
2026-10-07,risk_parity,QQQ,0.12593610959917884,drifted
2026-10-07,risk_parity,IWM,0.13219180140302456,drifted
2026-10-07,risk_parity,EFA,0.15791611055022833,drifted
2026-10-07,risk_parity,IEF,0.3972566083034054,drifted
2026-10-08,risk_parity,SPY,0.1862137312145862,drifted
2026-10-08,risk_parity,QQQ,0.12445278205547344,drifted
2026-10-08,risk_parity,IWM,0.13234644561832154,drifted
2026-10-08,risk_parity,EFA,0.15756121964529102,drifted
2026-10-08,risk_parity,IEF,0.3994258214663277,drifted
2026-10-09,risk_parity,SPY,0.18672616647128637,drifted
2026-10-09,risk_parity,QQQ,0.1246638313896142,drifted
2026-10-09,risk_parity,IWM,0.13257084745912628,drifted
2026-10-09,risk_parity,EFA,0.15812368809131644,drifted
2026-10-09,risk_parity,IEF,0.39791546658865673,drifted
2024-11-01,hrp,SPY,0.15458695066166095,target
2024-11-01,hrp,QQQ,0.09166822232759327,target
2024-11-01,hrp,IWM,0.08399648969766821,target
2024-11-01,hrp,EFA,0.2697483373130776,target
2024-11-01,hrp,IEF,0.4,target
2024-11-01,hrp,SPY,0.15458695066166095,drifted
2024-11-01,hrp,QQQ,0.09166822232759327,drifted
2024-11-01,hrp,IWM,0.08399648969766821,drifted
2024-11-01,hrp,EFA,0.2697483373130776,drifted
2024-11-01,hrp,IEF,0.4,drifted
2024-11-04,hrp,SPY,0.15392075365306634,drifted
2024-11-04,hrp,QQQ,0.09120373479892688,drifted
2024-11-04,hrp,IWM,0.0842398915748026,drifted
2024-11-04,hrp,EFA,0.26936913308273114,drifted
2024-11-04,hrp,IEF,0.40126648689047306,drifted
2024-11-05,hrp,SPY,0.1546221051708374,drifted
2024-11-05,hrp,QQQ,0.0916795199069749,drifted
2024-11-05,hrp,IWM,0.08518552444725536,drifted
2024-11-05,hrp,EFA,0.2700224444241111,drifted
2024-11-05,hrp,IEF,0.39849040605082126,drifted
2024-11-06,hrp,SPY,0.1579513927164747,drifted
2024-11-06,hrp,QQQ,0.09386351604436821,drifted
2024-11-06,hrp,IWM,0.08982730347072464,drifted
2024-11-06,hrp,EFA,0.2652526931320961,drifted
2024-11-06,hrp,IEF,0.39310509463633636,drifted
2024-11-07,hrp,SPY,0.15766413531601592,drifted
2024-11-07,hrp,QQQ,0.09443771806364941,drifted
2024-11-07,hrp,IWM,0.08866089704019692,drifted
2024-11-07,hrp,EFA,0.26672616919026426,drifted
2024-11-07,hrp,IEF,0.39251108038987337,drifted
2024-11-08,hrp,SPY,0.15857026128671772,drifted
2024-11-08,hrp,QQQ,0.09468130564678252,drifted
2024-11-08,hrp,IWM,0.0894393929481577,drifted
2024-11-08,hrp,EFA,0.2634084879051901,drifted
2024-11-08,hrp,IEF,0.393900552213152,drifted
2024-11-11,hrp,SPY,0.15865472105916756,drifted
2024-11-11,hrp,QQQ,0.09458633719023983,drifted
2024-11-11,hrp,IWM,0.09074595308304369,drifted
2024-11-11,hrp,EFA,0.2633644268393309,drifted
2024-11-11,hrp,IEF,0.39264856182821806,drifted
2024-11-12,hrp,SPY,0.15969679967047226,drifted
2024-11-12,hrp,QQQ,0.09533141339176082,drifted
2024-11-12,hrp,IWM,0.09001927891406819,drifted
2024-11-12,hrp,EFA,0.26098344682861063,drifted
2024-11-12,hrp,IEF,0.3939690611950881,drifted
2024-11-13,hrp,SPY,0.16021240064797057,drifted
2024-11-13,hrp,QQQ,0.0954697675980277,drifted
2024-11-13,hrp,IWM,0.08937275399490371,drifted
2024-11-13,hrp,EFA,0.2601498327900722,drifted
2024-11-13,hrp,IEF,0.39479524496902574,drifted
2024-11-14,hrp,SPY,0.15956552009780414,drifted
2024-11-14,hrp,QQQ,0.09503456930659605,drifted
2024-11-14,hrp,IWM,0.08838004888606221,drifted
2024-11-14,hrp,EFA,0.2613163625212068,drifted
2024-11-14,hrp,IEF,0.39570349918833075,drifted
2024-11-15,hrp,SPY,0.15853666636968722,drifted
2024-11-15,hrp,QQQ,0.09336804177487425,drifted
2024-11-15,hrp,IWM,0.08762259882699364,drifted
2024-11-15,hrp,EFA,0.2620488016535901,drifted
2024-11-15,hrp,IEF,0.39842389137485484,drifted
2024-11-18,hrp,SPY,0.15858452984952523,drifted
2024-11-18,hrp,QQQ,0.09366133699701865,drifted
2024-11-18,hrp,IWM,0.08746329191478365,drifted
2024-11-18,hrp,EFA,0.26247985939205865,drifted
2024-11-18,hrp,IEF,0.39781098184661384,drifted
2024-11-19,hrp,SPY,0.1587854095506084,drifted
2024-11-19,hrp,QQQ,0.09408124908126526,drifted
2024-11-19,hrp,IWM,0.08790307769363509,drifted
2024-11-19,hrp,EFA,0.2615174425962556,drifted
2024-11-19,hrp,IEF,0.39771282107823575,drifted
2024-11-20,hrp,SPY,0.15902835187879022,drifted
2024-11-20,hrp,QQQ,0.09413900531650803,drifted
2024-11-20,hrp,IWM,0.08812220535141477,drifted
2024-11-20,hrp,EFA,0.26111887603001355,drifted
2024-11-20,hrp,IEF,0.39759156142327334,drifted
2024-11-21,hrp,SPY,0.15950132455027427,drifted
2024-11-21,hrp,QQQ,0.09425266023802743,drifted
2024-11-21,hrp,IWM,0.08924857551724644,drifted
2024-11-21,hrp,EFA,0.2605645715236376,drifted
2024-11-21,hrp,IEF,0.39643286817081413,drifted
2024-11-22,hrp,SPY,0.15942812617259242,drifted
2024-11-22,hrp,QQQ,0.09406897622417468,drifted
2024-11-22,hrp,IWM,0.09057452790880095,drifted
2024-11-22,hrp,EFA,0.2606484014745565,drifted
2024-11-22,hrp,IEF,0.39527996821987554,drifted
2024-11-25,hrp,SPY,0.15875029788050563,drifted
2024-11-25,hrp,QQQ,0.093500019888831,drifted
2024-11-25,hrp,IWM,0.0912510531812005,drifted
2024-11-25,hrp,EFA,0.2599968403230864,drifted
2024-11-25,hrp,IEF,0.39650178872637654,drifted
2024-11-26,hrp,SPY,0.15984747678036426,drifted
2024-11-26,hrp,QQQ,0.09416007427549808,drifted
2024-11-26,hrp,IWM,0.09073323933300316,drifted
2024-11-26,hrp,EFA,0.2589306338019214,drifted
2024-11-26,hrp,IEF,0.39632857580921305,drifted
2024-11-27,hrp,SPY,0.15906137169766457,drifted
2024-11-27,hrp,QQQ,0.09324181017759721,drifted
2024-11-27,hrp,IWM,0.09068563533347879,drifted
2024-11-27,hrp,EFA,0.25984076864500627,drifted
2024-11-27,hrp,IEF,0.397170414146253,drifted
2024-11-29,hrp,SPY,0.1588899982179716,drifted
2024-11-29,hrp,QQQ,0.09337969690505492,drifted
2024-11-29,hrp,IWM,0.09037242584840707,drifted
2024-11-29,hrp,EFA,0.26140088252718635,drifted
2024-11-29,hrp,IEF,0.3959569965013799,drifted
2024-12-02,hrp,SPY,0.15023564144035795,target
2024-12-02,hrp,QQQ,0.10727864141902789,target
2024-12-02,hrp,IWM,0.12608617594246077,target
2024-12-02,hrp,EFA,0.21639954119815336,target
2024-12-02,hrp,IEF,0.4,target
2024-12-02,hrp,SPY,0.15023564144035795,drifted
2024-12-02,hrp,QQQ,0.10727864141902789,drifted
2024-12-02,hrp,IWM,0.12608617594246077,drifted
2024-12-02,hrp,EFA,0.21639954119815336,drifted
2024-12-02,hrp,IEF,0.4,drifted
2024-12-03,hrp,SPY,0.15036652814778215,drifted
2024-12-03,hrp,QQQ,0.10765138123418111,drifted
2024-12-03,hrp,IWM,0.12524006342030425,drifted
2024-12-03,hrp,EFA,0.21771781149073094,drifted
2024-12-03,hrp,IEF,0.3990242157070016,drifted
2024-12-04,hrp,SPY,0.15063808568146278,drifted
2024-12-04,hrp,QQQ,0.10850533309517368,drifted
2024-12-04,hrp,IWM,0.12513875028911772,drifted
2024-12-04,hrp,EFA,0.2169283472812963,drifted
2024-12-04,hrp,IEF,0.39878948365294964,drifted
2024-12-05,hrp,SPY,0.15053906840688586,drifted
2024-12-05,hrp,QQQ,0.10831176983259447,drifted
2024-12-05,hrp,IWM,0.12380140209508156,drifted
2024-12-05,hrp,EFA,0.21820558807338475,drifted
2024-12-05,hrp,IEF,0.3991421715920534,drifted
2024-12-06,hrp,SPY,0.15038375755407282,drifted
2024-12-06,hrp,QQQ,0.1089618209345119,drifted
2024-12-06,hrp,IWM,0.12388038868813979,drifted
2024-12-06,hrp,EFA,0.21754090864209105,drifted
2024-12-06,hrp,IEF,0.39923312418118456,drifted
2024-12-09,hrp,SPY,0.15017457380443577,drifted
2024-12-09,hrp,QQQ,0.10852171209597643,drifted
2024-12-09,hrp,IWM,0.1237238993268319,drifted
2024-12-09,hrp,EFA,0.21822645587581682,drifted
2024-12-09,hrp,IEF,0.39935335889693896,drifted
2024-12-10,hrp,SPY,0.15031663802365833,drifted
2024-12-10,hrp,QQQ,0.10859186274661703,drifted
2024-12-10,hrp,IWM,0.12368892998811397,drifted
2024-12-10,hrp,EFA,0.21714280861514212,drifted
2024-12-10,hrp,IEF,0.40025976062646856,drifted
2024-12-11,hrp,SPY,0.15089747567410128,drifted
2024-12-11,hrp,QQQ,0.1101118154691113,drifted
2024-12-11,hrp,IWM,0.12377136004550236,drifted
2024-12-11,hrp,EFA,0.2176733747003823,drifted
2024-12-11,hrp,IEF,0.3975459741109028,drifted
2024-12-12,hrp,SPY,0.15110521872829094,drifted
2024-12-12,hrp,QQQ,0.11011919788337715,drifted
2024-12-12,hrp,IWM,0.12296462469982777,drifted
2024-12-12,hrp,EFA,0.21718030966749988,drifted
2024-12-12,hrp,IEF,0.3986306490210043,drifted
2024-12-13,hrp,SPY,0.15145353086749727,drifted
2024-12-13,hrp,QQQ,0.11123996896171691,drifted
2024-12-13,hrp,IWM,0.12242685764164189,drifted
2024-12-13,hrp,EFA,0.21711870066212016,drifted
2024-12-13,hrp,IEF,0.3977609418670238,drifted
2024-12-16,hrp,SPY,0.15173911037223708,drifted
2024-12-16,hrp,QQQ,0.11257395044648044,drifted
2024-12-16,hrp,IWM,0.12285408831064912,drifted
2024-12-16,hrp,EFA,0.21588929842694618,drifted
2024-12-16,hrp,IEF,0.3969435524436872,drifted
2024-12-17,hrp,SPY,0.1515488282712385,drifted
2024-12-17,hrp,QQQ,0.11240075563085619,drifted
2024-12-17,hrp,IWM,0.12179714346462783,drifted
2024-12-17,hrp,EFA,0.21616732215263285,drifted
2024-12-17,hrp,IEF,0.3980859504806446,drifted
2024-12-18,hrp,SPY,0.15039249513962646,drifted
2024-12-18,hrp,QQQ,0.11082187497647254,drifted
2024-12-18,hrp,IWM,0.11906528579830966,drifted
2024-12-18,hrp,EFA,0.2156835382190283,drifted
2024-12-18,hrp,IEF,0.40403680586656293,drifted
2024-12-19,hrp,SPY,0.1508871075964905,drifted
2024-12-19,hrp,QQQ,0.11072520155303602,drifted
2024-12-19,hrp,IWM,0.11896329713880471,drifted
2024-12-19,hrp,EFA,0.2157717039205519,drifted
2024-12-19,hrp,IEF,0.40365268979111696,drifted
2024-12-20,hrp,SPY,0.15197304794464786,drifted
2024-12-20,hrp,QQQ,0.11116080957998087,drifted
2024-12-20,hrp,IWM,0.11950673406769302,drifted
2024-12-20,hrp,EFA,0.21414650213971598,drifted
2024-12-20,hrp,IEF,0.40321290626796236,drifted
2024-12-23,hrp,SPY,0.15267996605413411,drifted
2024-12-23,hrp,QQQ,0.11209467817892073,drifted
2024-12-23,hrp,IWM,0.119073667320523,drifted
2024-12-23,hrp,EFA,0.21525733392000776,drifted
2024-12-23,hrp,IEF,0.4008943545264145,drifted
2024-12-24,hrp,SPY,0.15356799510427574,drifted
2024-12-24,hrp,QQQ,0.11301925264078483,drifted
2024-12-24,hrp,IWM,0.11950890109098924,drifted
2024-12-24,hrp,EFA,0.21489410359796163,drifted
2024-12-24,hrp,IEF,0.3990097475659886,drifted
2024-12-26,hrp,SPY,0.15319810138447598,drifted
2024-12-26,hrp,QQQ,0.11266294670801628,drifted
2024-12-26,hrp,IWM,0.12043519666561232,drifted
2024-12-26,hrp,EFA,0.2153795388066652,drifted
2024-12-26,hrp,IEF,0.3983242164352302,drifted
2024-12-27,hrp,SPY,0.15253304125797834,drifted
2024-12-27,hrp,QQQ,0.11186021110540595,drifted
2024-12-27,hrp,IWM,0.11942134509247743,drifted
2024-12-27,hrp,EFA,0.21641312144179486,drifted
2024-12-27,hrp,IEF,0.39977228110234353,drifted
2024-12-30,hrp,SPY,0.15128011824599602,drifted
2024-12-30,hrp,QQQ,0.11072944934774455,drifted
2024-12-30,hrp,IWM,0.1188863712936542,drifted
2024-12-30,hrp,EFA,0.21568677497999225,drifted
2024-12-30,hrp,IEF,0.403417286132613,drifted
2024-12-31,hrp,SPY,0.1510440185171253,drifted
2024-12-31,hrp,QQQ,0.1100177520596998,drifted
2024-12-31,hrp,IWM,0.1192854237415404,drifted
2024-12-31,hrp,EFA,0.2161364769046176,drifted
2024-12-31,hrp,IEF,0.40351632877701693,drifted
2025-01-02,hrp,SPY,0.14744080638763457,target
2025-01-02,hrp,QQQ,0.10877691774716478,target
2025-01-02,hrp,IWM,0.13119914067595484,target
2025-01-02,hrp,EFA,0.21258313518924574,target
2025-01-02,hrp,IEF,0.4,target
2025-01-02,hrp,SPY,0.14744080638763457,drifted
2025-01-02,hrp,QQQ,0.10877691774716478,drifted
2025-01-02,hrp,IWM,0.13119914067595484,drifted
2025-01-02,hrp,EFA,0.21258313518924574,drifted
2025-01-02,hrp,IEF,0.4,drifted
2025-01-03,hrp,SPY,0.148414883392058,drifted
2025-01-03,hrp,QQQ,0.10991320468869455,drifted
2025-01-03,hrp,IWM,0.1323755846031982,drifted
2025-01-03,hrp,EFA,0.21227067126710206,drifted
2025-01-03,hrp,IEF,0.39702565604894724,drifted
2025-01-06,hrp,SPY,0.1487041948120182,drifted
2025-01-06,hrp,QQQ,0.11075512930132209,drifted
2025-01-06,hrp,IWM,0.13192685255045644,drifted
2025-01-06,hrp,EFA,0.2134781199230218,drifted
2025-01-06,hrp,IEF,0.39513570341318144,drifted
2025-01-07,hrp,SPY,0.1480121915263893,drifted
2025-01-07,hrp,QQQ,0.10951047223996753,drifted
2025-01-07,hrp,IWM,0.13174944623715004,drifted
2025-01-07,hrp,EFA,0.21474524011131882,drifted
2025-01-07,hrp,IEF,0.3959826498851744,drifted
2025-01-08,hrp,SPY,0.14822986853551234,drifted
2025-01-08,hrp,QQQ,0.10953069187552857,drifted
2025-01-08,hrp,IWM,0.13115325046805293,drifted
2025-01-08,hrp,EFA,0.2144097880164333,drifted
2025-01-08,hrp,IEF,0.39667640110447283,drifted
2025-01-10,hrp,SPY,0.14789222666307372,drifted
2025-01-10,hrp,QQQ,0.1092352879802408,drifted
2025-01-10,hrp,IWM,0.12995844963371347,drifted
2025-01-10,hrp,EFA,0.2139319107515458,drifted
2025-01-10,hrp,IEF,0.39898212497142627,drifted
2025-01-13,hrp,SPY,0.1482947025217058,drifted
2025-01-13,hrp,QQQ,0.1090115238268504,drifted
2025-01-13,hrp,IWM,0.13036242048649907,drifted
2025-01-13,hrp,EFA,0.2135827725013083,drifted
2025-01-13,hrp,IEF,0.3987485806636364,drifted
2025-01-14,hrp,SPY,0.14813072292143759,drifted
2025-01-14,hrp,QQQ,0.10863810472642926,drifted
2025-01-14,hrp,IWM,0.13151780954250664,drifted
2025-01-14,hrp,EFA,0.21382198923195736,drifted
2025-01-14,hrp,IEF,0.39789137357766924,drifted
2025-01-15,hrp,SPY,0.14864014650629934,drifted
2025-01-15,hrp,QQQ,0.10952737838052752,drifted
2025-01-15,hrp,IWM,0.1321607846081641,drifted
2025-01-15,hrp,EFA,0.2134171905258527,drifted
2025-01-15,hrp,IEF,0.39625449997915635,drifted
2025-01-16,hrp,SPY,0.1481687352474164,drifted
2025-01-16,hrp,QQQ,0.10862399704844633,drifted
2025-01-16,hrp,IWM,0.13226063268469485,drifted
2025-01-16,hrp,EFA,0.2142429354582685,drifted
2025-01-16,hrp,IEF,0.3967036995611739,drifted
2025-01-17,hrp,SPY,0.14890267651276956,drifted
2025-01-17,hrp,QQQ,0.10990115094794319,drifted
2025-01-17,hrp,IWM,0.13216316802421593,drifted
2025-01-17,hrp,EFA,0.21402812788683692,drifted
2025-01-17,hrp,IEF,0.3950048766282344,drifted
2025-01-21,hrp,SPY,0.14874975505365587,drifted
2025-01-21,hrp,QQQ,0.10943049534848975,drifted
2025-01-21,hrp,IWM,0.1333424761530852,drifted
2025-01-21,hrp,EFA,0.2161460907147379,drifted
2025-01-21,hrp,IEF,0.3923311827300312,drifted
2025-01-22,hrp,SPY,0.1496079097112646,drifted
2025-01-22,hrp,QQQ,0.11084593198991956,drifted
2025-01-22,hrp,IWM,0.1324915232148041,drifted
2025-01-22,hrp,EFA,0.21568109524328055,drifted
2025-01-22,hrp,IEF,0.3913735398407312,drifted
2025-01-23,hrp,SPY,0.15006328234959748,drifted
2025-01-23,hrp,QQQ,0.1108148765211585,drifted
2025-01-23,hrp,IWM,0.13277553623598448,drifted
2025-01-23,hrp,EFA,0.21692526221532937,drifted
2025-01-23,hrp,IEF,0.3894210426779302,drifted
2025-01-24,hrp,SPY,0.14953873047632948,drifted
2025-01-24,hrp,QQQ,0.110124948332886,drifted
2025-01-24,hrp,IWM,0.13232844867236337,drifted
2025-01-24,hrp,EFA,0.21801058764065734,drifted
2025-01-24,hrp,IEF,0.38999728487776375,drifted
2025-01-27,hrp,SPY,0.14802412553020247,drifted
2025-01-27,hrp,QQQ,0.10735436890803723,drifted
2025-01-27,hrp,IWM,0.13159527332350543,drifted
2025-01-27,hrp,EFA,0.21889891565940786,drifted
2025-01-27,hrp,IEF,0.39412731657884703,drifted
2025-01-28,hrp,SPY,0.14888365256688363,drifted
2025-01-28,hrp,QQQ,0.10864014645550901,drifted
2025-01-28,hrp,IWM,0.13137663527269292,drifted
2025-01-28,hrp,EFA,0.218018728997587,drifted
2025-01-28,hrp,IEF,0.3930808367073276,drifted
2025-01-29,hrp,SPY,0.1484633784832826,drifted
2025-01-29,hrp,QQQ,0.10861693022703564,drifted
2025-01-29,hrp,IWM,0.13129393357311595,drifted
2025-01-29,hrp,EFA,0.218354720519835,drifted
2025-01-29,hrp,IEF,0.39327103719673073,drifted
2025-01-30,hrp,SPY,0.14839332789315715,drifted
2025-01-30,hrp,QQQ,0.10844640598102263,drifted
2025-01-30,hrp,IWM,0.1318584777532571,drifted
2025-01-30,hrp,EFA,0.21947364062197428,drifted
2025-01-30,hrp,IEF,0.39182814775058894,drifted
2025-01-31,hrp,SPY,0.14831831062364825,drifted
2025-01-31,hrp,QQQ,0.10881317608671605,drifted
2025-01-31,hrp,IWM,0.13130839784019993,drifted
2025-01-31,hrp,EFA,0.21846857054420246,drifted
2025-01-31,hrp,IEF,0.39309154490523335,drifted
2025-02-03,hrp,SPY,0.14608923596677173,target
2025-02-03,hrp,QQQ,0.10867551920140955,target
2025-02-03,hrp,IWM,0.13382481338936408,target
2025-02-03,hrp,EFA,0.21141043144245467,target
2025-02-03,hrp,IEF,0.4,target
2025-02-03,hrp,SPY,0.14608923596677173,drifted
2025-02-03,hrp,QQQ,0.10867551920140955,drifted
2025-02-03,hrp,IWM,0.13382481338936408,drifted
2025-02-03,hrp,EFA,0.21141043144245467,drifted
2025-02-03,hrp,IEF,0.4,drifted
2025-02-04,hrp,SPY,0.14595766580760683,drifted
2025-02-04,hrp,QQQ,0.109178059907769,drifted
2025-02-04,hrp,IWM,0.1346527784656676,drifted
2025-02-04,hrp,EFA,0.21225069045317227,drifted
2025-02-04,hrp,IEF,0.3979608053657842,drifted
2025-02-05,hrp,SPY,0.14554143794286944,drifted
2025-02-05,hrp,QQQ,0.10891912048057768,drifted
2025-02-05,hrp,IWM,0.13518212422145578,drifted
2025-02-05,hrp,EFA,0.21283957155150854,drifted
2025-02-05,hrp,IEF,0.3975177458035885,drifted
2025-02-06,hrp,SPY,0.14587569347004703,drifted
2025-02-06,hrp,QQQ,0.10935904041655668,drifted
2025-02-06,hrp,IWM,0.1345818588209756,drifted
2025-02-06,hrp,EFA,0.2135994787451184,drifted
2025-02-06,hrp,IEF,0.3965839285473023,drifted
2025-02-07,hrp,SPY,0.14564879341822307,drifted
2025-02-07,hrp,QQQ,0.10880767728215691,drifted
2025-02-07,hrp,IWM,0.1340421179068041,drifted
2025-02-07,hrp,EFA,0.21320204095343367,drifted
2025-02-07,hrp,IEF,0.39829937043938235,drifted
2025-02-10,hrp,SPY,0.14601416896862152,drifted
2025-02-10,hrp,QQQ,0.10965636437000144,drifted
2025-02-10,hrp,IWM,0.13407435633791392,drifted
2025-02-10,hrp,EFA,0.2137351714964224,drifted
2025-02-10,hrp,IEF,0.3965199388270409,drifted
2025-02-11,hrp,SPY,0.1462624485722146,drifted
2025-02-11,hrp,QQQ,0.1094980337411096,drifted
2025-02-11,hrp,IWM,0.1334199527469467,drifted
2025-02-11,hrp,EFA,0.21495016040336343,drifted
2025-02-11,hrp,IEF,0.3958694045363657,drifted
2025-02-12,hrp,SPY,0.14631264121156862,drifted
2025-02-12,hrp,QQQ,0.10995414332262633,drifted
2025-02-12,hrp,IWM,0.1326631285133212,drifted
2025-02-12,hrp,EFA,0.21652250201133974,drifted
2025-02-12,hrp,IEF,0.3945475849411441,drifted
2025-02-13,hrp,SPY,0.14636471255005634,drifted
2025-02-13,hrp,QQQ,0.11040994996648461,drifted
2025-02-13,hrp,IWM,0.13280379476346835,drifted
2025-02-13,hrp,EFA,0.21693536595813323,drifted
2025-02-13,hrp,IEF,0.3934861767618574,drifted
2025-02-14,hrp,SPY,0.14601788981709665,drifted
2025-02-14,hrp,QQQ,0.1106162147460491,drifted
2025-02-14,hrp,IWM,0.1323959893807403,drifted
2025-02-14,hrp,EFA,0.2167493640448212,drifted
2025-02-14,hrp,IEF,0.39422054201129286,drifted
2025-02-18,hrp,SPY,0.1463215145567968,drifted
2025-02-18,hrp,QQQ,0.1107723052763071,drifted
2025-02-18,hrp,IWM,0.13300883394954532,drifted
2025-02-18,hrp,EFA,0.21812382796450286,drifted
2025-02-18,hrp,IEF,0.39177351825284784,drifted
2025-02-19,hrp,SPY,0.14691506904367035,drifted
2025-02-19,hrp,QQQ,0.1109912411325747,drifted
2025-02-19,hrp,IWM,0.1327772711701578,drifted
2025-02-19,hrp,EFA,0.21624353728181225,drifted
2025-02-19,hrp,IEF,0.39307288137178487,drifted
2025-02-20,hrp,SPY,0.14638370243764845,drifted
2025-02-20,hrp,QQQ,0.11058043398887908,drifted
2025-02-20,hrp,IWM,0.13157654790799922,drifted
2025-02-20,hrp,EFA,0.21736825798787895,drifted
2025-02-20,hrp,IEF,0.39409105767759417,drifted
2025-02-21,hrp,SPY,0.14498376163958618,drifted
2025-02-21,hrp,QQQ,0.10911610846119196,drifted
2025-02-21,hrp,IWM,0.12876671391913455,drifted
2025-02-21,hrp,EFA,0.21767438999922764,drifted
2025-02-21,hrp,IEF,0.39945902598085975,drifted
2025-02-24,hrp,SPY,0.1446359701121474,drifted
2025-02-24,hrp,QQQ,0.10806116095821783,drifted
2025-02-24,hrp,IWM,0.12811484031004206,drifted
2025-02-24,hrp,EFA,0.21801112651473087,drifted
2025-02-24,hrp,IEF,0.40117690210486184,drifted
2025-02-25,hrp,SPY,0.14354715852728833,drifted
2025-02-25,hrp,QQQ,0.10642569783105457,drifted
2025-02-25,hrp,IWM,0.12730129208501662,drifted
2025-02-25,hrp,EFA,0.2194260019243576,drifted
2025-02-25,hrp,IEF,0.40329984963228305,drifted
2025-02-26,hrp,SPY,0.14334860487398035,drifted
2025-02-26,hrp,QQQ,0.10648148753501444,drifted
2025-02-26,hrp,IWM,0.127220335072181,drifted
2025-02-26,hrp,EFA,0.219304926505182,drifted
2025-02-26,hrp,IEF,0.4036446460136422,drifted
2025-02-27,hrp,SPY,0.14250415363465943,drifted
2025-02-27,hrp,QQQ,0.10458385304834014,drifted
2025-02-27,hrp,IWM,0.1265618704472557,drifted
2025-02-27,hrp,EFA,0.21904704770807817,drifted
2025-02-27,hrp,IEF,0.40730307516166664,drifted
2025-02-28,hrp,SPY,0.14359167478583232,drifted
2025-02-28,hrp,QQQ,0.10540128165372173,drifted
2025-02-28,hrp,IWM,0.12690431385337683,drifted
2025-02-28,hrp,EFA,0.21778104587907565,drifted
2025-02-28,hrp,IEF,0.4063216838279934,drifted
2025-03-03,hrp,SPY,0.14632004701188261,target
2025-03-03,hrp,QQQ,0.1096691732976694,target
2025-03-03,hrp,IWM,0.13890625418302036,target
2025-03-03,hrp,EFA,0.20510452550742758,target
2025-03-03,hrp,IEF,0.4,target
2025-03-03,hrp,SPY,0.14632004701188261,drifted
2025-03-03,hrp,QQQ,0.1096691732976694,drifted
2025-03-03,hrp,IWM,0.13890625418302036,drifted
2025-03-03,hrp,EFA,0.20510452550742758,drifted
2025-03-03,hrp,IEF,0.4,drifted
2025-03-04,hrp,SPY,0.14530600518530426,drifted
2025-03-04,hrp,QQQ,0.10988111812626802,drifted
2025-03-04,hrp,IWM,0.13801803196415555,drifted
2025-03-04,hrp,EFA,0.20607294248057367,drifted
2025-03-04,hrp,IEF,0.4007219022436985,drifted
2025-03-05,hrp,SPY,0.1458389149955679,drifted
2025-03-05,hrp,QQQ,0.11053376731538722,drifted
2025-03-05,hrp,IWM,0.1384122812876076,drifted
2025-03-05,hrp,EFA,0.20951807065822703,drifted
2025-03-05,hrp,IEF,0.39569696574321017,drifted
2025-03-06,hrp,SPY,0.14471399560243436,drifted
2025-03-06,hrp,QQQ,0.1085915284573298,drifted
2025-03-06,hrp,IWM,0.13768709822731368,drifted
2025-03-06,hrp,EFA,0.2094781274426794,drifted
2025-03-06,hrp,IEF,0.3995292502702427,drifted
2025-03-07,hrp,SPY,0.1449838792865692,drifted
2025-03-07,hrp,QQQ,0.10898325664630323,drifted
2025-03-07,hrp,IWM,0.137622779829779,drifted
2025-03-07,hrp,EFA,0.21087202334070676,drifted
2025-03-07,hrp,IEF,0.39753806089664195,drifted
2025-03-10,hrp,SPY,0.1430878464782765,drifted
2025-03-10,hrp,QQQ,0.10621864443223969,drifted
2025-03-10,hrp,IWM,0.13603005780409647,drifted
2025-03-10,hrp,EFA,0.2087697826979329,drifted
2025-03-10,hrp,IEF,0.4058936685874545,drifted
2025-03-11,hrp,SPY,0.14241363053815576,drifted
2025-03-11,hrp,QQQ,0.10634950595739669,drifted
2025-03-11,hrp,IWM,0.13651036300469263,drifted
2025-03-11,hrp,EFA,0.20881620201867335,drifted
2025-03-11,hrp,IEF,0.40591029848108157,drifted
2025-03-12,hrp,SPY,0.1428133010816333,drifted
2025-03-12,hrp,QQQ,0.1072817648148933,drifted
2025-03-12,hrp,IWM,0.13640830929531644,drifted
2025-03-12,hrp,EFA,0.20979273364597517,drifted
2025-03-12,hrp,IEF,0.40370389116218197,drifted
2025-03-13,hrp,SPY,0.14170858431627753,drifted
2025-03-13,hrp,QQQ,0.10594910980482158,drifted
2025-03-13,hrp,IWM,0.13513535397416004,drifted
2025-03-13,hrp,EFA,0.2095800532186742,drifted
2025-03-13,hrp,IEF,0.40762689868606666,drifted
2025-03-14,hrp,SPY,0.14303558484095918,drifted
2025-03-14,hrp,QQQ,0.10730952181499774,drifted
2025-03-14,hrp,IWM,0.1368717638561813,drifted
2025-03-14,hrp,EFA,0.2110688634585799,drifted
2025-03-14,hrp,IEF,0.40171426602928195,drifted
2025-03-17,hrp,SPY,0.14324528274428988,drifted
2025-03-17,hrp,QQQ,0.10733593308008145,drifted
2025-03-17,hrp,IWM,0.1377398047662364,drifted
2025-03-17,hrp,EFA,0.21211624333515572,drifted
2025-03-17,hrp,IEF,0.3995627360742365,drifted
2025-03-18,hrp,SPY,0.14228531303865952,drifted
2025-03-18,hrp,QQQ,0.10594415832168579,drifted
2025-03-18,hrp,IWM,0.1371106263706309,drifted
2025-03-18,hrp,EFA,0.21297170406680271,drifted
2025-03-18,hrp,IEF,0.4016881982022212,drifted
2025-03-19,hrp,SPY,0.14284089355089713,drifted
2025-03-19,hrp,QQQ,0.10661986619792524,drifted
2025-03-19,hrp,IWM,0.13828046297713154,drifted
2025-03-19,hrp,EFA,0.21212458849505614,drifted
2025-03-19,hrp,IEF,0.40013418877899,drifted
2025-03-20,hrp,SPY,0.14283297549540866,drifted
2025-03-20,hrp,QQQ,0.10656071053093556,drifted
2025-03-20,hrp,IWM,0.1377935320876675,drifted
2025-03-20,hrp,EFA,0.210948737938027,drifted
2025-03-20,hrp,IEF,0.40186404394796127,drifted
2025-03-21,hrp,SPY,0.14318022151852772,drifted
2025-03-21,hrp,QQQ,0.1071365993768459,drifted
2025-03-21,hrp,IWM,0.13722778156722384,drifted
2025-03-21,hrp,EFA,0.21008605386987633,drifted
2025-03-21,hrp,IEF,0.4023693436675262,drifted
2025-03-24,hrp,SPY,0.14487870604720735,drifted
2025-03-24,hrp,QQQ,0.10883732889423656,drifted
2025-03-24,hrp,IWM,0.13980645846833867,drifted
2025-03-24,hrp,EFA,0.20881326382830645,drifted
2025-03-24,hrp,IEF,0.3976642427619109,drifted
2025-03-25,hrp,SPY,0.14493496356221178,drifted
2025-03-25,hrp,QQQ,0.10923834137547515,drifted
2025-03-25,hrp,IWM,0.1387504597702583,drifted
2025-03-25,hrp,EFA,0.20953939993995394,drifted
2025-03-25,hrp,IEF,0.39753683535210094,drifted
2025-03-26,hrp,SPY,0.1444745515290294,drifted
2025-03-26,hrp,QQQ,0.10817913155246736,drifted
2025-03-26,hrp,IWM,0.13855876769833197,drifted
2025-03-26,hrp,EFA,0.20865794897837367,drifted
2025-03-26,hrp,IEF,0.40012960024179756,drifted
2025-03-27,hrp,SPY,0.14431413156834755,drifted
2025-03-27,hrp,QQQ,0.10772938367013772,drifted
2025-03-27,hrp,IWM,0.13811195950625055,drifted
2025-03-27,hrp,EFA,0.20943435669058386,drifted
2025-03-27,hrp,IEF,0.40041016856468037,drifted
2025-03-28,hrp,SPY,0.14243159369471498,drifted
2025-03-28,hrp,QQQ,0.10565246650433427,drifted
2025-03-28,hrp,IWM,0.13628346606865394,drifted
2025-03-28,hrp,EFA,0.2090742801321202,drifted
2025-03-28,hrp,IEF,0.40655819360017664,drifted
2025-03-31,hrp,SPY,0.14343861869004035,drifted
2025-03-31,hrp,QQQ,0.10568546154807112,drifted
2025-03-31,hrp,IWM,0.13567891444938285,drifted
2025-03-31,hrp,EFA,0.20729695104416798,drifted
2025-03-31,hrp,IEF,0.4079000542683376,drifted
2025-04-01,hrp,SPY,0.14297759901479157,target
2025-04-01,hrp,QQQ,0.112513217462652,target
2025-04-01,hrp,IWM,0.1419750676516323,target
2025-04-01,hrp,EFA,0.20253411587092413,target
2025-04-01,hrp,IEF,0.4,target
2025-04-01,hrp,SPY,0.14297759901479157,drifted
2025-04-01,hrp,QQQ,0.112513217462652,drifted
2025-04-01,hrp,IWM,0.1419750676516323,drifted
2025-04-01,hrp,EFA,0.20253411587092413,drifted
2025-04-01,hrp,IEF,0.4,drifted
2025-04-02,hrp,SPY,0.14330058469000273,drifted
2025-04-02,hrp,QQQ,0.112876080586195,drifted
2025-04-02,hrp,IWM,0.14363346169777724,drifted
2025-04-02,hrp,EFA,0.20218331525356883,drifted
2025-04-02,hrp,IEF,0.3980065577724563,drifted
2025-04-03,hrp,SPY,0.13937052587186044,drifted
2025-04-03,hrp,QQQ,0.10928933141494675,drifted
2025-04-03,hrp,IWM,0.13750268434806812,drifted
2025-04-03,hrp,EFA,0.2024948813850835,drifted
2025-04-03,hrp,IEF,0.41134257698004123,drifted
2025-04-04,hrp,SPY,0.13572968810913305,drifted
2025-04-04,hrp,QQQ,0.10603119544768186,drifted
2025-04-04,hrp,IWM,0.13589264381049773,drifted
2025-04-04,hrp,EFA,0.19564594818278974,drifted
2025-04-04,hrp,IEF,0.4267005244498976,drifted
2025-04-07,hrp,SPY,0.13699737330412426,drifted
2025-04-07,hrp,QQQ,0.1074711967210411,drifted
2025-04-07,hrp,IWM,0.13616289177835747,drifted
2025-04-07,hrp,EFA,0.1930526729154966,drifted
2025-04-07,hrp,IEF,0.4263158652809806,drifted
2025-04-08,hrp,SPY,0.13627874900082027,drifted
2025-04-08,hrp,QQQ,0.10665269625527353,drifted
2025-04-08,hrp,IWM,0.1339789221818358,drifted
2025-04-08,hrp,EFA,0.194429543167345,drifted
2025-04-08,hrp,IEF,0.42866008939472544,drifted
2025-04-09,hrp,SPY,0.14312655360460386,drifted
2025-04-09,hrp,QQQ,0.11353346906159903,drifted
2025-04-09,hrp,IWM,0.1381621242407074,drifted
2025-04-09,hrp,EFA,0.1990521204222261,drifted
2025-04-09,hrp,IEF,0.4061257326708636,drifted
2025-04-10,hrp,SPY,0.14012879989164467,drifted
2025-04-10,hrp,QQQ,0.11130514045909468,drifted
2025-04-10,hrp,IWM,0.13552314862572423,drifted
2025-04-10,hrp,EFA,0.1997942583674422,drifted
2025-04-10,hrp,IEF,0.4132486526560943,drifted
2025-04-11,hrp,SPY,0.14132838257979247,drifted
2025-04-11,hrp,QQQ,0.11232196414056651,drifted
2025-04-11,hrp,IWM,0.13624563193257827,drifted
2025-04-11,hrp,EFA,0.20293180448075077,drifted
2025-04-11,hrp,IEF,0.40717221686631205,drifted
2025-04-14,hrp,SPY,0.14140054855206613,drifted
2025-04-14,hrp,QQQ,0.11205397758149899,drifted
2025-04-14,hrp,IWM,0.13659454228487006,drifted
2025-04-14,hrp,EFA,0.20324903696508417,drifted
2025-04-14,hrp,IEF,0.4067018946164807,drifted
2025-04-15,hrp,SPY,0.1405913403326839,drifted
2025-04-15,hrp,QQQ,0.11185017444960282,drifted
2025-04-15,hrp,IWM,0.13636220965874057,drifted
2025-04-15,hrp,EFA,0.20448143432508548,drifted
2025-04-15,hrp,IEF,0.4067148412338872,drifted
2025-04-16,hrp,SPY,0.13841133853227783,drifted
2025-04-16,hrp,QQQ,0.10922327759204938,drifted
2025-04-16,hrp,IWM,0.13598376893805394,drifted
2025-04-16,hrp,EFA,0.20509476810517324,drifted
2025-04-16,hrp,IEF,0.4112868468324457,drifted
2025-04-17,hrp,SPY,0.13828490042755878,drifted
2025-04-17,hrp,QQQ,0.10894841927694167,drifted
2025-04-17,hrp,IWM,0.13677346897477652,drifted
2025-04-17,hrp,EFA,0.20683429374908077,drifted
2025-04-17,hrp,IEF,0.40915891757164236,drifted
2025-04-21,hrp,SPY,0.13664079691052178,drifted
2025-04-21,hrp,QQQ,0.10754899471509813,drifted
2025-04-21,hrp,IWM,0.1356660617852945,drifted
2025-04-21,hrp,EFA,0.2082226741116173,drifted
2025-04-21,hrp,IEF,0.4119214724774683,drifted
2025-04-22,hrp,SPY,0.13819112557820024,drifted
2025-04-22,hrp,QQQ,0.10879406552247975,drifted
2025-04-22,hrp,IWM,0.1371874099069413,drifted
2025-04-22,hrp,EFA,0.20949453287285633,drifted
2025-04-22,hrp,IEF,0.4063328661195224,drifted
2025-04-23,hrp,SPY,0.13923062047988136,drifted
2025-04-23,hrp,QQQ,0.11038773413048084,drifted
2025-04-23,hrp,IWM,0.13812863927222738,drifted
2025-04-23,hrp,EFA,0.2086827861452086,drifted
2025-04-23,hrp,IEF,0.40357021997220177,drifted
2025-04-24,hrp,SPY,0.140231443021121,drifted
2025-04-24,hrp,QQQ,0.11195307182691526,drifted
2025-04-24,hrp,IWM,0.13898223000146745,drifted
2025-04-24,hrp,EFA,0.208589268550161,drifted
2025-04-24,hrp,IEF,0.40024398660033533,drifted
2025-04-25,hrp,SPY,0.1405811618334624,drifted
2025-04-25,hrp,QQQ,0.11266933145562505,drifted
2025-04-25,hrp,IWM,0.1383721140431394,drifted
2025-04-25,hrp,EFA,0.20850172967759517,drifted
2025-04-25,hrp,IEF,0.399875662990178,drifted
2025-04-28,hrp,SPY,0.14013218207570718,drifted
2025-04-28,hrp,QQQ,0.11223107756991593,drifted
2025-04-28,hrp,IWM,0.13846005921704244,drifted
2025-04-28,hrp,EFA,0.20913968571568825,drifted
2025-04-28,hrp,IEF,0.4000369954216461,drifted
2025-04-29,hrp,SPY,0.14041930257512444,drifted
2025-04-29,hrp,QQQ,0.11249513421474387,drifted
2025-04-29,hrp,IWM,0.1386885996711332,drifted
2025-04-29,hrp,EFA,0.20867440385536884,drifted
2025-04-29,hrp,IEF,0.39972255968362963,drifted
2025-04-30,hrp,SPY,0.1405381928901695,drifted
2025-04-30,hrp,QQQ,0.11253150008473391,drifted
2025-04-30,hrp,IWM,0.1378805963320511,drifted
2025-04-30,hrp,EFA,0.20852216528293294,drifted
2025-04-30,hrp,IEF,0.4005275454101125,drifted
2025-05-01,hrp,SPY,0.14020752929515162,target
2025-05-01,hrp,QQQ,0.12539762583398273,target
2025-05-01,hrp,IWM,0.15722034353467335,target
2025-05-01,hrp,EFA,0.17717450133619222,target
2025-05-01,hrp,IEF,0.4,target
2025-05-01,hrp,SPY,0.14020752929515162,drifted
2025-05-01,hrp,QQQ,0.12539762583398273,drifted
2025-05-01,hrp,IWM,0.15722034353467335,drifted
2025-05-01,hrp,EFA,0.17717450133619222,drifted
2025-05-01,hrp,IEF,0.4,drifted
2025-05-02,hrp,SPY,0.14113274858759106,drifted
2025-05-02,hrp,QQQ,0.12622505543451526,drifted
2025-05-02,hrp,IWM,0.15945042859166414,drifted
2025-05-02,hrp,EFA,0.179104922891698,drifted
2025-05-02,hrp,IEF,0.3940868444945315,drifted
2025-05-05,hrp,SPY,0.1407708498440031,drifted
2025-05-05,hrp,QQQ,0.12587631007731567,drifted
2025-05-05,hrp,IWM,0.15873012465863445,drifted
2025-05-05,hrp,EFA,0.1799890127875804,drifted
2025-05-05,hrp,IEF,0.39463370263246644,drifted
2025-05-06,hrp,SPY,0.14005737295112783,drifted
2025-05-06,hrp,QQQ,0.125119160972235,drifted
2025-05-06,hrp,IWM,0.15751955628038464,drifted
2025-05-06,hrp,EFA,0.180355826157329,drifted
2025-05-06,hrp,IEF,0.3969480836389235,drifted
2025-05-07,hrp,SPY,0.14035995443536176,drifted
2025-05-07,hrp,QQQ,0.1253545723245717,drifted
2025-05-07,hrp,IWM,0.15771806188201848,drifted
2025-05-07,hrp,EFA,0.1793825745465426,drifted
2025-05-07,hrp,IEF,0.3971848368115053,drifted
2025-05-08,hrp,SPY,0.14111835826912558,drifted
2025-05-08,hrp,QQQ,0.12645207296344432,drifted
2025-05-08,hrp,IWM,0.16047216734329436,drifted
2025-05-08,hrp,EFA,0.17847802445486594,drifted
2025-05-08,hrp,IEF,0.3934793769692698,drifted
2025-05-09,hrp,SPY,0.14085257388641173,drifted
2025-05-09,hrp,QQQ,0.1262921044300216,drifted
2025-05-09,hrp,IWM,0.16007932994506135,drifted
2025-05-09,hrp,EFA,0.1792448048244741,drifted
2025-05-09,hrp,IEF,0.39353118691403133,drifted
2025-05-12,hrp,SPY,0.1435206485469527,drifted
2025-05-12,hrp,QQQ,0.12964266350898287,drifted
2025-05-12,hrp,IWM,0.16344479647088994,drifted
2025-05-12,hrp,EFA,0.1777023160090717,drifted
2025-05-12,hrp,IEF,0.3856895754641028,drifted
2025-05-13,hrp,SPY,0.14397037984657918,drifted
2025-05-13,hrp,QQQ,0.1311647525020672,drifted
2025-05-13,hrp,IWM,0.16347683234311258,drifted
2025-05-13,hrp,EFA,0.1773150742584793,drifted
2025-05-13,hrp,IEF,0.38407296104976174,drifted
2025-05-14,hrp,SPY,0.1445555444952433,drifted
2025-05-14,hrp,QQQ,0.13231803660397187,drifted
2025-05-14,hrp,IWM,0.16247813118253437,drifted
2025-05-14,hrp,EFA,0.176945400815014,drifted
2025-05-14,hrp,IEF,0.38370288690323656,drifted
2025-05-15,hrp,SPY,0.14434472821197533,drifted
2025-05-15,hrp,QQQ,0.131627345497669,drifted
2025-05-15,hrp,IWM,0.16250666841442277,drifted
2025-05-15,hrp,EFA,0.17774817391555012,drifted
2025-05-15,hrp,IEF,0.3837730839603828,drifted
2025-05-16,hrp,SPY,0.14477243081804317,drifted
2025-05-16,hrp,QQQ,0.13175740020189028,drifted
2025-05-16,hrp,IWM,0.16330076829694018,drifted
2025-05-16,hrp,EFA,0.17755980344827083,drifted
2025-05-16,hrp,IEF,0.3826095972348555,drifted
2025-05-19,hrp,SPY,0.14477364510508683,drifted
2025-05-19,hrp,QQQ,0.1317407131348438,drifted
2025-05-19,hrp,IWM,0.16243962825964894,drifted
2025-05-19,hrp,EFA,0.17905474723727668,drifted
2025-05-19,hrp,IEF,0.38199126626314356,drifted
2025-05-20,hrp,SPY,0.1443553722365704,drifted
2025-05-20,hrp,QQQ,0.13136393412236547,drifted
2025-05-20,hrp,IWM,0.16260231536657646,drifted
2025-05-20,hrp,EFA,0.17999403468035005,drifted
2025-05-20,hrp,IEF,0.3816843435941376,drifted
2025-05-21,hrp,SPY,0.14372313166873726,drifted
2025-05-21,hrp,QQQ,0.13118156876859555,drifted
2025-05-21,hrp,IWM,0.1600418307869842,drifted
2025-05-21,hrp,EFA,0.18120609689627704,drifted
2025-05-21,hrp,IEF,0.383847371879406,drifted
2025-05-22,hrp,SPY,0.1435453455818959,drifted
2025-05-22,hrp,QQQ,0.131212697233616,drifted
2025-05-22,hrp,IWM,0.159772944092253,drifted
2025-05-22,hrp,EFA,0.18080772440578557,drifted
2025-05-22,hrp,IEF,0.38466128868644944,drifted
2025-05-23,hrp,SPY,0.14275692439836288,drifted
2025-05-23,hrp,QQQ,0.13017206576127557,drifted
2025-05-23,hrp,IWM,0.15948351171510164,drifted
2025-05-23,hrp,EFA,0.1812975561329698,drifted
2025-05-23,hrp,IEF,0.3862899419922901,drifted
2025-05-27,hrp,SPY,0.14366763157415402,drifted
2025-05-27,hrp,QQQ,0.13135343928359955,drifted
2025-05-27,hrp,IWM,0.161221801828439,drifted
2025-05-27,hrp,EFA,0.18133668465764236,drifted
2025-05-27,hrp,IEF,0.3824204426561652,drifted
2025-05-28,hrp,SPY,0.14373628786521042,drifted
2025-05-28,hrp,QQQ,0.1315951232725664,drifted
2025-05-28,hrp,IWM,0.16052682353158637,drifted
2025-05-28,hrp,EFA,0.18037480471676046,drifted
2025-05-28,hrp,IEF,0.38376696061387644,drifted
2025-05-29,hrp,SPY,0.14377269808579432,drifted
2025-05-29,hrp,QQQ,0.13136861853226436,drifted
2025-05-29,hrp,IWM,0.16041085886078224,drifted
2025-05-29,hrp,EFA,0.18050493209532764,drifted
2025-05-29,hrp,IEF,0.3839428924258315,drifted
2025-05-30,hrp,SPY,0.14358034824351565,drifted
2025-05-30,hrp,QQQ,0.13113264226373936,drifted
2025-05-30,hrp,IWM,0.15955867315622574,drifted
2025-05-30,hrp,EFA,0.1807298357704057,drifted
2025-05-30,hrp,IEF,0.38499850056611373,drifted
2025-06-02,hrp,SPY,0.13937952927975528,target
2025-06-02,hrp,QQQ,0.12535332276811811,target
2025-06-02,hrp,IWM,0.15573924527144145,target
2025-06-02,hrp,EFA,0.17952790268068514,target
2025-06-02,hrp,IEF,0.4,target
2025-06-02,hrp,SPY,0.13937952927975528,drifted
2025-06-02,hrp,QQQ,0.12535332276811811,drifted
2025-06-02,hrp,IWM,0.15573924527144145,drifted
2025-06-02,hrp,EFA,0.17952790268068514,drifted
2025-06-02,hrp,IEF,0.4,drifted
2025-06-03,hrp,SPY,0.1398185219212466,drifted
2025-06-03,hrp,QQQ,0.1260125402751906,drifted
2025-06-03,hrp,IWM,0.1578510414560863,drifted
2025-06-03,hrp,EFA,0.1777155658842691,drifted
2025-06-03,hrp,IEF,0.39860233046320737,drifted
2025-06-04,hrp,SPY,0.13928004450013518,drifted
2025-06-04,hrp,QQQ,0.12591096238323976,drifted
2025-06-04,hrp,IWM,0.15684138061446293,drifted
2025-06-04,hrp,EFA,0.17787380537736538,drifted
2025-06-04,hrp,IEF,0.40009380712479664,drifted
2025-06-05,hrp,SPY,0.13900410359365348,drifted
2025-06-05,hrp,QQQ,0.12532133586390948,drifted
2025-06-05,hrp,IWM,0.15735871981719002,drifted
2025-06-05,hrp,EFA,0.17826387639825203,drifted
2025-06-05,hrp,IEF,0.40005196432699497,drifted
2025-06-06,hrp,SPY,0.14006032342499228,drifted
2025-06-06,hrp,QQQ,0.12621185291971557,drifted
2025-06-06,hrp,IWM,0.1594790631503826,drifted
2025-06-06,hrp,EFA,0.17842891651582354,drifted
2025-06-06,hrp,IEF,0.39581984398908604,drifted
2025-06-09,hrp,SPY,0.13989129538020248,drifted
2025-06-09,hrp,QQQ,0.1261314222699709,drifted
2025-06-09,hrp,IWM,0.16023969882925548,drifted
2025-06-09,hrp,EFA,0.17803329610690385,drifted
2025-06-09,hrp,IEF,0.3957042874136673,drifted
2025-06-10,hrp,SPY,0.14020706637383748,drifted
2025-06-10,hrp,QQQ,0.12653483098707574,drifted
2025-06-10,hrp,IWM,0.1605566638204761,drifted
2025-06-10,hrp,EFA,0.17766641789492735,drifted
2025-06-10,hrp,IEF,0.3950350209236834,drifted
2025-06-11,hrp,SPY,0.13982671099101704,drifted
2025-06-11,hrp,QQQ,0.1261260626885116,drifted
2025-06-11,hrp,IWM,0.1599203713906942,drifted
2025-06-11,hrp,EFA,0.17739457549026996,drifted
2025-06-11,hrp,IEF,0.39673227943950723,drifted
2025-06-12,hrp,SPY,0.13991981141080984,drifted
2025-06-12,hrp,QQQ,0.1260055855345993,drifted
2025-06-12,hrp,IWM,0.15875916746136062,drifted
2025-06-12,hrp,EFA,0.17817010348012413,drifted
2025-06-12,hrp,IEF,0.39714533211310615,drifted
2025-06-13,hrp,SPY,0.13972534638509418,drifted
2025-06-13,hrp,QQQ,0.12565552669852487,drifted
2025-06-13,hrp,IWM,0.15739990711074545,drifted
2025-06-13,hrp,EFA,0.17762501635244501,drifted
2025-06-13,hrp,IEF,0.39959420345319047,drifted
2025-06-16,hrp,SPY,0.14042912307089472,drifted
2025-06-16,hrp,QQQ,0.1268383192487058,drifted
2025-06-16,hrp,IWM,0.1585492683517776,drifted
2025-06-16,hrp,EFA,0.1775005288688601,drifted
2025-06-16,hrp,IEF,0.3966827604597619,drifted
2025-06-17,hrp,SPY,0.13983649914618665,drifted
2025-06-17,hrp,QQQ,0.12614941834894847,drifted
2025-06-17,hrp,IWM,0.157563690362354,drifted
2025-06-17,hrp,EFA,0.1760879171303808,drifted
2025-06-17,hrp,IEF,0.40036247501213,drifted
2025-06-18,hrp,SPY,0.13962742413274826,drifted
2025-06-18,hrp,QQQ,0.12595834910655596,drifted
2025-06-18,hrp,IWM,0.15818176565498143,drifted
2025-06-18,hrp,EFA,0.17615446726128045,drifted
2025-06-18,hrp,IEF,0.400077993844434,drifted
2025-06-20,hrp,SPY,0.1396482959226613,drifted
2025-06-20,hrp,QQQ,0.12575814728347212,drifted
2025-06-20,hrp,IWM,0.15824501731042526,drifted
2025-06-20,hrp,EFA,0.17501426554475283,drifted
2025-06-20,hrp,IEF,0.4013342739386886,drifted
2025-06-23,hrp,SPY,0.14000191963510944,drifted
2025-06-23,hrp,QQQ,0.12612713813671578,drifted
2025-06-23,hrp,IWM,0.15901633905358775,drifted
2025-06-23,hrp,EFA,0.1750494671311465,drifted
2025-06-23,hrp,IEF,0.3998051360434405,drifted
2025-06-24,hrp,SPY,0.14028238425381456,drifted
2025-06-24,hrp,QQQ,0.12691041257336166,drifted
2025-06-24,hrp,IWM,0.15960318372800902,drifted
2025-06-24,hrp,EFA,0.1755978330333405,drifted
2025-06-24,hrp,IEF,0.3976061864114742,drifted
2025-06-25,hrp,SPY,0.14067720969892888,drifted
2025-06-25,hrp,QQQ,0.12752150320418293,drifted
2025-06-25,hrp,IWM,0.15809811245931582,drifted
2025-06-25,hrp,EFA,0.17503387742462342,drifted
2025-06-25,hrp,IEF,0.398669297212949,drifted
2025-06-26,hrp,SPY,0.14061913963620074,drifted
2025-06-26,hrp,QQQ,0.12766191127018162,drifted
2025-06-26,hrp,IWM,0.15935078983207357,drifted
2025-06-26,hrp,EFA,0.1755463990360109,drifted
2025-06-26,hrp,IEF,0.3968217602255332,drifted
2025-06-27,hrp,SPY,0.14107284679217394,drifted
2025-06-27,hrp,QQQ,0.12787694965301377,drifted
2025-06-27,hrp,IWM,0.15912626464953966,drifted
2025-06-27,hrp,EFA,0.17682551833638543,drifted
2025-06-27,hrp,IEF,0.39509842056888717,drifted
2025-06-30,hrp,SPY,0.14126638070822203,drifted
2025-06-30,hrp,QQQ,0.12826850357503983,drifted
2025-06-30,hrp,IWM,0.1588145092479223,drifted
2025-06-30,hrp,EFA,0.17632416564272743,drifted
2025-06-30,hrp,IEF,0.3953264408260884,drifted
2025-07-01,hrp,SPY,0.13943620631409537,target
2025-07-01,hrp,QQQ,0.12615571416465776,target
2025-07-01,hrp,IWM,0.15543479632446056,target
2025-07-01,hrp,EFA,0.1789732831967863,target
2025-07-01,hrp,IEF,0.4,target
2025-07-01,hrp,SPY,0.13943620631409537,drifted
2025-07-01,hrp,QQQ,0.12615571416465776,drifted
2025-07-01,hrp,IWM,0.15543479632446056,drifted
2025-07-01,hrp,EFA,0.1789732831967863,drifted
2025-07-01,hrp,IEF,0.4,drifted
2025-07-02,hrp,SPY,0.1396012235133231,drifted
2025-07-02,hrp,QQQ,0.12661081069630195,drifted
2025-07-02,hrp,IWM,0.15706244554552726,drifted
2025-07-02,hrp,EFA,0.1788961582561534,drifted
2025-07-02,hrp,IEF,0.39782936198869423,drifted
2025-07-03,hrp,SPY,0.14035586892038907,drifted
2025-07-03,hrp,QQQ,0.12754266189492938,drifted
2025-07-03,hrp,IWM,0.15812980649442634,drifted
2025-07-03,hrp,EFA,0.17849661296248023,drifted
2025-07-03,hrp,IEF,0.3954750497277749,drifted
2025-07-07,hrp,SPY,0.14037222948064734,drifted
2025-07-07,hrp,QQQ,0.12754710192574778,drifted
2025-07-07,hrp,IWM,0.15694283728692926,drifted
2025-07-07,hrp,EFA,0.1779088317485632,drifted
2025-07-07,hrp,IEF,0.39722899955811247,drifted
2025-07-08,hrp,SPY,0.1400435851821625,drifted
2025-07-08,hrp,QQQ,0.1273897344467529,drifted
2025-07-08,hrp,IWM,0.15774493404678672,drifted
2025-07-08,hrp,EFA,0.17889318443585958,drifted
2025-07-08,hrp,IEF,0.3959285618884382,drifted
2025-07-09,hrp,SPY,0.13992444589222547,drifted
2025-07-09,hrp,QQQ,0.12741827933503988,drifted
2025-07-09,hrp,IWM,0.15837071129513158,drifted
2025-07-09,hrp,EFA,0.17901009505689383,drifted
2025-07-09,hrp,IEF,0.3952764684207092,drifted
2025-07-10,hrp,SPY,0.14022121510773336,drifted
2025-07-10,hrp,QQQ,0.12714629820840598,drifted
2025-07-10,hrp,IWM,0.15907404990207652,drifted
2025-07-10,hrp,EFA,0.17876583662875684,drifted
2025-07-10,hrp,IEF,0.39479260015302725,drifted
2025-07-11,hrp,SPY,0.1406449604076525,drifted
2025-07-11,hrp,QQQ,0.12769243687165463,drifted
2025-07-11,hrp,IWM,0.15790960609042848,drifted
2025-07-11,hrp,EFA,0.17821557466093949,drifted
2025-07-11,hrp,IEF,0.3955374219693249,drifted
2025-07-14,hrp,SPY,0.14068471902913113,drifted
2025-07-14,hrp,QQQ,0.1279476431719855,drifted
2025-07-14,hrp,IWM,0.15871298329269606,drifted
2025-07-14,hrp,EFA,0.1779264417651637,drifted
2025-07-14,hrp,IEF,0.39472821274102354,drifted
2025-07-15,hrp,SPY,0.14107115906751358,drifted
2025-07-15,hrp,QQQ,0.12896783078858834,drifted
2025-07-15,hrp,IWM,0.15670246029205379,drifted
2025-07-15,hrp,EFA,0.17730745607148213,drifted
2025-07-15,hrp,IEF,0.39595109378036214,drifted
2025-07-16,hrp,SPY,0.14097878718037288,drifted
2025-07-16,hrp,QQQ,0.12858545848941527,drifted
2025-07-16,hrp,IWM,0.15764726920098765,drifted
2025-07-16,hrp,EFA,0.17732325054500128,drifted
2025-07-16,hrp,IEF,0.3954652345842228,drifted
2025-07-17,hrp,SPY,0.14123318898173745,drifted
2025-07-17,hrp,QQQ,0.1290701276447479,drifted
2025-07-17,hrp,IWM,0.15903074613776835,drifted
2025-07-17,hrp,EFA,0.17702222212149968,drifted
2025-07-17,hrp,IEF,0.39364371511424656,drifted
2025-07-18,hrp,SPY,0.14123837499608097,drifted
2025-07-18,hrp,QQQ,0.12904529388582553,drifted
2025-07-18,hrp,IWM,0.15802304420477156,drifted
2025-07-18,hrp,EFA,0.17665863414222702,drifted
2025-07-18,hrp,IEF,0.39503465277109484,drifted
2025-07-21,hrp,SPY,0.1411367231915295,drifted
2025-07-21,hrp,QQQ,0.12937567339681239,drifted
2025-07-21,hrp,IWM,0.1569724245974883,drifted
2025-07-21,hrp,EFA,0.17713460362701242,drifted
2025-07-21,hrp,IEF,0.39538057518715747,drifted
2025-07-22,hrp,SPY,0.1407685301247714,drifted
2025-07-22,hrp,QQQ,0.1283519513867215,drifted
2025-07-22,hrp,IWM,0.15784132080655652,drifted
2025-07-22,hrp,EFA,0.1776216348293683,drifted
2025-07-22,hrp,IEF,0.39541656285258225,drifted
2025-07-23,hrp,SPY,0.14095221530193688,drifted
2025-07-23,hrp,QQQ,0.12801654249090982,drifted
2025-07-23,hrp,IWM,0.15910754100857757,drifted
2025-07-23,hrp,EFA,0.18073623901637115,drifted
2025-07-23,hrp,IEF,0.3911874621822047,drifted
2025-07-24,hrp,SPY,0.1415365732437669,drifted
2025-07-24,hrp,QQQ,0.1287782313428705,drifted
2025-07-24,hrp,IWM,0.1575089448749349,drifted
2025-07-24,hrp,EFA,0.18007777312336842,drifted
2025-07-24,hrp,IEF,0.3920984774150592,drifted
2025-07-25,hrp,SPY,0.14182425027636936,drifted
2025-07-25,hrp,QQQ,0.12880647152742383,drifted
2025-07-25,hrp,IWM,0.1577487093378089,drifted
2025-07-25,hrp,EFA,0.17946720582387654,drifted
2025-07-25,hrp,IEF,0.3921533630345215,drifted
2025-07-28,hrp,SPY,0.14229699010592947,drifted
2025-07-28,hrp,QQQ,0.12967225723475279,drifted
2025-07-28,hrp,IWM,0.1581308143600617,drifted
2025-07-28,hrp,EFA,0.17721298544107258,drifted
2025-07-28,hrp,IEF,0.3926869528581835,drifted
2025-07-29,hrp,SPY,0.14183186678323417,drifted
2025-07-29,hrp,QQQ,0.1293894823675833,drifted
2025-07-29,hrp,IWM,0.15702245766987746,drifted
2025-07-29,hrp,EFA,0.1767438381735704,drifted
2025-07-29,hrp,IEF,0.3950123550057348,drifted
2025-07-30,hrp,SPY,0.14214242876123487,drifted
2025-07-30,hrp,QQQ,0.13001024819567172,drifted
2025-07-30,hrp,IWM,0.15676516122769502,drifted
2025-07-30,hrp,EFA,0.17608041146596473,drifted
2025-07-30,hrp,IEF,0.39500175034943374,drifted
2025-07-31,hrp,SPY,0.14222292069128734,drifted
2025-07-31,hrp,QQQ,0.12988176108916372,drifted
2025-07-31,hrp,IWM,0.15590249615917082,drifted
2025-07-31,hrp,EFA,0.17494453615989058,drifted
2025-07-31,hrp,IEF,0.3970482859004876,drifted
2025-08-01,hrp,SPY,0.13974870862464614,target
2025-08-01,hrp,QQQ,0.12695662041499667,target
2025-08-01,hrp,IWM,0.1568028458701533,target
2025-08-01,hrp,EFA,0.17649182509020378,target
2025-08-01,hrp,IEF,0.4,target
2025-08-01,hrp,SPY,0.13974870862464614,drifted
2025-08-01,hrp,QQQ,0.12695662041499667,drifted
2025-08-01,hrp,IWM,0.1568028458701533,drifted
2025-08-01,hrp,EFA,0.17649182509020378,drifted
2025-08-01,hrp,IEF,0.4,drifted
2025-08-04,hrp,SPY,0.14034798790895714,drifted
2025-08-04,hrp,QQQ,0.12790947160222846,drifted
2025-08-04,hrp,IWM,0.1585891138450842,drifted
2025-08-04,hrp,EFA,0.17691507595606218,drifted
2025-08-04,hrp,IEF,0.396238350687668,drifted
2025-08-05,hrp,SPY,0.13978756449604776,drifted
2025-08-05,hrp,QQQ,0.12717851109591988,drifted
2025-08-05,hrp,IWM,0.15956997200617604,drifted
2025-08-05,hrp,EFA,0.17708652603779748,drifted
2025-08-05,hrp,IEF,0.39637742636405904,drifted
2025-08-06,hrp,SPY,0.14039036341422428,drifted
2025-08-06,hrp,QQQ,0.12835102782999103,drifted
2025-08-06,hrp,IWM,0.15883106031259325,drifted
2025-08-06,hrp,EFA,0.17765573741526527,drifted
2025-08-06,hrp,IEF,0.39477181102792613,drifted
2025-08-07,hrp,SPY,0.1401177891880613,drifted
2025-08-07,hrp,QQQ,0.12864314250867734,drifted
2025-08-07,hrp,IWM,0.158137666873223,drifted
2025-08-07,hrp,EFA,0.17905424568844444,drifted
2025-08-07,hrp,IEF,0.3940471557415938,drifted
2025-08-08,hrp,SPY,0.14081224056337432,drifted
2025-08-08,hrp,QQQ,0.12947702694865823,drifted
2025-08-08,hrp,IWM,0.15803611150334673,drifted
2025-08-08,hrp,EFA,0.17964273882682147,drifted
2025-08-08,hrp,IEF,0.39203188215779927,drifted
2025-08-11,hrp,SPY,0.14072087154473942,drifted
2025-08-11,hrp,QQQ,0.129265784139189,drifted
2025-08-11,hrp,IWM,0.15821057596169674,drifted
2025-08-11,hrp,EFA,0.17912547259136058,drifted
2025-08-11,hrp,IEF,0.3926772957630143,drifted
2025-08-12,hrp,SPY,0.14082101233207145,drifted
2025-08-12,hrp,QQQ,0.12960387872093504,drifted
2025-08-12,hrp,IWM,0.1613066139119282,drifted
2025-08-12,hrp,EFA,0.179532740115306,drifted
2025-08-12,hrp,IEF,0.38873575491975926,drifted
2025-08-13,hrp,SPY,0.14043894948695634,drifted
2025-08-13,hrp,QQQ,0.12887572432175037,drifted
2025-08-13,hrp,IWM,0.16343738812639527,drifted
2025-08-13,hrp,EFA,0.1795122481664409,drifted
2025-08-13,hrp,IEF,0.3877356898984572,drifted
2025-08-14,hrp,SPY,0.14093531356325478,drifted
2025-08-14,hrp,QQQ,0.12921892230888346,drifted
2025-08-14,hrp,IWM,0.16188612355912774,drifted
2025-08-14,hrp,EFA,0.18014961694769444,drifted
2025-08-14,hrp,IEF,0.38781002362103956,drifted
2025-08-15,hrp,SPY,0.14080192825016263,drifted
2025-08-15,hrp,QQQ,0.12883057258960923,drifted
2025-08-15,hrp,IWM,0.1613240615446993,drifted
2025-08-15,hrp,EFA,0.18146440312699247,drifted
2025-08-15,hrp,IEF,0.3875790344885364,drifted
2025-08-18,hrp,SPY,0.14077911008893348,drifted
2025-08-18,hrp,QQQ,0.12878641673603827,drifted
2025-08-18,hrp,IWM,0.16192261572241132,drifted
2025-08-18,hrp,EFA,0.18127765723880007,drifted
2025-08-18,hrp,IEF,0.387234200213817,drifted
2025-08-19,hrp,SPY,0.14040255448765834,drifted
2025-08-19,hrp,QQQ,0.12739038345109044,drifted
2025-08-19,hrp,IWM,0.16112388852204285,drifted
2025-08-19,hrp,EFA,0.1817986789211395,drifted
2025-08-19,hrp,IEF,0.3892844946180689,drifted
2025-08-20,hrp,SPY,0.14009624215130065,drifted
2025-08-20,hrp,QQQ,0.1266943933217989,drifted
2025-08-20,hrp,IWM,0.16063058929983157,drifted
2025-08-20,hrp,EFA,0.18253704661977657,drifted
2025-08-20,hrp,IEF,0.3900417286072923,drifted
2025-08-21,hrp,SPY,0.1399594499613968,drifted
2025-08-21,hrp,QQQ,0.12649213458300484,drifted
2025-08-21,hrp,IWM,0.16152041520876476,drifted
2025-08-21,hrp,EFA,0.1819444244828796,drifted
2025-08-21,hrp,IEF,0.39008357576395397,drifted
2025-08-22,hrp,SPY,0.13996200523082034,drifted
2025-08-22,hrp,QQQ,0.126503249862555,drifted
2025-08-22,hrp,IWM,0.16531774919501838,drifted
2025-08-22,hrp,EFA,0.181888220560286,drifted
2025-08-22,hrp,IEF,0.3863287751513204,drifted
2025-08-25,hrp,SPY,0.14017105259149662,drifted
2025-08-25,hrp,QQQ,0.12688515425196153,drifted
2025-08-25,hrp,IWM,0.1645473945327846,drifted
2025-08-25,hrp,EFA,0.18055123949530683,drifted
2025-08-25,hrp,IEF,0.3878451591284505,drifted
2025-08-26,hrp,SPY,0.14029858501204415,drifted
2025-08-26,hrp,QQQ,0.1269788654371844,drifted
2025-08-26,hrp,IWM,0.16536560541930811,drifted
2025-08-26,hrp,EFA,0.17976637838212967,drifted
2025-08-26,hrp,IEF,0.38759056574933365,drifted
2025-08-27,hrp,SPY,0.14033978491161322,drifted
2025-08-27,hrp,QQQ,0.12692215708961577,drifted
2025-08-27,hrp,IWM,0.16620751934454772,drifted
2025-08-27,hrp,EFA,0.1789808894468884,drifted
2025-08-27,hrp,IEF,0.387549649207335,drifted
2025-08-28,hrp,SPY,0.14040987066755245,drifted
2025-08-28,hrp,QQQ,0.12732955246339098,drifted
2025-08-28,hrp,IWM,0.16590034449576413,drifted
2025-08-28,hrp,EFA,0.1791001050949613,drifted
2025-08-28,hrp,IEF,0.3872601272783311,drifted
2025-08-29,hrp,SPY,0.1401923671200375,drifted
2025-08-29,hrp,QQQ,0.12641461156444112,drifted
2025-08-29,hrp,IWM,0.16589644717103552,drifted
2025-08-29,hrp,EFA,0.17883986228410303,drifted
2025-08-29,hrp,IEF,0.3886567118603828,drifted
2025-09-02,hrp,SPY,0.14010815638543056,target
2025-09-02,hrp,QQQ,0.1276852754023037,target
2025-09-02,hrp,IWM,0.1569777559556566,target
2025-09-02,hrp,EFA,0.17522881225660913,target
2025-09-02,hrp,IEF,0.4,target
2025-09-02,hrp,SPY,0.14010815638543056,drifted
2025-09-02,hrp,QQQ,0.1276852754023037,drifted
2025-09-02,hrp,IWM,0.1569777559556566,drifted
2025-09-02,hrp,EFA,0.17522881225660913,drifted
2025-09-02,hrp,IEF,0.4,drifted
2025-09-03,hrp,SPY,0.14040950132653185,drifted
2025-09-03,hrp,QQQ,0.12827144987393524,drifted
2025-09-03,hrp,IWM,0.15631352886223443,drifted
2025-09-03,hrp,EFA,0.17492905663233338,drifted
2025-09-03,hrp,IEF,0.40007646330496505,drifted
2025-09-04,hrp,SPY,0.1405492519477484,drifted
2025-09-04,hrp,QQQ,0.12848749326421663,drifted
2025-09-04,hrp,IWM,0.15711135166870452,drifted
2025-09-04,hrp,EFA,0.17491522290572947,drifted
2025-09-04,hrp,IEF,0.39893668021360107,drifted
2025-09-05,hrp,SPY,0.13968212269343164,drifted
2025-09-05,hrp,QQQ,0.1282504686151938,drifted
2025-09-05,hrp,IWM,0.15737662361484928,drifted
2025-09-05,hrp,EFA,0.17512324713033894,drifted
2025-09-05,hrp,IEF,0.3995675379461863,drifted
2025-09-08,hrp,SPY,0.13942847090753946,drifted
2025-09-08,hrp,QQQ,0.1283268165017733,drifted
2025-09-08,hrp,IWM,0.1570222254272725,drifted
2025-09-08,hrp,EFA,0.17612461281667316,drifted
2025-09-08,hrp,IEF,0.39909787434674154,drifted
2025-09-09,hrp,SPY,0.1399987852690357,drifted
2025-09-09,hrp,QQQ,0.12891873552872793,drifted
2025-09-09,hrp,IWM,0.1563765089725773,drifted
2025-09-09,hrp,EFA,0.17584716548197518,drifted
2025-09-09,hrp,IEF,0.3988588047476838,drifted
2025-09-10,hrp,SPY,0.14023490640719632,drifted
2025-09-10,hrp,QQQ,0.1288060529279404,drifted
2025-09-10,hrp,IWM,0.15591174627673265,drifted
2025-09-10,hrp,EFA,0.17559797306585942,drifted
2025-09-10,hrp,IEF,0.3994493213222713,drifted
2025-09-11,hrp,SPY,0.14037879203499926,drifted
2025-09-11,hrp,QQQ,0.12861986625221014,drifted
2025-09-11,hrp,IWM,0.15764637835050996,drifted
2025-09-11,hrp,EFA,0.17617878680904442,drifted
2025-09-11,hrp,IEF,0.3971761765532362,drifted
2025-09-12,hrp,SPY,0.14074432640197249,drifted
2025-09-12,hrp,QQQ,0.12956776390695282,drifted
2025-09-12,hrp,IWM,0.1564945518848155,drifted
2025-09-12,hrp,EFA,0.1759964141068345,drifted
2025-09-12,hrp,IEF,0.39719694369942465,drifted
2025-09-15,hrp,SPY,0.14088083336746537,drifted
2025-09-15,hrp,QQQ,0.13011049354110596,drifted
2025-09-15,hrp,IWM,0.15647707826312607,drifted
2025-09-15,hrp,EFA,0.1764025185559322,drifted
2025-09-15,hrp,IEF,0.3961290762723703,drifted
2025-09-16,hrp,SPY,0.14080045542552155,drifted
2025-09-16,hrp,QQQ,0.13010552326892708,drifted
2025-09-16,hrp,IWM,0.15634554658038535,drifted
2025-09-16,hrp,EFA,0.17605461106123457,drifted
2025-09-16,hrp,IEF,0.3966938636639314,drifted
2025-09-17,hrp,SPY,0.14084406827964285,drifted
2025-09-17,hrp,QQQ,0.13004759668560822,drifted
2025-09-17,hrp,IWM,0.15698937843448796,drifted
2025-09-17,hrp,EFA,0.1756670738744363,drifted
2025-09-17,hrp,IEF,0.39645188272582466,drifted
2025-09-18,hrp,SPY,0.14078236008427908,drifted
2025-09-18,hrp,QQQ,0.1305527506947676,drifted
2025-09-18,hrp,IWM,0.16008102014748057,drifted
2025-09-18,hrp,EFA,0.1754500263814365,drifted
2025-09-18,hrp,IEF,0.3931338426920362,drifted
2025-09-19,hrp,SPY,0.14154677166705867,drifted
2025-09-19,hrp,QQQ,0.1314988748079647,drifted
2025-09-19,hrp,IWM,0.1589403062944428,drifted
2025-09-19,hrp,EFA,0.17485642502982499,drifted
2025-09-19,hrp,IEF,0.3931576222007089,drifted
2025-09-22,hrp,SPY,0.14189242034751298,drifted
2025-09-22,hrp,QQQ,0.13197598453492784,drifted
2025-09-22,hrp,IWM,0.1594983991344171,drifted
2025-09-22,hrp,EFA,0.17502081913037698,drifted
2025-09-22,hrp,IEF,0.39161237685276507,drifted
2025-09-23,hrp,SPY,0.14129658176548662,drifted
2025-09-23,hrp,QQQ,0.1312633782553786,drifted
2025-09-23,hrp,IWM,0.15933855872852407,drifted
2025-09-23,hrp,EFA,0.17490171519262412,drifted
2025-09-23,hrp,IEF,0.3931997660579865,drifted
2025-09-24,hrp,SPY,0.14147589924531745,drifted
2025-09-24,hrp,QQQ,0.13138659417971096,drifted
2025-09-24,hrp,IWM,0.1585797334921809,drifted
2025-09-24,hrp,EFA,0.17466386730289785,drifted
2025-09-24,hrp,IEF,0.39389390577989286,drifted
2025-09-25,hrp,SPY,0.14150781366721968,drifted
2025-09-25,hrp,QQQ,0.1314561290726345,drifted
2025-09-25,hrp,IWM,0.15782704402433353,drifted
2025-09-25,hrp,EFA,0.17426173491511546,drifted
2025-09-25,hrp,IEF,0.3949472783206969,drifted
2025-09-26,hrp,SPY,0.14177352392025827,drifted
2025-09-26,hrp,QQQ,0.1314910560164838,drifted
2025-09-26,hrp,IWM,0.1585695849228492,drifted
2025-09-26,hrp,EFA,0.17493528516661377,drifted
2025-09-26,hrp,IEF,0.39323054997379503,drifted
2025-09-29,hrp,SPY,0.1417445391937709,drifted
2025-09-29,hrp,QQQ,0.1317028507818994,drifted
2025-09-29,hrp,IWM,0.15827627922947166,drifted
2025-09-29,hrp,EFA,0.1750871825149906,drifted
2025-09-29,hrp,IEF,0.39318914827986745,drifted
2025-09-30,hrp,SPY,0.14204125840625817,drifted
2025-09-30,hrp,QQQ,0.13184344021225936,drifted
2025-09-30,hrp,IWM,0.15823477277121173,drifted
2025-09-30,hrp,EFA,0.17550957733076006,drifted
2025-09-30,hrp,IEF,0.3923709512795108,drifted
2025-10-01,hrp,SPY,0.13947513480153603,target
2025-10-01,hrp,QQQ,0.1274756634411038,target
2025-10-01,hrp,IWM,0.1563044278673219,target
2025-10-01,hrp,EFA,0.1767447738900382,target
2025-10-01,hrp,IEF,0.4,target
2025-10-01,hrp,SPY,0.13947513480153603,drifted
2025-10-01,hrp,QQQ,0.1274756634411038,drifted
2025-10-01,hrp,IWM,0.1563044278673219,drifted
2025-10-01,hrp,EFA,0.1767447738900382,drifted
2025-10-01,hrp,IEF,0.4,drifted
2025-10-02,hrp,SPY,0.13930603035898992,drifted
2025-10-02,hrp,QQQ,0.12769743112181914,drifted
2025-10-02,hrp,IWM,0.15691918298738594,drifted
2025-10-02,hrp,EFA,0.17660833861029024,drifted
2025-10-02,hrp,IEF,0.39946901692151493,drifted
2025-10-03,hrp,SPY,0.13912056958738403,drifted
2025-10-03,hrp,QQQ,0.12699245594615355,drifted
2025-10-03,hrp,IWM,0.15787500231403379,drifted
2025-10-03,hrp,EFA,0.1778535737736129,drifted
2025-10-03,hrp,IEF,0.39815839837881567,drifted
2025-10-06,hrp,SPY,0.13943305985849844,drifted
2025-10-06,hrp,QQQ,0.12777535968037007,drifted
2025-10-06,hrp,IWM,0.1582927219603398,drifted
2025-10-06,hrp,EFA,0.17802707647455002,drifted
2025-10-06,hrp,IEF,0.3964717820262418,drifted
2025-10-07,hrp,SPY,0.13939702931264322,drifted
2025-10-07,hrp,QQQ,0.12754254435651718,drifted
2025-10-07,hrp,IWM,0.15713524394100542,drifted
2025-10-07,hrp,EFA,0.17708751677772477,drifted
2025-10-07,hrp,IEF,0.39883766561210937,drifted
2025-10-08,hrp,SPY,0.13959331839904207,drifted
2025-10-08,hrp,QQQ,0.12842053696751257,drifted
2025-10-08,hrp,IWM,0.15806384730729897,drifted
2025-10-08,hrp,EFA,0.17680817166041538,drifted
2025-10-08,hrp,IEF,0.3971141256657311,drifted
2025-10-09,hrp,SPY,0.13965289199764958,drifted
2025-10-09,hrp,QQQ,0.12869271110490288,drifted
2025-10-09,hrp,IWM,0.15756868966445406,drifted
2025-10-09,hrp,EFA,0.1759371999473176,drifted
2025-10-09,hrp,IEF,0.39814850728567586,drifted
2025-10-10,hrp,SPY,0.13776838981712694,drifted
2025-10-10,hrp,QQQ,0.12595314812515435,drifted
2025-10-10,hrp,IWM,0.15497663620348104,drifted
2025-10-10,hrp,EFA,0.17510030021876916,drifted
2025-10-10,hrp,IEF,0.4062015256354685,drifted
2025-10-13,hrp,SPY,0.13839927128913332,drifted
2025-10-13,hrp,QQQ,0.1272623386242097,drifted
2025-10-13,hrp,IWM,0.1576023324083732,drifted
2025-10-13,hrp,EFA,0.17463374580820837,drifted
2025-10-13,hrp,IEF,0.4021023118700755,drifted
2025-10-14,hrp,SPY,0.1378086154717421,drifted
2025-10-14,hrp,QQQ,0.1260290737268902,drifted
2025-10-14,hrp,IWM,0.15936523657743892,drifted
2025-10-14,hrp,EFA,0.17488757811523786,drifted
2025-10-14,hrp,IEF,0.401909496108691,drifted
2025-10-15,hrp,SPY,0.13794435760858095,drifted
2025-10-15,hrp,QQQ,0.12648193202098684,drifted
2025-10-15,hrp,IWM,0.16037392559266142,drifted
2025-10-15,hrp,EFA,0.17512578040484045,drifted
2025-10-15,hrp,IEF,0.40007400437293034,drifted
2025-10-16,hrp,SPY,0.13728159829101338,drifted
2025-10-16,hrp,QQQ,0.12626807200685744,drifted
2025-10-16,hrp,IWM,0.157314766903558,drifted
2025-10-16,hrp,EFA,0.17639564587288065,drifted
2025-10-16,hrp,IEF,0.40273991692569056,drifted
2025-10-17,hrp,SPY,0.1380323676106965,drifted
2025-10-17,hrp,QQQ,0.1270710138493848,drifted
2025-10-17,hrp,IWM,0.1562233082888495,drifted
2025-10-17,hrp,EFA,0.17667704196532633,drifted
2025-10-17,hrp,IEF,0.4019962682857428,drifted
2025-10-20,hrp,SPY,0.13835009270102244,drifted
2025-10-20,hrp,QQQ,0.1276408575272244,drifted
2025-10-20,hrp,IWM,0.15799529439547322,drifted
2025-10-20,hrp,EFA,0.1767073575645506,drifted
2025-10-20,hrp,IEF,0.3993063978117294,drifted
2025-10-21,hrp,SPY,0.13853384321883286,drifted
2025-10-21,hrp,QQQ,0.12777887415015624,drifted
2025-10-21,hrp,IWM,0.15746161481919776,drifted
2025-10-21,hrp,EFA,0.1756448764958581,drifted
2025-10-21,hrp,IEF,0.400580791315955,drifted
2025-10-22,hrp,SPY,0.13843049360613807,drifted
2025-10-22,hrp,QQQ,0.1271142956054443,drifted
2025-10-22,hrp,IWM,0.15582904462705505,drifted
2025-10-22,hrp,EFA,0.17616994817386172,drifted
2025-10-22,hrp,IEF,0.4024562179875009,drifted
2025-10-23,hrp,SPY,0.13878440820924512,drifted
2025-10-23,hrp,QQQ,0.1277530285430664,drifted
2025-10-23,hrp,IWM,0.1572722340818609,drifted
2025-10-23,hrp,EFA,0.17639712711048505,drifted
2025-10-23,hrp,IEF,0.39979320205534247,drifted
2025-10-24,hrp,SPY,0.1392131462470833,drifted
2025-10-24,hrp,QQQ,0.1284661983588972,drifted
2025-10-24,hrp,IWM,0.15839063824719476,drifted
2025-10-24,hrp,EFA,0.175785151653336,drifted
2025-10-24,hrp,IEF,0.3981448654934886,drifted
2025-10-27,hrp,SPY,0.14005673705919847,drifted
2025-10-27,hrp,QQQ,0.13001254505570856,drifted
2025-10-27,hrp,IWM,0.15804171530545255,drifted
2025-10-27,hrp,EFA,0.1760020591722501,drifted
2025-10-27,hrp,IEF,0.3958869434073904,drifted
2025-10-28,hrp,SPY,0.140314000084553,drifted
2025-10-28,hrp,QQQ,0.13090530287222713,drifted
2025-10-28,hrp,IWM,0.15706720896376708,drifted
2025-10-28,hrp,EFA,0.17578477875390405,drifted
2025-10-28,hrp,IEF,0.39592870932554863,drifted
2025-10-29,hrp,SPY,0.1409776192130832,drifted
2025-10-29,hrp,QQQ,0.13205323148182113,drifted
2025-10-29,hrp,IWM,0.15639111291647653,drifted
2025-10-29,hrp,EFA,0.17553485215462453,drifted
2025-10-29,hrp,IEF,0.39504318423399465,drifted
2025-10-30,hrp,SPY,0.1402935456564255,drifted
2025-10-30,hrp,QQQ,0.1308423864406289,drifted
2025-10-30,hrp,IWM,0.15609429952864695,drifted
2025-10-30,hrp,EFA,0.17584573220979272,drifted
2025-10-30,hrp,IEF,0.3969240361645059,drifted
2025-10-31,hrp,SPY,0.140508517383325,drifted
2025-10-31,hrp,QQQ,0.13124450053476347,drifted
2025-10-31,hrp,IWM,0.1567005889816143,drifted
2025-10-31,hrp,EFA,0.17515012952925363,drifted
2025-10-31,hrp,IEF,0.39639626357104357,drifted
2025-11-03,hrp,SPY,0.14004208796570008,target
2025-11-03,hrp,QQQ,0.1284366089039593,target
2025-11-03,hrp,IWM,0.15559244426435995,target
2025-11-03,hrp,EFA,0.1759288588659806,target
2025-11-03,hrp,IEF,0.4,target
2025-11-03,hrp,SPY,0.14004208796570008,drifted
2025-11-03,hrp,QQQ,0.1284366089039593,drifted
2025-11-03,hrp,IWM,0.15559244426435995,drifted
2025-11-03,hrp,EFA,0.1759288588659806,drifted
2025-11-03,hrp,IEF,0.4,drifted
2025-11-04,hrp,SPY,0.13953503596150552,drifted
2025-11-04,hrp,QQQ,0.12687793956292567,drifted
2025-11-04,hrp,IWM,0.1541784880230188,drifted
2025-11-04,hrp,EFA,0.1755743244403269,drifted
2025-11-04,hrp,IEF,0.4038342120122231,drifted
2025-11-05,hrp,SPY,0.13963638891056446,drifted
2025-11-05,hrp,QQQ,0.12735507088332798,drifted
2025-11-05,hrp,IWM,0.15597605460897315,drifted
2025-11-05,hrp,EFA,0.1762179759240979,drifted
2025-11-05,hrp,IEF,0.4008145096730364,drifted
2025-11-06,hrp,SPY,0.13882974567906203,drifted
2025-11-06,hrp,QQQ,0.12560849210968436,drifted
2025-11-06,hrp,IWM,0.15398285399305886,drifted
2025-11-06,hrp,EFA,0.1767051857496339,drifted
2025-11-06,hrp,IEF,0.4048737224685609,drifted
2025-11-07,hrp,SPY,0.13877581644222772,drifted
2025-11-07,hrp,QQQ,0.1250404183247894,drifted
2025-11-07,hrp,IWM,0.15457776371724302,drifted
2025-11-07,hrp,EFA,0.17712022152044624,drifted
2025-11-07,hrp,IEF,0.40448577999529356,drifted
2025-11-10,hrp,SPY,0.13985106557203977,drifted
2025-11-10,hrp,QQQ,0.1268181779697359,drifted
2025-11-10,hrp,IWM,0.15491833217243886,drifted
2025-11-10,hrp,EFA,0.177595183003464,drifted
2025-11-10,hrp,IEF,0.4008172412823214,drifted
2025-11-11,hrp,SPY,0.13979858300643166,drifted
2025-11-11,hrp,QQQ,0.1261441675928136,drifted
2025-11-11,hrp,IWM,0.15463945067197865,drifted
2025-11-11,hrp,EFA,0.17842420882396262,drifted
2025-11-11,hrp,IEF,0.40099358990481343,drifted
2025-11-12,hrp,SPY,0.13977283942178564,drifted
2025-11-12,hrp,QQQ,0.12595142874234871,drifted
2025-11-12,hrp,IWM,0.15414537490496974,drifted
2025-11-12,hrp,EFA,0.17935084835458126,drifted
2025-11-12,hrp,IEF,0.40077950857631467,drifted
2025-11-13,hrp,SPY,0.13916461932685364,drifted
2025-11-13,hrp,QQQ,0.1249159660243753,drifted
2025-11-13,hrp,IWM,0.15167656601175158,drifted
2025-11-13,hrp,EFA,0.17964666313022573,drifted
2025-11-13,hrp,IEF,0.4045961855067938,drifted
2025-11-14,hrp,SPY,0.13923432294055055,drifted
2025-11-14,hrp,QQQ,0.12509352131347373,drifted
2025-11-14,hrp,IWM,0.1522196586692696,drifted
2025-11-14,hrp,EFA,0.17925802041344377,drifted
2025-11-14,hrp,IEF,0.40419447666326236,drifted
2025-11-17,hrp,SPY,0.13894636347056816,drifted
2025-11-17,hrp,QQQ,0.12493256773954008,drifted
2025-11-17,hrp,IWM,0.15028579584106064,drifted
2025-11-17,hrp,EFA,0.17821907180839888,drifted
2025-11-17,hrp,IEF,0.4076162011404322,drifted
2025-11-18,hrp,SPY,0.1383143623950215,drifted
2025-11-18,hrp,QQQ,0.12389044991044626,drifted
2025-11-18,hrp,IWM,0.15132936727496551,drifted
2025-11-18,hrp,EFA,0.1765893124137653,drifted
2025-11-18,hrp,IEF,0.40987650800580144,drifted
2025-11-19,hrp,SPY,0.13879060862599976,drifted
2025-11-19,hrp,QQQ,0.12457794556624659,drifted
2025-11-19,hrp,IWM,0.15124013504470515,drifted
2025-11-19,hrp,EFA,0.17598281358254558,drifted
2025-11-19,hrp,IEF,0.4094084971805029,drifted
2025-11-20,hrp,SPY,0.1379614300624879,drifted
2025-11-20,hrp,QQQ,0.12277365984027572,drifted
2025-11-20,hrp,IWM,0.1498382331951646,drifted
2025-11-20,hrp,EFA,0.17518146843875357,drifted
2025-11-20,hrp,IEF,0.41424520846331825,drifted
2025-11-21,hrp,SPY,0.13787195659086224,drifted
2025-11-21,hrp,QQQ,0.12239658612339775,drifted
2025-11-21,hrp,IWM,0.15246403612519627,drifted
2025-11-21,hrp,EFA,0.1760199324044357,drifted
2025-11-21,hrp,IEF,0.411247488756108,drifted
2025-11-24,hrp,SPY,0.13869062351691835,drifted
2025-11-24,hrp,QQQ,0.12444044769229498,drifted
2025-11-24,hrp,IWM,0.15390332494743642,drifted
2025-11-24,hrp,EFA,0.1746474860718497,drifted
2025-11-24,hrp,IEF,0.4083181177715004,drifted
2025-11-25,hrp,SPY,0.13880613902819777,drifted
2025-11-25,hrp,QQQ,0.12414405656263067,drifted
2025-11-25,hrp,IWM,0.15592289757315145,drifted
2025-11-25,hrp,EFA,0.17523695661732414,drifted
2025-11-25,hrp,IEF,0.405889950218696,drifted
2025-11-26,hrp,SPY,0.13897341118009343,drifted
2025-11-26,hrp,QQQ,0.12453217798212819,drifted
2025-11-26,hrp,IWM,0.15641296757746165,drifted
2025-11-26,hrp,EFA,0.1761577786740242,drifted
2025-11-26,hrp,IEF,0.4039236645862924,drifted
2025-11-28,hrp,SPY,0.13937289904629496,drifted
2025-11-28,hrp,QQQ,0.12521914634565925,drifted
2025-11-28,hrp,IWM,0.15692574929832684,drifted
2025-11-28,hrp,EFA,0.17629775431541456,drifted
2025-11-28,hrp,IEF,0.40218445099430433,drifted
2025-12-01,hrp,SPY,0.14081201121095688,target
2025-12-01,hrp,QQQ,0.12951163274715452,target
2025-12-01,hrp,IWM,0.15749018157250022,target
2025-12-01,hrp,EFA,0.1721861744693884,target
2025-12-01,hrp,IEF,0.4,target
2025-12-01,hrp,SPY,0.14081201121095688,drifted
2025-12-01,hrp,QQQ,0.12951163274715452,drifted
2025-12-01,hrp,IWM,0.15749018157250022,drifted
2025-12-01,hrp,EFA,0.1721861744693884,drifted
2025-12-01,hrp,IEF,0.4,drifted
2025-12-02,hrp,SPY,0.1408055185118485,drifted
2025-12-02,hrp,QQQ,0.13027786365383684,drifted
2025-12-02,hrp,IWM,0.15690377184221946,drifted
2025-12-02,hrp,EFA,0.17244050271619865,drifted
2025-12-02,hrp,IEF,0.3995723432758966,drifted
2025-12-03,hrp,SPY,0.14053260660239397,drifted
2025-12-03,hrp,QQQ,0.12989331288382405,drifted
2025-12-03,hrp,IWM,0.15889820209365998,drifted
2025-12-03,hrp,EFA,0.17243274587622176,drifted
2025-12-03,hrp,IEF,0.39824313254390026,drifted
2025-12-04,hrp,SPY,0.14054918543666556,drifted
2025-12-04,hrp,QQQ,0.12969297254950163,drifted
2025-12-04,hrp,IWM,0.16019401856634122,drifted
2025-12-04,hrp,EFA,0.17279601285120308,drifted
2025-12-04,hrp,IEF,0.3967678105962887,drifted
2025-12-05,hrp,SPY,0.14091381386566604,drifted
2025-12-05,hrp,QQQ,0.13031211013482596,drifted
2025-12-05,hrp,IWM,0.1596366916471237,drifted
2025-12-05,hrp,EFA,0.1729158435176943,drifted
2025-12-05,hrp,IEF,0.39622154083468997,drifted
2025-12-08,hrp,SPY,0.1407681594226555,drifted
2025-12-08,hrp,QQQ,0.13031916840607283,drifted
2025-12-08,hrp,IWM,0.16001600061678653,drifted
2025-12-08,hrp,EFA,0.17271510896451836,drifted
2025-12-08,hrp,IEF,0.3961815625899668,drifted
2025-12-09,hrp,SPY,0.14070859626218563,drifted
2025-12-09,hrp,QQQ,0.13053737896285092,drifted
2025-12-09,hrp,IWM,0.16041829311721673,drifted
2025-12-09,hrp,EFA,0.1725559959179424,drifted
2025-12-09,hrp,IEF,0.3957797357398043,drifted
2025-12-10,hrp,SPY,0.1406789788369635,drifted
2025-12-10,hrp,QQQ,0.13018102165427203,drifted
2025-12-10,hrp,IWM,0.1614953771663363,drifted
2025-12-10,hrp,EFA,0.17328766211274144,drifted
2025-12-10,hrp,IEF,0.3943569602296868,drifted
2025-12-11,hrp,SPY,0.14060330873746638,drifted
2025-12-11,hrp,QQQ,0.12938908165185356,drifted
2025-12-11,hrp,IWM,0.16292339747558598,drifted
2025-12-11,hrp,EFA,0.17381363834908173,drifted
2025-12-11,hrp,IEF,0.39327057378601227,drifted
2025-12-12,hrp,SPY,0.14027768643088362,drifted
2025-12-12,hrp,QQQ,0.1279976754387774,drifted
2025-12-12,hrp,IWM,0.1617951892731889,drifted
2025-12-12,hrp,EFA,0.1743743261309755,drifted
2025-12-12,hrp,IEF,0.3955551227261745,drifted
2025-12-15,hrp,SPY,0.14016148030666242,drifted
2025-12-15,hrp,QQQ,0.12744227056431595,drifted
2025-12-15,hrp,IWM,0.16068119595974023,drifted
2025-12-15,hrp,EFA,0.1755603769923651,drifted
2025-12-15,hrp,IEF,0.39615467617691635,drifted
2025-12-16,hrp,SPY,0.13986149606367518,drifted
2025-12-16,hrp,QQQ,0.12777065809475338,drifted
2025-12-16,hrp,IWM,0.1600158811648171,drifted
2025-12-16,hrp,EFA,0.17485039755736087,drifted
2025-12-16,hrp,IEF,0.3975015671193936,drifted
2025-12-17,hrp,SPY,0.13931324177077056,drifted
2025-12-17,hrp,QQQ,0.126300338639719,drifted
2025-12-17,hrp,IWM,0.15944653983622095,drifted
2025-12-17,hrp,EFA,0.17467418648382502,drifted
2025-12-17,hrp,IEF,0.4002656932694645,drifted
2025-12-18,hrp,SPY,0.1395128268327626,drifted
2025-12-18,hrp,QQQ,0.127352333012073,drifted
2025-12-18,hrp,IWM,0.15942050354012072,drifted
2025-12-18,hrp,EFA,0.17484891212134326,drifted
2025-12-18,hrp,IEF,0.39886542449370055,drifted
2025-12-19,hrp,SPY,0.14014096403206283,drifted
2025-12-19,hrp,QQQ,0.12842927221763187,drifted
2025-12-19,hrp,IWM,0.1600271357448926,drifted
2025-12-19,hrp,EFA,0.17523339447711242,drifted
2025-12-19,hrp,IEF,0.3961692335283003,drifted
2025-12-22,hrp,SPY,0.14055051155745554,drifted
2025-12-22,hrp,QQQ,0.12862073006439487,drifted
2025-12-22,hrp,IWM,0.161275552133358,drifted
2025-12-22,hrp,EFA,0.1750965064481582,drifted
2025-12-22,hrp,IEF,0.39445669979663334,drifted
2025-12-23,hrp,SPY,0.14102278290335304,drifted
2025-12-23,hrp,QQQ,0.1290674206710192,drifted
2025-12-23,hrp,IWM,0.16012841941046413,drifted
2025-12-23,hrp,EFA,0.17596377439451105,drifted
2025-12-23,hrp,IEF,0.3938176026206526,drifted
2025-12-24,hrp,SPY,0.14116345891875723,drifted
2025-12-24,hrp,QQQ,0.12911993199767896,drifted
2025-12-24,hrp,IWM,0.1601254731169887,drifted
2025-12-24,hrp,EFA,0.17574061269584884,drifted
2025-12-24,hrp,IEF,0.3938505232707263,drifted
2025-12-26,hrp,SPY,0.14117462039832426,drifted
2025-12-26,hrp,QQQ,0.12913497064954532,drifted
2025-12-26,hrp,IWM,0.15933682640535587,drifted
2025-12-26,hrp,EFA,0.1760640267585535,drifted
2025-12-26,hrp,IEF,0.394289555788221,drifted
2025-12-29,hrp,SPY,0.14096196787008888,drifted
2025-12-29,hrp,QQQ,0.12877520259942185,drifted
2025-12-29,hrp,IWM,0.15868784116633006,drifted
2025-12-29,hrp,EFA,0.1758977354929985,drifted
2025-12-29,hrp,IEF,0.39567725287116073,drifted
2025-12-30,hrp,SPY,0.14103849512429167,drifted
2025-12-30,hrp,QQQ,0.12870345296997585,drifted
2025-12-30,hrp,IWM,0.15779116828616627,drifted
2025-12-30,hrp,EFA,0.17650122911784866,drifted
2025-12-30,hrp,IEF,0.39596565450171756,drifted
2025-12-31,hrp,SPY,0.140748249612098,drifted
2025-12-31,hrp,QQQ,0.12832773181285892,drifted
2025-12-31,hrp,IWM,0.15744576155420548,drifted
2025-12-31,hrp,EFA,0.17669832650913095,drifted
2025-12-31,hrp,IEF,0.3967799305117067,drifted
2026-01-02,hrp,SPY,0.14091148527423863,target
2026-01-02,hrp,QQQ,0.12988074771973923,target
2026-01-02,hrp,IWM,0.1574820205375594,target
2026-01-02,hrp,EFA,0.17172574646846278,target
2026-01-02,hrp,IEF,0.4,target
2026-01-02,hrp,SPY,0.14091148527423863,drifted
2026-01-02,hrp,QQQ,0.12988074771973923,drifted
2026-01-02,hrp,IWM,0.1574820205375594,drifted
2026-01-02,hrp,EFA,0.17172574646846278,drifted
2026-01-02,hrp,IEF,0.4,drifted
2026-01-05,hrp,SPY,0.1407741516248744,drifted
2026-01-05,hrp,QQQ,0.12991952067990176,drifted
2026-01-05,hrp,IWM,0.15876908308363014,drifted
2026-01-05,hrp,EFA,0.17237275489093531,drifted
2026-01-05,hrp,IEF,0.3981644897206583,drifted
2026-01-06,hrp,SPY,0.1410391028860739,drifted
2026-01-06,hrp,QQQ,0.13053142921870461,drifted
2026-01-06,hrp,IWM,0.1602235043764749,drifted
2026-01-06,hrp,EFA,0.1719385499019718,drifted
2026-01-06,hrp,IEF,0.3962674136167749,drifted
2026-01-07,hrp,SPY,0.1406704055022923,drifted
2026-01-07,hrp,QQQ,0.13073694432002653,drifted
2026-01-07,hrp,IWM,0.15994580875476927,drifted
2026-01-07,hrp,EFA,0.17139606316376224,drifted
2026-01-07,hrp,IEF,0.3972507782591498,drifted
2026-01-08,hrp,SPY,0.1406825596375588,drifted
2026-01-08,hrp,QQQ,0.1300175938527878,drifted
2026-01-08,hrp,IWM,0.16172289941374157,drifted
2026-01-08,hrp,EFA,0.17144578869769192,drifted
2026-01-08,hrp,IEF,0.39613115839821983,drifted
2026-01-09,hrp,SPY,0.14084833274364209,drifted
2026-01-09,hrp,QQQ,0.13060361337103293,drifted
2026-01-09,hrp,IWM,0.16207039411136617,drifted
2026-01-09,hrp,EFA,0.17203480701917734,drifted
2026-01-09,hrp,IEF,0.3944428527547815,drifted
2026-01-12,hrp,SPY,0.1408338253085702,drifted
2026-01-12,hrp,QQQ,0.13049358488239607,drifted
2026-01-12,hrp,IWM,0.1625892365197494,drifted
2026-01-12,hrp,EFA,0.17279027644860367,drifted
2026-01-12,hrp,IEF,0.3932930768406807,drifted
2026-01-13,hrp,SPY,0.1407025499090407,drifted
2026-01-13,hrp,QQQ,0.13043944665555038,drifted
2026-01-13,hrp,IWM,0.162669768230675,drifted
2026-01-13,hrp,EFA,0.1719832595708393,drifted
2026-01-13,hrp,IEF,0.39420497563389456,drifted
2026-01-14,hrp,SPY,0.13991592375368703,drifted
2026-01-14,hrp,QQQ,0.12895837650103276,drifted
2026-01-14,hrp,IWM,0.16370379170280236,drifted
2026-01-14,hrp,EFA,0.1726663786761998,drifted
2026-01-14,hrp,IEF,0.394755529366278,drifted
2026-01-15,hrp,SPY,0.14010073173836443,drifted
2026-01-15,hrp,QQQ,0.1292415537266585,drifted
2026-01-15,hrp,IWM,0.1649158730439199,drifted
2026-01-15,hrp,EFA,0.1723554309967561,drifted
2026-01-15,hrp,IEF,0.393386410494301,drifted
2026-01-16,hrp,SPY,0.14013928444179025,drifted
2026-01-16,hrp,QQQ,0.129277326544218,drifted
2026-01-16,hrp,IWM,0.16525505718836994,drifted
2026-01-16,hrp,EFA,0.17301679362270728,drifted
2026-01-16,hrp,IEF,0.3923115382029146,drifted
2026-01-20,hrp,SPY,0.1389196156859617,drifted
2026-01-20,hrp,QQQ,0.12803572343169253,drifted
2026-01-20,hrp,IWM,0.16521995829139044,drifted
2026-01-20,hrp,EFA,0.1724188336662317,drifted
2026-01-20,hrp,IEF,0.3954058689247236,drifted
2026-01-21,hrp,SPY,0.13921104921305913,drifted
2026-01-21,hrp,QQQ,0.12855512494123952,drifted
2026-01-21,hrp,IWM,0.1669251563660644,drifted
2026-01-21,hrp,EFA,0.1725692339901382,drifted
2026-01-21,hrp,IEF,0.3927394354894989,drifted
2026-01-22,hrp,SPY,0.13944358502217924,drifted
2026-01-22,hrp,QQQ,0.12903196691543192,drifted
2026-01-22,hrp,IWM,0.16757745390590364,drifted
2026-01-22,hrp,EFA,0.17263652377193744,drifted
2026-01-22,hrp,IEF,0.3913104703845477,drifted
2026-01-23,hrp,SPY,0.13963752557671877,drifted
2026-01-23,hrp,QQQ,0.1295724045928341,drifted
2026-01-23,hrp,IWM,0.16465323609461047,drifted
2026-01-23,hrp,EFA,0.17376996969079694,drifted
2026-01-23,hrp,IEF,0.3923668640450398,drifted
2026-01-26,hrp,SPY,0.14003787770541598,drifted
2026-01-26,hrp,QQQ,0.12985622985842246,drifted
2026-01-26,hrp,IWM,0.16377607518815404,drifted
2026-01-26,hrp,EFA,0.17425488779109616,drifted
2026-01-26,hrp,IEF,0.3920749294569114,drifted
2026-01-27,hrp,SPY,0.13995742076827633,drifted
2026-01-27,hrp,QQQ,0.1304384427584301,drifted
2026-01-27,hrp,IWM,0.1634956132212391,drifted
2026-01-27,hrp,EFA,0.17626061137023807,drifted
2026-01-27,hrp,IEF,0.3898479118818165,drifted
2026-01-28,hrp,SPY,0.1403158669165517,drifted
2026-01-28,hrp,QQQ,0.13121875574588235,drifted
2026-01-28,hrp,IWM,0.1630453231760326,drifted
2026-01-28,hrp,EFA,0.1748602220482904,drifted
2026-01-28,hrp,IEF,0.3905598321132431,drifted
2026-01-29,hrp,SPY,0.13995848470927144,drifted
2026-01-29,hrp,QQQ,0.13035986281128112,drifted
2026-01-29,hrp,IWM,0.16299674168557682,drifted
2026-01-29,hrp,EFA,0.17593814756367587,drifted
2026-01-29,hrp,IEF,0.3907467632301948,drifted
2026-01-30,hrp,SPY,0.14040785135502196,drifted
2026-01-30,hrp,QQQ,0.1295941505146083,drifted
2026-01-30,hrp,IWM,0.16169266581329766,drifted
2026-01-30,hrp,EFA,0.17537717278023046,drifted
2026-01-30,hrp,IEF,0.3929281595368417,drifted
2026-02-02,hrp,SPY,0.14243928862234867,target
2026-02-02,hrp,QQQ,0.13165335850692922,target
2026-02-02,hrp,IWM,0.15797024183669045,target
2026-02-02,hrp,EFA,0.1679371110340317,target
2026-02-02,hrp,IEF,0.4,target
2026-02-02,hrp,SPY,0.14243928862234867,drifted
2026-02-02,hrp,QQQ,0.13165335850692922,drifted
2026-02-02,hrp,IWM,0.15797024183669045,drifted
2026-02-02,hrp,EFA,0.1679371110340317,drifted
2026-02-02,hrp,IEF,0.4,drifted
2026-02-03,hrp,SPY,0.1415754648663055,drifted
2026-02-03,hrp,QQQ,0.12994323101026786,drifted
2026-02-03,hrp,IWM,0.15871355114531058,drifted
2026-02-03,hrp,EFA,0.16842507541712956,drifted
2026-02-03,hrp,IEF,0.40134267756098657,drifted
2026-02-04,hrp,SPY,0.14143519702263485,drifted
2026-02-04,hrp,QQQ,0.12816757611637442,drifted
2026-02-04,hrp,IWM,0.15795777986409928,drifted
2026-02-04,hrp,EFA,0.16962716922115026,drifted
2026-02-04,hrp,IEF,0.4028122777757412,drifted
2026-02-05,hrp,SPY,0.1405839525422697,drifted
2026-02-05,hrp,QQQ,0.12715029109103282,drifted
2026-02-05,hrp,IWM,0.15613055347086557,drifted
2026-02-05,hrp,EFA,0.16830624710031095,drifted
2026-02-05,hrp,IEF,0.407828955795521,drifted
2026-02-06,hrp,SPY,0.14118887543406275,drifted
2026-02-06,hrp,QQQ,0.12794212953058168,drifted
2026-02-06,hrp,IWM,0.15937744757597097,drifted
2026-02-06,hrp,EFA,0.16961759100200885,drifted
2026-02-06,hrp,IEF,0.40187395645737567,drifted
2026-02-09,hrp,SPY,0.14114358862191426,drifted
2026-02-09,hrp,QQQ,0.12826237394017603,drifted
2026-02-09,hrp,IWM,0.15967462719551107,drifted
2026-02-09,hrp,EFA,0.17101900107828766,drifted
2026-02-09,hrp,IEF,0.39990040916411096,drifted
2026-02-10,hrp,SPY,0.1406643050704868,drifted
2026-02-10,hrp,QQQ,0.12757023754485156,drifted
2026-02-10,hrp,IWM,0.15912274551656871,drifted
2026-02-10,hrp,EFA,0.17129977757120513,drifted
2026-02-10,hrp,IEF,0.40134293429688783,drifted
2026-02-11,hrp,SPY,0.14068614278777516,drifted
2026-02-11,hrp,QQQ,0.12796180823450154,drifted
2026-02-11,hrp,IWM,0.15846056099497083,drifted
2026-02-11,hrp,EFA,0.17251675004470085,drifted
2026-02-11,hrp,IEF,0.4003747379380517,drifted
2026-02-12,hrp,SPY,0.1394688867831011,drifted
2026-02-12,hrp,QQQ,0.12622458025791697,drifted
2026-02-12,hrp,IWM,0.15629649872192486,drifted
2026-02-12,hrp,EFA,0.17239997229677306,drifted
2026-02-12,hrp,IEF,0.40561006194028404,drifted
2026-02-13,hrp,SPY,0.13898790116499277,drifted
2026-02-13,hrp,QQQ,0.1259685927184305,drifted
2026-02-13,hrp,IWM,0.15769882295947688,drifted
2026-02-13,hrp,EFA,0.17183282553230822,drifted
2026-02-13,hrp,IEF,0.4055118576247917,drifted
2026-02-17,hrp,SPY,0.13920272973120806,drifted
2026-02-17,hrp,QQQ,0.12583031011966303,drifted
2026-02-17,hrp,IWM,0.1577361167945156,drifted
2026-02-17,hrp,EFA,0.17178822569391508,drifted
2026-02-17,hrp,IEF,0.4054426176606983,drifted
2026-02-18,hrp,SPY,0.139684108649745,drifted
2026-02-18,hrp,QQQ,0.12657067162582095,drifted
2026-02-18,hrp,IWM,0.15805698029122808,drifted
2026-02-18,hrp,EFA,0.17171571227929447,drifted
2026-02-18,hrp,IEF,0.40397252715391146,drifted
2026-02-19,hrp,SPY,0.13939798670265405,drifted
2026-02-19,hrp,QQQ,0.126160413297177,drifted
2026-02-19,hrp,IWM,0.15851581387792668,drifted
2026-02-19,hrp,EFA,0.17133960104231866,drifted
2026-02-19,hrp,IEF,0.4045861850799236,drifted
2026-02-20,hrp,SPY,0.1399121901110181,drifted
2026-02-20,hrp,QQQ,0.12682907573858904,drifted
2026-02-20,hrp,IWM,0.15796413898170608,drifted
2026-02-20,hrp,EFA,0.1721316395388377,drifted
2026-02-20,hrp,IEF,0.40316295562984905,drifted
2026-02-23,hrp,SPY,0.13913493325554013,drifted
2026-02-23,hrp,QQQ,0.1258768266685461,drifted
2026-02-23,hrp,IWM,0.1562361239239782,drifted
2026-02-23,hrp,EFA,0.17223245245881957,drifted
2026-02-23,hrp,IEF,0.406519663693116,drifted
2026-02-24,hrp,SPY,0.13954666838122473,drifted
2026-02-24,hrp,QQQ,0.1266846264746833,drifted
2026-02-24,hrp,IWM,0.1572638030428745,drifted
2026-02-24,hrp,EFA,0.1718075193823538,drifted
2026-02-24,hrp,IEF,0.40469738271886374,drifted
2026-02-25,hrp,SPY,0.1400144154749056,drifted
2026-02-25,hrp,QQQ,0.12787245503036568,drifted
2026-02-25,hrp,IWM,0.15721333694901393,drifted
2026-02-25,hrp,EFA,0.17257425583079877,drifted
2026-02-25,hrp,IEF,0.40232553671491594,drifted
2026-02-26,hrp,SPY,0.13931402656658368,drifted
2026-02-26,hrp,QQQ,0.12639989144209077,drifted
2026-02-26,hrp,IWM,0.1581389330970655,drifted
2026-02-26,hrp,EFA,0.17252299244234562,drifted
2026-02-26,hrp,IEF,0.40362415645191446,drifted
2026-02-27,hrp,SPY,0.13899171530486842,drifted
2026-02-27,hrp,QQQ,0.12631034700676133,drifted
2026-02-27,hrp,IWM,0.1558046044373274,drifted
2026-02-27,hrp,EFA,0.17264308239536136,drifted
2026-02-27,hrp,IEF,0.40625025085568145,drifted
2026-03-02,hrp,SPY,0.14305483895682272,target
2026-03-02,hrp,QQQ,0.13258535697124074,target
2026-03-02,hrp,IWM,0.15767371487633577,target
2026-03-02,hrp,EFA,0.16668608919560074,target
2026-03-02,hrp,IEF,0.4,target
2026-03-02,hrp,SPY,0.14305483895682272,drifted
2026-03-02,hrp,QQQ,0.13258535697124074,drifted
2026-03-02,hrp,IWM,0.15767371487633577,drifted
2026-03-02,hrp,EFA,0.16668608919560074,drifted
2026-03-02,hrp,IEF,0.4,drifted
2026-03-03,hrp,SPY,0.14337743370013944,drifted
2026-03-03,hrp,QQQ,0.13263079558056146,drifted
2026-03-03,hrp,IWM,0.15667270613432674,drifted
2026-03-03,hrp,EFA,0.1633100711317556,drifted
2026-03-03,hrp,IEF,0.4040089934532167,drifted
2026-03-04,hrp,SPY,0.14355236444769706,drifted
2026-03-04,hrp,QQQ,0.13387229308477486,drifted
2026-03-04,hrp,IWM,0.1572790323800269,drifted
2026-03-04,hrp,EFA,0.1644564007639898,drifted
2026-03-04,hrp,IEF,0.4008399093235113,drifted
2026-03-05,hrp,SPY,0.14405587721161717,drifted
2026-03-05,hrp,QQQ,0.13468806702993236,drifted
2026-03-05,hrp,IWM,0.15568390260169856,drifted
2026-03-05,hrp,EFA,0.16232442206098177,drifted
2026-03-05,hrp,IEF,0.4032477310957701,drifted
2026-03-06,hrp,SPY,0.14348270780459704,drifted
2026-03-06,hrp,QQQ,0.1338889756860891,drifted
2026-03-06,hrp,IWM,0.1535317911465064,drifted
2026-03-06,hrp,EFA,0.1623719610972066,drifted
2026-03-06,hrp,IEF,0.40672456426560083,drifted
2026-03-09,hrp,SPY,0.14371154009773005,drifted
2026-03-09,hrp,QQQ,0.13471343651821827,drifted
2026-03-09,hrp,IWM,0.15410000615589303,drifted
2026-03-09,hrp,EFA,0.162383330700673,drifted
2026-03-09,hrp,IEF,0.40509168652748556,drifted
2026-03-10,hrp,SPY,0.1436684074184986,drifted
2026-03-10,hrp,QQQ,0.134892015887623,drifted
2026-03-10,hrp,IWM,0.15414354729328578,drifted
2026-03-10,hrp,EFA,0.16297368989136526,drifted
2026-03-10,hrp,IEF,0.40432233950922736,drifted
2026-03-11,hrp,SPY,0.14387625115738728,drifted
2026-03-11,hrp,QQQ,0.13523913237769722,drifted
2026-03-11,hrp,IWM,0.15424943271708041,drifted
2026-03-11,hrp,EFA,0.16306871019799996,drifted
2026-03-11,hrp,IEF,0.4035664735498352,drifted
2026-03-12,hrp,SPY,0.1433660932316283,drifted
2026-03-12,hrp,QQQ,0.13448887876312549,drifted
2026-03-12,hrp,IWM,0.15271459159228773,drifted
2026-03-12,hrp,EFA,0.1624129392130711,drifted
2026-03-12,hrp,IEF,0.40701749719988733,drifted
2026-03-13,hrp,SPY,0.14319517294472153,drifted
2026-03-13,hrp,QQQ,0.13429246291965538,drifted
2026-03-13,hrp,IWM,0.1528923612152582,drifted
2026-03-13,hrp,EFA,0.16120094738035406,drifted
2026-03-13,hrp,IEF,0.40841905554001073,drifted
2026-03-16,hrp,SPY,0.14332543854276372,drifted
2026-03-16,hrp,QQQ,0.134553096617128,drifted
2026-03-16,hrp,IWM,0.15292117494033416,drifted
2026-03-16,hrp,EFA,0.16270757753365658,drifted
2026-03-16,hrp,IEF,0.4064927123661176,drifted
2026-03-17,hrp,SPY,0.143248559563223,drifted
2026-03-17,hrp,QQQ,0.1347826676329448,drifted
2026-03-17,hrp,IWM,0.15340255098498518,drifted
2026-03-17,hrp,EFA,0.16264005921358973,drifted
2026-03-17,hrp,IEF,0.40592616260525743,drifted
2026-03-18,hrp,SPY,0.14281850494379772,drifted
2026-03-18,hrp,QQQ,0.1343799276731609,drifted
2026-03-18,hrp,IWM,0.15260651035858805,drifted
2026-03-18,hrp,EFA,0.1616379458818632,drifted
2026-03-18,hrp,IEF,0.4085571111425902,drifted
2026-03-19,hrp,SPY,0.14248149310802474,drifted
2026-03-19,hrp,QQQ,0.13396930550308617,drifted
2026-03-19,hrp,IWM,0.15362129013726994,drifted
2026-03-19,hrp,EFA,0.16137065435782072,drifted
2026-03-19,hrp,IEF,0.40855725689379846,drifted
2026-03-20,hrp,SPY,0.14278679334418504,drifted
2026-03-20,hrp,QQQ,0.13369166007164168,drifted
2026-03-20,hrp,IWM,0.15277727931621538,drifted
2026-03-20,hrp,EFA,0.159087953702666,drifted
2026-03-20,hrp,IEF,0.41165631356529186,drifted
2026-03-23,hrp,SPY,0.14265142746909323,drifted
2026-03-23,hrp,QQQ,0.13369431498633694,drifted
2026-03-23,hrp,IWM,0.15430783336815868,drifted
2026-03-23,hrp,EFA,0.16106693849265794,drifted
2026-03-23,hrp,IEF,0.40827948568375316,drifted
2026-03-24,hrp,SPY,0.14258522094464066,drifted
2026-03-24,hrp,QQQ,0.13316565501769592,drifted
2026-03-24,hrp,IWM,0.155587492602941,drifted
2026-03-24,hrp,EFA,0.1605737176351706,drifted
2026-03-24,hrp,IEF,0.4080879137995518,drifted
2026-03-25,hrp,SPY,0.1422326658189435,drifted
2026-03-25,hrp,QQQ,0.13296887973888186,drifted
2026-03-25,hrp,IWM,0.1562286994726515,drifted
2026-03-25,hrp,EFA,0.16161306968336228,drifted
2026-03-25,hrp,IEF,0.40695668528616075,drifted
2026-03-26,hrp,SPY,0.14182867443675493,drifted
2026-03-26,hrp,QQQ,0.1317799427946055,drifted
2026-03-26,hrp,IWM,0.15585876243061125,drifted
2026-03-26,hrp,EFA,0.1606892881198336,drifted
2026-03-26,hrp,IEF,0.4098433322181947,drifted
2026-03-27,hrp,SPY,0.14069664927408174,drifted
2026-03-27,hrp,QQQ,0.1303976493634365,drifted
2026-03-27,hrp,IWM,0.15453804575994634,drifted
2026-03-27,hrp,EFA,0.16069871181981799,drifted
2026-03-27,hrp,IEF,0.41366894378271746,drifted
2026-03-30,hrp,SPY,0.14026739197606813,drifted
2026-03-30,hrp,QQQ,0.1294389641149315,drifted
2026-03-30,hrp,IWM,0.15236414077387286,drifted
2026-03-30,hrp,EFA,0.16120854887395877,drifted
2026-03-30,hrp,IEF,0.4167209542611687,drifted
2026-03-31,hrp,SPY,0.14154464075919215,drifted
2026-03-31,hrp,QQQ,0.13122508417909728,drifted
2026-03-31,hrp,IWM,0.15464013717795225,drifted
2026-03-31,hrp,EFA,0.16322362200388213,drifted
2026-03-31,hrp,IEF,0.40936651587987616,drifted
2026-04-01,hrp,SPY,0.14721102951898332,target
2026-04-01,hrp,QQQ,0.1346444151692373,target
2026-04-01,hrp,IWM,0.1628111568008838,target
2026-04-01,hrp,EFA,0.1553333985108955,target
2026-04-01,hrp,IEF,0.4,target
2026-04-01,hrp,SPY,0.14721102951898332,drifted
2026-04-01,hrp,QQQ,0.1346444151692373,drifted
2026-04-01,hrp,IWM,0.1628111568008838,drifted
2026-04-01,hrp,EFA,0.1553333985108955,drifted
2026-04-01,hrp,IEF,0.4,drifted
2026-04-02,hrp,SPY,0.1471404471514014,drifted
2026-04-02,hrp,QQQ,0.13461295070341234,drifted
2026-04-02,hrp,IWM,0.16371377079795513,drifted
2026-04-02,hrp,EFA,0.1541596722196431,drifted
2026-04-02,hrp,IEF,0.4003731591275881,drifted
2026-04-06,hrp,SPY,0.14755226740893995,drifted
2026-04-06,hrp,QQQ,0.1351630895251627,drifted
2026-04-06,hrp,IWM,0.16409537577404923,drifted
2026-04-06,hrp,EFA,0.15463316236886884,drifted
2026-04-06,hrp,IEF,0.39855610492297927,drifted
2026-04-07,hrp,SPY,0.14743581458650784,drifted
2026-04-07,hrp,QQQ,0.13501767273608126,drifted
2026-04-07,hrp,IWM,0.16425094553248,drifted
2026-04-07,hrp,EFA,0.15422362493321282,drifted
2026-04-07,hrp,IEF,0.39907194221171793,drifted
2026-04-08,hrp,SPY,0.1482873755501122,drifted
2026-04-08,hrp,QQQ,0.13636196281193047,drifted
2026-04-08,hrp,IWM,0.1659120677725173,drifted
2026-04-08,hrp,EFA,0.15716772763510353,drifted
2026-04-08,hrp,IEF,0.3922708662303366,drifted
2026-04-09,hrp,SPY,0.14881031972434122,drifted
2026-04-09,hrp,QQQ,0.13697830837886757,drifted
2026-04-09,hrp,IWM,0.16648911311746256,drifted
2026-04-09,hrp,EFA,0.1564490040323716,drifted
2026-04-09,hrp,IEF,0.391273254746957,drifted
2026-04-10,hrp,SPY,0.14880462717889797,drifted
2026-04-10,hrp,QQQ,0.1372614325407945,drifted
2026-04-10,hrp,IWM,0.16617326097363327,drifted
2026-04-10,hrp,EFA,0.15689977799605856,drifted
2026-04-10,hrp,IEF,0.3908609013106156,drifted
2026-04-13,hrp,SPY,0.1491994426605208,drifted
2026-04-13,hrp,QQQ,0.13770334016584188,drifted
2026-04-13,hrp,IWM,0.1673823095929283,drifted
2026-04-13,hrp,EFA,0.15675414974297028,drifted
2026-04-13,hrp,IEF,0.38896075783773865,drifted
2026-04-14,hrp,SPY,0.14964791441349343,drifted
2026-04-14,hrp,QQQ,0.13893217003198977,drifted
2026-04-14,hrp,IWM,0.16814837842873195,drifted
2026-04-14,hrp,EFA,0.1565866513905832,drifted
2026-04-14,hrp,IEF,0.38668488573520177,drifted
2026-04-15,hrp,SPY,0.15049788147316312,drifted
2026-04-15,hrp,QQQ,0.14056806796135712,drifted
2026-04-15,hrp,IWM,0.1681978049964268,drifted
2026-04-15,hrp,EFA,0.1557456138808408,drifted
2026-04-15,hrp,IEF,0.3849906316882121,drifted
2026-04-16,hrp,SPY,0.15082857025642618,drifted
2026-04-16,hrp,QQQ,0.1412084649875877,drifted
2026-04-16,hrp,IWM,0.1685037155463816,drifted
2026-04-16,hrp,EFA,0.15525306784629817,drifted
2026-04-16,hrp,IEF,0.38420618136330636,drifted
2026-04-17,hrp,SPY,0.15093412050603233,drifted
2026-04-17,hrp,QQQ,0.1414466781464705,drifted
2026-04-17,hrp,IWM,0.17020621015221019,drifted
2026-04-17,hrp,EFA,0.15545865968845118,drifted
2026-04-17,hrp,IEF,0.3819543315068358,drifted
2026-04-20,hrp,SPY,0.15074553515170022,drifted
2026-04-20,hrp,QQQ,0.14110361067167854,drifted
2026-04-20,hrp,IWM,0.17130389717080616,drifted
2026-04-20,hrp,EFA,0.15496409649186965,drifted
2026-04-20,hrp,IEF,0.3818828605139454,drifted
2026-04-21,hrp,SPY,0.15101985704064017,drifted
2026-04-21,hrp,QQQ,0.14175078149413342,drifted
2026-04-21,hrp,IWM,0.1709777056427049,drifted
2026-04-21,hrp,EFA,0.15284028786050258,drifted
2026-04-21,hrp,IEF,0.3834113679620189,drifted
2026-04-22,hrp,SPY,0.15163317045735575,drifted
2026-04-22,hrp,QQQ,0.14325692233066217,drifted
2026-04-22,hrp,IWM,0.17117065161504372,drifted
2026-04-22,hrp,EFA,0.1524307843784161,drifted
2026-04-22,hrp,IEF,0.3815084712185223,drifted
2026-04-23,hrp,SPY,0.15160262738323396,drifted
2026-04-23,hrp,QQQ,0.1429761604936118,drifted
2026-04-23,hrp,IWM,0.17120635187022729,drifted
2026-04-23,hrp,EFA,0.15189852878173293,drifted
2026-04-23,hrp,IEF,0.382316331471194,drifted
2026-04-24,hrp,SPY,0.15184079835396877,drifted
2026-04-24,hrp,QQQ,0.14481761459130177,drifted
2026-04-24,hrp,IWM,0.17085457551555308,drifted
2026-04-24,hrp,EFA,0.15175758455835053,drifted
2026-04-24,hrp,IEF,0.3807294269808258,drifted
2026-04-27,hrp,SPY,0.15222683633403722,drifted
2026-04-27,hrp,QQQ,0.1450125143470358,drifted
2026-04-27,hrp,IWM,0.17129726209615304,drifted
2026-04-27,hrp,EFA,0.15129972571090508,drifted
2026-04-27,hrp,IEF,0.38016366151186887,drifted
2026-04-28,hrp,SPY,0.15227506593051077,drifted
2026-04-28,hrp,QQQ,0.1443018127793102,drifted
2026-04-28,hrp,IWM,0.17018256836361223,drifted
2026-04-28,hrp,EFA,0.15145764028954078,drifted
2026-04-28,hrp,IEF,0.381782912637026,drifted
2026-04-29,hrp,SPY,0.15280578847770748,drifted
2026-04-29,hrp,QQQ,0.14571254607892853,drifted
2026-04-29,hrp,IWM,0.16966095488245764,drifted
2026-04-29,hrp,EFA,0.15045820231622703,drifted
2026-04-29,hrp,IEF,0.3813625082446794,drifted
2026-04-30,hrp,SPY,0.15266594791036842,drifted
2026-04-30,hrp,QQQ,0.14548933632172728,drifted
2026-04-30,hrp,IWM,0.17146911053955274,drifted
2026-04-30,hrp,EFA,0.1523993603151388,drifted
2026-04-30,hrp,IEF,0.37797624491321286,drifted
2026-05-01,hrp,SPY,0.16374948345073365,target
2026-05-01,hrp,QQQ,0.1331520812904596,target
2026-05-01,hrp,IWM,0.1525010363682558,target
2026-05-01,hrp,EFA,0.1505973988905509,target
2026-05-01,hrp,IEF,0.4,target
2026-05-01,hrp,SPY,0.16374948345073365,drifted
2026-05-01,hrp,QQQ,0.1331520812904596,drifted
2026-05-01,hrp,IWM,0.1525010363682558,drifted
2026-05-01,hrp,EFA,0.1505973988905509,drifted
2026-05-01,hrp,IEF,0.4,drifted
2026-05-04,hrp,SPY,0.1639954857307421,drifted
2026-05-04,hrp,QQQ,0.13359028342048415,drifted
2026-05-04,hrp,IWM,0.15252329066700143,drifted
2026-05-04,hrp,EFA,0.1493024848991704,drifted
2026-05-04,hrp,IEF,0.40058845528260184,drifted
2026-05-05,hrp,SPY,0.16396681313065248,drifted
2026-05-05,hrp,QQQ,0.13422305789953423,drifted
2026-05-05,hrp,IWM,0.15383085818193734,drifted
2026-05-05,hrp,EFA,0.15005897708649094,drifted
2026-05-05,hrp,IEF,0.39792029370138493,drifted
2026-05-06,hrp,SPY,0.16404313322954525,drifted
2026-05-06,hrp,QQQ,0.1351960858438837,drifted
2026-05-06,hrp,IWM,0.154070369532767,drifted
2026-05-06,hrp,EFA,0.15209028045160505,drifted
2026-05-06,hrp,IEF,0.3946001309421989,drifted
2026-05-07,hrp,SPY,0.1647085749691237,drifted
2026-05-07,hrp,QQQ,0.1359995592564128,drifted
2026-05-07,hrp,IWM,0.15271480930758677,drifted
2026-05-07,hrp,EFA,0.15037087320931716,drifted
2026-05-07,hrp,IEF,0.3962061832575596,drifted
2026-05-08,hrp,SPY,0.16471923668645866,drifted
2026-05-08,hrp,QQQ,0.13805671522790727,drifted
2026-05-08,hrp,IWM,0.15249911683719594,drifted
2026-05-08,hrp,EFA,0.1507002902804144,drifted
2026-05-08,hrp,IEF,0.3940246409680237,drifted
2026-05-11,hrp,SPY,0.16513554509042933,drifted
2026-05-11,hrp,QQQ,0.1384910930478587,drifted
2026-05-11,hrp,IWM,0.1531597619239048,drifted
2026-05-11,hrp,EFA,0.15041885711139555,drifted
2026-05-11,hrp,IEF,0.3927947428264117,drifted
2026-05-12,hrp,SPY,0.16573134785184335,drifted
2026-05-12,hrp,QQQ,0.13802094801403147,drifted
2026-05-12,hrp,IWM,0.15245646902390447,drifted
2026-05-12,hrp,EFA,0.15031616244553303,drifted
2026-05-12,hrp,IEF,0.39347507266468773,drifted
2026-05-13,hrp,SPY,0.1660864841566258,drifted
2026-05-13,hrp,QQQ,0.1389999612430276,drifted
2026-05-13,hrp,IWM,0.1519868923231318,drifted
2026-05-13,hrp,EFA,0.15080231218406384,drifted
2026-05-13,hrp,IEF,0.39212435009315083,drifted
2026-05-14,hrp,SPY,0.16698526820662316,drifted
2026-05-14,hrp,QQQ,0.1396431055300895,drifted
2026-05-14,hrp,IWM,0.15256722589319907,drifted
2026-05-14,hrp,EFA,0.14989478554016625,drifted
2026-05-14,hrp,IEF,0.3909096148299219,drifted
2026-05-15,hrp,SPY,0.16722081441545725,drifted
2026-05-15,hrp,QQQ,0.13940718142975975,drifted
2026-05-15,hrp,IWM,0.1509186213350965,drifted
2026-05-15,hrp,EFA,0.14937863656745087,drifted
2026-05-15,hrp,IEF,0.3930747462522356,drifted
2026-05-18,hrp,SPY,0.1671685922508716,drifted
2026-05-18,hrp,QQQ,0.13886176263149766,drifted
2026-05-18,hrp,IWM,0.1500912058111908,drifted
2026-05-18,hrp,EFA,0.15081808127635749,drifted
2026-05-18,hrp,IEF,0.39306035803008255,drifted
2026-05-19,hrp,SPY,0.1670886449924528,drifted
2026-05-19,hrp,QQQ,0.13886498849964624,drifted
2026-05-19,hrp,IWM,0.14940003722869727,drifted
2026-05-19,hrp,EFA,0.15066286516718247,drifted
2026-05-19,hrp,IEF,0.3939834641120212,drifted
2026-05-20,hrp,SPY,0.166642925176361,drifted
2026-05-20,hrp,QQQ,0.1393602434285549,drifted
2026-05-20,hrp,IWM,0.15120144499524066,drifted
2026-05-20,hrp,EFA,0.15121746611996595,drifted
2026-05-20,hrp,IEF,0.3915779202798775,drifted
2026-05-21,hrp,SPY,0.16645834891688635,drifted
2026-05-21,hrp,QQQ,0.1391953183019824,drifted
2026-05-21,hrp,IWM,0.1521461432703337,drifted
2026-05-21,hrp,EFA,0.15158027587455802,drifted
2026-05-21,hrp,IEF,0.3906199136362395,drifted
2026-05-22,hrp,SPY,0.1666646531866769,drifted
2026-05-22,hrp,QQQ,0.1394107388953399,drifted
2026-05-22,hrp,IWM,0.15315084231277745,drifted
2026-05-22,hrp,EFA,0.15086909659150197,drifted
2026-05-22,hrp,IEF,0.3899046690137038,drifted
2026-05-26,hrp,SPY,0.1661417625248744,drifted
2026-05-26,hrp,QQQ,0.14050806579586117,drifted
2026-05-26,hrp,IWM,0.1545306216295252,drifted
2026-05-26,hrp,EFA,0.15105630393067807,drifted
2026-05-26,hrp,IEF,0.3877632461190612,drifted
2026-05-27,hrp,SPY,0.16621532814869722,drifted
2026-05-27,hrp,QQQ,0.1404348326041003,drifted
2026-05-27,hrp,IWM,0.15455130382294371,drifted
2026-05-27,hrp,EFA,0.1506317790848987,drifted
2026-05-27,hrp,IEF,0.3881667563393601,drifted
2026-05-28,hrp,SPY,0.16650372896788754,drifted
2026-05-28,hrp,QQQ,0.14108626401074886,drifted
2026-05-28,hrp,IWM,0.15485031506947236,drifted
2026-05-28,hrp,EFA,0.14995071705328347,drifted
2026-05-28,hrp,IEF,0.3876089748986078,drifted
2026-05-29,hrp,SPY,0.16680267262746856,drifted
2026-05-29,hrp,QQQ,0.1415077144368143,drifted
2026-05-29,hrp,IWM,0.15389497553015222,drifted
2026-05-29,hrp,EFA,0.1500040659064935,drifted
2026-05-29,hrp,IEF,0.38779057149907126,drifted
2026-06-01,hrp,SPY,0.17261195354166217,target
2026-06-01,hrp,QQQ,0.1333001070331047,target
2026-06-01,hrp,IWM,0.15477214544861526,target
2026-06-01,hrp,EFA,0.1393157939766179,target
2026-06-01,hrp,IEF,0.4,target
2026-06-01,hrp,SPY,0.17261195354166217,drifted
2026-06-01,hrp,QQQ,0.1333001070331047,drifted
2026-06-01,hrp,IWM,0.15477214544861526,drifted
2026-06-01,hrp,EFA,0.1393157939766179,drifted
2026-06-01,hrp,IEF,0.4,drifted
2026-06-02,hrp,SPY,0.17226846616994132,drifted
2026-06-02,hrp,QQQ,0.1334661751551353,drifted
2026-06-02,hrp,IWM,0.155685240060166,drifted
2026-06-02,hrp,EFA,0.13962109551147933,drifted
2026-06-02,hrp,IEF,0.398959023103278,drifted
2026-06-03,hrp,SPY,0.17207486894302723,drifted
2026-06-03,hrp,QQQ,0.13390744524963832,drifted
2026-06-03,hrp,IWM,0.15446677431782574,drifted
2026-06-03,hrp,EFA,0.1392461326031112,drifted
2026-06-03,hrp,IEF,0.40030477888639754,drifted
2026-06-04,hrp,SPY,0.17204482790010628,drifted
2026-06-04,hrp,QQQ,0.13273486028224307,drifted
2026-06-04,hrp,IWM,0.1561796509872561,drifted
2026-06-04,hrp,EFA,0.13980336297950594,drifted
2026-06-04,hrp,IEF,0.3992372978508885,drifted
2026-06-05,hrp,SPY,0.1713846879113727,drifted
2026-06-05,hrp,QQQ,0.1292135087645344,drifted
2026-06-05,hrp,IWM,0.15403624435215693,drifted
2026-06-05,hrp,EFA,0.13929240903271442,drifted
2026-06-05,hrp,IEF,0.40607314993922156,drifted
2026-06-08,hrp,SPY,0.17106079306819255,drifted
2026-06-08,hrp,QQQ,0.1306873714731668,drifted
2026-06-08,hrp,IWM,0.15473761384091522,drifted
2026-06-08,hrp,EFA,0.13955610154685283,drifted
2026-06-08,hrp,IEF,0.40395812007087256,drifted
2026-06-09,hrp,SPY,0.17062009674365966,drifted
2026-06-09,hrp,QQQ,0.12923006173452084,drifted
2026-06-09,hrp,IWM,0.15528917603649123,drifted
2026-06-09,hrp,EFA,0.13963353053530633,drifted
2026-06-09,hrp,IEF,0.4052271349500219,drifted
2026-06-10,hrp,SPY,0.1694695289768445,drifted
2026-06-10,hrp,QQQ,0.12780941968137297,drifted
2026-06-10,hrp,IWM,0.15507965290028142,drifted
2026-06-10,hrp,EFA,0.13909216270236793,drifted
2026-06-10,hrp,IEF,0.40854923573913315,drifted
2026-06-11,hrp,SPY,0.16914373293674237,drifted
2026-06-11,hrp,QQQ,0.12966834194344246,drifted
2026-06-11,hrp,IWM,0.15670576604255854,drifted
2026-06-11,hrp,EFA,0.14075149304984427,drifted
2026-06-11,hrp,IEF,0.40373066602741225,drifted
2026-06-12,hrp,SPY,0.16959154133056908,drifted
2026-06-12,hrp,QQQ,0.13007325240519266,drifted
2026-06-12,hrp,IWM,0.15764230055269055,drifted
2026-06-12,hrp,EFA,0.1407536659129756,drifted
2026-06-12,hrp,IEF,0.40193923979857205,drifted
2026-06-15,hrp,SPY,0.17091780765448789,drifted
2026-06-15,hrp,QQQ,0.13286555373643633,drifted
2026-06-15,hrp,IWM,0.1573961388502119,drifted
2026-06-15,hrp,EFA,0.1403347447394596,drifted
2026-06-15,hrp,IEF,0.3984857550194044,drifted
2026-06-16,hrp,SPY,0.17051052304217698,drifted
2026-06-16,hrp,QQQ,0.13080962891384032,drifted
2026-06-16,hrp,IWM,0.15659028837240085,drifted
2026-06-16,hrp,EFA,0.14115119321349043,drifted
2026-06-16,hrp,IEF,0.40093836645809144,drifted
2026-06-17,hrp,SPY,0.16964748978423955,drifted
2026-06-17,hrp,QQQ,0.13046615785838903,drifted
2026-06-17,hrp,IWM,0.15657957747959605,drifted
2026-06-17,hrp,EFA,0.1414901161617067,drifted
2026-06-17,hrp,IEF,0.4018166587160687,drifted
2026-06-18,hrp,SPY,0.16964189239437164,drifted
2026-06-18,hrp,QQQ,0.13235583032084464,drifted
2026-06-18,hrp,IWM,0.15801569956622996,drifted
2026-06-18,hrp,EFA,0.14087962405942459,drifted
2026-06-18,hrp,IEF,0.3991069536591292,drifted
2026-06-22,hrp,SPY,0.1692391735820022,drifted
2026-06-22,hrp,QQQ,0.1321259712512355,drifted
2026-06-22,hrp,IWM,0.159523858364653,drifted
2026-06-22,hrp,EFA,0.14121842195421774,drifted
2026-06-22,hrp,IEF,0.39789257484789153,drifted
2026-06-23,hrp,SPY,0.16858419751893527,drifted
2026-06-23,hrp,QQQ,0.12915629941922244,drifted
2026-06-23,hrp,IWM,0.15970151994838852,drifted
2026-06-23,hrp,EFA,0.13985116731118505,drifted
2026-06-23,hrp,IEF,0.40270681580226875,drifted
2026-06-24,hrp,SPY,0.16809400267556773,drifted
2026-06-24,hrp,QQQ,0.12829343746836236,drifted
2026-06-24,hrp,IWM,0.16005003984690452,drifted
2026-06-24,hrp,EFA,0.13923686733841883,drifted
2026-06-24,hrp,IEF,0.4043256526707466,drifted
2026-06-25,hrp,SPY,0.16767496087354802,drifted
2026-06-25,hrp,QQQ,0.1288246768397405,drifted
2026-06-25,hrp,IWM,0.16061345265300858,drifted
2026-06-25,hrp,EFA,0.13989632341773198,drifted
2026-06-25,hrp,IEF,0.402990586215971,drifted
2026-06-26,hrp,SPY,0.16684590641196473,drifted
2026-06-26,hrp,QQQ,0.12734426452907555,drifted
2026-06-26,hrp,IWM,0.16147892023938815,drifted
2026-06-26,hrp,EFA,0.13938937123451034,drifted
2026-06-26,hrp,IEF,0.4049415375850613,drifted
2026-06-29,hrp,SPY,0.16844661457307447,drifted
2026-06-29,hrp,QQQ,0.12962583576208542,drifted
2026-06-29,hrp,IWM,0.15992577949602663,drifted
2026-06-29,hrp,EFA,0.1396744384171456,drifted
2026-06-29,hrp,IEF,0.4023273317516678,drifted
2026-06-30,hrp,SPY,0.16928164273988588,drifted
2026-06-30,hrp,QQQ,0.13146123605108428,drifted
2026-06-30,hrp,IWM,0.16026622570726753,drifted
2026-06-30,hrp,EFA,0.1398612118081235,drifted
2026-06-30,hrp,IEF,0.39912968369363877,drifted
2026-07-01,hrp,SPY,0.17118185233057887,target
2026-07-01,hrp,QQQ,0.128373955324933,target
2026-07-01,hrp,IWM,0.1614289939811907,target
2026-07-01,hrp,EFA,0.13901519836329748,target
2026-07-01,hrp,IEF,0.4,target
2026-07-01,hrp,SPY,0.17118185233057887,drifted
2026-07-01,hrp,QQQ,0.128373955324933,drifted
2026-07-01,hrp,IWM,0.1614289939811907,drifted
2026-07-01,hrp,EFA,0.13901519836329748,drifted
2026-07-01,hrp,IEF,0.4,drifted
2026-07-02,hrp,SPY,0.1711595652334497,drifted
2026-07-02,hrp,QQQ,0.12629828197429685,drifted
2026-07-02,hrp,IWM,0.16068082296764225,drifted
2026-07-02,hrp,EFA,0.1410038466819282,drifted
2026-07-02,hrp,IEF,0.400857483142683,drifted
2026-07-06,hrp,SPY,0.17166694567489657,drifted
2026-07-06,hrp,QQQ,0.12737773056693077,drifted
2026-07-06,hrp,IWM,0.1604714993491143,drifted
2026-07-06,hrp,EFA,0.14166244076136164,drifted
2026-07-06,hrp,IEF,0.3988213836476967,drifted
2026-07-07,hrp,SPY,0.17230011021791414,drifted
2026-07-07,hrp,QQQ,0.12607831256908475,drifted
2026-07-07,hrp,IWM,0.16036511451995888,drifted
2026-07-07,hrp,EFA,0.14110274324070987,drifted
2026-07-07,hrp,IEF,0.40015371945233236,drifted
2026-07-08,hrp,SPY,0.17237758539088188,drifted
2026-07-08,hrp,QQQ,0.1268843798647202,drifted
2026-07-08,hrp,IWM,0.15946195654681744,drifted
2026-07-08,hrp,EFA,0.14051607224878948,drifted
2026-07-08,hrp,IEF,0.400760005948791,drifted
2026-07-09,hrp,SPY,0.17258859625443226,drifted
2026-07-09,hrp,QQQ,0.1280697950148406,drifted
2026-07-09,hrp,IWM,0.1603452726850931,drifted
2026-07-09,hrp,EFA,0.14026295744236836,drifted
2026-07-09,hrp,IEF,0.39873337860326563,drifted
2026-07-10,hrp,SPY,0.1732151379666672,drifted
2026-07-10,hrp,QQQ,0.1283776909211957,drifted
2026-07-10,hrp,IWM,0.15956286467626177,drifted
2026-07-10,hrp,EFA,0.1407210237158767,drifted
2026-07-10,hrp,IEF,0.3981232827199985,drifted
2026-07-13,hrp,SPY,0.17328071275496573,drifted
2026-07-13,hrp,QQQ,0.126960809558939,drifted
2026-07-13,hrp,IWM,0.1594907703532001,drifted
2026-07-13,hrp,EFA,0.14037829158259016,drifted
2026-07-13,hrp,IEF,0.39988941575030496,drifted
2026-07-14,hrp,SPY,0.17308479027929435,drifted
2026-07-14,hrp,QQQ,0.1277800917619685,drifted
2026-07-14,hrp,IWM,0.15930392443041277,drifted
2026-07-14,hrp,EFA,0.1406979021472993,drifted
2026-07-14,hrp,IEF,0.39913329138102505,drifted
2026-07-15,hrp,SPY,0.17326205794832567,drifted
2026-07-15,hrp,QQQ,0.12706075822876026,drifted
2026-07-15,hrp,IWM,0.15951703966046832,drifted
2026-07-15,hrp,EFA,0.14121706327993605,drifted
2026-07-15,hrp,IEF,0.3989430808825097,drifted
2026-07-16,hrp,SPY,0.17310453494570507,drifted
2026-07-16,hrp,QQQ,0.1255384413596829,drifted
2026-07-16,hrp,IWM,0.16014278914321473,drifted
2026-07-16,hrp,EFA,0.14071868527883402,drifted
2026-07-16,hrp,IEF,0.40049554927256326,drifted
2026-07-17,hrp,SPY,0.17217947242385204,drifted
2026-07-17,hrp,QQQ,0.12422029559701266,drifted
2026-07-17,hrp,IWM,0.16003563868402254,drifted
2026-07-17,hrp,EFA,0.1407121709634902,drifted
2026-07-17,hrp,IEF,0.40285242233162255,drifted
2026-07-20,hrp,SPY,0.17249002916456427,drifted
2026-07-20,hrp,QQQ,0.12477643329927296,drifted
2026-07-20,hrp,IWM,0.15963872816450198,drifted
2026-07-20,hrp,EFA,0.14015541280987773,drifted
2026-07-20,hrp,IEF,0.40293939656178307,drifted
2026-07-21,hrp,SPY,0.17270120059016209,drifted
2026-07-21,hrp,QQQ,0.1261936588819413,drifted
2026-07-21,hrp,IWM,0.16080579015384291,drifted
2026-07-21,hrp,EFA,0.14118778533548382,drifted
2026-07-21,hrp,IEF,0.3991115650385699,drifted
2026-07-22,hrp,SPY,0.17301543311558687,drifted
2026-07-22,hrp,QQQ,0.12592416639040702,drifted
2026-07-22,hrp,IWM,0.1597901998259372,drifted
2026-07-22,hrp,EFA,0.14186790086334447,drifted
2026-07-22,hrp,IEF,0.3994022998047245,drifted
2026-07-23,hrp,SPY,0.17231965088288037,drifted
2026-07-23,hrp,QQQ,0.12457532315622782,drifted
2026-07-23,hrp,IWM,0.16020510897423626,drifted
2026-07-23,hrp,EFA,0.14121148688295723,drifted
2026-07-23,hrp,IEF,0.4016884301036983,drifted
2026-07-24,hrp,SPY,0.1725365707576664,drifted
2026-07-24,hrp,QQQ,0.12321355160670086,drifted
2026-07-24,hrp,IWM,0.15973927093301704,drifted
2026-07-24,hrp,EFA,0.14194580098124918,drifted
2026-07-24,hrp,IEF,0.4025648057213665,drifted
2026-07-27,hrp,SPY,0.17216417321872463,drifted
2026-07-27,hrp,QQQ,0.1225419287891892,drifted
2026-07-27,hrp,IWM,0.16031227905677534,drifted
2026-07-27,hrp,EFA,0.14229345043239003,drifted
2026-07-27,hrp,IEF,0.4026881685029208,drifted
2026-07-28,hrp,SPY,0.17246361216730996,drifted
2026-07-28,hrp,QQQ,0.12127150089887712,drifted
2026-07-28,hrp,IWM,0.16045904224305083,drifted
2026-07-28,hrp,EFA,0.14217302376494775,drifted
2026-07-28,hrp,IEF,0.4036328209258143,drifted
2026-07-29,hrp,SPY,0.17154997397345886,drifted
2026-07-29,hrp,QQQ,0.12001856467664682,drifted
2026-07-29,hrp,IWM,0.15945109808106606,drifted
2026-07-29,hrp,EFA,0.14291104456555362,drifted
2026-07-29,hrp,IEF,0.4060693187032746,drifted
2026-07-30,hrp,SPY,0.17215420099692275,drifted
2026-07-30,hrp,QQQ,0.12236126711278844,drifted
2026-07-30,hrp,IWM,0.15956655418957996,drifted
2026-07-30,hrp,EFA,0.1449657416742603,drifted
2026-07-30,hrp,IEF,0.4009522360264486,drifted
2026-07-31,hrp,SPY,0.1735225706050852,drifted
2026-07-31,hrp,QQQ,0.1232476140121858,drifted
2026-07-31,hrp,IWM,0.15892654405174209,drifted
2026-07-31,hrp,EFA,0.14417225150180257,drifted
2026-07-31,hrp,IEF,0.40013101982918436,drifted
2026-08-03,hrp,SPY,0.16928212258026382,target
2026-08-03,hrp,QQQ,0.12587769026718243,target
2026-08-03,hrp,IWM,0.1665170445809202,target
2026-08-03,hrp,EFA,0.13832314257163353,target
2026-08-03,hrp,IEF,0.4,target
2026-08-03,hrp,SPY,0.16928212258026382,drifted
2026-08-03,hrp,QQQ,0.12587769026718243,drifted
2026-08-03,hrp,IWM,0.1665170445809202,drifted
2026-08-03,hrp,EFA,0.13832314257163353,drifted
2026-08-03,hrp,IEF,0.4,drifted
2026-08-04,hrp,SPY,0.16996092080964575,drifted
2026-08-04,hrp,QQQ,0.12836117714110992,drifted
2026-08-04,hrp,IWM,0.1672676058664992,drifted
2026-08-04,hrp,EFA,0.1380910633849593,drifted
2026-08-04,hrp,IEF,0.39631923279778597,drifted
2026-08-05,hrp,SPY,0.16999214484187078,drifted
2026-08-05,hrp,QQQ,0.12747754830465116,drifted
2026-08-05,hrp,IWM,0.16655514738037408,drifted
2026-08-05,hrp,EFA,0.13853459174564164,drifted
2026-08-05,hrp,IEF,0.3974405677274623,drifted
2026-08-06,hrp,SPY,0.17026720788958685,drifted
2026-08-06,hrp,QQQ,0.12741569249800436,drifted
2026-08-06,hrp,IWM,0.16624439244178932,drifted
2026-08-06,hrp,EFA,0.13889026029636395,drifted
2026-08-06,hrp,IEF,0.3971824468742556,drifted
2026-08-07,hrp,SPY,0.1701412997504521,drifted
2026-08-07,hrp,QQQ,0.12803149136295072,drifted
2026-08-07,hrp,IWM,0.16694415939890356,drifted
2026-08-07,hrp,EFA,0.13947298406444203,drifted
2026-08-07,hrp,IEF,0.3954100654232515,drifted
2026-08-10,hrp,SPY,0.17072949394384435,drifted
2026-08-10,hrp,QQQ,0.12812840753155477,drifted
2026-08-10,hrp,IWM,0.16669317750486146,drifted
2026-08-10,hrp,EFA,0.13930035767154558,drifted
2026-08-10,hrp,IEF,0.3951485633481938,drifted
2026-08-11,hrp,SPY,0.170157206328241,drifted
2026-08-11,hrp,QQQ,0.12767818451137314,drifted
2026-08-11,hrp,IWM,0.16722809544782552,drifted
2026-08-11,hrp,EFA,0.1393815956201108,drifted
2026-08-11,hrp,IEF,0.3955549180924495,drifted
2026-08-12,hrp,SPY,0.1700347158875284,drifted
2026-08-12,hrp,QQQ,0.12819751812164706,drifted
2026-08-12,hrp,IWM,0.16764276455196087,drifted
2026-08-12,hrp,EFA,0.13946028344422623,drifted
2026-08-12,hrp,IEF,0.3946647179946375,drifted
2026-08-13,hrp,SPY,0.17040416385914495,drifted
2026-08-13,hrp,QQQ,0.12906142968769932,drifted
2026-08-13,hrp,IWM,0.1672782814964647,drifted
2026-08-13,hrp,EFA,0.13903791073036698,drifted
2026-08-13,hrp,IEF,0.39421821422632425,drifted
2026-08-14,hrp,SPY,0.17020294510395728,drifted
2026-08-14,hrp,QQQ,0.12898830548120363,drifted
2026-08-14,hrp,IWM,0.16828925078707344,drifted
2026-08-14,hrp,EFA,0.13908519513654108,drifted
2026-08-14,hrp,IEF,0.3934343034912246,drifted
2026-08-17,hrp,SPY,0.16985243162223554,drifted
2026-08-17,hrp,QQQ,0.12912177789360696,drifted
2026-08-17,hrp,IWM,0.16817070082436109,drifted
2026-08-17,hrp,EFA,0.13921413309851655,drifted
2026-08-17,hrp,IEF,0.39364095656127984,drifted
2026-08-18,hrp,SPY,0.1698233214745053,drifted
2026-08-18,hrp,QQQ,0.12777663856763166,drifted
2026-08-18,hrp,IWM,0.167153183510575,drifted
2026-08-18,hrp,EFA,0.13861223001283418,drifted
2026-08-18,hrp,IEF,0.3966346264344539,drifted
2026-08-19,hrp,SPY,0.1696104080332753,drifted
2026-08-19,hrp,QQQ,0.12709547863284218,drifted
2026-08-19,hrp,IWM,0.16742090343241817,drifted
2026-08-19,hrp,EFA,0.13865091498585633,drifted
2026-08-19,hrp,IEF,0.3972222949156081,drifted
2026-08-20,hrp,SPY,0.16930341091141257,drifted
2026-08-20,hrp,QQQ,0.12701996965950985,drifted
2026-08-20,hrp,IWM,0.16627130130853002,drifted
2026-08-20,hrp,EFA,0.13917044236561976,drifted
2026-08-20,hrp,IEF,0.3982348757549278,drifted
2026-08-21,hrp,SPY,0.16952085517029838,drifted
2026-08-21,hrp,QQQ,0.12711210404822015,drifted
2026-08-21,hrp,IWM,0.16708205765681897,drifted
2026-08-21,hrp,EFA,0.13993198440778234,drifted
2026-08-21,hrp,IEF,0.3963529987168802,drifted
2026-08-24,hrp,SPY,0.16941836995836976,drifted
2026-08-24,hrp,QQQ,0.1261381139312871,drifted
2026-08-24,hrp,IWM,0.1663620933015965,drifted
2026-08-24,hrp,EFA,0.13998741009090945,drifted
2026-08-24,hrp,IEF,0.3980940127178372,drifted
2026-08-25,hrp,SPY,0.16908371101984013,drifted
2026-08-25,hrp,QQQ,0.12626961360422875,drifted
2026-08-25,hrp,IWM,0.16620439861323758,drifted
2026-08-25,hrp,EFA,0.14027132989435928,drifted
2026-08-25,hrp,IEF,0.3981709468683343,drifted
2026-08-26,hrp,SPY,0.1693784960298602,drifted
2026-08-26,hrp,QQQ,0.12657734269457635,drifted
2026-08-26,hrp,IWM,0.16629031989712167,drifted
2026-08-26,hrp,EFA,0.13978749824816802,drifted
2026-08-26,hrp,IEF,0.39796634313027374,drifted
2026-08-27,hrp,SPY,0.17004188996485287,drifted
2026-08-27,hrp,QQQ,0.1279743743075109,drifted
2026-08-27,hrp,IWM,0.16634303437793485,drifted
2026-08-27,hrp,EFA,0.139099458436323,drifted
2026-08-27,hrp,IEF,0.39654124291337844,drifted
2026-08-28,hrp,SPY,0.17058938886217523,drifted
2026-08-28,hrp,QQQ,0.12784333960385666,drifted
2026-08-28,hrp,IWM,0.16499322718957157,drifted
2026-08-28,hrp,EFA,0.13947631512626185,drifted
2026-08-28,hrp,IEF,0.3970977292181347,drifted
2026-08-31,hrp,SPY,0.17046918180525986,drifted
2026-08-31,hrp,QQQ,0.12819534434783297,drifted
2026-08-31,hrp,IWM,0.16435366909983012,drifted
2026-08-31,hrp,EFA,0.13944555497966687,drifted
2026-08-31,hrp,IEF,0.3975362497674101,drifted
2026-09-01,hrp,SPY,0.16795350480164473,target
2026-09-01,hrp,QQQ,0.12385222003385551,target
2026-09-01,hrp,IWM,0.17024492773248773,target
2026-09-01,hrp,EFA,0.137949347432012,target
2026-09-01,hrp,IEF,0.4,target
2026-09-01,hrp,SPY,0.16795350480164473,drifted
2026-09-01,hrp,QQQ,0.12385222003385551,drifted
2026-09-01,hrp,IWM,0.17024492773248773,drifted
2026-09-01,hrp,EFA,0.137949347432012,drifted
2026-09-01,hrp,IEF,0.4,drifted
2026-09-02,hrp,SPY,0.16800541492630183,drifted
2026-09-02,hrp,QQQ,0.12362211833899446,drifted
2026-09-02,hrp,IWM,0.1715524953998947,drifted
2026-09-02,hrp,EFA,0.13811778459289134,drifted
2026-09-02,hrp,IEF,0.3987021867419176,drifted
2026-09-03,hrp,SPY,0.16877971110637136,drifted
2026-09-03,hrp,QQQ,0.12436608266506484,drifted
2026-09-03,hrp,IWM,0.1712422067520707,drifted
2026-09-03,hrp,EFA,0.13879185594864119,drifted
2026-09-03,hrp,IEF,0.39682014352785194,drifted
2026-09-04,hrp,SPY,0.1681125050132267,drifted
2026-09-04,hrp,QQQ,0.12457726765252797,drifted
2026-09-04,hrp,IWM,0.17170085368279653,drifted
2026-09-04,hrp,EFA,0.13895762593411143,drifted
2026-09-04,hrp,IEF,0.39665174771733747,drifted
2026-09-08,hrp,SPY,0.1676835572869299,drifted
2026-09-08,hrp,QQQ,0.12484135586947072,drifted
2026-09-08,hrp,IWM,0.1714289792347963,drifted
2026-09-08,hrp,EFA,0.1386096042869881,drifted
2026-09-08,hrp,IEF,0.3974365033218149,drifted
2026-09-09,hrp,SPY,0.16793616556498306,drifted
2026-09-09,hrp,QQQ,0.12525477623877693,drifted
2026-09-09,hrp,IWM,0.17012989755346478,drifted
2026-09-09,hrp,EFA,0.13791352904734452,drifted
2026-09-09,hrp,IEF,0.3987656315954307,drifted
2026-09-10,hrp,SPY,0.1683349476435684,drifted
2026-09-10,hrp,QQQ,0.12496568114821666,drifted
2026-09-10,hrp,IWM,0.16982682329398185,drifted
2026-09-10,hrp,EFA,0.13790006192578755,drifted
2026-09-10,hrp,IEF,0.3989724859884454,drifted
2026-09-11,hrp,SPY,0.16912006160526058,drifted
2026-09-11,hrp,QQQ,0.12557467444443515,drifted
2026-09-11,hrp,IWM,0.16987655126394122,drifted
2026-09-11,hrp,EFA,0.13872435660436028,drifted
2026-09-11,hrp,IEF,0.39670435608200266,drifted
2026-09-14,hrp,SPY,0.16900535001775568,drifted
2026-09-14,hrp,QQQ,0.1250468365613031,drifted
2026-09-14,hrp,IWM,0.1699436576932955,drifted
2026-09-14,hrp,EFA,0.1381422419452612,drifted
2026-09-14,hrp,IEF,0.3978619137823845,drifted
2026-09-15,hrp,SPY,0.16888160119998308,drifted
2026-09-15,hrp,QQQ,0.12470973024863878,drifted
2026-09-15,hrp,IWM,0.1694016544513596,drifted
2026-09-15,hrp,EFA,0.13808761537928213,drifted
2026-09-15,hrp,IEF,0.3989193987207364,drifted
2026-09-16,hrp,SPY,0.16852967338663577,drifted
2026-09-16,hrp,QQQ,0.1250330263448271,drifted
2026-09-16,hrp,IWM,0.16907093331469072,drifted
2026-09-16,hrp,EFA,0.13791121227598946,drifted
2026-09-16,hrp,IEF,0.3994551546778569,drifted
2026-09-17,hrp,SPY,0.16898671375231475,drifted
2026-09-17,hrp,QQQ,0.12611257244292007,drifted
2026-09-17,hrp,IWM,0.16852024485923767,drifted
2026-09-17,hrp,EFA,0.13806284889181591,drifted
2026-09-17,hrp,IEF,0.3983176200537116,drifted
2026-09-18,hrp,SPY,0.16973517402337904,drifted
2026-09-18,hrp,QQQ,0.12730770323679072,drifted
2026-09-18,hrp,IWM,0.16826138054299591,drifted
2026-09-18,hrp,EFA,0.13709860628011175,drifted
2026-09-18,hrp,IEF,0.39759713591672263,drifted
2026-09-21,hrp,SPY,0.17062230926978567,drifted
2026-09-21,hrp,QQQ,0.12965110182879588,drifted
2026-09-21,hrp,IWM,0.16742599034186623,drifted
2026-09-21,hrp,EFA,0.1372106726669928,drifted
2026-09-21,hrp,IEF,0.39508992589255937,drifted
2026-09-22,hrp,SPY,0.17017071163221198,drifted
2026-09-22,hrp,QQQ,0.13037279979935962,drifted
2026-09-22,hrp,IWM,0.1679619970348308,drifted
2026-09-22,hrp,EFA,0.1373459084175902,drifted
2026-09-22,hrp,IEF,0.39414858311600737,drifted
2026-09-23,hrp,SPY,0.17096172903046677,drifted
2026-09-23,hrp,QQQ,0.13082585117536574,drifted
2026-09-23,hrp,IWM,0.16683634092440378,drifted
2026-09-23,hrp,EFA,0.13676679725838314,drifted
2026-09-23,hrp,IEF,0.39460928161138054,drifted
2026-09-24,hrp,SPY,0.17131702246930489,drifted
2026-09-24,hrp,QQQ,0.13118591106605665,drifted
2026-09-24,hrp,IWM,0.16716603441268718,drifted
2026-09-24,hrp,EFA,0.13677092454727813,drifted
2026-09-24,hrp,IEF,0.3935601075046732,drifted
2026-09-25,hrp,SPY,0.17148260504970128,drifted
2026-09-25,hrp,QQQ,0.13120199894571039,drifted
2026-09-25,hrp,IWM,0.1666061845148204,drifted
2026-09-25,hrp,EFA,0.13754417942605485,drifted
2026-09-25,hrp,IEF,0.393165032063713,drifted
2026-09-28,hrp,SPY,0.17133106124816533,drifted
2026-09-28,hrp,QQQ,0.13065502630336084,drifted
2026-09-28,hrp,IWM,0.16654713273733174,drifted
2026-09-28,hrp,EFA,0.13777089373341925,drifted
2026-09-28,hrp,IEF,0.3936958859777229,drifted
2026-09-29,hrp,SPY,0.17130254798880953,drifted
2026-09-29,hrp,QQQ,0.1311230649936932,drifted
2026-09-29,hrp,IWM,0.16622493697097457,drifted
2026-09-29,hrp,EFA,0.1373452122950909,drifted
2026-09-29,hrp,IEF,0.39400423775143184,drifted
2026-09-30,hrp,SPY,0.1713211619958558,drifted
2026-09-30,hrp,QQQ,0.13173494591843662,drifted
2026-09-30,hrp,IWM,0.1659165371726003,drifted
2026-09-30,hrp,EFA,0.13678708979846219,drifted
2026-09-30,hrp,IEF,0.39424026511464516,drifted
2026-10-01,hrp,SPY,0.16704021560833432,target
2026-10-01,hrp,QQQ,0.12209311806527315,target
2026-10-01,hrp,IWM,0.17263968655009132,target
2026-10-01,hrp,EFA,0.13822697977630116,target
2026-10-01,hrp,IEF,0.4,target
2026-10-01,hrp,SPY,0.16704021560833432,drifted
2026-10-01,hrp,QQQ,0.12209311806527315,drifted
2026-10-01,hrp,IWM,0.17263968655009132,drifted
2026-10-01,hrp,EFA,0.13822697977630116,drifted
2026-10-01,hrp,IEF,0.4,drifted
2026-10-02,hrp,SPY,0.16753217566934137,drifted
2026-10-02,hrp,QQQ,0.12279054307034146,drifted
2026-10-02,hrp,IWM,0.17341704210018716,drifted
2026-10-02,hrp,EFA,0.13914214804699282,drifted
2026-10-02,hrp,IEF,0.3971180911131372,drifted
2026-10-05,hrp,SPY,0.1681785889706217,drifted
2026-10-05,hrp,QQQ,0.1235199985618372,drifted
2026-10-05,hrp,IWM,0.1740625810029735,drifted
2026-10-05,hrp,EFA,0.1388368360635262,drifted
2026-10-05,hrp,IEF,0.3954019954010414,drifted
2026-10-06,hrp,SPY,0.16886275003686416,drifted
2026-10-06,hrp,QQQ,0.12390869617057014,drifted
2026-10-06,hrp,IWM,0.17256377722342936,drifted
2026-10-06,hrp,EFA,0.13889260838245157,drifted
2026-10-06,hrp,IEF,0.3957721681866848,drifted
2026-10-07,hrp,SPY,0.16922472028054458,drifted
2026-10-07,hrp,QQQ,0.12415684130888485,drifted
2026-10-07,hrp,IWM,0.17110696993440835,drifted
2026-10-07,hrp,EFA,0.13802582756976528,drifted
2026-10-07,hrp,IEF,0.397485640906397,drifted
2026-10-08,hrp,SPY,0.1687578913547786,drifted
2026-10-08,hrp,QQQ,0.12267510187989276,drifted
2026-10-08,hrp,IWM,0.17128009599802194,drifted
2026-10-08,hrp,EFA,0.13769389673751944,drifted
2026-10-08,hrp,IEF,0.39959301402978725,drifted
2026-10-09,hrp,SPY,0.1692318675885912,drifted
2026-10-09,hrp,QQQ,0.12289009114456619,drifted
2026-10-09,hrp,IWM,0.1715802223351629,drifted
2026-10-09,hrp,EFA,0.1381932625920154,drifted
2026-10-09,hrp,IEF,0.3981045563396644,drifted
