date,strategy_id,return_net
2023-10-05,equal_weight,0.00021130951624068002
2023-10-06,equal_weight,0.0002122222241901216
2023-10-09,equal_weight,0.0002122222241901216
2023-10-10,equal_weight,0.00021123015691363621
2023-10-11,equal_weight,0.00021170635072011797
2023-10-12,equal_weight,0.00021170635072011797
2023-10-13,equal_weight,0.00021142857415335517
2023-10-16,equal_weight,0.00021142857415335517
2023-10-17,equal_weight,0.00021190476795983693
2023-10-18,equal_weight,0.00021150793348039898
2023-10-19,equal_weight,0.00021071428344363258
2023-10-20,equal_weight,0.0002103174678863041
2023-10-23,equal_weight,0.00021003969131954133
2023-10-24,equal_weight,0.00021063492411658877
2023-10-25,equal_weight,0.00021091270068335157
2023-10-26,equal_weight,0.0002103174678863041
2023-10-27,equal_weight,0.00021051586620391362
2023-10-30,equal_weight,0.00021083334135630776
2023-10-31,equal_weight,0.00021111111792307052
2023-11-01,equal_weight,0.0002103174678863041
2023-11-02,equal_weight,0.00020912698337009975
2023-11-03,equal_weight,0.00020845237232389904
2023-11-06,equal_weight,0.00020873016781277126
2023-11-07,equal_weight,0.00020924602236066547
2023-11-08,equal_weight,0.00020904762404305594
2023-11-09,equal_weight,0.00020884920680333698
2023-11-10,equal_weight,0.00020833333333333332
2023-11-13,equal_weight,0.00020873016781277126
2023-11-14,equal_weight,0.00020845237232389904
2023-11-15,equal_weight,0.0002085317505730523
2023-11-16,equal_weight,0.00020805555676657055
2023-11-17,equal_weight,0.00020765872228713263
2023-11-20,equal_weight,0.00020785713952685162
2023-11-21,equal_weight,0.0002085317505730523
2023-11-22,equal_weight,0.0002089285661303808
2023-11-24,equal_weight,0.00020845237232389904
2023-11-27,equal_weight,0.00020865078956361802
2023-11-28,equal_weight,0.00020873016781277126
2023-11-29,equal_weight,0.00020793649885389538
2023-11-30,equal_weight,0.00020785713952685162
2023-12-01,equal_weight,0.00020694445049951947
2023-12-04,equal_weight,0.00020726190672980415
2023-12-05,equal_weight,0.00020805555676657055
2023-12-06,equal_weight,0.00020805555676657055
2023-12-07,equal_weight,0.00020765872228713263
2023-12-08,equal_weight,0.00020765872228713263
2023-12-11,equal_weight,0.00020765872228713263
2023-12-12,equal_weight,0.0002082539740062895
2023-12-13,equal_weight,0.00020726190672980415
2023-12-14,equal_weight,0.00020694445049951947
2023-12-15,equal_weight,0.00020734126605684796
2023-12-18,equal_weight,0.00020734126605684796
2023-12-19,equal_weight,0.00020785713952685162
2023-12-20,equal_weight,0.00020753968329656692
2023-12-21,equal_weight,0.0002067460332598005
2023-12-22,equal_weight,0.00020666667393275668
2023-12-26,equal_weight,0.00020646825669303775
2023-12-27,equal_weight,0.0002077381005362859
2023-12-28,equal_weight,0.0002070634894900852
2023-12-29,equal_weight,0.00020555554874359614
2024-01-02,equal_weight,0.0002068650722503662
2024-01-03,equal_weight,0.0002077381005362859
2024-01-04,equal_weight,0.0002074603239695231
2024-01-05,equal_weight,0.00020714284881712897
2024-01-08,equal_weight,0.00020714284881712897
2024-01-09,equal_weight,0.00020753968329656692
2024-01-10,equal_weight,0.00020734126605684796
2024-01-11,equal_weight,0.0002070634894900852
2024-01-12,equal_weight,0.0002062698394533188
2024-01-16,equal_weight,0.00020646825669303775
2024-01-17,equal_weight,0.00020694445049951947
2024-01-18,equal_weight,0.00020634919878036254
2024-01-19,equal_weight,0.0002062698394533188
2024-01-22,equal_weight,0.00020634919878036254
2024-01-23,equal_weight,0.0002067460332598005
2024-01-24,equal_weight,0.0002067460332598005
2024-01-25,equal_weight,0.00020615080046275307
2024-01-26,equal_weight,0.00020634919878036254
2024-01-29,equal_weight,0.00020634919878036254
2024-01-30,equal_weight,0.00020646825669303775
2024-01-31,equal_weight,0.00020587302389599027
2024-02-01,equal_weight,0.00020634919878036254
2024-02-02,equal_weight,0.0002067460332598005
2024-02-05,equal_weight,0.0002074603239695231
2024-02-06,equal_weight,0.00020726190672980415
2024-02-07,equal_weight,0.00020726190672980415
2024-02-08,equal_weight,0.0002070634894900852
2024-02-09,equal_weight,0.00020714284881712897
2024-02-12,equal_weight,0.0002074603239695231
2024-02-13,equal_weight,0.00020765872228713263
2024-02-14,equal_weight,0.0002070634894900852
2024-02-15,equal_weight,0.0002070634894900852
2024-02-16,equal_weight,0.00020726190672980415
2024-02-20,equal_weight,0.0002068650722503662
2024-02-21,equal_weight,0.0002077381005362859
2024-02-22,equal_weight,0.00020765872228713263
2024-02-23,equal_weight,0.00020793649885389538
2024-02-26,equal_weight,0.00020833333333333332
2024-02-27,equal_weight,0.00020813491609361436
2024-02-28,equal_weight,0.00020793649885389538
2024-02-29,equal_weight,0.00020726190672980415
2024-03-01,equal_weight,0.00020694445049951947
2024-03-04,equal_weight,0.00020726190672980415
2024-03-05,equal_weight,0.00020734126605684796
2024-03-06,equal_weight,0.00020753968329656692
2024-03-07,equal_weight,0.0002074603239695231
2024-03-08,equal_weight,0.0002074603239695231
2024-03-11,equal_weight,0.00020793649885389538
2024-03-12,equal_weight,0.00020793649885389538
2024-03-13,equal_weight,0.00020785713952685162
2024-03-14,equal_weight,0.00020785713952685162
2024-03-15,equal_weight,0.00020785713952685162
2024-03-18,equal_weight,0.00020785713952685162
2024-03-19,equal_weight,0.00020785713952685162
2024-03-20,equal_weight,0.0002074603239695231
2024-03-21,equal_weight,0.0002074603239695231
2024-03-22,equal_weight,0.00020714284881712897
2024-03-25,equal_weight,0.0002070634894900852
2024-03-26,equal_weight,0.0002070634894900852
2024-03-27,equal_weight,0.00020694445049951947
2024-03-28,equal_weight,0.00020646825669303775
2024-04-01,equal_weight,0.0002070634894900852
2024-04-02,equal_weight,0.0002068650722503662
2024-04-03,equal_weight,0.0002067460332598005
2024-04-04,equal_weight,0.00020646825669303775
2024-04-05,equal_weight,0.00020694445049951947
2024-04-08,equal_weight,0.00020726190672980415
2024-04-09,equal_weight,0.00020714284881712897
2024-04-10,equal_weight,0.00020805555676657055
2024-04-11,equal_weight,0.00020785713952685162
2024-04-12,equal_weight,0.00020753968329656692
2024-04-15,equal_weight,0.00020785713952685162
2024-04-16,equal_weight,0.00020765872228713263
2024-04-17,equal_weight,0.00020793649885389538
2024-04-18,equal_weight,0.00020805555676657055
2024-04-19,equal_weight,0.00020813491609361436
2024-04-22,equal_weight,0.00020813491609361436
2024-04-23,equal_weight,0.00020813491609361436
2024-04-24,equal_weight,0.0002085317505730523
2024-04-25,equal_weight,0.00020813491609361436
2024-04-26,equal_weight,0.00020785713952685162
2024-04-29,equal_weight,0.00020805555676657055
2024-04-30,equal_weight,0.00020813491609361436
2024-05-01,equal_weight,0.00020833333333333332
2024-05-02,equal_weight,0.00020785713952685162
2024-05-03,equal_weight,0.0002077381005362859
2024-05-06,equal_weight,0.00020793649885389538
2024-05-07,equal_weight,0.00020805555676657055
2024-05-08,equal_weight,0.00020813491609361436
2024-05-09,equal_weight,0.00020793649885389538
2024-05-10,equal_weight,0.00020805555676657055
2024-05-13,equal_weight,0.00020793649885389538
2024-05-14,equal_weight,0.0002077381005362859
2024-05-15,equal_weight,0.00020793649885389538
2024-05-16,equal_weight,0.00020805555676657055
2024-05-17,equal_weight,0.00020793649885389538
2024-05-20,equal_weight,0.00020793649885389538
2024-05-21,equal_weight,0.00020793649885389538
2024-05-22,equal_weight,0.00020813491609361436
2024-05-23,equal_weight,0.00020813491609361436
2024-05-24,equal_weight,0.00020813491609361436
2024-05-28,equal_weight,0.0002082539740062895
2024-05-29,equal_weight,0.00020833333333333332
2024-05-30,equal_weight,0.0002082539740062895
2024-05-31,equal_weight,0.00020813491609361436
2024-06-03,equal_weight,0.00020805555676657055
2024-06-04,equal_weight,0.00020793649885389538
2024-06-05,equal_weight,0.00020793649885389538
2024-06-06,equal_weight,0.00020765872228713263
2024-06-07,equal_weight,0.00020785713952685162
2024-06-10,equal_weight,0.00020765872228713263
2024-06-11,equal_weight,0.00020813491609361436
2024-06-12,equal_weight,0.00020805555676657055
2024-06-13,equal_weight,0.00020793649885389538
2024-06-14,equal_weight,0.00020793649885389538
2024-06-17,equal_weight,0.00020805555676657055
2024-06-18,equal_weight,0.0002077381005362859
2024-06-20,equal_weight,0.00020734126605684796
2024-06-21,equal_weight,0.00020694445049951947
2024-06-24,equal_weight,0.0002067460332598005
2024-06-25,equal_weight,0.00020726190672980415
2024-06-26,equal_weight,0.00020753968329656692
2024-06-27,equal_weight,0.00020726190672980415
2024-06-28,equal_weight,0.0002068650722503662
2024-07-01,equal_weight,0.0002070634894900852
2024-07-02,equal_weight,0.0002074603239695231
2024-07-03,equal_weight,0.00020753968329656692
2024-07-05,equal_weight,0.00020734126605684796
2024-07-08,equal_weight,0.0002070634894900852
2024-07-09,equal_weight,0.00020734126605684796
2024-07-10,equal_weight,0.00020734126605684796
2024-07-11,equal_weight,0.0002062698394533188
2024-07-12,equal_weight,0.0002062698394533188
2024-07-15,equal_weight,0.0002060714222135998
2024-07-16,equal_weight,0.0002060714222135998
2024-07-17,equal_weight,0.00020615080046275307
2024-07-18,equal_weight,0.0002060714222135998
2024-07-19,equal_weight,0.0002060714222135998
2024-07-22,equal_weight,0.00020595238322303409
2024-07-23,equal_weight,0.00020527777217683337
2024-07-24,equal_weight,0.00020515873318626766
2024-07-25,equal_weight,0.0002047618987068297
2024-07-26,equal_weight,0.00020456350038922024
2024-07-29,equal_weight,0.0002042460252368261
2024-07-30,equal_weight,0.0002037698503524538
2024-07-31,equal_weight,0.0002037698503524538
2024-08-01,equal_weight,0.00020297618139357795
2024-08-02,equal_weight,0.00019960318292890276
2024-08-05,equal_weight,0.00020079364852299765
2024-08-06,equal_weight,0.00020158729855976408
2024-08-07,equal_weight,0.00020158729855976408
2024-08-08,equal_weight,0.00020170635647243925
2024-08-09,equal_weight,0.00020138888132004512
2024-08-12,equal_weight,0.0002013095219930013
2024-08-13,equal_weight,0.00020051587195623488
2024-08-14,equal_weight,0.00020091270643567282
2024-08-15,equal_weight,0.00020158729855976408
2024-08-16,equal_weight,0.00020138888132004512
2024-08-19,equal_weight,0.00020091270643567282
2024-08-20,equal_weight,0.00019972222191946848
2024-08-21,equal_weight,0.0001986111156524174
2024-08-22,equal_weight,0.0001994047656891838
2024-08-23,equal_weight,0.0001984126984126984
2024-08-26,equal_weight,0.0001983333390856546
2024-08-27,equal_weight,0.00019714285456945026
2024-08-28,equal_weight,0.00019662698109944662
2024-08-29,equal_weight,0.00019702381557888457
2024-08-30,equal_weight,0.00019714285456945026
2024-09-03,equal_weight,0.00019722221389649407
2024-09-04,equal_weight,0.00019634920453268385
2024-09-05,equal_weight,0.00019571429207211448
2024-09-06,equal_weight,0.00019476190445915102
2024-09-09,equal_weight,0.00019424603098914736
2024-09-10,equal_weight,0.00019186508087884813
2024-09-11,equal_weight,0.00019345238095238096
2024-09-12,equal_weight,0.00019206349811856709
2024-09-13,equal_weight,0.00018900793696206714
2024-09-16,equal_weight,0.00018829364625234452
2024-09-17,equal_weight,0.00018789683069501603
2024-09-18,equal_weight,0.00018313491155230808
2024-09-19,equal_weight,0.00018226190218849787
2024-09-20,equal_weight,0.00018035714588468036
2024-09-23,equal_weight,0.0001786904675619943
2024-09-24,equal_weight,0.00017837301133170959
2024-09-25,equal_weight,0.00017805555510142494
2024-09-26,equal_weight,0.00017730158472818041
2024-09-27,equal_weight,0.00017785713786170598
2024-09-30,equal_weight,0.00017849206924438476
2024-10-01,equal_weight,0.00017785713786170598
2024-10-02,equal_weight,0.00017750000196789937
2024-10-03,equal_weight,0.0001771825457376147
2024-10-04,equal_weight,0.00017876984581114753
2024-10-07,equal_weight,0.00017956349584791396
2024-10-08,equal_weight,0.00017968253483847965
2024-10-09,equal_weight,0.00017996031140524242
2024-10-10,equal_weight,0.00017976191308763294
2024-10-11,equal_weight,0.00017916666136847602
2024-10-14,equal_weight,0.0001792857192811512
2024-10-15,equal_weight,0.00017916666136847602
2024-10-16,equal_weight,0.0001786904675619943
2024-10-17,equal_weight,0.00017916666136847602
2024-10-18,equal_weight,0.0001790873020414322
2024-10-21,equal_weight,0.0001792857192811512
2024-10-22,equal_weight,0.00017857142857142857
2024-10-23,equal_weight,0.00017876984581114753
2024-10-24,equal_weight,0.00017805555510142494
2024-10-25,equal_weight,0.0001789682630508665
2024-10-28,equal_weight,0.00017785713786170598
2024-10-29,equal_weight,0.00017777777853466217
2024-10-30,equal_weight,0.00017710316748846146
2024-10-31,equal_weight,0.00017587302223084464
2024-11-01,equal_weight,-0.0005253968216124035
2024-11-04,equal_weight,0.0012754339476591437
2024-11-05,equal_weight,0.013453651175114156
2024-11-06,equal_weight,0.016686305501065778
2024-11-07,equal_weight,0.011218024151158756
2024-11-08,equal_weight,-0.00492439646571874
2024-11-11,equal_weight,0.0017995350228308554
2024-11-12,equal_weight,-0.011909191478401023
2024-11-13,equal_weight,-0.004606142757207121
2024-11-14,equal_weight,-0.006234142214061313
2024-11-15,equal_weight,-0.01131386546304944
2024-11-18,equal_weight,0.0058987165102519865
2024-11-19,equal_weight,0.0032943516781008407
2024-11-20,equal_weight,-0.0005213664329908265
2024-11-21,equal_weight,0.004640882621729769
2024-11-22,equal_weight,0.0056285756794371535
2024-11-25,equal_weight,0.0053641837770997845
2024-11-26,equal_weight,-0.0013207251920571415
2024-11-27,equal_weight,-0.0006354971417329176
2024-11-29,equal_weight,0.006714387305728818
2024-12-02,equal_weight,0.0037078648223671518
2024-12-03,equal_weight,0.000834044366934439
2024-12-04,equal_weight,0.005087910813583394
2024-12-05,equal_weight,-0.000893034353143092
2024-12-06,equal_weight,0.002536419989768539
2024-12-09,equal_weight,0.0003941702382859176
2024-12-10,equal_weight,-0.007242197798602431
2024-12-11,equal_weight,0.008132832862270237
2024-12-12,equal_weight,-0.007634609526734453
2024-12-13,equal_weight,-0.00017874373664642233
2024-12-16,equal_weight,0.003188673346125632
2024-12-17,equal_weight,-0.004746294579459153
2024-12-18,equal_weight,-0.03152525479616178
2024-12-19,equal_weight,-0.0017815890038271392
2024-12-20,equal_weight,0.0062547942334787564
2024-12-23,equal_weight,0.005239058084186815
2024-12-24,equal_weight,0.00808031867391195
2024-12-26,equal_weight,0.0020226869042157163
2024-12-27,equal_weight,-0.008856234377729892
2024-12-30,equal_weight,-0.0094543579884352
2024-12-31,equal_weight,-0.002927672188507448
2025-01-02,equal_weight,-0.0017371040241497865
2025-01-03,equal_weight,0.011492927020936738
2025-01-06,equal_weight,0.006142995759400337
2025-01-07,equal_weight,-0.009035212892263007
2025-01-08,equal_weight,-0.0018445895928913617
2025-01-10,equal_weight,-0.01702568475934692
2025-01-13,equal_weight,-0.0018691010073273021
2025-01-14,equal_weight,0.005304508725693068
2025-01-15,equal_weight,0.017342066881485686
2025-01-16,equal_weight,-0.0006002300454541846
2025-01-17,equal_weight,0.008625098157878831
2025-01-21,equal_weight,0.01301875684892042
2025-01-22,equal_weight,0.002035186239697814
2025-01-23,equal_weight,0.004540978890194312
2025-01-24,equal_weight,0.0001361080236463926
2025-01-27,equal_weight,-0.01415875774287622
2025-01-28,equal_weight,0.006042929025960601
2025-01-29,equal_weight,-0.0017090717305539194
2025-01-30,equal_weight,0.009544222971910828
2025-01-31,equal_weight,-0.007313381196671289
2025-02-03,equal_weight,-0.009103364981116828
2025-02-04,equal_weight,0.012474751737912949
2025-02-05,equal_weight,0.005323553956024978
2025-02-06,equal_weight,0.002862273634225229
2025-02-07,equal_weight,-0.008751189241418966
2025-02-10,equal_weight,0.008451300291142261
2025-02-11,equal_weight,-0.0013163288306023543
2025-02-12,equal_weight,-0.0004841205605273693
2025-02-13,equal_weight,0.010937004460555491
2025-02-14,equal_weight,0.002541123291900308
2025-02-18,equal_weight,0.004848355215596883
2025-02-19,equal_weight,-0.0025626058860673956
2025-02-20,equal_weight,-0.0007462962148099702
2025-02-21,equal_weight,-0.014977229121460427
2025-02-24,equal_weight,-0.007948817084264178
2025-02-25,equal_weight,-0.0022006756765825274
2025-02-26,equal_weight,0.003150671851225469
2025-02-27,equal_weight,-0.0179073225766902
2025-02-28,equal_weight,0.005767762518138717
2025-03-03,equal_weight,-0.012545587191195723
2025-03-04,equal_weight,-0.003599115421181809
2025-03-05,equal_weight,0.017551169319849867
2025-03-06,equal_weight,-0.015362298699192463
2025-03-07,equal_weight,0.006333657709937319
2025-03-10,equal_weight,-0.02753440234252393
2025-03-11,equal_weight,-0.0010934163711672248
2025-03-12,equal_weight,0.006186969963563857
2025-03-13,equal_weight,-0.011256031430265599
2025-03-14,equal_weight,0.021055734922050234
2025-03-17,equal_weight,0.011115245215393553
2025-03-18,equal_weight,-0.008199600998182581
2025-03-19,equal_weight,0.008854031299102252
2025-03-20,equal_weight,-0.006140273929128425
2025-03-21,equal_weight,-0.0028169836077351212
2025-03-24,equal_weight,0.013575639692821032
2025-03-25,equal_weight,0.0009898322743545343
2025-03-26,equal_weight,-0.011849201686930723
2025-03-27,equal_weight,-0.0011120699001860646
2025-03-28,equal_weight,-0.018784529294480865
2025-03-31,equal_weight,-0.001786557795829332
2025-04-01,equal_weight,0.003090270612631783
2025-04-02,equal_weight,0.006621113054637728
2025-04-03,equal_weight,-0.04191329972405815
2025-04-04,equal_weight,-0.05742171319955247
2025-04-07,equal_weight,-0.014129833811207361
2025-04-08,equal_weight,-0.015517006073367902
2025-04-09,equal_weight,0.09129876538987582
2025-04-10,equal_weight,-0.0332062019011202
2025-04-11,equal_weight,0.021464854132597577
2025-04-14,equal_weight,0.0096079222758796
2025-04-15,equal_weight,0.00154668682050636
2025-04-16,equal_weight,-0.015487321580034744
2025-04-17,equal_weight,0.005633772867099871
2025-04-21,equal_weight,-0.0146934219438271
2025-04-22,equal_weight,0.022681452895509165
2025-04-23,equal_weight,0.01355934410374175
2025-04-24,equal_weight,0.01873830269813327
2025-04-25,equal_weight,0.0042279405686748055
2025-04-28,equal_weight,0.00258061976766599
2025-04-29,equal_weight,0.00468601117797034
2025-04-30,equal_weight,-0.0009207374086719512
2025-05-01,equal_weight,0.004520896453174386
2025-05-02,equal_weight,0.01998547635437653
2025-05-05,equal_weight,-0.0019897007509255154
2025-05-06,equal_weight,-0.006739237399366654
2025-05-07,equal_weight,-0.0007658536724327318
2025-05-08,equal_weight,0.006394182810474819
2025-05-09,equal_weight,0.0015712784867228198
2025-05-12,equal_weight,0.027112501523571444
2025-05-13,equal_weight,0.005730361531447239
2025-05-14,equal_weight,0.00025684919265702485
2025-05-15,equal_weight,0.004538299683852316
2025-05-16,equal_weight,0.0041328852956964805
2025-05-19,equal_weight,0.0018511895291748923
2025-05-20,equal_weight,-0.0005272981014796359
2025-05-21,equal_weight,-0.013499181926160286
2025-05-22,equal_weight,-0.00031787420040039647
2025-05-23,equal_weight,-0.0027686726500513047
2025-05-27,equal_weight,0.016318576420825927
2025-05-28,equal_weight,-0.007358116741378197
2025-05-29,equal_weight,0.003392351481152192
2025-05-30,equal_weight,-0.003686177116273673
2025-06-02,equal_weight,0.006920240110968391
2025-06-03,equal_weight,0.004896411070427754
2025-06-04,equal_weight,0.0032959057658718395
2025-06-05,equal_weight,-0.0014804466592157797
2025-06-06,equal_weight,0.008601980457258898
2025-06-09,equal_weight,0.003567549716930594
2025-06-10,equal_weight,0.004958056203435467
2025-06-11,equal_weight,-0.0015486453857301938
2025-06-12,equal_weight,0.00229274053640109
2025-06-13,equal_weight,-0.014169056304411069
2025-06-16,equal_weight,0.010272261666304482
2025-06-17,equal_weight,-0.010848202482825885
2025-06-18,equal_weight,0.0012911810912327845
2025-06-20,equal_weight,-0.0046347414263675744
2025-06-23,equal_weight,0.009640217528677428
2025-06-24,equal_weight,0.015473092190955426
2025-06-25,equal_weight,-0.0026230310783689386
2025-06-26,equal_weight,0.010232516596969634
2025-06-27,equal_weight,0.0026833513200711584
2025-06-30,equal_weight,0.003290760724698642
2025-07-01,equal_weight,0.0003484752207351218
2025-07-02,equal_weight,0.006521967041711551
2025-07-03,equal_weight,0.006359578567868346
2025-07-07,equal_weight,-0.011001326948448348
2025-07-08,equal_weight,0.0040886368193177
2025-07-09,equal_weight,0.005971359851739562
2025-07-10,equal_weight,0.0017154877849938491
2025-07-11,equal_weight,-0.006514136297107162
2025-07-14,equal_weight,0.002757514690632286
2025-07-15,equal_weight,-0.005271340768014708
2025-07-16,equal_weight,0.0046380420537371165
2025-07-17,equal_weight,0.007155265647804955
2025-07-18,equal_weight,-0.002775169795939811
2025-07-21,equal_weight,0.0029611690967145127
2025-07-22,equal_weight,0.001841356343885542
2025-07-23,equal_weight,0.012609202687096359
2025-07-24,equal_weight,-0.004854306884489476
2025-07-25,equal_weight,0.0012269649007742344
2025-07-28,equal_weight,-0.0041662445918787035
2025-07-29,equal_weight,-0.0024415545003921815
2025-07-30,equal_weight,-0.0038619062658524893
2025-07-31,equal_weight,-0.007031792009353156
2025-08-01,equal_weight,-0.013411479445424979
2025-08-04,equal_weight,0.015938851384831844
2025-08-05,equal_weight,-0.0007993751002005174
2025-08-06,equal_weight,0.006015416841019109
2025-08-07,equal_weight,0.003316571533119644
2025-08-08,equal_weight,0.004922943654310297
2025-08-11,equal_weight,-0.0024447705316771786
2025-08-12,equal_weight,0.01545410102632016
2025-08-13,equal_weight,0.008308637014885151
2025-08-14,equal_weight,-0.005197336281572496
2025-08-15,equal_weight,-0.0009111246603728713
2025-08-18,equal_weight,0.0015483496477599304
2025-08-19,equal_weight,-0.006931819928274513
2025-08-20,equal_weight,-0.0019681939466205073
2025-08-21,equal_weight,-0.002923907721816476
2025-08-22,equal_weight,0.021064512714931878
2025-08-25,equal_weight,-0.007411899124982241
2025-08-26,equal_weight,0.002584996725313939
2025-08-27,equal_weight,0.0005578993132272741
2025-08-28,equal_weight,0.0036707732266232024
2025-08-29,equal_weight,-0.006505011006627487
2025-09-02,equal_weight,-0.006375224368954219
2025-09-03,equal_weight,0.0035326539301400845
2025-09-04,equal_weight,0.0067927707824199
2025-09-05,equal_weight,0.0039879267225747675
2025-09-08,equal_weight,0.00569677980925444
2025-09-09,equal_weight,0.00028519834433571366
2025-09-10,equal_weight,0.0016230178977032356
2025-09-11,equal_weight,0.011544339621436178
2025-09-12,equal_weight,-0.002125296452316432
2025-09-15,equal_weight,0.006422781401557673
2025-09-16,equal_weight,0.00018633621614309566
2025-09-17,equal_weight,2.349293528383905e-07
2025-09-18,equal_weight,0.007913447531630808
2025-09-19,equal_weight,-0.00040317475242432544
2025-09-22,equal_weight,0.0049252594662720795
2025-09-23,equal_weight,-0.003140051545914379
2025-09-24,equal_weight,-0.004999212087321609
2025-09-25,equal_weight,-0.006278192989690335
2025-09-26,equal_weight,0.004794313433061317
2025-09-29,equal_weight,0.004342003451280823
2025-09-30,equal_weight,0.0031909294935047903
2025-10-01,equal_weight,0.005300288318283499
2025-10-02,equal_weight,0.003562143652205041
2025-10-03,equal_weight,0.0029070359622085282
2025-10-06,equal_weight,0.0043961482332823985
2025-10-07,equal_weight,-0.007236737659628354
2025-10-08,equal_weight,0.007767658427661892
2025-10-09,equal_weight,-0.0058120791210255485
2025-10-10,equal_weight,-0.029418399611851786
2025-10-13,equal_weight,0.02027714305924725
2025-10-14,equal_weight,0.00041698614430411103
2025-10-15,equal_weight,0.008504878412460365
2025-10-16,equal_weight,-0.0040808890453015645
2025-10-17,equal_weight,0.0013906971875099338
2025-10-20,equal_weight,0.012890758690520455
2025-10-21,equal_weight,-0.004705259587444816
2025-10-22,equal_weight,-0.006426193501951423
2025-10-23,equal_weight,0.008102485006769458
2025-10-24,equal_weight,0.007851613327551054
2025-10-27,equal_weight,0.01022024976670464
2025-10-28,equal_weight,0.0008556355069856435
2025-10-29,equal_weight,-0.0006430651307762505
2025-10-30,equal_weight,-0.009874660122016347
2025-10-31,equal_weight,0.0018403925361233121
2025-11-03,equal_weight,0.002062370253465989
2025-11-04,equal_weight,-0.015603436307183064
2025-11-05,equal_weight,0.007950270580114558
2025-11-06,equal_weight,-0.01133570727022494
2025-11-07,equal_weight,0.0007897239325441148
2025-11-10,equal_weight,0.015125502235203165
2025-11-11,equal_weight,0.0018052674570902957
2025-11-12,equal_weight,0.0007103361208949127
2025-11-13,equal_weight,-0.01744375383943819
2025-11-14,equal_weight,0.0002161364235261056
2025-11-17,equal_weight,-0.012509773582055014
2025-11-18,equal_weight,-0.007152104957953207
2025-11-19,equal_weight,0.0005868384217642303
2025-11-20,equal_weight,-0.01696045359840534
2025-11-21,equal_weight,0.012176962381817707
2025-11-24,equal_weight,0.013876186779584387
2025-11-25,equal_weight,0.010614296893511281
2025-11-26,equal_weight,0.008569203222073881
2025-11-28,equal_weight,0.004853916476566877
2025-12-01,equal_weight,-0.005294776419562527
2025-12-02,equal_weight,0.002318653396541026
2025-12-03,equal_weight,0.0060283030081302895
2025-12-04,equal_weight,0.0022357089570341267
2025-12-05,equal_weight,0.0018414844238083218
2025-12-08,equal_weight,-0.0019641747842484457
2025-12-09,equal_weight,-0.00010553349466085735
2025-12-10,equal_weight,0.009335074589988307
2025-12-11,equal_weight,0.0024443501095692075
2025-12-12,equal_weight,-0.012428429384673697
2025-12-15,equal_weight,-0.0021871163620628227
2025-12-16,equal_weight,-0.0033104752903029243
2025-12-17,equal_weight,-0.011074805248457926
2025-12-18,equal_weight,0.009258983004961608
2025-12-19,equal_weight,0.009374242576737784
2025-12-22,equal_weight,0.006018589631742471
2025-12-23,equal_weight,0.002975540796216406
2025-12-24,equal_weight,0.002437628847626193
2025-12-26,equal_weight,0.0006613020330248404
2025-12-29,equal_weight,-0.0040145782172097515
2025-12-30,equal_weight,-0.001039718947352875
2025-12-31,equal_weight,-0.006093217228524684
2026-01-02,equal_weight,0.009881239907456419
2026-01-05,equal_weight,0.010588630288467505
2026-01-06,equal_weight,0.007386333795074521
2026-01-07,equal_weight,-0.003173869611503427
2026-01-08,equal_weight,0.00113925377710322
2026-01-09,equal_weight,0.007559051302282943
2026-01-12,equal_weight,0.005462027120647654
2026-01-13,equal_weight,-0.0034343605024126107
2026-01-14,equal_weight,9.769928780901688e-05
2026-01-15,equal_weight,0.004162131944658317
2026-01-16,equal_weight,-0.000353714745865763
2026-01-20,equal_weight,-0.015623565088955784
2026-01-21,equal_weight,0.014422562499406547
2026-01-22,equal_weight,0.006307566843260375
2026-01-23,equal_weight,-0.0008133776672038819
2026-01-26,equal_weight,0.002550832239070575
2026-01-27,equal_weight,0.010380804865445011
2026-01-28,equal_weight,-0.0011994993605668077
2026-01-29,equal_weight,-0.0012283350010390116
2026-01-30,equal_weight,-0.012238296602074147
2026-02-02,equal_weight,0.006225003997875023
2026-02-03,equal_weight,-0.0031279714046176695
2026-02-04,equal_weight,-0.008198521854017383
2026-02-05,equal_weight,-0.012742605247108024
2026-02-06,equal_weight,0.025072201466082585
2026-02-09,equal_weight,0.008070052862662203
2026-02-10,equal_weight,-0.0011789760607685419
2026-02-11,equal_weight,0.004143455246950249
2026-02-12,equal_weight,-0.01493068733338445
2026-02-13,equal_weight,0.004225117862898891
2026-02-17,equal_weight,-0.000703021431215085
2026-02-18,equal_weight,0.00446434377432439
2026-02-19,equal_weight,-0.0018658929917189106
2026-02-20,equal_weight,0.00917534892911383
2026-02-23,equal_weight,-0.010582251775795592
2026-02-24,equal_weight,0.00929335163631723
2026-02-25,equal_weight,0.009635623242952838
2026-02-26,equal_weight,-0.004518854309412992
2026-02-27,equal_weight,-0.005791869808696941
2026-03-02,equal_weight,-0.005515661641742666
2026-03-03,equal_weight,-0.02359976051441337
2026-03-04,equal_weight,0.011134241122779661
2026-03-05,equal_weight,-0.014610873848859398
2026-03-06,equal_weight,-0.013133512436497788
2026-03-09,equal_weight,0.01194690790452973
2026-03-10,equal_weight,0.0007018055870575971
2026-03-11,equal_weight,-0.0005959202763857059
2026-03-12,equal_weight,-0.020235744130249044
2026-03-13,equal_weight,-0.005901607449575656
2026-03-16,equal_weight,0.015368389534872991
2026-03-17,equal_weight,0.004575230381047341
2026-03-18,equal_weight,-0.016240122770146984
2026-03-19,equal_weight,-4.807007843814909e-06
2026-03-20,equal_weight,-0.023779354901934887
2026-03-23,equal_weight,0.019358803247348677
2026-03-24,equal_weight,-0.0048987380757335875
2026-03-25,equal_weight,0.010905368390291839
2026-03-26,equal_weight,-0.022709238739863514
2026-03-27,equal_weight,-0.01371846101359531
2026-03-30,equal_weight,-0.006140796889011245
2026-03-31,equal_weight,0.0335165136959196
2026-04-01,equal_weight,0.009834097568359849
2026-04-02,equal_weight,-0.0016779655359068445
2026-04-06,equal_weight,0.005829445217857257
2026-04-07,equal_weight,0.0009710209846228481
2026-04-08,equal_weight,0.03571732937022472
2026-04-09,equal_weight,0.002633853663734276
2026-04-10,equal_weight,0.001034681923701847
2026-04-13,equal_weight,0.009830559539377715
2026-04-14,equal_weight,0.014298084467836685
2026-04-15,equal_weight,0.004123222335419671
2026-04-16,equal_weight,0.002130796651129074
2026-04-17,equal_weight,0.015734548167978098
2026-04-20,equal_weight,-0.0021204383118121613
2026-04-21,equal_weight,-0.011368124737460435
2026-04-22,equal_weight,0.011197535445596284
2026-04-23,equal_weight,-0.007290076284272513
2026-04-24,equal_weight,0.011796695225713711
2026-04-27,equal_weight,-0.0002303844373403125
2026-04-28,equal_weight,-0.00826871229530563
2026-04-29,equal_weight,-0.003001382459643118
2026-04-30,equal_weight,0.016967800384387582
2026-05-01,equal_weight,0.0035168371268230244
2026-05-04,equal_weight,-0.004947999448285612
2026-05-05,equal_weight,0.01428982484176063
2026-05-06,equal_weight,0.02177132520564142
2026-05-07,equal_weight,-0.010365802725816445
2026-05-08,equal_weight,0.013897359510393358
2026-05-11,equal_weight,0.0012767977298714487
2026-05-12,equal_weight,-0.011305463462434648
2026-05-13,equal_weight,0.008903753593358514
2026-05-14,equal_weight,0.004077029691358973
2026-05-15,equal_weight,-0.02046644870438678
2026-05-18,equal_weight,-0.00067583748113675
2026-05-19,equal_weight,-0.00831562202268956
2026-05-20,equal_weight,0.017399370347930043
2026-05-21,equal_weight,0.005446615573532066
2026-05-22,equal_weight,0.0026334456909703377
2026-05-26,equal_weight,0.018511701428891036
2026-05-27,equal_weight,-0.0010633947818826461
2026-05-28,equal_weight,0.004463430297628463
2026-05-29,equal_weight,0.0003449371422426546
2026-06-01,equal_weight,0.004490968741404058
2026-06-02,equal_weight,0.0062127353013882395
2026-06-03,equal_weight,-0.008871607542766863
2026-06-04,equal_weight,0.0020404881653834973
2026-06-05,equal_weight,-0.03994412523880764
2026-06-08,equal_weight,0.010011776490705018
2026-06-09,equal_weight,-0.001984577457999842
2026-06-10,equal_weight,-0.015287380971094963
2026-06-11,equal_weight,0.030979965252056936
2026-06-12,equal_weight,0.005689577946212103
2026-06-15,equal_weight,0.019172131356545764
2026-06-16,equal_weight,-0.009447163885199589
2026-06-17,equal_weight,-0.007259516702268621
2026-06-18,equal_weight,0.018686512605880126
2026-06-22,equal_weight,0.002192837248733285
2026-06-23,equal_weight,-0.026829960656905447
2026-06-24,equal_weight,-0.00011779449217123723
2026-06-25,equal_weight,0.007264144345553807
2026-06-26,equal_weight,-0.006886368025717508
2026-06-29,equal_weight,0.009935581885053585
2026-06-30,equal_weight,0.009586590480580415
2026-07-01,equal_weight,-0.011270868744513118
2026-07-02,equal_weight,-0.004617942009056387
2026-07-06,equal_weight,0.013246865902813123
2026-07-07,equal_weight,-0.014426868114885602
2026-07-08,equal_weight,-0.0019060924942300933
2026-07-09,equal_weight,0.010292891508197727
2026-07-10,equal_weight,0.001801466681668248
2026-07-13,equal_weight,-0.016293818127356315
2026-07-14,equal_weight,0.008617152687530244
2026-07-15,equal_weight,0.0021499387693161395
2026-07-16,equal_weight,-0.010270012017375107
2026-07-17,equal_weight,-0.00970869455124642
2026-07-20,equal_weight,-0.0019820371066239383
2026-07-21,equal_weight,0.016684286602711526
2026-07-22,equal_weight,-0.003780016469358689
2026-07-23,equal_weight,-0.011219591719037629
2026-07-24,equal_weight,-0.00549652367210665
2026-07-27,equal_weight,0.0025359371065095766
2026-07-28,equal_weight,-0.005000058106258533
2026-07-29,equal_weight,-0.015407442426565261
2026-07-30,equal_weight,0.02631153078984505
2026-07-31,equal_weight,0.001989615029715868
2026-08-03,equal_weight,0.011266057454515964
2026-08-04,equal_weight,0.02178232456714664
2026-08-05,equal_weight,-0.004160092352305049
2026-08-06,equal_weight,-0.004340568688385052
2026-08-07,equal_weight,0.009912240037052345
2026-08-10,equal_weight,-0.004129070014751374
2026-08-11,equal_weight,0.00029239420551033365
2026-08-12,equal_weight,0.007011935122158517
2026-08-13,equal_weight,0.0052513586888717255
2026-08-14,equal_weight,6.721688371736902e-05
2026-08-17,equal_weight,-0.00015288294522545912
2026-08-18,equal_weight,-0.015390056985179926
2026-08-19,equal_weight,0.00408784593643938
2026-08-20,equal_weight,-0.004813869346420264
2026-08-21,equal_weight,0.006226781672568263
2026-08-24,equal_weight,-0.0073512774283269015
2026-08-25,equal_weight,0.00766185716190702
2026-08-26,equal_weight,-0.001213173872005328
2026-08-27,equal_weight,0.005486549884398438
2026-08-28,equal_weight,-0.006401190234618678
2026-08-31,equal_weight,-0.002574191096888123
2026-09-01,equal_weight,-0.008716139314561246
2026-09-02,equal_weight,0.005916115523152144
2026-09-03,equal_weight,0.008366587269956653
2026-09-04,equal_weight,0.0040360102530332415
2026-09-08,equal_weight,-0.0028682840492841796
2026-09-09,equal_weight,-0.007474114255911579
2026-09-10,equal_weight,-0.011410192032793042
2026-09-11,equal_weight,0.008765324592212355
2026-09-14,equal_weight,-0.010265770427890317
2026-09-15,equal_weight,-0.005182527462913111
2026-09-16,equal_weight,-0.0025275516125674636
2026-09-17,equal_weight,0.012373749035495233
2026-09-18,equal_weight,-0.0010306108513817678
2026-09-21,equal_weight,0.01760543322516032
2026-09-22,equal_weight,0.004224345578987841
2026-09-23,equal_weight,-0.013958885655023609
2026-09-24,equal_weight,-0.0023038944782701144
2026-09-25,equal_weight,0.0064272425123359945
2026-09-28,equal_weight,-0.008339964845388681
2026-09-29,equal_weight,-0.0010102605415151125
2026-09-30,equal_weight,-0.0037109548768036694
2026-10-01,equal_weight,-0.00018976605067306856
2026-10-02,equal_weight,0.010097957514110025
2026-10-05,equal_weight,0.007707720190985007
2026-10-06,equal_weight,-0.00041456326872332284
2026-10-07,equal_weight,-0.008345890280399648
2026-10-08,equal_weight,-0.008196555678949875
2026-10-09,equal_weight,0.0066437246849049385
2023-10-05,sixty_forty,0.00021130951624068002
2023-10-06,sixty_forty,0.0002122222241901216
2023-10-09,sixty_forty,0.0002122222241901216
2023-10-10,sixty_forty,0.00021123015691363621
2023-10-11,sixty_forty,0.00021170635072011797
2023-10-12,sixty_forty,0.00021170635072011797
2023-10-13,sixty_forty,0.00021142857415335517
2023-10-16,sixty_forty,0.00021142857415335517
2023-10-17,sixty_forty,0.00021190476795983693
2023-10-18,sixty_forty,0.00021150793348039898
2023-10-19,sixty_forty,0.00021071428344363258
2023-10-20,sixty_forty,0.0002103174678863041
2023-10-23,sixty_forty,0.00021003969131954133
2023-10-24,sixty_forty,0.00021063492411658877
2023-10-25,sixty_forty,0.00021091270068335157
2023-10-26,sixty_forty,0.0002103174678863041
2023-10-27,sixty_forty,0.00021051586620391362
2023-10-30,sixty_forty,0.00021083334135630776
2023-10-31,sixty_forty,0.00021111111792307052
2023-11-01,sixty_forty,0.0002103174678863041
2023-11-02,sixty_forty,0.00020912698337009975
2023-11-03,sixty_forty,0.00020845237232389904
2023-11-06,sixty_forty,0.00020873016781277126
2023-11-07,sixty_forty,0.00020924602236066547
2023-11-08,sixty_forty,0.00020904762404305594
2023-11-09,sixty_forty,0.00020884920680333698
2023-11-10,sixty_forty,0.00020833333333333332
2023-11-13,sixty_forty,0.00020873016781277126
2023-11-14,sixty_forty,0.00020845237232389904
2023-11-15,sixty_forty,0.0002085317505730523
2023-11-16,sixty_forty,0.00020805555676657055
2023-11-17,sixty_forty,0.00020765872228713263
2023-11-20,sixty_forty,0.00020785713952685162
2023-11-21,sixty_forty,0.0002085317505730523
2023-11-22,sixty_forty,0.0002089285661303808
2023-11-24,sixty_forty,0.00020845237232389904
2023-11-27,sixty_forty,0.00020865078956361802
2023-11-28,sixty_forty,0.00020873016781277126
2023-11-29,sixty_forty,0.00020793649885389538
2023-11-30,sixty_forty,0.00020785713952685162
2023-12-01,sixty_forty,0.00020694445049951947
2023-12-04,sixty_forty,0.00020726190672980415
2023-12-05,sixty_forty,0.00020805555676657055
2023-12-06,sixty_forty,0.00020805555676657055
2023-12-07,sixty_forty,0.00020765872228713263
2023-12-08,sixty_forty,0.00020765872228713263
2023-12-11,sixty_forty,0.00020765872228713263
2023-12-12,sixty_forty,0.0002082539740062895
2023-12-13,sixty_forty,0.00020726190672980415
2023-12-14,sixty_forty,0.00020694445049951947
2023-12-15,sixty_forty,0.00020734126605684796
2023-12-18,sixty_forty,0.00020734126605684796
2023-12-19,sixty_forty,0.00020785713952685162
2023-12-20,sixty_forty,0.00020753968329656692
2023-12-21,sixty_forty,0.0002067460332598005
2023-12-22,sixty_forty,0.00020666667393275668
2023-12-26,sixty_forty,0.00020646825669303775
2023-12-27,sixty_forty,0.0002077381005362859
2023-12-28,sixty_forty,0.0002070634894900852
2023-12-29,sixty_forty,0.00020555554874359614
2024-01-02,sixty_forty,0.0002068650722503662
2024-01-03,sixty_forty,0.0002077381005362859
2024-01-04,sixty_forty,0.0002074603239695231
2024-01-05,sixty_forty,0.00020714284881712897
2024-01-08,sixty_forty,0.00020714284881712897
2024-01-09,sixty_forty,0.00020753968329656692
2024-01-10,sixty_forty,0.00020734126605684796
2024-01-11,sixty_forty,0.0002070634894900852
2024-01-12,sixty_forty,0.0002062698394533188
2024-01-16,sixty_forty,0.00020646825669303775
2024-01-17,sixty_forty,0.00020694445049951947
2024-01-18,sixty_forty,0.00020634919878036254
2024-01-19,sixty_forty,0.0002062698394533188
2024-01-22,sixty_forty,0.00020634919878036254
2024-01-23,sixty_forty,0.0002067460332598005
2024-01-24,sixty_forty,0.0002067460332598005
2024-01-25,sixty_forty,0.00020615080046275307
2024-01-26,sixty_forty,0.00020634919878036254
2024-01-29,sixty_forty,0.00020634919878036254
2024-01-30,sixty_forty,0.00020646825669303775
2024-01-31,sixty_forty,0.00020587302389599027
2024-02-01,sixty_forty,0.00020634919878036254
2024-02-02,sixty_forty,0.0002067460332598005
2024-02-05,sixty_forty,0.0002074603239695231
2024-02-06,sixty_forty,0.00020726190672980415
2024-02-07,sixty_forty,0.00020726190672980415
2024-02-08,sixty_forty,0.0002070634894900852
2024-02-09,sixty_forty,0.00020714284881712897
2024-02-12,sixty_forty,0.0002074603239695231
2024-02-13,sixty_forty,0.00020765872228713263
2024-02-14,sixty_forty,0.0002070634894900852
2024-02-15,sixty_forty,0.0002070634894900852
2024-02-16,sixty_forty,0.00020726190672980415
2024-02-20,sixty_forty,0.0002068650722503662
2024-02-21,sixty_forty,0.0002077381005362859
2024-02-22,sixty_forty,0.00020765872228713263
2024-02-23,sixty_forty,0.00020793649885389538
2024-02-26,sixty_forty,0.00020833333333333332
2024-02-27,sixty_forty,0.00020813491609361436
2024-02-28,sixty_forty,0.00020793649885389538
2024-02-29,sixty_forty,0.00020726190672980415
2024-03-01,sixty_forty,0.00020694445049951947
2024-03-04,sixty_forty,0.00020726190672980415
2024-03-05,sixty_forty,0.00020734126605684796
2024-03-06,sixty_forty,0.00020753968329656692
2024-03-07,sixty_forty,0.0002074603239695231
2024-03-08,sixty_forty,0.0002074603239695231
2024-03-11,sixty_forty,0.00020793649885389538
2024-03-12,sixty_forty,0.00020793649885389538
2024-03-13,sixty_forty,0.00020785713952685162
2024-03-14,sixty_forty,0.00020785713952685162
2024-03-15,sixty_forty,0.00020785713952685162
2024-03-18,sixty_forty,0.00020785713952685162
2024-03-19,sixty_forty,0.00020785713952685162
2024-03-20,sixty_forty,0.0002074603239695231
2024-03-21,sixty_forty,0.0002074603239695231
2024-03-22,sixty_forty,0.00020714284881712897
2024-03-25,sixty_forty,0.0002070634894900852
2024-03-26,sixty_forty,0.0002070634894900852
2024-03-27,sixty_forty,0.00020694445049951947
2024-03-28,sixty_forty,0.00020646825669303775
2024-04-01,sixty_forty,0.0002070634894900852
2024-04-02,sixty_forty,0.0002068650722503662
2024-04-03,sixty_forty,0.0002067460332598005
2024-04-04,sixty_forty,0.00020646825669303775
2024-04-05,sixty_forty,0.00020694445049951947
2024-04-08,sixty_forty,0.00020726190672980415
2024-04-09,sixty_forty,0.00020714284881712897
2024-04-10,sixty_forty,0.00020805555676657055
2024-04-11,sixty_forty,0.00020785713952685162
2024-04-12,sixty_forty,0.00020753968329656692
2024-04-15,sixty_forty,0.00020785713952685162
2024-04-16,sixty_forty,0.00020765872228713263
2024-04-17,sixty_forty,0.00020793649885389538
2024-04-18,sixty_forty,0.00020805555676657055
2024-04-19,sixty_forty,0.00020813491609361436
2024-04-22,sixty_forty,0.00020813491609361436
2024-04-23,sixty_forty,0.00020813491609361436
2024-04-24,sixty_forty,0.0002085317505730523
2024-04-25,sixty_forty,0.00020813491609361436
2024-04-26,sixty_forty,0.00020785713952685162
2024-04-29,sixty_forty,0.00020805555676657055
2024-04-30,sixty_forty,0.00020813491609361436
2024-05-01,sixty_forty,0.00020833333333333332
2024-05-02,sixty_forty,0.00020785713952685162
2024-05-03,sixty_forty,0.0002077381005362859
2024-05-06,sixty_forty,0.00020793649885389538
2024-05-07,sixty_forty,0.00020805555676657055
2024-05-08,sixty_forty,0.00020813491609361436
2024-05-09,sixty_forty,0.00020793649885389538
2024-05-10,sixty_forty,0.00020805555676657055
2024-05-13,sixty_forty,0.00020793649885389538
2024-05-14,sixty_forty,0.0002077381005362859
2024-05-15,sixty_forty,0.00020793649885389538
2024-05-16,sixty_forty,0.00020805555676657055
2024-05-17,sixty_forty,0.00020793649885389538
2024-05-20,sixty_forty,0.00020793649885389538
2024-05-21,sixty_forty,0.00020793649885389538
2024-05-22,sixty_forty,0.00020813491609361436
2024-05-23,sixty_forty,0.00020813491609361436
2024-05-24,sixty_forty,0.00020813491609361436
2024-05-28,sixty_forty,0.0002082539740062895
2024-05-29,sixty_forty,0.00020833333333333332
2024-05-30,sixty_forty,0.0002082539740062895
2024-05-31,sixty_forty,0.00020813491609361436
2024-06-03,sixty_forty,0.00020805555676657055
2024-06-04,sixty_forty,0.00020793649885389538
2024-06-05,sixty_forty,0.00020793649885389538
2024-06-06,sixty_forty,0.00020765872228713263
2024-06-07,sixty_forty,0.00020785713952685162
2024-06-10,sixty_forty,0.00020765872228713263
2024-06-11,sixty_forty,0.00020813491609361436
2024-06-12,sixty_forty,0.00020805555676657055
2024-06-13,sixty_forty,0.00020793649885389538
2024-06-14,sixty_forty,0.00020793649885389538
2024-06-17,sixty_forty,0.00020805555676657055
2024-06-18,sixty_forty,0.0002077381005362859
2024-06-20,sixty_forty,0.00020734126605684796
2024-06-21,sixty_forty,0.00020694445049951947
2024-06-24,sixty_forty,0.0002067460332598005
2024-06-25,sixty_forty,0.00020726190672980415
2024-06-26,sixty_forty,0.00020753968329656692
2024-06-27,sixty_forty,0.00020726190672980415
2024-06-28,sixty_forty,0.0002068650722503662
2024-07-01,sixty_forty,0.0002070634894900852
2024-07-02,sixty_forty,0.0002074603239695231
2024-07-03,sixty_forty,0.00020753968329656692
2024-07-05,sixty_forty,0.00020734126605684796
2024-07-08,sixty_forty,0.0002070634894900852
2024-07-09,sixty_forty,0.00020734126605684796
2024-07-10,sixty_forty,0.00020734126605684796
2024-07-11,sixty_forty,0.0002062698394533188
2024-07-12,sixty_forty,0.0002062698394533188
2024-07-15,sixty_forty,0.0002060714222135998
2024-07-16,sixty_forty,0.0002060714222135998
2024-07-17,sixty_forty,0.00020615080046275307
2024-07-18,sixty_forty,0.0002060714222135998
2024-07-19,sixty_forty,0.0002060714222135998
2024-07-22,sixty_forty,0.00020595238322303409
2024-07-23,sixty_forty,0.00020527777217683337
2024-07-24,sixty_forty,0.00020515873318626766
2024-07-25,sixty_forty,0.0002047618987068297
2024-07-26,sixty_forty,0.00020456350038922024
2024-07-29,sixty_forty,0.0002042460252368261
2024-07-30,sixty_forty,0.0002037698503524538
2024-07-31,sixty_forty,0.0002037698503524538
2024-08-01,sixty_forty,0.00020297618139357795
2024-08-02,sixty_forty,0.00019960318292890276
2024-08-05,sixty_forty,0.00020079364852299765
2024-08-06,sixty_forty,0.00020158729855976408
2024-08-07,sixty_forty,0.00020158729855976408
2024-08-08,sixty_forty,0.00020170635647243925
2024-08-09,sixty_forty,0.00020138888132004512
2024-08-12,sixty_forty,0.0002013095219930013
2024-08-13,sixty_forty,0.00020051587195623488
2024-08-14,sixty_forty,0.00020091270643567282
2024-08-15,sixty_forty,0.00020158729855976408
2024-08-16,sixty_forty,0.00020138888132004512
2024-08-19,sixty_forty,0.00020091270643567282
2024-08-20,sixty_forty,0.00019972222191946848
2024-08-21,sixty_forty,0.0001986111156524174
2024-08-22,sixty_forty,0.0001994047656891838
2024-08-23,sixty_forty,0.0001984126984126984
2024-08-26,sixty_forty,0.0001983333390856546
2024-08-27,sixty_forty,0.00019714285456945026
2024-08-28,sixty_forty,0.00019662698109944662
2024-08-29,sixty_forty,0.00019702381557888457
2024-08-30,sixty_forty,0.00019714285456945026
2024-09-03,sixty_forty,0.00019722221389649407
2024-09-04,sixty_forty,0.00019634920453268385
2024-09-05,sixty_forty,0.00019571429207211448
2024-09-06,sixty_forty,0.00019476190445915102
2024-09-09,sixty_forty,0.00019424603098914736
2024-09-10,sixty_forty,0.00019186508087884813
2024-09-11,sixty_forty,0.00019345238095238096
2024-09-12,sixty_forty,0.00019206349811856709
2024-09-13,sixty_forty,0.00018900793696206714
2024-09-16,sixty_forty,0.00018829364625234452
2024-09-17,sixty_forty,0.00018789683069501603
2024-09-18,sixty_forty,0.00018313491155230808
2024-09-19,sixty_forty,0.00018226190218849787
2024-09-20,sixty_forty,0.00018035714588468036
2024-09-23,sixty_forty,0.0001786904675619943
2024-09-24,sixty_forty,0.00017837301133170959
2024-09-25,sixty_forty,0.00017805555510142494
2024-09-26,sixty_forty,0.00017730158472818041
2024-09-27,sixty_forty,0.00017785713786170598
2024-09-30,sixty_forty,0.00017849206924438476
2024-10-01,sixty_forty,0.00017785713786170598
2024-10-02,sixty_forty,0.00017750000196789937
2024-10-03,sixty_forty,0.0001771825457376147
2024-10-04,sixty_forty,0.00017876984581114753
2024-10-07,sixty_forty,0.00017956349584791396
2024-10-08,sixty_forty,0.00017968253483847965
2024-10-09,sixty_forty,0.00017996031140524242
2024-10-10,sixty_forty,0.00017976191308763294
2024-10-11,sixty_forty,0.00017916666136847602
2024-10-14,sixty_forty,0.0001792857192811512
2024-10-15,sixty_forty,0.00017916666136847602
2024-10-16,sixty_forty,0.0001786904675619943
2024-10-17,sixty_forty,0.00017916666136847602
2024-10-18,sixty_forty,0.0001790873020414322
2024-10-21,sixty_forty,0.0001792857192811512
2024-10-22,sixty_forty,0.00017857142857142857
2024-10-23,sixty_forty,0.00017876984581114753
2024-10-24,sixty_forty,0.00017805555510142494
2024-10-25,sixty_forty,0.0001789682630508665
2024-10-28,sixty_forty,0.00017785713786170598
2024-10-29,sixty_forty,0.00017777777853466217
2024-10-30,sixty_forty,0.00017710316748846146
2024-10-31,sixty_forty,0.00017587302223084464
2024-11-01,sixty_forty,-0.0005253968216124035
2024-11-04,sixty_forty,0.0012754339476591437
2024-11-05,sixty_forty,0.013453651175114156
2024-11-06,sixty_forty,0.016686305501065778
2024-11-07,sixty_forty,0.011218024151158756
2024-11-08,sixty_forty,-0.00492439646571874
2024-11-11,sixty_forty,0.0017995350228308554
2024-11-12,sixty_forty,-0.011909191478401023
2024-11-13,sixty_forty,-0.004606142757207121
2024-11-14,sixty_forty,-0.006234142214061313
2024-11-15,sixty_forty,-0.01131386546304944
2024-11-18,sixty_forty,0.0058987165102519865
2024-11-19,sixty_forty,0.0032943516781008407
2024-11-20,sixty_forty,-0.0005213664329908265
2024-11-21,sixty_forty,0.004640882621729769
2024-11-22,sixty_forty,0.0056285756794371535
2024-11-25,sixty_forty,0.0053641837770997845
2024-11-26,sixty_forty,-0.0013207251920571415
2024-11-27,sixty_forty,-0.0006354971417329176
2024-11-29,sixty_forty,0.006714387305728818
2024-12-02,sixty_forty,0.0037078648223671518
2024-12-03,sixty_forty,0.000834044366934439
2024-12-04,sixty_forty,0.005087910813583394
2024-12-05,sixty_forty,-0.000893034353143092
2024-12-06,sixty_forty,0.002536419989768539
2024-12-09,sixty_forty,0.0003941702382859176
2024-12-10,sixty_forty,-0.007242197798602431
2024-12-11,sixty_forty,0.008132832862270237
2024-12-12,sixty_forty,-0.007634609526734453
2024-12-13,sixty_forty,-0.00017874373664642233
2024-12-16,sixty_forty,0.003188673346125632
2024-12-17,sixty_forty,-0.004746294579459153
2024-12-18,sixty_forty,-0.03152525479616178
2024-12-19,sixty_forty,-0.0017815890038271392
2024-12-20,sixty_forty,0.0062547942334787564
2024-12-23,sixty_forty,0.005239058084186815
2024-12-24,sixty_forty,0.00808031867391195
2024-12-26,sixty_forty,0.0020226869042157163
2024-12-27,sixty_forty,-0.008856234377729892
2024-12-30,sixty_forty,-0.0094543579884352
2024-12-31,sixty_forty,-0.002927672188507448
2025-01-02,sixty_forty,-0.0017371040241497865
2025-01-03,sixty_forty,0.011492927020936738
2025-01-06,sixty_forty,0.006142995759400337
2025-01-07,sixty_forty,-0.009035212892263007
2025-01-08,sixty_forty,-0.0018445895928913617
2025-01-10,sixty_forty,-0.01702568475934692
2025-01-13,sixty_forty,-0.0018691010073273021
2025-01-14,sixty_forty,0.005304508725693068
2025-01-15,sixty_forty,0.017342066881485686
2025-01-16,sixty_forty,-0.0006002300454541846
2025-01-17,sixty_forty,0.008625098157878831
2025-01-21,sixty_forty,0.01301875684892042
2025-01-22,sixty_forty,0.002035186239697814
2025-01-23,sixty_forty,0.004540978890194312
2025-01-24,sixty_forty,0.0001361080236463926
2025-01-27,sixty_forty,-0.01415875774287622
2025-01-28,sixty_forty,0.006042929025960601
2025-01-29,sixty_forty,-0.0017090717305539194
2025-01-30,sixty_forty,0.009544222971910828
2025-01-31,sixty_forty,-0.007313381196671289
2025-02-03,sixty_forty,-0.009103364981116828
2025-02-04,sixty_forty,0.012474751737912949
2025-02-05,sixty_forty,0.005323553956024978
2025-02-06,sixty_forty,0.002862273634225229
2025-02-07,sixty_forty,-0.008751189241418966
2025-02-10,sixty_forty,0.008451300291142261
2025-02-11,sixty_forty,-0.0013163288306023543
2025-02-12,sixty_forty,-0.0004841205605273693
2025-02-13,sixty_forty,0.010937004460555491
2025-02-14,sixty_forty,0.002541123291900308
2025-02-18,sixty_forty,0.004848355215596883
2025-02-19,sixty_forty,-0.0025626058860673956
2025-02-20,sixty_forty,-0.0007462962148099702
2025-02-21,sixty_forty,-0.014977229121460427
2025-02-24,sixty_forty,-0.007948817084264178
2025-02-25,sixty_forty,-0.0022006756765825274
2025-02-26,sixty_forty,0.003150671851225469
2025-02-27,sixty_forty,-0.0179073225766902
2025-02-28,sixty_forty,0.005767762518138717
2025-03-03,sixty_forty,-0.012545587191195723
2025-03-04,sixty_forty,-0.003599115421181809
2025-03-05,sixty_forty,0.017551169319849867
2025-03-06,sixty_forty,-0.015362298699192463
2025-03-07,sixty_forty,0.006333657709937319
2025-03-10,sixty_forty,-0.02753440234252393
2025-03-11,sixty_forty,-0.0010934163711672248
2025-03-12,sixty_forty,0.006186969963563857
2025-03-13,sixty_forty,-0.011256031430265599
2025-03-14,sixty_forty,0.021055734922050234
2025-03-17,sixty_forty,0.011115245215393553
2025-03-18,sixty_forty,-0.008199600998182581
2025-03-19,sixty_forty,0.008854031299102252
2025-03-20,sixty_forty,-0.006140273929128425
2025-03-21,sixty_forty,-0.0028169836077351212
2025-03-24,sixty_forty,0.013575639692821032
2025-03-25,sixty_forty,0.0009898322743545343
2025-03-26,sixty_forty,-0.011849201686930723
2025-03-27,sixty_forty,-0.0011120699001860646
2025-03-28,sixty_forty,-0.018784529294480865
2025-03-31,sixty_forty,-0.001786557795829332
2025-04-01,sixty_forty,0.003090270612631783
2025-04-02,sixty_forty,0.006621113054637728
2025-04-03,sixty_forty,-0.04191329972405815
2025-04-04,sixty_forty,-0.05742171319955247
2025-04-07,sixty_forty,-0.014129833811207361
2025-04-08,sixty_forty,-0.015517006073367902
2025-04-09,sixty_forty,0.09129876538987582
2025-04-10,sixty_forty,-0.0332062019011202
2025-04-11,sixty_forty,0.021464854132597577
2025-04-14,sixty_forty,0.0096079222758796
2025-04-15,sixty_forty,0.00154668682050636
2025-04-16,sixty_forty,-0.015487321580034744
2025-04-17,sixty_forty,0.005633772867099871
2025-04-21,sixty_forty,-0.0146934219438271
2025-04-22,sixty_forty,0.022681452895509165
2025-04-23,sixty_forty,0.01355934410374175
2025-04-24,sixty_forty,0.01873830269813327
2025-04-25,sixty_forty,0.0042279405686748055
2025-04-28,sixty_forty,0.00258061976766599
2025-04-29,sixty_forty,0.00468601117797034
2025-04-30,sixty_forty,-0.0009207374086719512
2025-05-01,sixty_forty,0.004520896453174386
2025-05-02,sixty_forty,0.01998547635437653
2025-05-05,sixty_forty,-0.0019897007509255154
2025-05-06,sixty_forty,-0.006739237399366654
2025-05-07,sixty_forty,-0.0007658536724327318
2025-05-08,sixty_forty,0.006394182810474819
2025-05-09,sixty_forty,0.0015712784867228198
2025-05-12,sixty_forty,0.027112501523571444
2025-05-13,sixty_forty,0.005730361531447239
2025-05-14,sixty_forty,0.00025684919265702485
2025-05-15,sixty_forty,0.004538299683852316
2025-05-16,sixty_forty,0.0041328852956964805
2025-05-19,sixty_forty,0.0018511895291748923
2025-05-20,sixty_forty,-0.0005272981014796359
2025-05-21,sixty_forty,-0.013499181926160286
2025-05-22,sixty_forty,-0.00031787420040039647
2025-05-23,sixty_forty,-0.0027686726500513047
2025-05-27,sixty_forty,0.016318576420825927
2025-05-28,sixty_forty,-0.007358116741378197
2025-05-29,sixty_forty,0.003392351481152192
2025-05-30,sixty_forty,-0.003686177116273673
2025-06-02,sixty_forty,0.006920240110968391
2025-06-03,sixty_forty,0.004896411070427754
2025-06-04,sixty_forty,0.0032959057658718395
2025-06-05,sixty_forty,-0.0014804466592157797
2025-06-06,sixty_forty,0.008601980457258898
2025-06-09,sixty_forty,0.003567549716930594
2025-06-10,sixty_forty,0.004958056203435467
2025-06-11,sixty_forty,-0.0015486453857301938
2025-06-12,sixty_forty,0.00229274053640109
2025-06-13,sixty_forty,-0.014169056304411069
2025-06-16,sixty_forty,0.010272261666304482
2025-06-17,sixty_forty,-0.010848202482825885
2025-06-18,sixty_forty,0.0012911810912327845
2025-06-20,sixty_forty,-0.0046347414263675744
2025-06-23,sixty_forty,0.009640217528677428
2025-06-24,sixty_forty,0.015473092190955426
2025-06-25,sixty_forty,-0.0026230310783689386
2025-06-26,sixty_forty,0.010232516596969634
2025-06-27,sixty_forty,0.0026833513200711584
2025-06-30,sixty_forty,0.003290760724698642
2025-07-01,sixty_forty,0.0003484752207351218
2025-07-02,sixty_forty,0.006521967041711551
2025-07-03,sixty_forty,0.006359578567868346
2025-07-07,sixty_forty,-0.011001326948448348
2025-07-08,sixty_forty,0.0040886368193177
2025-07-09,sixty_forty,0.005971359851739562
2025-07-10,sixty_forty,0.0017154877849938491
2025-07-11,sixty_forty,-0.006514136297107162
2025-07-14,sixty_forty,0.002757514690632286
2025-07-15,sixty_forty,-0.005271340768014708
2025-07-16,sixty_forty,0.0046380420537371165
2025-07-17,sixty_forty,0.007155265647804955
2025-07-18,sixty_forty,-0.002775169795939811
2025-07-21,sixty_forty,0.0029611690967145127
2025-07-22,sixty_forty,0.001841356343885542
2025-07-23,sixty_forty,0.012609202687096359
2025-07-24,sixty_forty,-0.004854306884489476
2025-07-25,sixty_forty,0.0012269649007742344
2025-07-28,sixty_forty,-0.0041662445918787035
2025-07-29,sixty_forty,-0.0024415545003921815
2025-07-30,sixty_forty,-0.0038619062658524893
2025-07-31,sixty_forty,-0.007031792009353156
2025-08-01,sixty_forty,-0.013411479445424979
2025-08-04,sixty_forty,0.015938851384831844
2025-08-05,sixty_forty,-0.0007993751002005174
2025-08-06,sixty_forty,0.006015416841019109
2025-08-07,sixty_forty,0.003316571533119644
2025-08-08,sixty_forty,0.004922943654310297
2025-08-11,sixty_forty,-0.0024447705316771786
2025-08-12,sixty_forty,0.01545410102632016
2025-08-13,sixty_forty,0.008308637014885151
2025-08-14,sixty_forty,-0.005197336281572496
2025-08-15,sixty_forty,-0.0009111246603728713
2025-08-18,sixty_forty,0.0015483496477599304
2025-08-19,sixty_forty,-0.006931819928274513
2025-08-20,sixty_forty,-0.0019681939466205073
2025-08-21,sixty_forty,-0.002923907721816476
2025-08-22,sixty_forty,0.021064512714931878
2025-08-25,sixty_forty,-0.007411899124982241
2025-08-26,sixty_forty,0.002584996725313939
2025-08-27,sixty_forty,0.0005578993132272741
2025-08-28,sixty_forty,0.0036707732266232024
2025-08-29,sixty_forty,-0.006505011006627487
2025-09-02,sixty_forty,-0.006375224368954219
2025-09-03,sixty_forty,0.0035326539301400845
2025-09-04,sixty_forty,0.0067927707824199
2025-09-05,sixty_forty,0.0039879267225747675
2025-09-08,sixty_forty,0.00569677980925444
2025-09-09,sixty_forty,0.00028519834433571366
2025-09-10,sixty_forty,0.0016230178977032356
2025-09-11,sixty_forty,0.011544339621436178
2025-09-12,sixty_forty,-0.002125296452316432
2025-09-15,sixty_forty,0.006422781401557673
2025-09-16,sixty_forty,0.00018633621614309566
2025-09-17,sixty_forty,2.349293528383905e-07
2025-09-18,sixty_forty,0.007913447531630808
2025-09-19,sixty_forty,-0.00040317475242432544
2025-09-22,sixty_forty,0.0049252594662720795
2025-09-23,sixty_forty,-0.003140051545914379
2025-09-24,sixty_forty,-0.004999212087321609
2025-09-25,sixty_forty,-0.006278192989690335
2025-09-26,sixty_forty,0.004794313433061317
2025-09-29,sixty_forty,0.004342003451280823
2025-09-30,sixty_forty,0.0031909294935047903
2025-10-01,sixty_forty,0.005300288318283499
2025-10-02,sixty_forty,0.003562143652205041
2025-10-03,sixty_forty,0.0029070359622085282
2025-10-06,sixty_forty,0.0043961482332823985
2025-10-07,sixty_forty,-0.007236737659628354
2025-10-08,sixty_forty,0.007767658427661892
2025-10-09,sixty_forty,-0.0058120791210255485
2025-10-10,sixty_forty,-0.029418399611851786
2025-10-13,sixty_forty,0.02027714305924725
2025-10-14,sixty_forty,0.00041698614430411103
2025-10-15,sixty_forty,0.008504878412460365
2025-10-16,sixty_forty,-0.0040808890453015645
2025-10-17,sixty_forty,0.0013906971875099338
2025-10-20,sixty_forty,0.012890758690520455
2025-10-21,sixty_forty,-0.004705259587444816
2025-10-22,sixty_forty,-0.006426193501951423
2025-10-23,sixty_forty,0.008102485006769458
2025-10-24,sixty_forty,0.007851613327551054
2025-10-27,sixty_forty,0.01022024976670464
2025-10-28,sixty_forty,0.0008556355069856435
2025-10-29,sixty_forty,-0.0006430651307762505
2025-10-30,sixty_forty,-0.009874660122016347
2025-10-31,sixty_forty,0.0018403925361233121
2025-11-03,sixty_forty,0.002062370253465989
2025-11-04,sixty_forty,-0.015603436307183064
2025-11-05,sixty_forty,0.007950270580114558
2025-11-06,sixty_forty,-0.01133570727022494
2025-11-07,sixty_forty,0.0007897239325441148
2025-11-10,sixty_forty,0.015125502235203165
2025-11-11,sixty_forty,0.0018052674570902957
2025-11-12,sixty_forty,0.0007103361208949127
2025-11-13,sixty_forty,-0.01744375383943819
2025-11-14,sixty_forty,0.0002161364235261056
2025-11-17,sixty_forty,-0.012509773582055014
2025-11-18,sixty_forty,-0.007152104957953207
2025-11-19,sixty_forty,0.0005868384217642303
2025-11-20,sixty_forty,-0.01696045359840534
2025-11-21,sixty_forty,0.012176962381817707
2025-11-24,sixty_forty,0.013876186779584387
2025-11-25,sixty_forty,0.010614296893511281
2025-11-26,sixty_forty,0.008569203222073881
2025-11-28,sixty_forty,0.004853916476566877
2025-12-01,sixty_forty,-0.005294776419562527
2025-12-02,sixty_forty,0.002318653396541026
2025-12-03,sixty_forty,0.0060283030081302895
2025-12-04,sixty_forty,0.0022357089570341267
2025-12-05,sixty_forty,0.0018414844238083218
2025-12-08,sixty_forty,-0.0019641747842484457
2025-12-09,sixty_forty,-0.00010553349466085735
2025-12-10,sixty_forty,0.009335074589988307
2025-12-11,sixty_forty,0.0024443501095692075
2025-12-12,sixty_forty,-0.012428429384673697
2025-12-15,sixty_forty,-0.0021871163620628227
2025-12-16,sixty_forty,-0.0033104752903029243
2025-12-17,sixty_forty,-0.011074805248457926
2025-12-18,sixty_forty,0.009258983004961608
2025-12-19,sixty_forty,0.009374242576737784
2025-12-22,sixty_forty,0.006018589631742471
2025-12-23,sixty_forty,0.002975540796216406
2025-12-24,sixty_forty,0.002437628847626193
2025-12-26,sixty_forty,0.0006613020330248404
2025-12-29,sixty_forty,-0.0040145782172097515
2025-12-30,sixty_forty,-0.001039718947352875
2025-12-31,sixty_forty,-0.006093217228524684
2026-01-02,sixty_forty,0.009881239907456419
2026-01-05,sixty_forty,0.010588630288467505
2026-01-06,sixty_forty,0.007386333795074521
2026-01-07,sixty_forty,-0.003173869611503427
2026-01-08,sixty_forty,0.00113925377710322
2026-01-09,sixty_forty,0.007559051302282943
2026-01-12,sixty_forty,0.005462027120647654
2026-01-13,sixty_forty,-0.0034343605024126107
2026-01-14,sixty_forty,9.769928780901688e-05
2026-01-15,sixty_forty,0.004162131944658317
2026-01-16,sixty_forty,-0.000353714745865763
2026-01-20,sixty_forty,-0.015623565088955784
2026-01-21,sixty_forty,0.014422562499406547
2026-01-22,sixty_forty,0.006307566843260375
2026-01-23,sixty_forty,-0.0008133776672038819
2026-01-26,sixty_forty,0.002550832239070575
2026-01-27,sixty_forty,0.010380804865445011
2026-01-28,sixty_forty,-0.0011994993605668077
2026-01-29,sixty_forty,-0.0012283350010390116
2026-01-30,sixty_forty,-0.012238296602074147
2026-02-02,sixty_forty,0.006225003997875023
2026-02-03,sixty_forty,-0.0031279714046176695
2026-02-04,sixty_forty,-0.008198521854017383
2026-02-05,sixty_forty,-0.012742605247108024
2026-02-06,sixty_forty,0.025072201466082585
2026-02-09,sixty_forty,0.008070052862662203
2026-02-10,sixty_forty,-0.0011789760607685419
2026-02-11,sixty_forty,0.004143455246950249
2026-02-12,sixty_forty,-0.01493068733338445
2026-02-13,sixty_forty,0.004225117862898891
2026-02-17,sixty_forty,-0.000703021431215085
2026-02-18,sixty_forty,0.00446434377432439
2026-02-19,sixty_forty,-0.0018658929917189106
2026-02-20,sixty_forty,0.00917534892911383
2026-02-23,sixty_forty,-0.010582251775795592
2026-02-24,sixty_forty,0.00929335163631723
2026-02-25,sixty_forty,0.009635623242952838
2026-02-26,sixty_forty,-0.004518854309412992
2026-02-27,sixty_forty,-0.005791869808696941
2026-03-02,sixty_forty,-0.005515661641742666
2026-03-03,sixty_forty,-0.02359976051441337
2026-03-04,sixty_forty,0.011134241122779661
2026-03-05,sixty_forty,-0.014610873848859398
2026-03-06,sixty_forty,-0.013133512436497788
2026-03-09,sixty_forty,0.01194690790452973
2026-03-10,sixty_forty,0.0007018055870575971
2026-03-11,sixty_forty,-0.0005959202763857059
2026-03-12,sixty_forty,-0.020235744130249044
2026-03-13,sixty_forty,-0.005901607449575656
2026-03-16,sixty_forty,0.015368389534872991
2026-03-17,sixty_forty,0.004575230381047341
2026-03-18,sixty_forty,-0.016240122770146984
2026-03-19,sixty_forty,-4.807007843814909e-06
2026-03-20,sixty_forty,-0.023779354901934887
2026-03-23,sixty_forty,0.019358803247348677
2026-03-24,sixty_forty,-0.0048987380757335875
2026-03-25,sixty_forty,0.010905368390291839
2026-03-26,sixty_forty,-0.022709238739863514
2026-03-27,sixty_forty,-0.01371846101359531
2026-03-30,sixty_forty,-0.006140796889011245
2026-03-31,sixty_forty,0.0335165136959196
2026-04-01,sixty_forty,0.009834097568359849
2026-04-02,sixty_forty,-0.0016779655359068445
2026-04-06,sixty_forty,0.005829445217857257
2026-04-07,sixty_forty,0.0009710209846228481
2026-04-08,sixty_forty,0.03571732937022472
2026-04-09,sixty_forty,0.002633853663734276
2026-04-10,sixty_forty,0.001034681923701847
2026-04-13,sixty_forty,0.009830559539377715
2026-04-14,sixty_forty,0.014298084467836685
2026-04-15,sixty_forty,0.004123222335419671
2026-04-16,sixty_forty,0.002130796651129074
2026-04-17,sixty_forty,0.015734548167978098
2026-04-20,sixty_forty,-0.0021204383118121613
2026-04-21,sixty_forty,-0.011368124737460435
2026-04-22,sixty_forty,0.011197535445596284
2026-04-23,sixty_forty,-0.007290076284272513
2026-04-24,sixty_forty,0.011796695225713711
2026-04-27,sixty_forty,-0.0002303844373403125
2026-04-28,sixty_forty,-0.00826871229530563
2026-04-29,sixty_forty,-0.003001382459643118
2026-04-30,sixty_forty,0.016967800384387582
2026-05-01,sixty_forty,0.0035168371268230244
2026-05-04,sixty_forty,-0.004947999448285612
2026-05-05,sixty_forty,0.01428982484176063
2026-05-06,sixty_forty,0.02177132520564142
2026-05-07,sixty_forty,-0.010365802725816445
2026-05-08,sixty_forty,0.013897359510393358
2026-05-11,sixty_forty,0.0012767977298714487
2026-05-12,sixty_forty,-0.011305463462434648
2026-05-13,sixty_forty,0.008903753593358514
2026-05-14,sixty_forty,0.004077029691358973
2026-05-15,sixty_forty,-0.02046644870438678
2026-05-18,sixty_forty,-0.00067583748113675
2026-05-19,sixty_forty,-0.00831562202268956
2026-05-20,sixty_forty,0.017399370347930043
2026-05-21,sixty_forty,0.005446615573532066
2026-05-22,sixty_forty,0.0026334456909703377
2026-05-26,sixty_forty,0.018511701428891036
2026-05-27,sixty_forty,-0.0010633947818826461
2026-05-28,sixty_forty,0.004463430297628463
2026-05-29,sixty_forty,0.0003449371422426546
2026-06-01,sixty_forty,0.004490968741404058
2026-06-02,sixty_forty,0.0062127353013882395
2026-06-03,sixty_forty,-0.008871607542766863
2026-06-04,sixty_forty,0.0020404881653834973
2026-06-05,sixty_forty,-0.03994412523880764
2026-06-08,sixty_forty,0.010011776490705018
2026-06-09,sixty_forty,-0.001984577457999842
2026-06-10,sixty_forty,-0.015287380971094963
2026-06-11,sixty_forty,0.030979965252056936
2026-06-12,sixty_forty,0.005689577946212103
2026-06-15,sixty_forty,0.019172131356545764
2026-06-16,sixty_forty,-0.009447163885199589
2026-06-17,sixty_forty,-0.007259516702268621
2026-06-18,sixty_forty,0.018686512605880126
2026-06-22,sixty_forty,0.002192837248733285
2026-06-23,sixty_forty,-0.026829960656905447
2026-06-24,sixty_forty,-0.00011779449217123723
2026-06-25,sixty_forty,0.007264144345553807
2026-06-26,sixty_forty,-0.006886368025717508
2026-06-29,sixty_forty,0.009935581885053585
2026-06-30,sixty_forty,0.009586590480580415
2026-07-01,sixty_forty,-0.011270868744513118
2026-07-02,sixty_forty,-0.004617942009056387
2026-07-06,sixty_forty,0.013246865902813123
2026-07-07,sixty_forty,-0.014426868114885602
2026-07-08,sixty_forty,-0.0019060924942300933
2026-07-09,sixty_forty,0.010292891508197727
2026-07-10,sixty_forty,0.001801466681668248
2026-07-13,sixty_forty,-0.016293818127356315
2026-07-14,sixty_forty,0.008617152687530244
2026-07-15,sixty_forty,0.0021499387693161395
2026-07-16,sixty_forty,-0.010270012017375107
2026-07-17,sixty_forty,-0.00970869455124642
2026-07-20,sixty_forty,-0.0019820371066239383
2026-07-21,sixty_forty,0.016684286602711526
2026-07-22,sixty_forty,-0.003780016469358689
2026-07-23,sixty_forty,-0.011219591719037629
2026-07-24,sixty_forty,-0.00549652367210665
2026-07-27,sixty_forty,0.0025359371065095766
2026-07-28,sixty_forty,-0.005000058106258533
2026-07-29,sixty_forty,-0.015407442426565261
2026-07-30,sixty_forty,0.02631153078984505
2026-07-31,sixty_forty,0.001989615029715868
2026-08-03,sixty_forty,0.011266057454515964
2026-08-04,sixty_forty,0.02178232456714664
2026-08-05,sixty_forty,-0.004160092352305049
2026-08-06,sixty_forty,-0.004340568688385052
2026-08-07,sixty_forty,0.009912240037052345
2026-08-10,sixty_forty,-0.004129070014751374
2026-08-11,sixty_forty,0.00029239420551033365
2026-08-12,sixty_forty,0.007011935122158517
2026-08-13,sixty_forty,0.0052513586888717255
2026-08-14,sixty_forty,6.721688371736902e-05
2026-08-17,sixty_forty,-0.00015288294522545912
2026-08-18,sixty_forty,-0.015390056985179926
2026-08-19,sixty_forty,0.00408784593643938
2026-08-20,sixty_forty,-0.004813869346420264
2026-08-21,sixty_forty,0.006226781672568263
2026-08-24,sixty_forty,-0.0073512774283269015
2026-08-25,sixty_forty,0.00766185716190702
2026-08-26,sixty_forty,-0.001213173872005328
2026-08-27,sixty_forty,0.005486549884398438
2026-08-28,sixty_forty,-0.006401190234618678
2026-08-31,sixty_forty,-0.002574191096888123
2026-09-01,sixty_forty,-0.008716139314561246
2026-09-02,sixty_forty,0.005916115523152144
2026-09-03,sixty_forty,0.008366587269956653
2026-09-04,sixty_forty,0.0040360102530332415
2026-09-08,sixty_forty,-0.0028682840492841796
2026-09-09,sixty_forty,-0.007474114255911579
2026-09-10,sixty_forty,-0.011410192032793042
2026-09-11,sixty_forty,0.008765324592212355
2026-09-14,sixty_forty,-0.010265770427890317
2026-09-15,sixty_forty,-0.005182527462913111
2026-09-16,sixty_forty,-0.0025275516125674636
2026-09-17,sixty_forty,0.012373749035495233
2026-09-18,sixty_forty,-0.0010306108513817678
2026-09-21,sixty_forty,0.01760543322516032
2026-09-22,sixty_forty,0.004224345578987841
2026-09-23,sixty_forty,-0.013958885655023609
2026-09-24,sixty_forty,-0.0023038944782701144
2026-09-25,sixty_forty,0.0064272425123359945
2026-09-28,sixty_forty,-0.008339964845388681
2026-09-29,sixty_forty,-0.0010102605415151125
2026-09-30,sixty_forty,-0.0037109548768036694
2026-10-01,sixty_forty,-0.00018976605067306856
2026-10-02,sixty_forty,0.010097957514110025
2026-10-05,sixty_forty,0.007707720190985007
2026-10-06,sixty_forty,-0.00041456326872332284
2026-10-07,sixty_forty,-0.008345890280399648
2026-10-08,sixty_forty,-0.008196555678949875
2026-10-09,sixty_forty,0.0066437246849049385
2023-10-05,inverse_vol,0.00021130951624068002
2023-10-06,inverse_vol,0.0002122222241901216
2023-10-09,inverse_vol,0.0002122222241901216
2023-10-10,inverse_vol,0.00021123015691363621
2023-10-11,inverse_vol,0.00021170635072011797
2023-10-12,inverse_vol,0.00021170635072011797
2023-10-13,inverse_vol,0.00021142857415335517
2023-10-16,inverse_vol,0.00021142857415335517
2023-10-17,inverse_vol,0.00021190476795983693
2023-10-18,inverse_vol,0.00021150793348039898
2023-10-19,inverse_vol,0.00021071428344363258
2023-10-20,inverse_vol,0.0002103174678863041
2023-10-23,inverse_vol,0.00021003969131954133
2023-10-24,inverse_vol,0.00021063492411658877
2023-10-25,inverse_vol,0.00021091270068335157
2023-10-26,inverse_vol,0.0002103174678863041
2023-10-27,inverse_vol,0.00021051586620391362
2023-10-30,inverse_vol,0.00021083334135630776
2023-10-31,inverse_vol,0.00021111111792307052
2023-11-01,inverse_vol,0.0002103174678863041
2023-11-02,inverse_vol,0.00020912698337009975
2023-11-03,inverse_vol,0.00020845237232389904
2023-11-06,inverse_vol,0.00020873016781277126
2023-11-07,inverse_vol,0.00020924602236066547
2023-11-08,inverse_vol,0.00020904762404305594
2023-11-09,inverse_vol,0.00020884920680333698
2023-11-10,inverse_vol,0.00020833333333333332
2023-11-13,inverse_vol,0.00020873016781277126
2023-11-14,inverse_vol,0.00020845237232389904
2023-11-15,inverse_vol,0.0002085317505730523
2023-11-16,inverse_vol,0.00020805555676657055
2023-11-17,inverse_vol,0.00020765872228713263
2023-11-20,inverse_vol,0.00020785713952685162
2023-11-21,inverse_vol,0.0002085317505730523
2023-11-22,inverse_vol,0.0002089285661303808
2023-11-24,inverse_vol,0.00020845237232389904
2023-11-27,inverse_vol,0.00020865078956361802
2023-11-28,inverse_vol,0.00020873016781277126
2023-11-29,inverse_vol,0.00020793649885389538
2023-11-30,inverse_vol,0.00020785713952685162
2023-12-01,inverse_vol,0.00020694445049951947
2023-12-04,inverse_vol,0.00020726190672980415
2023-12-05,inverse_vol,0.00020805555676657055
2023-12-06,inverse_vol,0.00020805555676657055
2023-12-07,inverse_vol,0.00020765872228713263
2023-12-08,inverse_vol,0.00020765872228713263
2023-12-11,inverse_vol,0.00020765872228713263
2023-12-12,inverse_vol,0.0002082539740062895
2023-12-13,inverse_vol,0.00020726190672980415
2023-12-14,inverse_vol,0.00020694445049951947
2023-12-15,inverse_vol,0.00020734126605684796
2023-12-18,inverse_vol,0.00020734126605684796
2023-12-19,inverse_vol,0.00020785713952685162
2023-12-20,inverse_vol,0.00020753968329656692
2023-12-21,inverse_vol,0.0002067460332598005
2023-12-22,inverse_vol,0.00020666667393275668
2023-12-26,inverse_vol,0.00020646825669303775
2023-12-27,inverse_vol,0.0002077381005362859
2023-12-28,inverse_vol,0.0002070634894900852
2023-12-29,inverse_vol,0.00020555554874359614
2024-01-02,inverse_vol,0.0002068650722503662
2024-01-03,inverse_vol,0.0002077381005362859
2024-01-04,inverse_vol,0.0002074603239695231
2024-01-05,inverse_vol,0.00020714284881712897
2024-01-08,inverse_vol,0.00020714284881712897
2024-01-09,inverse_vol,0.00020753968329656692
2024-01-10,inverse_vol,0.00020734126605684796
2024-01-11,inverse_vol,0.0002070634894900852
2024-01-12,inverse_vol,0.0002062698394533188
2024-01-16,inverse_vol,0.00020646825669303775
2024-01-17,inverse_vol,0.00020694445049951947
2024-01-18,inverse_vol,0.00020634919878036254
2024-01-19,inverse_vol,0.0002062698394533188
2024-01-22,inverse_vol,0.00020634919878036254
2024-01-23,inverse_vol,0.0002067460332598005
2024-01-24,inverse_vol,0.0002067460332598005
2024-01-25,inverse_vol,0.00020615080046275307
2024-01-26,inverse_vol,0.00020634919878036254
2024-01-29,inverse_vol,0.00020634919878036254
2024-01-30,inverse_vol,0.00020646825669303775
2024-01-31,inverse_vol,0.00020587302389599027
2024-02-01,inverse_vol,0.00020634919878036254
2024-02-02,inverse_vol,0.0002067460332598005
2024-02-05,inverse_vol,0.0002074603239695231
2024-02-06,inverse_vol,0.00020726190672980415
2024-02-07,inverse_vol,0.00020726190672980415
2024-02-08,inverse_vol,0.0002070634894900852
2024-02-09,inverse_vol,0.00020714284881712897
2024-02-12,inverse_vol,0.0002074603239695231
2024-02-13,inverse_vol,0.00020765872228713263
2024-02-14,inverse_vol,0.0002070634894900852
2024-02-15,inverse_vol,0.0002070634894900852
2024-02-16,inverse_vol,0.00020726190672980415
2024-02-20,inverse_vol,0.0002068650722503662
2024-02-21,inverse_vol,0.0002077381005362859
2024-02-22,inverse_vol,0.00020765872228713263
2024-02-23,inverse_vol,0.00020793649885389538
2024-02-26,inverse_vol,0.00020833333333333332
2024-02-27,inverse_vol,0.00020813491609361436
2024-02-28,inverse_vol,0.00020793649885389538
2024-02-29,inverse_vol,0.00020726190672980415
2024-03-01,inverse_vol,0.00020694445049951947
2024-03-04,inverse_vol,0.00020726190672980415
2024-03-05,inverse_vol,0.00020734126605684796
2024-03-06,inverse_vol,0.00020753968329656692
2024-03-07,inverse_vol,0.0002074603239695231
2024-03-08,inverse_vol,0.0002074603239695231
2024-03-11,inverse_vol,0.00020793649885389538
2024-03-12,inverse_vol,0.00020793649885389538
2024-03-13,inverse_vol,0.00020785713952685162
2024-03-14,inverse_vol,0.00020785713952685162
2024-03-15,inverse_vol,0.00020785713952685162
2024-03-18,inverse_vol,0.00020785713952685162
2024-03-19,inverse_vol,0.00020785713952685162
2024-03-20,inverse_vol,0.0002074603239695231
2024-03-21,inverse_vol,0.0002074603239695231
2024-03-22,inverse_vol,0.00020714284881712897
2024-03-25,inverse_vol,0.0002070634894900852
2024-03-26,inverse_vol,0.0002070634894900852
2024-03-27,inverse_vol,0.00020694445049951947
2024-03-28,inverse_vol,0.00020646825669303775
2024-04-01,inverse_vol,0.0002070634894900852
2024-04-02,inverse_vol,0.0002068650722503662
2024-04-03,inverse_vol,0.0002067460332598005
2024-04-04,inverse_vol,0.00020646825669303775
2024-04-05,inverse_vol,0.00020694445049951947
2024-04-08,inverse_vol,0.00020726190672980415
2024-04-09,inverse_vol,0.00020714284881712897
2024-04-10,inverse_vol,0.00020805555676657055
2024-04-11,inverse_vol,0.00020785713952685162
2024-04-12,inverse_vol,0.00020753968329656692
2024-04-15,inverse_vol,0.00020785713952685162
2024-04-16,inverse_vol,0.00020765872228713263
2024-04-17,inverse_vol,0.00020793649885389538
2024-04-18,inverse_vol,0.00020805555676657055
2024-04-19,inverse_vol,0.00020813491609361436
2024-04-22,inverse_vol,0.00020813491609361436
2024-04-23,inverse_vol,0.00020813491609361436
2024-04-24,inverse_vol,0.0002085317505730523
2024-04-25,inverse_vol,0.00020813491609361436
2024-04-26,inverse_vol,0.00020785713952685162
2024-04-29,inverse_vol,0.00020805555676657055
2024-04-30,inverse_vol,0.00020813491609361436
2024-05-01,inverse_vol,0.00020833333333333332
2024-05-02,inverse_vol,0.00020785713952685162
2024-05-03,inverse_vol,0.0002077381005362859
2024-05-06,inverse_vol,0.00020793649885389538
2024-05-07,inverse_vol,0.00020805555676657055
2024-05-08,inverse_vol,0.00020813491609361436
2024-05-09,inverse_vol,0.00020793649885389538
2024-05-10,inverse_vol,0.00020805555676657055
2024-05-13,inverse_vol,0.00020793649885389538
2024-05-14,inverse_vol,0.0002077381005362859
2024-05-15,inverse_vol,0.00020793649885389538
2024-05-16,inverse_vol,0.00020805555676657055
2024-05-17,inverse_vol,0.00020793649885389538
2024-05-20,inverse_vol,0.00020793649885389538
2024-05-21,inverse_vol,0.00020793649885389538
2024-05-22,inverse_vol,0.00020813491609361436
2024-05-23,inverse_vol,0.00020813491609361436
2024-05-24,inverse_vol,0.00020813491609361436
2024-05-28,inverse_vol,0.0002082539740062895
2024-05-29,inverse_vol,0.00020833333333333332
2024-05-30,inverse_vol,0.0002082539740062895
2024-05-31,inverse_vol,0.00020813491609361436
2024-06-03,inverse_vol,0.00020805555676657055
2024-06-04,inverse_vol,0.00020793649885389538
2024-06-05,inverse_vol,0.00020793649885389538
2024-06-06,inverse_vol,0.00020765872228713263
2024-06-07,inverse_vol,0.00020785713952685162
2024-06-10,inverse_vol,0.00020765872228713263
2024-06-11,inverse_vol,0.00020813491609361436
2024-06-12,inverse_vol,0.00020805555676657055
2024-06-13,inverse_vol,0.00020793649885389538
2024-06-14,inverse_vol,0.00020793649885389538
2024-06-17,inverse_vol,0.00020805555676657055
2024-06-18,inverse_vol,0.0002077381005362859
2024-06-20,inverse_vol,0.00020734126605684796
2024-06-21,inverse_vol,0.00020694445049951947
2024-06-24,inverse_vol,0.0002067460332598005
2024-06-25,inverse_vol,0.00020726190672980415
2024-06-26,inverse_vol,0.00020753968329656692
2024-06-27,inverse_vol,0.00020726190672980415
2024-06-28,inverse_vol,0.0002068650722503662
2024-07-01,inverse_vol,0.0002070634894900852
2024-07-02,inverse_vol,0.0002074603239695231
2024-07-03,inverse_vol,0.00020753968329656692
2024-07-05,inverse_vol,0.00020734126605684796
2024-07-08,inverse_vol,0.0002070634894900852
2024-07-09,inverse_vol,0.00020734126605684796
2024-07-10,inverse_vol,0.00020734126605684796
2024-07-11,inverse_vol,0.0002062698394533188
2024-07-12,inverse_vol,0.0002062698394533188
2024-07-15,inverse_vol,0.0002060714222135998
2024-07-16,inverse_vol,0.0002060714222135998
2024-07-17,inverse_vol,0.00020615080046275307
2024-07-18,inverse_vol,0.0002060714222135998
2024-07-19,inverse_vol,0.0002060714222135998
2024-07-22,inverse_vol,0.00020595238322303409
2024-07-23,inverse_vol,0.00020527777217683337
2024-07-24,inverse_vol,0.00020515873318626766
2024-07-25,inverse_vol,0.0002047618987068297
2024-07-26,inverse_vol,0.00020456350038922024
2024-07-29,inverse_vol,0.0002042460252368261
2024-07-30,inverse_vol,0.0002037698503524538
2024-07-31,inverse_vol,0.0002037698503524538
2024-08-01,inverse_vol,0.00020297618139357795
2024-08-02,inverse_vol,0.00019960318292890276
2024-08-05,inverse_vol,0.00020079364852299765
2024-08-06,inverse_vol,0.00020158729855976408
2024-08-07,inverse_vol,0.00020158729855976408
2024-08-08,inverse_vol,0.00020170635647243925
2024-08-09,inverse_vol,0.00020138888132004512
2024-08-12,inverse_vol,0.0002013095219930013
2024-08-13,inverse_vol,0.00020051587195623488
2024-08-14,inverse_vol,0.00020091270643567282
2024-08-15,inverse_vol,0.00020158729855976408
2024-08-16,inverse_vol,0.00020138888132004512
2024-08-19,inverse_vol,0.00020091270643567282
2024-08-20,inverse_vol,0.00019972222191946848
2024-08-21,inverse_vol,0.0001986111156524174
2024-08-22,inverse_vol,0.0001994047656891838
2024-08-23,inverse_vol,0.0001984126984126984
2024-08-26,inverse_vol,0.0001983333390856546
2024-08-27,inverse_vol,0.00019714285456945026
2024-08-28,inverse_vol,0.00019662698109944662
2024-08-29,inverse_vol,0.00019702381557888457
2024-08-30,inverse_vol,0.00019714285456945026
2024-09-03,inverse_vol,0.00019722221389649407
2024-09-04,inverse_vol,0.00019634920453268385
2024-09-05,inverse_vol,0.00019571429207211448
2024-09-06,inverse_vol,0.00019476190445915102
2024-09-09,inverse_vol,0.00019424603098914736
2024-09-10,inverse_vol,0.00019186508087884813
2024-09-11,inverse_vol,0.00019345238095238096
2024-09-12,inverse_vol,0.00019206349811856709
2024-09-13,inverse_vol,0.00018900793696206714
2024-09-16,inverse_vol,0.00018829364625234452
2024-09-17,inverse_vol,0.00018789683069501603
2024-09-18,inverse_vol,0.00018313491155230808
2024-09-19,inverse_vol,0.00018226190218849787
2024-09-20,inverse_vol,0.00018035714588468036
2024-09-23,inverse_vol,0.0001786904675619943
2024-09-24,inverse_vol,0.00017837301133170959
2024-09-25,inverse_vol,0.00017805555510142494
2024-09-26,inverse_vol,0.00017730158472818041
2024-09-27,inverse_vol,0.00017785713786170598
2024-09-30,inverse_vol,0.00017849206924438476
2024-10-01,inverse_vol,0.00017785713786170598
2024-10-02,inverse_vol,0.00017750000196789937
2024-10-03,inverse_vol,0.0001771825457376147
2024-10-04,inverse_vol,0.00017876984581114753
2024-10-07,inverse_vol,0.00017956349584791396
2024-10-08,inverse_vol,0.00017968253483847965
2024-10-09,inverse_vol,0.00017996031140524242
2024-10-10,inverse_vol,0.00017976191308763294
2024-10-11,inverse_vol,0.00017916666136847602
2024-10-14,inverse_vol,0.0001792857192811512
2024-10-15,inverse_vol,0.00017916666136847602
2024-10-16,inverse_vol,0.0001786904675619943
2024-10-17,inverse_vol,0.00017916666136847602
2024-10-18,inverse_vol,0.0001790873020414322
2024-10-21,inverse_vol,0.0001792857192811512
2024-10-22,inverse_vol,0.00017857142857142857
2024-10-23,inverse_vol,0.00017876984581114753
2024-10-24,inverse_vol,0.00017805555510142494
2024-10-25,inverse_vol,0.0001789682630508665
2024-10-28,inverse_vol,0.00017785713786170598
2024-10-29,inverse_vol,0.00017777777853466217
2024-10-30,inverse_vol,0.00017710316748846146
2024-10-31,inverse_vol,0.00017587302223084464
2024-11-01,inverse_vol,-0.0005253968216124034
2024-11-04,inverse_vol,0.0009632671928614925
2024-11-05,inverse_vol,0.012971799141788984
2024-11-06,inverse_vol,0.01344839566186459
2024-11-07,inverse_vol,0.011905642003583091
2024-11-08,inverse_vol,-0.005584988772575839
2024-11-11,inverse_vol,0.001016083476691335
2024-11-12,inverse_vol,-0.011602885243994531
2024-11-13,inverse_vol,-0.004160723002676188
2024-11-14,inverse_vol,-0.005505666058612581
2024-11-15,inverse_vol,-0.010620501733258259
2024-11-18,inverse_vol,0.005974582719960628
2024-11-19,inverse_vol,0.002830638383164914
2024-11-20,inverse_vol,-0.0006590294431123663
2024-11-21,inverse_vol,0.003954060382190184
2024-11-22,inverse_vol,0.004800941110224762
2024-11-25,inverse_vol,0.004780168706266829
2024-11-26,inverse_vol,-0.0009444047427107393
2024-11-27,inverse_vol,-0.0004855871296393984
2024-11-29,inverse_vol,0.007064624057722842
2024-12-02,inverse_vol,0.003647994578728541
2024-12-03,inverse_vol,0.0013800510971259995
2024-12-04,inverse_vol,0.004886985273533094
2024-12-05,inverse_vol,-9.768741686633198e-05
2024-12-06,inverse_vol,0.002198802720973037
2024-12-09,inverse_vol,0.0005121258608644587
2024-12-10,inverse_vol,-0.0073268666270441315
2024-12-11,inverse_vol,0.008005542022025951
2024-12-12,inverse_vol,-0.007303884298401868
2024-12-13,inverse_vol,-0.0001238826704196142
2024-12-16,inverse_vol,0.0025948902840833505
2024-12-17,inverse_vol,-0.004254719849826734
2024-12-18,inverse_vol,-0.030408247054415444
2024-12-19,inverse_vol,-0.0015699570664684218
2024-12-20,inverse_vol,0.005982289167414122
2024-12-23,inverse_vol,0.00560147448896601
2024-12-24,inverse_vol,0.007894096946198989
2024-12-26,inverse_vol,0.0016872942310761272
2024-12-27,inverse_vol,-0.008261663047519083
2024-12-30,inverse_vol,-0.009441057958806011
2024-12-31,inverse_vol,-0.002926169606045721
2025-01-02,inverse_vol,-0.0019737160277012787
2025-01-03,inverse_vol,0.010934199247378748
2025-01-06,inverse_vol,0.006407727747837803
2025-01-07,inverse_vol,-0.008597396318132175
2025-01-08,inverse_vol,-0.001602091123930829
2025-01-10,inverse_vol,-0.016655934783341583
2025-01-13,inverse_vol,-0.001902813717981182
2025-01-14,inverse_vol,0.0049210217366343935
2025-01-15,inverse_vol,0.01691510044330773
2025-01-16,inverse_vol,-0.00037347960163168015
2025-01-17,inverse_vol,0.008486457445694361
2025-01-21,inverse_vol,0.013030595647392841
2025-01-22,inverse_vol,0.0021528140425870726
2025-01-23,inverse_vol,0.004804476143602884
2025-01-24,inverse_vol,0.0005342488948234473
2025-01-27,inverse_vol,-0.013369188536995206
2025-01-28,inverse_vol,0.005854309062422054
2025-01-29,inverse_vol,-0.0017351664923515035
2025-01-30,inverse_vol,0.009528280774917334
2025-01-31,inverse_vol,-0.007388148123521652
2025-02-03,inverse_vol,-0.009012742534167737
2025-02-04,inverse_vol,0.012142650387581583
2025-02-05,inverse_vol,0.005199812098485487
2025-02-06,inverse_vol,0.003197757621000622
2025-02-07,inverse_vol,-0.008533338082167021
2025-02-10,inverse_vol,0.008396063903736862
2025-02-11,inverse_vol,-0.0007275571733722471
2025-02-12,inverse_vol,-2.5250050350831242e-05
2025-02-13,inverse_vol,0.010846074723223654
2025-02-14,inverse_vol,0.002500190587667956
2025-02-18,inverse_vol,0.00491972008730387
2025-02-19,inverse_vol,-0.002734299573358277
2025-02-20,inverse_vol,-0.00012104780036360958
2025-02-21,inverse_vol,-0.013851620408520296
2025-02-24,inverse_vol,-0.007420545841140731
2025-02-25,inverse_vol,-0.0014376816552276847
2025-02-26,inverse_vol,0.0030801057112918237
2025-02-27,inverse_vol,-0.01737026220733709
2025-02-28,inverse_vol,0.005467742163532111
2025-03-03,inverse_vol,-0.01075786687144959
2025-03-04,inverse_vol,-0.0035089982812998083
2025-03-05,inverse_vol,0.01797762385583436
2025-03-06,inverse_vol,-0.014887154564328877
2025-03-07,inverse_vol,0.006566632649238046
2025-03-10,inverse_vol,-0.027092544394859603
2025-03-11,inverse_vol,-0.0014953631450561168
2025-03-12,inverse_vol,0.006223888666721263
2025-03-13,inverse_vol,-0.010798290046864499
2025-03-14,inverse_vol,0.020705608607184768
2025-03-17,inverse_vol,0.01105427268411064
2025-03-18,inverse_vol,-0.0076911453855522055
2025-03-19,inverse_vol,0.00828127643279953
2025-03-20,inverse_vol,-0.006169934421710161
2025-03-21,inverse_vol,-0.0028647852344725108
2025-03-24,inverse_vol,0.012472136466158438
2025-03-25,inverse_vol,0.001365772204837142
2025-03-26,inverse_vol,-0.011769733486913292
2025-03-27,inverse_vol,-0.0007515802871843032
2025-03-28,inverse_vol,-0.018146865763405844
2025-03-31,inverse_vol,-0.0016469154200831888
2025-04-01,inverse_vol,0.0029905693569514465
2025-04-02,inverse_vol,0.006042444260841299
2025-04-03,inverse_vol,-0.04002346799532697
2025-04-04,inverse_vol,-0.05815243037484707
2025-04-07,inverse_vol,-0.014883213938936782
2025-04-08,inverse_vol,-0.014523333658802316
2025-04-09,inverse_vol,0.0904755851278315
2025-04-10,inverse_vol,-0.032360394513369056
2025-04-11,inverse_vol,0.02186875308859477
2025-04-14,inverse_vol,0.009668074323518471
2025-04-15,inverse_vol,0.0017165106032973009
2025-04-16,inverse_vol,-0.01498331994660163
2025-04-17,inverse_vol,0.005797419772637643
2025-04-21,inverse_vol,-0.014062823117151912
2025-04-22,inverse_vol,0.022459949382110378
2025-04-23,inverse_vol,0.012879938917721111
2025-04-24,inverse_vol,0.01822307114590312
2025-04-25,inverse_vol,0.0042478642982758975
2025-04-28,inverse_vol,0.0027024718644627736
2025-04-29,inverse_vol,0.004517232063157633
2025-04-30,inverse_vol,-0.0006967719755872307
2025-05-01,inverse_vol,0.0038975609786755312
2025-05-02,inverse_vol,0.020172349337842843
2025-05-05,inverse_vol,-0.0014305319244090047
2025-05-06,inverse_vol,-0.006303381102157159
2025-05-07,inverse_vol,-0.0012775943397604608
2025-05-08,inverse_vol,0.005440356610339885
2025-05-09,inverse_vol,0.001927984104923321
2025-05-12,inverse_vol,0.02556719126592271
2025-05-13,inverse_vol,0.005230954522706526
2025-05-14,inverse_vol,0.00024817073462642244
2025-05-15,inverse_vol,0.004754209936408908
2025-05-16,inverse_vol,0.0038845987403644303
2025-05-19,inverse_vol,0.0023204661529818713
2025-05-20,inverse_vol,-0.00029556210794232367
2025-05-21,inverse_vol,-0.012660131173233283
2025-05-22,inverse_vol,-0.00045574046958004704
2025-05-23,inverse_vol,-0.0022918996528236944
2025-05-27,inverse_vol,0.015476833694539298
2025-05-28,inverse_vol,-0.007471249985151944
2025-05-29,inverse_vol,0.0035013804813822345
2025-05-30,inverse_vol,-0.0036573269069507842
2025-06-02,inverse_vol,0.007118124959383626
2025-06-03,inverse_vol,0.003954718885514929
2025-06-04,inverse_vol,0.003674276404476046
2025-06-05,inverse_vol,-0.0011884462791500316
2025-06-06,inverse_vol,0.008066764348993852
2025-06-09,inverse_vol,0.0034803084529560287
2025-06-10,inverse_vol,0.0047672152664327136
2025-06-11,inverse_vol,-0.0013191855219003591
2025-06-12,inverse_vol,0.002672821534509137
2025-06-13,inverse_vol,-0.014072099651413247
2025-06-16,inverse_vol,0.009883531565214834
2025-06-17,inverse_vol,-0.010977598171381388
2025-06-18,inverse_vol,0.0012110679960269577
2025-06-20,inverse_vol,-0.004897100819273648
2025-06-23,inverse_vol,0.009439250838977408
2025-06-24,inverse_vol,0.015595845961266713
2025-06-25,inverse_vol,-0.0025743385558355254
2025-06-26,inverse_vol,0.010051096573155907
2025-06-27,inverse_vol,0.002854135350594539
2025-06-30,inverse_vol,0.003132022998043678
2025-07-01,inverse_vol,0.00032741156374117565
2025-07-02,inverse_vol,0.00610700667785598
2025-07-03,inverse_vol,0.005885190520065392
2025-07-07,inverse_vol,-0.011037428526332119
2025-07-08,inverse_vol,0.004274699145599597
2025-07-09,inverse_vol,0.005726154353202282
2025-07-10,inverse_vol,0.0016562431202701827
2025-07-11,inverse_vol,-0.006508411852624896
2025-07-14,inverse_vol,0.0024772618989044896
2025-07-15,inverse_vol,-0.005071965366650455
2025-07-16,inverse_vol,0.00458747936520882
2025-07-17,inverse_vol,0.006742917512465519
2025-07-18,inverse_vol,-0.0026981647945270464
2025-07-21,inverse_vol,0.003228371275709751
2025-07-22,inverse_vol,0.002024992340131667
2025-07-23,inverse_vol,0.013239630259478191
2025-07-24,inverse_vol,-0.004930660593333185
2025-07-25,inverse_vol,0.0009616097983312896
2025-07-28,inverse_vol,-0.005006498730135934
2025-07-29,inverse_vol,-0.002297978711597497
2025-07-30,inverse_vol,-0.004189584590126028
2025-07-31,inverse_vol,-0.007122113273092279
2025-08-01,inverse_vol,-0.01247728414708559
2025-08-04,inverse_vol,0.015495901487772589
2025-08-05,inverse_vol,-0.0006958407798419976
2025-08-06,inverse_vol,0.006001052468215742
2025-08-07,inverse_vol,0.0037510668013912086
2025-08-08,inverse_vol,0.0048137227080140375
2025-08-11,inverse_vol,-0.0025530022321138724
2025-08-12,inverse_vol,0.014980129732127473
2025-08-13,inverse_vol,0.008223781876314288
2025-08-14,inverse_vol,-0.005032472629265031
2025-08-15,inverse_vol,-0.00041831077963634845
2025-08-18,inverse_vol,0.0015204843650511773
2025-08-19,inverse_vol,-0.00645033996808628
2025-08-20,inverse_vol,-0.0015889856878031634
2025-08-21,inverse_vol,-0.0031290847170632615
2025-08-22,inverse_vol,0.02049319907949161
2025-08-25,inverse_vol,-0.0076400186850437745
2025-08-26,inverse_vol,0.0021763720336909096
2025-08-27,inverse_vol,0.00014502526153992862
2025-08-28,inverse_vol,0.0036574183334386265
2025-08-29,inverse_vol,-0.00634217836231507
2025-09-02,inverse_vol,-0.0063768331269066095
2025-09-03,inverse_vol,0.00345735139454296
2025-09-04,inverse_vol,0.006424925115886664
2025-09-05,inverse_vol,0.0041602491633454825
2025-09-08,inverse_vol,0.006023826257465571
2025-09-09,inverse_vol,0.00033311937880167524
2025-09-10,inverse_vol,0.0017819606994271507
2025-09-11,inverse_vol,0.011542270999485398
2025-09-12,inverse_vol,-0.0021479823677680336
2025-09-15,inverse_vol,0.006430865251280168
2025-09-16,inverse_vol,0.0002746627206422119
2025-09-17,inverse_vol,-7.311123379982287e-05
2025-09-18,inverse_vol,0.007082490174324471
2025-09-19,inverse_vol,-0.0005689470073159103
2025-09-22,inverse_vol,0.004806457720623378
2025-09-23,inverse_vol,-0.00295516425255396
2025-09-24,inverse_vol,-0.004926384345254344
2025-09-25,inverse_vol,-0.006268397287832703
2025-09-26,inverse_vol,0.0047113467340745485
2025-09-29,inverse_vol,0.004475325359512842
2025-09-30,inverse_vol,0.003301677015724666
2025-10-01,inverse_vol,0.005545458020669289
2025-10-02,inverse_vol,0.0034101425917290725
2025-10-03,inverse_vol,0.003194260743466426
2025-10-06,inverse_vol,0.004236185870109583
2025-10-07,inverse_vol,-0.007251344489524277
2025-10-08,inverse_vol,0.007394592827376488
2025-10-09,inverse_vol,-0.006119539438427852
2025-10-10,inverse_vol,-0.028992725564299104
2025-10-13,inverse_vol,0.01975495462900483
2025-10-14,inverse_vol,0.00016901382582657333
2025-10-15,inverse_vol,0.008540265913056844
2025-10-16,inverse_vol,-0.0030186467930788915
2025-10-17,inverse_vol,0.0014579985941320034
2025-10-20,inverse_vol,0.01254688719074096
2025-10-21,inverse_vol,-0.005072739011414827
2025-10-22,inverse_vol,-0.005772640181681418
2025-10-23,inverse_vol,0.007844821443192696
2025-10-24,inverse_vol,0.007377735711224602
2025-10-27,inverse_vol,0.010081154307520844
2025-10-28,inverse_vol,0.0007495699226141034
2025-10-29,inverse_vol,-0.0006156098242870325
2025-10-30,inverse_vol,-0.009568788839991998
2025-10-31,inverse_vol,0.0013978734462812142
2025-11-03,inverse_vol,0.0021601931471942728
2025-11-04,inverse_vol,-0.015237094291000935
2025-11-05,inverse_vol,0.007748929834882829
2025-11-06,inverse_vol,-0.010462250650599313
2025-11-07,inverse_vol,0.0008206008961407932
2025-11-10,inverse_vol,0.01492602730193891
2025-11-11,inverse_vol,0.002184511417795322
2025-11-12,inverse_vol,0.001052878701202451
2025-11-13,inverse_vol,-0.016631148006221175
2025-11-14,inverse_vol,7.668279911487335e-07
2025-11-17,inverse_vol,-0.012413311800005567
2025-11-18,inverse_vol,-0.007489116808264633
2025-11-19,inverse_vol,0.0002158084603333134
2025-11-20,inverse_vol,-0.016503486094186254
2025-11-21,inverse_vol,0.011707091094433058
2025-11-24,inverse_vol,0.01278203851120117
2025-11-25,inverse_vol,0.01031810626113753
2025-11-26,inverse_vol,0.008616981689515689
2025-11-28,inverse_vol,0.0045921397328367195
2025-12-01,inverse_vol,-0.005021101150460998
2025-12-02,inverse_vol,0.0022432163579226222
2025-12-03,inverse_vol,0.005659093601580732
2025-12-04,inverse_vol,0.00211901556577283
2025-12-05,inverse_vol,0.0019970027150001063
2025-12-08,inverse_vol,-0.0020841907572769756
2025-12-09,inverse_vol,-0.00029752700053571157
2025-12-10,inverse_vol,0.009498032116678372
2025-12-11,inverse_vol,0.002338690548321488
2025-12-12,inverse_vol,-0.011824425485287511
2025-12-15,inverse_vol,-0.0016335792887996288
2025-12-16,inverse_vol,-0.0035654310234205676
2025-12-17,inverse_vol,-0.010633123887465158
2025-12-18,inverse_vol,0.00914265315240972
2025-12-19,inverse_vol,0.009187303355410981
2025-12-22,inverse_vol,0.005764552130881797
2025-12-23,inverse_vol,0.003357415296917664
2025-12-24,inverse_vol,0.0023655199532849084
2025-12-26,inverse_vol,0.0010313969134458359
2025-12-29,inverse_vol,-0.0038538759760393124
2025-12-30,inverse_vol,-0.0005965960205689949
2025-12-31,inverse_vol,-0.005841157662012106
2026-01-02,inverse_vol,0.010686461460203703
2026-01-05,inverse_vol,0.010566841598204119
2026-01-06,inverse_vol,0.0069476422767513245
2026-01-07,inverse_vol,-0.0034579503131849116
2026-01-08,inverse_vol,0.0010341391423417912
2026-01-09,inverse_vol,0.007462879309395794
2026-01-12,inverse_vol,0.005845530522447467
2026-01-13,inverse_vol,-0.003758095907349149
2026-01-14,inverse_vol,0.000519871277723634
2026-01-15,inverse_vol,0.003909350199899903
2026-01-16,inverse_vol,-0.00033728482192682215
2026-01-20,inverse_vol,-0.015397100178236083
2026-01-21,inverse_vol,0.014182530534449123
2026-01-22,inverse_vol,0.006178751819084031
2026-01-23,inverse_vol,-2.091404542223143e-05
2026-01-26,inverse_vol,0.0027304791827319572
2026-01-27,inverse_vol,0.011068029159295301
2026-01-28,inverse_vol,-0.0014025036707653645
2026-01-29,inverse_vol,-0.0009011002592146913
2026-01-30,inverse_vol,-0.012300765888023132
2026-02-02,inverse_vol,0.006034788346159518
2026-02-03,inverse_vol,-0.002627994126594314
2026-02-04,inverse_vol,-0.007564781450007898
2026-02-05,inverse_vol,-0.012446724393560682
2026-02-06,inverse_vol,0.02479922607630969
2026-02-09,inverse_vol,0.008289912948498521
2026-02-10,inverse_vol,-0.0008510926525331113
2026-02-11,inverse_vol,0.004739077981149415
2026-02-12,inverse_vol,-0.014267226803265257
2026-02-13,inverse_vol,0.0038968679874410465
2026-02-17,inverse_vol,-0.0007598845432401456
2026-02-18,inverse_vol,0.004290488345541572
2026-02-19,inverse_vol,-0.0019744920831631803
2026-02-20,inverse_vol,0.009632238508190501
2026-02-23,inverse_vol,-0.010157449561208915
2026-02-24,inverse_vol,0.009038146601867837
2026-02-25,inverse_vol,0.009649452727868754
2026-02-26,inverse_vol,-0.004531092000807928
2026-02-27,inverse_vol,-0.005318607381880166
2026-03-02,inverse_vol,-0.006878701132484844
2026-03-03,inverse_vol,-0.024878844756496307
2026-03-04,inverse_vol,0.01109296758235182
2026-03-05,inverse_vol,-0.015257747133314247
2026-03-06,inverse_vol,-0.012498491711272696
2026-03-09,inverse_vol,0.011869313552761673
2026-03-10,inverse_vol,0.0008818939995726765
2026-03-11,inverse_vol,-0.0005777119972699368
2026-03-12,inverse_vol,-0.020304004856592034
2026-03-13,inverse_vol,-0.006149793957673264
2026-03-16,inverse_vol,0.01598980484147188
2026-03-17,inverse_vol,0.004469148677661795
2026-03-18,inverse_vol,-0.016410205439346254
2026-03-19,inverse_vol,-0.00014713619271307013
2026-03-20,inverse_vol,-0.024403564538156185
2026-03-23,inverse_vol,0.019875638550357642
2026-03-24,inverse_vol,-0.005317556861550115
2026-03-25,inverse_vol,0.01121229989633504
2026-03-26,inverse_vol,-0.022923574061156516
2026-03-27,inverse_vol,-0.013107493205999726
2026-03-30,inverse_vol,-0.0055315047978621275
2026-03-31,inverse_vol,0.033472078212865165
2026-04-01,inverse_vol,0.009999550858491552
2026-04-02,inverse_vol,-0.0020573684513922504
2026-04-06,inverse_vol,0.0058286018101014496
2026-04-07,inverse_vol,0.000882702548853786
2026-04-08,inverse_vol,0.035965595763479394
2026-04-09,inverse_vol,0.002361433041951821
2026-04-10,inverse_vol,0.0011313359771909963
2026-04-13,inverse_vol,0.00959621158697544
2026-04-14,inverse_vol,0.014025256227964805
2026-04-15,inverse_vol,0.003790101827319169
2026-04-16,inverse_vol,0.0019359912849557946
2026-04-17,inverse_vol,0.015512743847717603
2026-04-20,inverse_vol,-0.0023487698591151624
2026-04-21,inverse_vol,-0.011798338076449666
2026-04-22,inverse_vol,0.010951107775919816
2026-04-23,inverse_vol,-0.007381004090152099
2026-04-24,inverse_vol,0.011605180454949444
2026-04-27,inverse_vol,-0.00037294641358656704
2026-04-28,inverse_vol,-0.007986531973436906
2026-04-29,inverse_vol,-0.0032708081559562306
2026-04-30,inverse_vol,0.017119821015391667
2026-05-01,inverse_vol,0.003134405742545767
2026-05-04,inverse_vol,-0.005178986353765653
2026-05-05,inverse_vol,0.013667385980092636
2026-05-06,inverse_vol,0.021391897249154527
2026-05-07,inverse_vol,-0.009871445624242605
2026-05-08,inverse_vol,0.013551614409595875
2026-05-11,inverse_vol,0.0012220886520797212
2026-05-12,inverse_vol,-0.010178266800737187
2026-05-13,inverse_vol,0.008627050858830556
2026-05-14,inverse_vol,0.0041005250696386645
2026-05-15,inverse_vol,-0.019430077921362685
2026-05-18,inverse_vol,-0.0002739568104052077
2026-05-19,inverse_vol,-0.008052712911043734
2026-05-20,inverse_vol,0.01668547026947278
2026-05-21,inverse_vol,0.005041142054652732
2026-05-22,inverse_vol,0.0025171502472197877
2026-05-26,inverse_vol,0.017147896868303078
2026-05-27,inverse_vol,-0.0011048359990485147
2026-05-28,inverse_vol,0.0044004706846665145
2026-05-29,inverse_vol,0.0006824960235666713
2026-06-01,inverse_vol,0.004071291368816537
2026-06-02,inverse_vol,0.005608906566200755
2026-06-03,inverse_vol,-0.008441305383922463
2026-06-04,inverse_vol,0.0023404279038449706
2026-06-05,inverse_vol,-0.03796771388142863
2026-06-08,inverse_vol,0.009166156493922774
2026-06-09,inverse_vol,-0.002313088574141134
2026-06-10,inverse_vol,-0.015366912577858355
2026-06-11,inverse_vol,0.029564806729158753
2026-06-12,inverse_vol,0.005534181220373544
2026-06-15,inverse_vol,0.018762744280915088
2026-06-16,inverse_vol,-0.00884311891676905
2026-06-17,inverse_vol,-0.007819274419168345
2026-06-18,inverse_vol,0.01739453868555561
2026-06-22,inverse_vol,0.0014548195776508486
2026-06-23,inverse_vol,-0.02531591041025242
2026-06-24,inverse_vol,-0.0003771827396804265
2026-06-25,inverse_vol,0.0067491736941709575
2026-06-26,inverse_vol,-0.0070711435173346
2026-06-29,inverse_vol,0.011059424531663607
2026-06-30,inverse_vol,0.0093693941129209
2026-07-01,inverse_vol,-0.010174292996745193
2026-07-02,inverse_vol,-0.003507675447406082
2026-07-06,inverse_vol,0.012333987549682419
2026-07-07,inverse_vol,-0.013134474609575852
2026-07-08,inverse_vol,-0.0024490547890843543
2026-07-09,inverse_vol,0.010026127225373235
2026-07-10,inverse_vol,0.0021611497707638176
2026-07-13,inverse_vol,-0.014752976479951052
2026-07-14,inverse_vol,0.007854494155391707
2026-07-15,inverse_vol,0.0025519249395091403
2026-07-16,inverse_vol,-0.009520474193259156
2026-07-17,inverse_vol,-0.00946765804665161
2026-07-20,inverse_vol,-0.002294588386809871
2026-07-21,inverse_vol,0.01552209030723119
2026-07-22,inverse_vol,-0.0032488631766109015
2026-07-23,inverse_vol,-0.011635756355932392
2026-07-24,inverse_vol,-0.004120435245426798
2026-07-27,inverse_vol,0.0022906619585648063
2026-07-28,inverse_vol,-0.0037655303759811546
2026-07-29,inverse_vol,-0.01486819045616515
2026-07-30,inverse_vol,0.025177182784942576
2026-07-31,inverse_vol,0.0020421200812933216
2026-08-03,inverse_vol,0.011492201689042863
2026-08-04,inverse_vol,0.020885705673058145
2026-08-05,inverse_vol,-0.0037480272959211783
2026-08-06,inverse_vol,-0.00370093245996866
2026-08-07,inverse_vol,0.009627837939454997
2026-08-10,inverse_vol,-0.0037015660528164824
2026-08-11,inverse_vol,-0.00014623487057320594
2026-08-12,inverse_vol,0.00614198198000248
2026-08-13,inverse_vol,0.005338044699303058
2026-08-14,inverse_vol,-9.915385048782206e-05
2026-08-17,inverse_vol,-0.0010403966137675906
2026-08-18,inverse_vol,-0.013890824811047942
2026-08-19,inverse_vol,0.003598667463496831
2026-08-20,inverse_vol,-0.005533172929627753
2026-08-21,inverse_vol,0.00606891829511964
2026-08-24,inverse_vol,-0.006433364713842739
2026-08-25,inverse_vol,0.006873869096687928
2026-08-26,inverse_vol,-0.0012398665432612297
2026-08-27,inverse_vol,0.005220689868761858
2026-08-28,inverse_vol,-0.005855502794594027
2026-08-31,inverse_vol,-0.0026387251656224053
2026-09-01,inverse_vol,-0.008757050754752789
2026-09-02,inverse_vol,0.005807602545434399
2026-09-03,inverse_vol,0.008770983584191502
2026-09-04,inverse_vol,0.0026263394060280407
2026-09-08,inverse_vol,-0.003424720834182003
2026-09-09,inverse_vol,-0.007514927778211922
2026-09-10,inverse_vol,-0.010368185948188141
2026-09-11,inverse_vol,0.008610966194246917
2026-09-14,inverse_vol,-0.008914547831998867
2026-09-15,inverse_vol,-0.0051622815610952565
2026-09-16,inverse_vol,-0.002840451768450397
2026-09-17,inverse_vol,0.011884952439017807
2026-09-18,inverse_vol,-0.0013523160767299135
2026-09-21,inverse_vol,0.016666829934620007
2026-09-22,inverse_vol,0.0037992738486038414
2026-09-23,inverse_vol,-0.013209741216117296
2026-09-24,inverse_vol,-0.0020068583614847165
2026-09-25,inverse_vol,0.006287736873838375
2026-09-28,inverse_vol,-0.007974048510941412
2026-09-29,inverse_vol,-0.0014260989143934672
2026-09-30,inverse_vol,-0.003464567798167407
2026-10-01,inverse_vol,-0.0004371206674750401
2026-10-02,inverse_vol,0.009766225007424356
2026-10-05,inverse_vol,0.0069804860856574474
2026-10-06,inverse_vol,0.00040546587772617867
2026-10-07,inverse_vol,-0.007758017678418846
2026-10-08,inverse_vol,-0.007124406395488619
2026-10-09,inverse_vol,0.0064195357284095285
2023-10-05,min_variance,0.00021130951624068002
2023-10-06,min_variance,0.0002122222241901216
2023-10-09,min_variance,0.0002122222241901216
2023-10-10,min_variance,0.00021123015691363621
2023-10-11,min_variance,0.00021170635072011797
2023-10-12,min_variance,0.00021170635072011797
2023-10-13,min_variance,0.00021142857415335517
2023-10-16,min_variance,0.00021142857415335517
2023-10-17,min_variance,0.00021190476795983693
2023-10-18,min_variance,0.00021150793348039898
2023-10-19,min_variance,0.00021071428344363258
2023-10-20,min_variance,0.0002103174678863041
2023-10-23,min_variance,0.00021003969131954133
2023-10-24,min_variance,0.00021063492411658877
2023-10-25,min_variance,0.00021091270068335157
2023-10-26,min_variance,0.0002103174678863041
2023-10-27,min_variance,0.00021051586620391362
2023-10-30,min_variance,0.00021083334135630776
2023-10-31,min_variance,0.00021111111792307052
2023-11-01,min_variance,0.0002103174678863041
2023-11-02,min_variance,0.00020912698337009975
2023-11-03,min_variance,0.00020845237232389904
2023-11-06,min_variance,0.00020873016781277126
2023-11-07,min_variance,0.00020924602236066547
2023-11-08,min_variance,0.00020904762404305594
2023-11-09,min_variance,0.00020884920680333698
2023-11-10,min_variance,0.00020833333333333332
2023-11-13,min_variance,0.00020873016781277126
2023-11-14,min_variance,0.00020845237232389904
2023-11-15,min_variance,0.0002085317505730523
2023-11-16,min_variance,0.00020805555676657055
2023-11-17,min_variance,0.00020765872228713263
2023-11-20,min_variance,0.00020785713952685162
2023-11-21,min_variance,0.0002085317505730523
2023-11-22,min_variance,0.0002089285661303808
2023-11-24,min_variance,0.00020845237232389904
2023-11-27,min_variance,0.00020865078956361802
2023-11-28,min_variance,0.00020873016781277126
2023-11-29,min_variance,0.00020793649885389538
2023-11-30,min_variance,0.00020785713952685162
2023-12-01,min_variance,0.00020694445049951947
2023-12-04,min_variance,0.00020726190672980415
2023-12-05,min_variance,0.00020805555676657055
2023-12-06,min_variance,0.00020805555676657055
2023-12-07,min_variance,0.00020765872228713263
2023-12-08,min_variance,0.00020765872228713263
2023-12-11,min_variance,0.00020765872228713263
2023-12-12,min_variance,0.0002082539740062895
2023-12-13,min_variance,0.00020726190672980415
2023-12-14,min_variance,0.00020694445049951947
2023-12-15,min_variance,0.00020734126605684796
2023-12-18,min_variance,0.00020734126605684796
2023-12-19,min_variance,0.00020785713952685162
2023-12-20,min_variance,0.00020753968329656692
2023-12-21,min_variance,0.0002067460332598005
2023-12-22,min_variance,0.00020666667393275668
2023-12-26,min_variance,0.00020646825669303775
2023-12-27,min_variance,0.0002077381005362859
2023-12-28,min_variance,0.0002070634894900852
2023-12-29,min_variance,0.00020555554874359614
2024-01-02,min_variance,0.0002068650722503662
2024-01-03,min_variance,0.0002077381005362859
2024-01-04,min_variance,0.0002074603239695231
2024-01-05,min_variance,0.00020714284881712897
2024-01-08,min_variance,0.00020714284881712897
2024-01-09,min_variance,0.00020753968329656692
2024-01-10,min_variance,0.00020734126605684796
2024-01-11,min_variance,0.0002070634894900852
2024-01-12,min_variance,0.0002062698394533188
2024-01-16,min_variance,0.00020646825669303775
2024-01-17,min_variance,0.00020694445049951947
2024-01-18,min_variance,0.00020634919878036254
2024-01-19,min_variance,0.0002062698394533188
2024-01-22,min_variance,0.00020634919878036254
2024-01-23,min_variance,0.0002067460332598005
2024-01-24,min_variance,0.0002067460332598005
2024-01-25,min_variance,0.00020615080046275307
2024-01-26,min_variance,0.00020634919878036254
2024-01-29,min_variance,0.00020634919878036254
2024-01-30,min_variance,0.00020646825669303775
2024-01-31,min_variance,0.00020587302389599027
2024-02-01,min_variance,0.00020634919878036254
2024-02-02,min_variance,0.0002067460332598005
2024-02-05,min_variance,0.0002074603239695231
2024-02-06,min_variance,0.00020726190672980415
2024-02-07,min_variance,0.00020726190672980415
2024-02-08,min_variance,0.0002070634894900852
2024-02-09,min_variance,0.00020714284881712897
2024-02-12,min_variance,0.0002074603239695231
2024-02-13,min_variance,0.00020765872228713263
2024-02-14,min_variance,0.0002070634894900852
2024-02-15,min_variance,0.0002070634894900852
2024-02-16,min_variance,0.00020726190672980415
2024-02-20,min_variance,0.0002068650722503662
2024-02-21,min_variance,0.0002077381005362859
2024-02-22,min_variance,0.00020765872228713263
2024-02-23,min_variance,0.00020793649885389538
2024-02-26,min_variance,0.00020833333333333332
2024-02-27,min_variance,0.00020813491609361436
2024-02-28,min_variance,0.00020793649885389538
2024-02-29,min_variance,0.00020726190672980415
2024-03-01,min_variance,0.00020694445049951947
2024-03-04,min_variance,0.00020726190672980415
2024-03-05,min_variance,0.00020734126605684796
2024-03-06,min_variance,0.00020753968329656692
2024-03-07,min_variance,0.0002074603239695231
2024-03-08,min_variance,0.0002074603239695231
2024-03-11,min_variance,0.00020793649885389538
2024-03-12,min_variance,0.00020793649885389538
2024-03-13,min_variance,0.00020785713952685162
2024-03-14,min_variance,0.00020785713952685162
2024-03-15,min_variance,0.00020785713952685162
2024-03-18,min_variance,0.00020785713952685162
2024-03-19,min_variance,0.00020785713952685162
2024-03-20,min_variance,0.0002074603239695231
2024-03-21,min_variance,0.0002074603239695231
2024-03-22,min_variance,0.00020714284881712897
2024-03-25,min_variance,0.0002070634894900852
2024-03-26,min_variance,0.0002070634894900852
2024-03-27,min_variance,0.00020694445049951947
2024-03-28,min_variance,0.00020646825669303775
2024-04-01,min_variance,0.0002070634894900852
2024-04-02,min_variance,0.0002068650722503662
2024-04-03,min_variance,0.0002067460332598005
2024-04-04,min_variance,0.00020646825669303775
2024-04-05,min_variance,0.00020694445049951947
2024-04-08,min_variance,0.00020726190672980415
2024-04-09,min_variance,0.00020714284881712897
2024-04-10,min_variance,0.00020805555676657055
2024-04-11,min_variance,0.00020785713952685162
2024-04-12,min_variance,0.00020753968329656692
2024-04-15,min_variance,0.00020785713952685162
2024-04-16,min_variance,0.00020765872228713263
2024-04-17,min_variance,0.00020793649885389538
2024-04-18,min_variance,0.00020805555676657055
2024-04-19,min_variance,0.00020813491609361436
2024-04-22,min_variance,0.00020813491609361436
2024-04-23,min_variance,0.00020813491609361436
2024-04-24,min_variance,0.0002085317505730523
2024-04-25,min_variance,0.00020813491609361436
2024-04-26,min_variance,0.00020785713952685162
2024-04-29,min_variance,0.00020805555676657055
2024-04-30,min_variance,0.00020813491609361436
2024-05-01,min_variance,0.00020833333333333332
2024-05-02,min_variance,0.00020785713952685162
2024-05-03,min_variance,0.0002077381005362859
2024-05-06,min_variance,0.00020793649885389538
2024-05-07,min_variance,0.00020805555676657055
2024-05-08,min_variance,0.00020813491609361436
2024-05-09,min_variance,0.00020793649885389538
2024-05-10,min_variance,0.00020805555676657055
2024-05-13,min_variance,0.00020793649885389538
2024-05-14,min_variance,0.0002077381005362859
2024-05-15,min_variance,0.00020793649885389538
2024-05-16,min_variance,0.00020805555676657055
2024-05-17,min_variance,0.00020793649885389538
2024-05-20,min_variance,0.00020793649885389538
2024-05-21,min_variance,0.00020793649885389538
2024-05-22,min_variance,0.00020813491609361436
2024-05-23,min_variance,0.00020813491609361436
2024-05-24,min_variance,0.00020813491609361436
2024-05-28,min_variance,0.0002082539740062895
2024-05-29,min_variance,0.00020833333333333332
2024-05-30,min_variance,0.0002082539740062895
2024-05-31,min_variance,0.00020813491609361436
2024-06-03,min_variance,0.00020805555676657055
2024-06-04,min_variance,0.00020793649885389538
2024-06-05,min_variance,0.00020793649885389538
2024-06-06,min_variance,0.00020765872228713263
2024-06-07,min_variance,0.00020785713952685162
2024-06-10,min_variance,0.00020765872228713263
2024-06-11,min_variance,0.00020813491609361436
2024-06-12,min_variance,0.00020805555676657055
2024-06-13,min_variance,0.00020793649885389538
2024-06-14,min_variance,0.00020793649885389538
2024-06-17,min_variance,0.00020805555676657055
2024-06-18,min_variance,0.0002077381005362859
2024-06-20,min_variance,0.00020734126605684796
2024-06-21,min_variance,0.00020694445049951947
2024-06-24,min_variance,0.0002067460332598005
2024-06-25,min_variance,0.00020726190672980415
2024-06-26,min_variance,0.00020753968329656692
2024-06-27,min_variance,0.00020726190672980415
2024-06-28,min_variance,0.0002068650722503662
2024-07-01,min_variance,0.0002070634894900852
2024-07-02,min_variance,0.0002074603239695231
2024-07-03,min_variance,0.00020753968329656692
2024-07-05,min_variance,0.00020734126605684796
2024-07-08,min_variance,0.0002070634894900852
2024-07-09,min_variance,0.00020734126605684796
2024-07-10,min_variance,0.00020734126605684796
2024-07-11,min_variance,0.0002062698394533188
2024-07-12,min_variance,0.0002062698394533188
2024-07-15,min_variance,0.0002060714222135998
2024-07-16,min_variance,0.0002060714222135998
2024-07-17,min_variance,0.00020615080046275307
2024-07-18,min_variance,0.0002060714222135998
2024-07-19,min_variance,0.0002060714222135998
2024-07-22,min_variance,0.00020595238322303409
2024-07-23,min_variance,0.00020527777217683337
2024-07-24,min_variance,0.00020515873318626766
2024-07-25,min_variance,0.0002047618987068297
2024-07-26,min_variance,0.00020456350038922024
2024-07-29,min_variance,0.0002042460252368261
2024-07-30,min_variance,0.0002037698503524538
2024-07-31,min_variance,0.0002037698503524538
2024-08-01,min_variance,0.00020297618139357795
2024-08-02,min_variance,0.00019960318292890276
2024-08-05,min_variance,0.00020079364852299765
2024-08-06,min_variance,0.00020158729855976408
2024-08-07,min_variance,0.00020158729855976408
2024-08-08,min_variance,0.00020170635647243925
2024-08-09,min_variance,0.00020138888132004512
2024-08-12,min_variance,0.0002013095219930013
2024-08-13,min_variance,0.00020051587195623488
2024-08-14,min_variance,0.00020091270643567282
2024-08-15,min_variance,0.00020158729855976408
2024-08-16,min_variance,0.00020138888132004512
2024-08-19,min_variance,0.00020091270643567282
2024-08-20,min_variance,0.00019972222191946848
2024-08-21,min_variance,0.0001986111156524174
2024-08-22,min_variance,0.0001994047656891838
2024-08-23,min_variance,0.0001984126984126984
2024-08-26,min_variance,0.0001983333390856546
2024-08-27,min_variance,0.00019714285456945026
2024-08-28,min_variance,0.00019662698109944662
2024-08-29,min_variance,0.00019702381557888457
2024-08-30,min_variance,0.00019714285456945026
2024-09-03,min_variance,0.00019722221389649407
2024-09-04,min_variance,0.00019634920453268385
2024-09-05,min_variance,0.00019571429207211448
2024-09-06,min_variance,0.00019476190445915102
2024-09-09,min_variance,0.00019424603098914736
2024-09-10,min_variance,0.00019186508087884813
2024-09-11,min_variance,0.00019345238095238096
2024-09-12,min_variance,0.00019206349811856709
2024-09-13,min_variance,0.00018900793696206714
2024-09-16,min_variance,0.00018829364625234452
2024-09-17,min_variance,0.00018789683069501603
2024-09-18,min_variance,0.00018313491155230808
2024-09-19,min_variance,0.00018226190218849787
2024-09-20,min_variance,0.00018035714588468036
2024-09-23,min_variance,0.0001786904675619943
2024-09-24,min_variance,0.00017837301133170959
2024-09-25,min_variance,0.00017805555510142494
2024-09-26,min_variance,0.00017730158472818041
2024-09-27,min_variance,0.00017785713786170598
2024-09-30,min_variance,0.00017849206924438476
2024-10-01,min_variance,0.00017785713786170598
2024-10-02,min_variance,0.00017750000196789937
2024-10-03,min_variance,0.0001771825457376147
2024-10-04,min_variance,0.00017876984581114753
2024-10-07,min_variance,0.00017956349584791396
2024-10-08,min_variance,0.00017968253483847965
2024-10-09,min_variance,0.00017996031140524242
2024-10-10,min_variance,0.00017976191308763294
2024-10-11,min_variance,0.00017916666136847602
2024-10-14,min_variance,0.0001792857192811512
2024-10-15,min_variance,0.00017916666136847602
2024-10-16,min_variance,0.0001786904675619943
2024-10-17,min_variance,0.00017916666136847602
2024-10-18,min_variance,0.0001790873020414322
2024-10-21,min_variance,0.0001792857192811512
2024-10-22,min_variance,0.00017857142857142857
2024-10-23,min_variance,0.00017876984581114753
2024-10-24,min_variance,0.00017805555510142494
2024-10-25,min_variance,0.0001789682630508665
2024-10-28,min_variance,0.00017785713786170598
2024-10-29,min_variance,0.00017777777853466217
2024-10-30,min_variance,0.00017710316748846146
2024-10-31,min_variance,0.00017587302223084464
2024-11-01,min_variance,-0.0005253968216124035
2024-11-04,min_variance,0.0005646962964360746
2024-11-05,min_variance,0.011542699289654495
2024-11-06,min_variance,0.0016619525927149838
2024-11-07,min_variance,0.01351210523721941
2024-11-08,min_variance,-0.008628555001247162
2024-11-11,min_variance,-0.0010096680382279586
2024-11-12,min_variance,-0.012270428987829589
2024-11-13,min_variance,-0.0033564015455680727
2024-11-14,min_variance,-0.002957395965478882
2024-11-15,min_variance,-0.006742833468789862
2024-11-18,min_variance,0.006048566851058727
2024-11-19,min_variance,0.0008688625314203019
2024-11-20,min_variance,-0.0011440380246123514
2024-11-21,min_variance,0.0019210475180713362
2024-11-22,min_variance,0.00284631511690112
2024-11-25,min_variance,0.003556447058574918
2024-11-26,min_variance,-0.0008858592098057074
2024-11-27,min_variance,0.0011055551797437852
2024-11-29,min_variance,0.008109788248559253
2024-12-02,min_variance,0.0025693611447590824
2024-12-03,min_variance,0.0028730407504591327
2024-12-04,min_variance,0.003285056338076001
2024-12-05,min_variance,0.002626622086108418
2024-12-06,min_variance,0.0003858056886238093
2024-12-09,min_variance,0.0018013774418064923
2024-12-10,min_variance,-0.008108954636584415
2024-12-11,min_variance,0.006424368967791003
2024-12-12,min_variance,-0.006562289998383419
2024-12-13,min_variance,-0.0010039241897794192
2024-12-16,min_variance,-0.0007076943901113335
2024-12-17,min_variance,-0.002766239601688357
2024-12-18,min_variance,-0.026393896769308717
2024-12-19,min_variance,-0.0007126037132462455
2024-12-20,min_variance,0.00451623014614548
2024-12-23,min_variance,0.006136717796186457
2024-12-24,min_variance,0.0065065145946323665
2024-12-26,min_variance,0.0011817008575779366
2024-12-27,min_variance,-0.005724386304620164
2024-12-30,min_variance,-0.00881322305027079
2024-12-31,min_variance,-0.0021323717316848664
2025-01-02,min_variance,-0.0026447020373279516
2025-01-03,min_variance,0.008620967640308088
2025-01-06,min_variance,0.00681484195892739
2025-01-07,min_variance,-0.006262786901228979
2025-01-08,min_variance,-0.000997349828779387
2025-01-10,min_variance,-0.015589301543736151
2025-01-13,min_variance,-0.0018540178507038033
2025-01-14,min_variance,0.004223501929255373
2025-01-15,min_variance,0.015006676960902828
2025-01-16,min_variance,0.0010407761359493867
2025-01-17,min_variance,0.0072127469373637065
2025-01-21,min_variance,0.013875762782027286
2025-01-22,min_variance,0.0014606366618235113
2025-01-23,min_variance,0.005940975819198014
2025-01-24,min_variance,0.0023648846585280353
2025-01-27,min_variance,-0.009229642894993242
2025-01-28,min_variance,0.004335884411900028
2025-01-29,min_variance,-0.0017927762743256605
2025-01-30,min_variance,0.009926579127059267
2025-01-31,min_variance,-0.008159646122929845
2025-02-03,min_variance,-0.008872472218644437
2025-02-04,min_variance,0.010915519055494061
2025-02-05,min_variance,0.0049925959207567224
2025-02-06,min_variance,0.004129199043595124
2025-02-07,min_variance,-0.007630626881461862
2025-02-10,min_variance,0.007843636336616765
2025-02-11,min_variance,0.0014182744362565853
2025-02-12,min_variance,0.0013303513925785736
2025-02-13,min_variance,0.010349402259608323
2025-02-14,min_variance,0.0021247778820765364
2025-02-18,min_variance,0.00534010259641757
2025-02-19,min_variance,-0.003560784220910657
2025-02-20,min_variance,0.002089362296909086
2025-02-21,min_variance,-0.00981244971098835
2025-02-24,min_variance,-0.005182378439024088
2025-02-25,min_variance,0.0018880104750929876
2025-02-26,min_variance,0.002764819161753319
2025-02-27,min_variance,-0.014773080248236512
2025-02-28,min_variance,0.004091261391475838
2025-03-03,min_variance,-0.004100161859781822
2025-03-04,min_variance,-0.003150722869543588
2025-03-05,min_variance,0.019888612908323132
2025-03-06,min_variance,-0.012411569786321856
2025-03-07,min_variance,0.00741583700415163
2025-03-10,min_variance,-0.024825973045387063
2025-03-11,min_variance,-0.002909408862300392
2025-03-12,min_variance,0.006103849847019365
2025-03-13,min_variance,-0.008703775888854334
2025-03-14,min_variance,0.019230140738349277
2025-03-17,min_variance,0.01108393155177677
2025-03-18,min_variance,-0.00526558856671372
2025-03-19,min_variance,0.005880080523452779
2025-03-20,min_variance,-0.006454327691664787
2025-03-21,min_variance,-0.0034045832101302865
2025-03-24,min_variance,0.007815094447451145
2025-03-25,min_variance,0.002548436575186025
2025-03-26,min_variance,-0.011135979683286962
2025-03-27,min_variance,0.0008619611449932947
2025-03-28,min_variance,-0.015290345702622572
2025-03-31,min_variance,-0.0013218046847223895
2025-04-01,min_variance,0.002343627493222947
2025-04-02,min_variance,0.0037336331985586835
2025-04-03,min_variance,-0.032364498628505586
2025-04-04,min_variance,-0.06096114906902429
2025-04-07,min_variance,-0.0179552235039424
2025-04-08,min_variance,-0.010454791753481369
2025-04-09,min_variance,0.0867345686373813
2025-04-10,min_variance,-0.029024421668919366
2025-04-11,min_variance,0.02341684418119489
2025-04-14,min_variance,0.010010338979311615
2025-04-15,min_variance,0.002337289800872891
2025-04-16,min_variance,-0.012664498733011162
2025-04-17,min_variance,0.00652905686326652
2025-04-21,min_variance,-0.011558729580247597
2025-04-22,min_variance,0.021610426045612245
2025-04-23,min_variance,0.009948632649815646
2025-04-24,min_variance,0.01597959377979204
2025-04-25,min_variance,0.004220552838124931
2025-04-28,min_variance,0.0032450116913885114
2025-04-29,min_variance,0.003832514816649587
2025-04-30,min_variance,0.00016856110526471168
2025-05-01,min_variance,0.0012516547148981262
2025-05-02,min_variance,0.02098219333072793
2025-05-05,min_variance,0.0015474987049288113
2025-05-06,min_variance,-0.004102284433492837
2025-05-07,min_variance,-0.003940646883811226
2025-05-08,min_variance,0.00030910276077211627
2025-05-09,min_variance,0.003774006819610391
2025-05-12,min_variance,0.018182150391352955
2025-05-13,min_variance,0.0029233562883453842
2025-05-14,min_variance,0.0009168027209660546
2025-05-15,min_variance,0.005512276481797158
2025-05-16,min_variance,0.0024800113973800744
2025-05-19,min_variance,0.004753764750741787
2025-05-20,min_variance,0.0005903098082240114
2025-05-21,min_variance,-0.007900597834516932
2025-05-22,min_variance,-0.0011676386354920146
2025-05-23,min_variance,-2.5883965685320753e-05
2025-05-27,min_variance,0.010781456291469097
2025-05-28,min_variance,-0.007690901688400619
2025-05-29,min_variance,0.004056310882936673
2025-05-30,min_variance,-0.003630469813909215
2025-06-02,min_variance,0.008158535915041091
2025-06-03,min_variance,-0.0007055478913045451
2025-06-04,min_variance,0.005841736151518807
2025-06-05,min_variance,0.00016722984132604385
2025-06-06,min_variance,0.005238181801312621
2025-06-09,min_variance,0.0030636112466068143
2025-06-10,min_variance,0.0039729099171657185
2025-06-11,min_variance,1.9287767812354705e-06
2025-06-12,min_variance,0.0046524959086652155
2025-06-13,min_variance,-0.013423472289931954
2025-06-16,min_variance,0.008170656895899915
2025-06-17,min_variance,-0.011561820812296848
2025-06-18,min_variance,0.0005632571768787502
2025-06-20,min_variance,-0.006109359046227005
2025-06-23,min_variance,0.008390291178904523
2025-06-24,min_variance,0.016526524769070974
2025-06-25,min_variance,-0.001687817699913093
2025-06-26,min_variance,0.00873626740797081
2025-06-27,min_variance,0.0035046319885177982
2025-06-30,min_variance,0.002565642632877841
2025-07-01,min_variance,-0.00012204076393515616
2025-07-02,min_variance,0.003822528232215786
2025-07-03,min_variance,0.0037015707826783106
2025-07-07,min_variance,-0.01104033600875479
2025-07-08,min_variance,0.004858124313385432
2025-07-09,min_variance,0.00404685222131183
2025-07-10,min_variance,0.0013800691269101454
2025-07-11,min_variance,-0.005868665957442549
2025-07-14,min_variance,0.0009954334365188248
2025-07-15,min_variance,-0.002893773635520023
2025-07-16,min_variance,0.004103529206076015
2025-07-17,min_variance,0.004597363200755055
2025-07-18,min_variance,-0.002063266847789409
2025-07-21,min_variance,0.004804398093036013
2025-07-22,min_variance,0.002417379494124021
2025-07-23,min_variance,0.015511928318310716
2025-07-24,min_variance,-0.004690089569030339
2025-07-25,min_variance,-0.0003673496411133948
2025-07-28,min_variance,-0.008691434939137436
2025-07-29,min_variance,-0.001372142534183402
2025-07-30,min_variance,-0.005628195969096757
2025-07-31,min_variance,-0.007165891862198468
2025-08-01,min_variance,-0.007990095382103843
2025-08-04,min_variance,0.01284486488045431
2025-08-05,min_variance,-0.00047441736660965765
2025-08-06,min_variance,0.00624545190836785
2025-08-07,min_variance,0.006124242055226551
2025-08-08,min_variance,0.004284564237885009
2025-08-11,min_variance,-0.00315419867781819
2025-08-12,min_variance,0.011780837082233618
2025-08-13,min_variance,0.007301123000930136
2025-08-14,min_variance,-0.003984947636585276
2025-08-15,min_variance,0.0021389900165956263
2025-08-18,min_variance,0.001402219324411882
2025-08-19,min_variance,-0.004090399670042692
2025-08-20,min_variance,0.0002825263427299963
2025-08-21,min_variance,-0.004344146468150789
2025-08-22,min_variance,0.01672354740227335
2025-08-25,min_variance,-0.008400229215970917
2025-08-26,min_variance,-0.0001693275273685278
2025-08-27,min_variance,-0.002315615617805375
2025-08-28,min_variance,0.003695636353725538
2025-08-29,min_variance,-0.005541148763642698
2025-09-02,min_variance,-0.006227727968064687
2025-09-03,min_variance,0.003339264969459381
2025-09-04,min_variance,0.004103877283677082
2025-09-05,min_variance,0.004962634260842485
2025-09-08,min_variance,0.007687752673612864
2025-09-09,min_variance,0.001097709004115643
2025-09-10,min_variance,0.002961646227168255
2025-09-11,min_variance,0.011308683696915007
2025-09-12,min_variance,-0.001858726890963356
2025-09-15,min_variance,0.006510375400207439
2025-09-16,min_variance,0.0010146575510000051
2025-09-17,min_variance,-0.0003502558099501992
2025-09-18,min_variance,0.0019432046397055787
2025-09-19,min_variance,-0.0009633244853312076
2025-09-22,min_variance,0.004196679799020608
2025-09-23,min_variance,-0.002032757649172303
2025-09-24,min_variance,-0.004277984993955217
2025-09-25,min_variance,-0.006016223357814127
2025-09-26,min_variance,0.0039296270355035036
2025-09-29,min_variance,0.005355229538384751
2025-09-30,min_variance,0.0039539149978184175
2025-10-01,min_variance,0.006774002513229965
2025-10-02,min_variance,0.0025992888488677985
2025-10-03,min_variance,0.004423217156334999
2025-10-06,min_variance,0.0034484569639318136
2025-10-07,min_variance,-0.007170159342131156
2025-10-08,min_variance,0.005488295774723024
2025-10-09,min_variance,-0.007720898165888804
2025-10-10,min_variance,-0.027185574617310956
2025-10-13,min_variance,0.017346903859062762
2025-10-14,min_variance,-0.0017626450956588636
2025-10-15,min_variance,0.00893070920036032
2025-10-16,min_variance,0.002853517883071269
2025-10-17,min_variance,0.0019786785231081174
2025-10-20,min_variance,0.010730381282502246
2025-10-21,min_variance,-0.0070077064129794465
2025-10-22,min_variance,-0.0021526753279822145
2025-10-23,min_variance,0.006487101724703886
2025-10-24,min_variance,0.004958267365906292
2025-10-27,min_variance,0.009601337358042208
2025-10-28,min_variance,0.0003295843542519919
2025-10-29,min_variance,-1.4359232801869175e-05
2025-10-30,min_variance,-0.008166979003258365
2025-10-31,min_variance,-0.000966364518766329
2025-11-03,min_variance,0.0029333095435784594
2025-11-04,min_variance,-0.013574379794136195
2025-11-05,min_variance,0.006642815247005008
2025-11-06,min_variance,-0.006123830543027757
2025-11-07,min_variance,0.0006708151416103801
2025-11-10,min_variance,0.014261916105555252
2025-11-11,min_variance,0.003886741811247603
2025-11-12,min_variance,0.002594197874113069
2025-11-13,min_variance,-0.012424648381803785
2025-11-14,min_variance,-0.0009885038244687382
2025-11-17,min_variance,-0.011723696263894584
2025-11-18,min_variance,-0.009012105687526209
2025-11-19,min_variance,-0.001588841402745614
2025-11-20,min_variance,-0.014132129271791818
2025-11-21,min_variance,0.00849456834045271
2025-11-24,min_variance,0.007602039311287702
2025-11-25,min_variance,0.008325155974405134
2025-11-26,min_variance,0.008671191580575244
2025-11-28,min_variance,0.0031870157054304533
2025-12-01,min_variance,-0.003406783737550113
2025-12-02,min_variance,0.0018692058030395752
2025-12-03,min_variance,0.003136499309231265
2025-12-04,min_variance,0.001165408057810831
2025-12-05,min_variance,0.0033826391653805667
2025-12-08,min_variance,-0.0027306682137471566
2025-12-09,min_variance,-0.001376268671350383
2025-12-10,min_variance,0.01024758985557332
2025-12-11,min_variance,0.0009465915813596905
2025-12-12,min_variance,-0.008899803711286122
2025-12-15,min_variance,0.0010019459807115954
2025-12-16,min_variance,-0.004923470742605919
2025-12-17,min_variance,-0.00831636594898633
2025-12-18,min_variance,0.008897349924796853
2025-12-19,min_variance,0.008405648900087666
2025-12-22,min_variance,0.004394151371621262
2025-12-23,min_variance,0.005606182312720465
2025-12-24,min_variance,0.0020059982870546376
2025-12-26,min_variance,0.003422555034278615
2025-12-29,min_variance,-0.0029354321328173456
2025-12-30,min_variance,0.002033129446639738
2025-12-31,min_variance,-0.004413343154905685
2026-01-02,min_variance,0.01578079525769963
2026-01-05,min_variance,0.01031711626034091
2026-01-06,min_variance,0.004753837657716291
2026-01-07,min_variance,-0.005158333277847179
2026-01-08,min_variance,0.00016140805024620375
2026-01-09,min_variance,0.006773357886242545
2026-01-12,min_variance,0.008341343064667512
2026-01-13,min_variance,-0.005670940816011492
2026-01-14,min_variance,0.002554910189313845
2026-01-15,min_variance,0.002742887952300514
2026-01-16,min_variance,-0.0006064719895524857
2026-01-20,min_variance,-0.01398861387332418
2026-01-21,min_variance,0.013078393364899937
2026-01-22,min_variance,0.005653795902857248
2026-01-23,min_variance,0.004831713990479216
2026-01-26,min_variance,0.003672084443728657
2026-01-27,min_variance,0.015231714030317589
2026-01-28,min_variance,-0.0014770358268140792
2026-01-29,min_variance,0.00018456961653360096
2026-01-30,min_variance,-0.013355121098376124
2026-02-02,min_variance,0.004782209659720564
2026-02-03,min_variance,0.00032191363801294245
2026-02-04,min_variance,-0.004839840395861994
2026-02-05,min_variance,-0.010245408188190266
2026-02-06,min_variance,0.023286366434917924
2026-02-09,min_variance,0.009229253862892178
2026-02-10,min_variance,0.0009476652150722338
2026-02-11,min_variance,0.008626390727928286
2026-02-12,min_variance,-0.010710327780611116
2026-02-13,min_variance,0.0021212639811024527
2026-02-17,min_variance,-0.00128202089492468
2026-02-18,min_variance,0.003549937927237554
2026-02-19,min_variance,-0.0026240481231859674
2026-02-20,min_variance,0.01294758725738552
2026-02-23,min_variance,-0.008086611849770884
2026-02-24,min_variance,0.008302232598281865
2026-02-25,min_variance,0.009876897725858005
2026-02-26,min_variance,-0.005181799979049592
2026-02-27,min_variance,-0.0025500003276628146
2026-03-02,min_variance,-0.014449260480914924
2026-03-03,min_variance,-0.03308017794587
2026-03-04,min_variance,0.010757002542580281
2026-03-05,min_variance,-0.018887218633576744
2026-03-06,min_variance,-0.008600899974671363
2026-03-09,min_variance,0.012143124833474178
2026-03-10,min_variance,0.001996634367117782
2026-03-11,min_variance,-0.00019420970471742513
2026-03-12,min_variance,-0.021567845250474504
2026-03-13,min_variance,-0.007051848037843056
2026-03-16,min_variance,0.02004368348093097
2026-03-17,min_variance,0.0040503992885585986
2026-03-18,min_variance,-0.01753115468120243
2026-03-19,min_variance,-0.0008872013661666767
2026-03-20,min_variance,-0.028115178554356426
2026-03-23,min_variance,0.023046117389652097
2026-03-24,min_variance,-0.008248316479112096
2026-03-25,min_variance,0.012970570934252927
2026-03-26,min_variance,-0.024937017472239933
2026-03-27,min_variance,-0.009405599000464235
2026-03-30,min_variance,-0.0026243352073623237
2026-03-31,min_variance,0.03345636956476015
2026-04-01,min_variance,0.01048789830111654
2026-04-02,min_variance,-0.004497822352062559
2026-04-06,min_variance,0.00577629574569082
2026-04-07,min_variance,0.0003446861040899273
2026-04-08,min_variance,0.03705899041834532
2026-04-09,min_variance,0.0007139910684230997
2026-04-10,min_variance,0.0016399944723922341
2026-04-13,min_variance,0.008045234757534686
2026-04-14,min_variance,0.012055333138684288
2026-04-15,min_variance,0.00165384848966448
2026-04-16,min_variance,0.0006841887897858211
2026-04-17,min_variance,0.013849107790076342
2026-04-20,min_variance,-0.003899305167761899
2026-04-21,min_variance,-0.014362455770981736
2026-04-22,min_variance,0.00923653681936629
2026-04-23,min_variance,-0.007866102775510931
2026-04-24,min_variance,0.009944391205112688
2026-04-27,min_variance,-0.001142752610089993
2026-04-28,min_variance,-0.005766794906565452
2026-04-29,min_variance,-0.005031813271524115
2026-04-30,min_variance,0.01766364947959665
2026-05-01,min_variance,0.0004383387788733562
2026-05-04,min_variance,-0.007326979647807642
2026-05-05,min_variance,0.011118295154845918
2026-05-06,min_variance,0.020560504169866323
2026-05-07,min_variance,-0.008802799008586593
2026-05-08,min_variance,0.01219035184741903
2026-05-11,min_variance,0.000663330328693627
2026-05-12,min_variance,-0.004635543556307953
2026-05-13,min_variance,0.007045341466876725
2026-05-14,min_variance,0.003211113600137609
2026-05-15,min_variance,-0.0145377950164583
2026-05-18,min_variance,0.0024425357984440878
2026-05-19,min_variance,-0.006774191617770563
2026-05-20,min_variance,0.014074841775319476
2026-05-21,min_variance,0.0033553363042266937
2026-05-22,min_variance,0.0016437026442483042
2026-05-26,min_variance,0.010668568255362982
2026-05-27,min_variance,-0.0016541109158982271
2026-05-28,min_variance,0.003650545065208855
2026-05-29,min_variance,0.0021757066249020545
2026-06-01,min_variance,0.000985579592657108
2026-06-02,min_variance,0.003685398834716038
2026-06-03,min_variance,-0.006757750496466126
2026-06-04,min_variance,0.003723852294446744
2026-06-05,min_variance,-0.03016067138246864
2026-06-08,min_variance,0.006409390673621707
2026-06-09,min_variance,-0.003365063391996201
2026-06-10,min_variance,-0.015440086981499516
2026-06-11,min_variance,0.025996737213391623
2026-06-12,min_variance,0.004425094690286918
2026-06-15,min_variance,0.015904177956166304
2026-06-16,min_variance,-0.00526823761942396
2026-06-17,min_variance,-0.008999988311307801
2026-06-18,min_variance,0.011516184863464892
2026-06-22,min_variance,-0.001081124533040946
2026-06-23,min_variance,-0.020526930419546535
2026-06-24,min_variance,-0.001813023521417176
2026-06-25,min_variance,0.005706594390087092
2026-06-26,min_variance,-0.007976968669018748
2026-06-29,min_variance,0.015001554108130387
2026-06-30,min_variance,0.008130558526678705
2026-07-01,min_variance,-0.006996417134815296
2026-07-02,min_variance,0.0017915198843216228
2026-07-06,min_variance,0.010063463643219096
2026-07-07,min_variance,-0.010092589490708972
2026-07-08,min_variance,-0.004340163710987619
2026-07-09,min_variance,0.00867032558395247
2026-07-10,min_variance,0.003582153840194194
2026-07-13,min_variance,-0.010530431870822378
2026-07-14,min_variance,0.006067413451804927
2026-07-15,min_variance,0.004044105763434008
2026-07-16,min_variance,-0.00790062106358069
2026-07-17,min_variance,-0.008321223569626897
2026-07-20,min_variance,-0.003739633890297767
2026-07-21,min_variance,0.012631587836241095
2026-07-22,min_variance,-0.0009233786030303908
2026-07-23,min_variance,-0.01327543363116922
2026-07-24,min_variance,0.0006153516907094586
2026-07-27,min_variance,0.0018784657946523367
2026-07-28,min_variance,-0.00045896066833443446
2026-07-29,min_variance,-0.011917314445340227
2026-07-30,min_variance,0.023463911249052723
2026-07-31,min_variance,0.0010190001994757657
2026-08-03,min_variance,0.01061102369486682
2026-08-04,min_variance,0.01682526280906948
2026-08-05,min_variance,-0.001858834618096382
2026-08-06,min_variance,-0.0018250402153770682
2026-08-07,min_variance,0.009137980145655106
2026-08-10,min_variance,-0.0030122492786920393
2026-08-11,min_variance,-0.0007516595362015057
2026-08-12,min_variance,0.0037673236971207196
2026-08-13,min_variance,0.004596375258357168
2026-08-14,min_variance,-0.00035972537583081794
2026-08-17,min_variance,-0.0031513251769876884
2026-08-18,min_variance,-0.009869366861608981
2026-08-19,min_variance,0.002830399257344356
2026-08-20,min_variance,-0.006794349240836722
2026-08-21,min_variance,0.0062241462189506725
2026-08-24,min_variance,-0.0034935544691757927
2026-08-25,min_variance,0.005151702483617235
2026-08-26,min_variance,-0.0019897857950920807
2026-08-27,min_variance,0.0029665586155784972
2026-08-28,min_variance,-0.004263320523971785
2026-08-31,min_variance,-0.0029906722879277344
2026-09-01,min_variance,-0.008754623951081057
2026-09-02,min_variance,0.006094866425274098
2026-09-03,min_variance,0.009435002539612514
2026-09-04,min_variance,-0.00048656130564107977
2026-09-08,min_variance,-0.0052068704509924835
2026-09-09,min_variance,-0.008847676692047585
2026-09-10,min_variance,-0.007809835800358752
2026-09-11,min_variance,0.008266627447016285
2026-09-14,min_variance,-0.005742859421990104
2026-09-15,min_variance,-0.0049307910429535135
2026-09-16,min_variance,-0.003972456512098351
2026-09-17,min_variance,0.009729570930106322
2026-09-18,min_variance,-0.004220839893782661
2026-09-21,min_variance,0.012170035314531768
2026-09-22,min_variance,0.002497311691155076
2026-09-23,min_variance,-0.012698329503127711
2026-09-24,min_variance,-0.0016333504725276524
2026-09-25,min_variance,0.006514781242389169
2026-09-28,min_variance,-0.006418267406520512
2026-09-29,min_variance,-0.0032345341053803467
2026-09-30,min_variance,-0.003956654007745789
2026-10-01,min_variance,-0.002615268743440581
2026-10-02,min_variance,0.00918508550715056
2026-10-05,min_variance,0.004283538263515976
2026-10-06,min_variance,0.0014872099954784353
2026-10-07,min_variance,-0.00782782330775579
2026-10-08,min_variance,-0.00334816316504695
2026-10-09,min_variance,0.006111984719187865
2023-10-05,max_sharpe,0.00021130951624068002
2023-10-06,max_sharpe,0.0002122222241901216
2023-10-09,max_sharpe,0.0002122222241901216
2023-10-10,max_sharpe,0.00021123015691363621
2023-10-11,max_sharpe,0.00021170635072011797
2023-10-12,max_sharpe,0.00021170635072011797
2023-10-13,max_sharpe,0.00021142857415335517
2023-10-16,max_sharpe,0.00021142857415335517
2023-10-17,max_sharpe,0.00021190476795983693
2023-10-18,max_sharpe,0.00021150793348039898
2023-10-19,max_sharpe,0.00021071428344363258
2023-10-20,max_sharpe,0.0002103174678863041
2023-10-23,max_sharpe,0.00021003969131954133
2023-10-24,max_sharpe,0.00021063492411658877
2023-10-25,max_sharpe,0.00021091270068335157
2023-10-26,max_sharpe,0.0002103174678863041
2023-10-27,max_sharpe,0.00021051586620391362
2023-10-30,max_sharpe,0.00021083334135630776
2023-10-31,max_sharpe,0.00021111111792307052
2023-11-01,max_sharpe,0.0002103174678863041
2023-11-02,max_sharpe,0.00020912698337009975
2023-11-03,max_sharpe,0.00020845237232389904
2023-11-06,max_sharpe,0.00020873016781277126
2023-11-07,max_sharpe,0.00020924602236066547
2023-11-08,max_sharpe,0.00020904762404305594
2023-11-09,max_sharpe,0.00020884920680333698
2023-11-10,max_sharpe,0.00020833333333333332
2023-11-13,max_sharpe,0.00020873016781277126
2023-11-14,max_sharpe,0.00020845237232389904
2023-11-15,max_sharpe,0.0002085317505730523
2023-11-16,max_sharpe,0.00020805555676657055
2023-11-17,max_sharpe,0.00020765872228713263
2023-11-20,max_sharpe,0.00020785713952685162
2023-11-21,max_sharpe,0.0002085317505730523
2023-11-22,max_sharpe,0.0002089285661303808
2023-11-24,max_sharpe,0.00020845237232389904
2023-11-27,max_sharpe,0.00020865078956361802
2023-11-28,max_sharpe,0.00020873016781277126
2023-11-29,max_sharpe,0.00020793649885389538
2023-11-30,max_sharpe,0.00020785713952685162
2023-12-01,max_sharpe,0.00020694445049951947
2023-12-04,max_sharpe,0.00020726190672980415
2023-12-05,max_sharpe,0.00020805555676657055
2023-12-06,max_sharpe,0.00020805555676657055
2023-12-07,max_sharpe,0.00020765872228713263
2023-12-08,max_sharpe,0.00020765872228713263
2023-12-11,max_sharpe,0.00020765872228713263
2023-12-12,max_sharpe,0.0002082539740062895
2023-12-13,max_sharpe,0.00020726190672980415
2023-12-14,max_sharpe,0.00020694445049951947
2023-12-15,max_sharpe,0.00020734126605684796
2023-12-18,max_sharpe,0.00020734126605684796
2023-12-19,max_sharpe,0.00020785713952685162
2023-12-20,max_sharpe,0.00020753968329656692
2023-12-21,max_sharpe,0.0002067460332598005
2023-12-22,max_sharpe,0.00020666667393275668
2023-12-26,max_sharpe,0.00020646825669303775
2023-12-27,max_sharpe,0.0002077381005362859
2023-12-28,max_sharpe,0.0002070634894900852
2023-12-29,max_sharpe,0.00020555554874359614
2024-01-02,max_sharpe,0.0002068650722503662
2024-01-03,max_sharpe,0.0002077381005362859
2024-01-04,max_sharpe,0.0002074603239695231
2024-01-05,max_sharpe,0.00020714284881712897
2024-01-08,max_sharpe,0.00020714284881712897
2024-01-09,max_sharpe,0.00020753968329656692
2024-01-10,max_sharpe,0.00020734126605684796
2024-01-11,max_sharpe,0.0002070634894900852
2024-01-12,max_sharpe,0.0002062698394533188
2024-01-16,max_sharpe,0.00020646825669303775
2024-01-17,max_sharpe,0.00020694445049951947
2024-01-18,max_sharpe,0.00020634919878036254
2024-01-19,max_sharpe,0.0002062698394533188
2024-01-22,max_sharpe,0.00020634919878036254
2024-01-23,max_sharpe,0.0002067460332598005
2024-01-24,max_sharpe,0.0002067460332598005
2024-01-25,max_sharpe,0.00020615080046275307
2024-01-26,max_sharpe,0.00020634919878036254
2024-01-29,max_sharpe,0.00020634919878036254
2024-01-30,max_sharpe,0.00020646825669303775
2024-01-31,max_sharpe,0.00020587302389599027
2024-02-01,max_sharpe,0.00020634919878036254
2024-02-02,max_sharpe,0.0002067460332598005
2024-02-05,max_sharpe,0.0002074603239695231
2024-02-06,max_sharpe,0.00020726190672980415
2024-02-07,max_sharpe,0.00020726190672980415
2024-02-08,max_sharpe,0.0002070634894900852
2024-02-09,max_sharpe,0.00020714284881712897
2024-02-12,max_sharpe,0.0002074603239695231
2024-02-13,max_sharpe,0.00020765872228713263
2024-02-14,max_sharpe,0.0002070634894900852
2024-02-15,max_sharpe,0.0002070634894900852
2024-02-16,max_sharpe,0.00020726190672980415
2024-02-20,max_sharpe,0.0002068650722503662
2024-02-21,max_sharpe,0.0002077381005362859
2024-02-22,max_sharpe,0.00020765872228713263
2024-02-23,max_sharpe,0.00020793649885389538
2024-02-26,max_sharpe,0.00020833333333333332
2024-02-27,max_sharpe,0.00020813491609361436
2024-02-28,max_sharpe,0.00020793649885389538
2024-02-29,max_sharpe,0.00020726190672980415
2024-03-01,max_sharpe,0.00020694445049951947
2024-03-04,max_sharpe,0.00020726190672980415
2024-03-05,max_sharpe,0.00020734126605684796
2024-03-06,max_sharpe,0.00020753968329656692
2024-03-07,max_sharpe,0.0002074603239695231
2024-03-08,max_sharpe,0.0002074603239695231
2024-03-11,max_sharpe,0.00020793649885389538
2024-03-12,max_sharpe,0.00020793649885389538
2024-03-13,max_sharpe,0.00020785713952685162
2024-03-14,max_sharpe,0.00020785713952685162
2024-03-15,max_sharpe,0.00020785713952685162
2024-03-18,max_sharpe,0.00020785713952685162
2024-03-19,max_sharpe,0.00020785713952685162
2024-03-20,max_sharpe,0.0002074603239695231
2024-03-21,max_sharpe,0.0002074603239695231
2024-03-22,max_sharpe,0.00020714284881712897
2024-03-25,max_sharpe,0.0002070634894900852
2024-03-26,max_sharpe,0.0002070634894900852
2024-03-27,max_sharpe,0.00020694445049951947
2024-03-28,max_sharpe,0.00020646825669303775
2024-04-01,max_sharpe,0.0002070634894900852
2024-04-02,max_sharpe,0.0002068650722503662
2024-04-03,max_sharpe,0.0002067460332598005
2024-04-04,max_sharpe,0.00020646825669303775
2024-04-05,max_sharpe,0.00020694445049951947
2024-04-08,max_sharpe,0.00020726190672980415
2024-04-09,max_sharpe,0.00020714284881712897
2024-04-10,max_sharpe,0.00020805555676657055
2024-04-11,max_sharpe,0.00020785713952685162
2024-04-12,max_sharpe,0.00020753968329656692
2024-04-15,max_sharpe,0.00020785713952685162
2024-04-16,max_sharpe,0.00020765872228713263
2024-04-17,max_sharpe,0.00020793649885389538
2024-04-18,max_sharpe,0.00020805555676657055
2024-04-19,max_sharpe,0.00020813491609361436
2024-04-22,max_sharpe,0.00020813491609361436
2024-04-23,max_sharpe,0.00020813491609361436
2024-04-24,max_sharpe,0.0002085317505730523
2024-04-25,max_sharpe,0.00020813491609361436
2024-04-26,max_sharpe,0.00020785713952685162
2024-04-29,max_sharpe,0.00020805555676657055
2024-04-30,max_sharpe,0.00020813491609361436
2024-05-01,max_sharpe,0.00020833333333333332
2024-05-02,max_sharpe,0.00020785713952685162
2024-05-03,max_sharpe,0.0002077381005362859
2024-05-06,max_sharpe,0.00020793649885389538
2024-05-07,max_sharpe,0.00020805555676657055
2024-05-08,max_sharpe,0.00020813491609361436
2024-05-09,max_sharpe,0.00020793649885389538
2024-05-10,max_sharpe,0.00020805555676657055
2024-05-13,max_sharpe,0.00020793649885389538
2024-05-14,max_sharpe,0.0002077381005362859
2024-05-15,max_sharpe,0.00020793649885389538
2024-05-16,max_sharpe,0.00020805555676657055
2024-05-17,max_sharpe,0.00020793649885389538
2024-05-20,max_sharpe,0.00020793649885389538
2024-05-21,max_sharpe,0.00020793649885389538
2024-05-22,max_sharpe,0.00020813491609361436
2024-05-23,max_sharpe,0.00020813491609361436
2024-05-24,max_sharpe,0.00020813491609361436
2024-05-28,max_sharpe,0.0002082539740062895
2024-05-29,max_sharpe,0.00020833333333333332
2024-05-30,max_sharpe,0.0002082539740062895
2024-05-31,max_sharpe,0.00020813491609361436
2024-06-03,max_sharpe,0.00020805555676657055
2024-06-04,max_sharpe,0.00020793649885389538
2024-06-05,max_sharpe,0.00020793649885389538
2024-06-06,max_sharpe,0.00020765872228713263
2024-06-07,max_sharpe,0.00020785713952685162
2024-06-10,max_sharpe,0.00020765872228713263
2024-06-11,max_sharpe,0.00020813491609361436
2024-06-12,max_sharpe,0.00020805555676657055
2024-06-13,max_sharpe,0.00020793649885389538
2024-06-14,max_sharpe,0.00020793649885389538
2024-06-17,max_sharpe,0.00020805555676657055
2024-06-18,max_sharpe,0.0002077381005362859
2024-06-20,max_sharpe,0.00020734126605684796
2024-06-21,max_sharpe,0.00020694445049951947
2024-06-24,max_sharpe,0.0002067460332598005
2024-06-25,max_sharpe,0.00020726190672980415
2024-06-26,max_sharpe,0.00020753968329656692
2024-06-27,max_sharpe,0.00020726190672980415
2024-06-28,max_sharpe,0.0002068650722503662
2024-07-01,max_sharpe,0.0002070634894900852
2024-07-02,max_sharpe,0.0002074603239695231
2024-07-03,max_sharpe,0.00020753968329656692
2024-07-05,max_sharpe,0.00020734126605684796
2024-07-08,max_sharpe,0.0002070634894900852
2024-07-09,max_sharpe,0.00020734126605684796
2024-07-10,max_sharpe,0.00020734126605684796
2024-07-11,max_sharpe,0.0002062698394533188
2024-07-12,max_sharpe,0.0002062698394533188
2024-07-15,max_sharpe,0.0002060714222135998
2024-07-16,max_sharpe,0.0002060714222135998
2024-07-17,max_sharpe,0.00020615080046275307
2024-07-18,max_sharpe,0.0002060714222135998
2024-07-19,max_sharpe,0.0002060714222135998
2024-07-22,max_sharpe,0.00020595238322303409
2024-07-23,max_sharpe,0.00020527777217683337
2024-07-24,max_sharpe,0.00020515873318626766
2024-07-25,max_sharpe,0.0002047618987068297
2024-07-26,max_sharpe,0.00020456350038922024
2024-07-29,max_sharpe,0.0002042460252368261
2024-07-30,max_sharpe,0.0002037698503524538
2024-07-31,max_sharpe,0.0002037698503524538
2024-08-01,max_sharpe,0.00020297618139357795
2024-08-02,max_sharpe,0.00019960318292890276
2024-08-05,max_sharpe,0.00020079364852299765
2024-08-06,max_sharpe,0.00020158729855976408
2024-08-07,max_sharpe,0.00020158729855976408
2024-08-08,max_sharpe,0.00020170635647243925
2024-08-09,max_sharpe,0.00020138888132004512
2024-08-12,max_sharpe,0.0002013095219930013
2024-08-13,max_sharpe,0.00020051587195623488
2024-08-14,max_sharpe,0.00020091270643567282
2024-08-15,max_sharpe,0.00020158729855976408
2024-08-16,max_sharpe,0.00020138888132004512
2024-08-19,max_sharpe,0.00020091270643567282
2024-08-20,max_sharpe,0.00019972222191946848
2024-08-21,max_sharpe,0.0001986111156524174
2024-08-22,max_sharpe,0.0001994047656891838
2024-08-23,max_sharpe,0.0001984126984126984
2024-08-26,max_sharpe,0.0001983333390856546
2024-08-27,max_sharpe,0.00019714285456945026
2024-08-28,max_sharpe,0.00019662698109944662
2024-08-29,max_sharpe,0.00019702381557888457
2024-08-30,max_sharpe,0.00019714285456945026
2024-09-03,max_sharpe,0.00019722221389649407
2024-09-04,max_sharpe,0.00019634920453268385
2024-09-05,max_sharpe,0.00019571429207211448
2024-09-06,max_sharpe,0.00019476190445915102
2024-09-09,max_sharpe,0.00019424603098914736
2024-09-10,max_sharpe,0.00019186508087884813
2024-09-11,max_sharpe,0.00019345238095238096
2024-09-12,max_sharpe,0.00019206349811856709
2024-09-13,max_sharpe,0.00018900793696206714
2024-09-16,max_sharpe,0.00018829364625234452
2024-09-17,max_sharpe,0.00018789683069501603
2024-09-18,max_sharpe,0.00018313491155230808
2024-09-19,max_sharpe,0.00018226190218849787
2024-09-20,max_sharpe,0.00018035714588468036
2024-09-23,max_sharpe,0.0001786904675619943
2024-09-24,max_sharpe,0.00017837301133170959
2024-09-25,max_sharpe,0.00017805555510142494
2024-09-26,max_sharpe,0.00017730158472818041
2024-09-27,max_sharpe,0.00017785713786170598
2024-09-30,max_sharpe,0.00017849206924438476
2024-10-01,max_sharpe,0.00017785713786170598
2024-10-02,max_sharpe,0.00017750000196789937
2024-10-03,max_sharpe,0.0001771825457376147
2024-10-04,max_sharpe,0.00017876984581114753
2024-10-07,max_sharpe,0.00017956349584791396
2024-10-08,max_sharpe,0.00017968253483847965
2024-10-09,max_sharpe,0.00017996031140524242
2024-10-10,max_sharpe,0.00017976191308763294
2024-10-11,max_sharpe,0.00017916666136847602
2024-10-14,max_sharpe,0.0001792857192811512
2024-10-15,max_sharpe,0.00017916666136847602
2024-10-16,max_sharpe,0.0001786904675619943
2024-10-17,max_sharpe,0.00017916666136847602
2024-10-18,max_sharpe,0.0001790873020414322
2024-10-21,max_sharpe,0.0001792857192811512
2024-10-22,max_sharpe,0.00017857142857142857
2024-10-23,max_sharpe,0.00017876984581114753
2024-10-24,max_sharpe,0.00017805555510142494
2024-10-25,max_sharpe,0.0001789682630508665
2024-10-28,max_sharpe,0.00017785713786170598
2024-10-29,max_sharpe,0.00017777777853466217
2024-10-30,max_sharpe,0.00017710316748846146
2024-10-31,max_sharpe,0.00017587302223084464
2024-11-01,max_sharpe,-0.0005253968216124035
2024-11-04,max_sharpe,-0.00014707667222767142
2024-11-05,max_sharpe,0.0114682255693244
2024-11-06,max_sharpe,0.0049640412450768084
2024-11-07,max_sharpe,0.012992251248621117
2024-11-08,max_sharpe,-0.006453678482865186
2024-11-11,max_sharpe,-0.00043242101977053037
2024-11-12,max_sharpe,-0.010827412662524679
2024-11-13,max_sharpe,-0.0029281413390935696
2024-11-14,max_sharpe,-0.003095725932344588
2024-11-15,max_sharpe,-0.008762334480956348
2024-11-18,max_sharpe,0.005692069516276158
2024-11-19,max_sharpe,0.0015088522174195056
2024-11-20,max_sharpe,-0.001094632929475535
2024-11-21,max_sharpe,0.002389107413682137
2024-11-22,max_sharpe,0.002950615450994032
2024-11-25,max_sharpe,0.0036173758483478437
2024-11-26,max_sharpe,-8.72450775510151e-05
2024-11-27,max_sharpe,0.0003089798698183583
2024-11-29,max_sharpe,0.008687017808099851
2024-12-02,max_sharpe,0.00297190768555286
2024-12-03,max_sharpe,0.0017736798931041664
2024-12-04,max_sharpe,0.004977482821194225
2024-12-05,max_sharpe,-0.0003956172452082081
2024-12-06,max_sharpe,0.0022972439485819747
2024-12-09,max_sharpe,-0.0029381632704686225
2024-12-10,max_sharpe,-0.0057144152964661655
2024-12-11,max_sharpe,0.00829329945912421
2024-12-12,max_sharpe,-0.007219009626295503
2024-12-13,max_sharpe,-0.00042827382775876974
2024-12-16,max_sharpe,0.0031498917987527433
2024-12-17,max_sharpe,-0.004013374289552382
2024-12-18,max_sharpe,-0.030212581555518394
2024-12-19,max_sharpe,-0.0020331416486230897
2024-12-20,max_sharpe,0.006336294964910307
2024-12-23,max_sharpe,0.005918091280231315
2024-12-24,max_sharpe,0.008596487578290155
2024-12-26,max_sharpe,0.002163750737102925
2024-12-27,max_sharpe,-0.008275227379409304
2024-12-30,max_sharpe,-0.009702101532829363
2024-12-31,max_sharpe,-0.0027673509006259215
2025-01-02,max_sharpe,-0.0028217267437583324
2025-01-03,max_sharpe,0.01314451227629739
2025-01-06,max_sharpe,0.007936259018824735
2025-01-07,max_sharpe,-0.012759056080934033
2025-01-08,max_sharpe,-0.000128326130468914
2025-01-10,max_sharpe,-0.01568077160118899
2025-01-13,max_sharpe,-0.0018079956513050006
2025-01-14,max_sharpe,0.0019994034273787195
2025-01-15,max_sharpe,0.0190708294136945
2025-01-16,max_sharpe,-0.0034719069988044266
2025-01-17,max_sharpe,0.012130086345154424
2025-01-21,max_sharpe,0.008652823835783972
2025-01-22,max_sharpe,0.007337742443882058
2025-01-23,max_sharpe,0.003818722956089966
2025-01-24,max_sharpe,-0.0021880944306851904
2025-01-27,max_sharpe,-0.019936992767560797
2025-01-28,max_sharpe,0.010311867524804112
2025-01-29,max_sharpe,-0.0025230901778961774
2025-01-30,max_sharpe,0.006923604472503788
2025-01-31,max_sharpe,-0.004896515968045808
2025-02-03,max_sharpe,-0.00796976521948882
2025-02-04,max_sharpe,0.011203638361268413
2025-02-05,max_sharpe,0.0039328016758988504
2025-02-06,max_sharpe,0.004169915917063258
2025-02-07,max_sharpe,-0.00775424714009704
2025-02-10,max_sharpe,0.00869175419463079
2025-02-11,max_sharpe,0.0002281504259884667
2025-02-12,max_sharpe,0.0009874830366006365
2025-02-13,max_sharpe,0.010445286698135476
2025-02-14,max_sharpe,0.0026783535872077395
2025-02-18,max_sharpe,0.004679340000368053
2025-02-19,max_sharpe,-0.0019158860484101631
2025-02-20,max_sharpe,0.001104111454451086
2025-02-21,max_sharpe,-0.011549805351473768
2025-02-24,max_sharpe,-0.007095897774797772
2025-02-25,max_sharpe,-0.001136674258380223
2025-02-26,max_sharpe,0.003195742316514672
2025-02-27,max_sharpe,-0.01710842629143827
2025-02-28,max_sharpe,0.00525747215426795
2025-03-03,max_sharpe,-0.009151754647281029
2025-03-04,max_sharpe,-0.003937374599977931
2025-03-05,max_sharpe,0.018720496901230847
2025-03-06,max_sharpe,-0.013877579339261906
2025-03-07,max_sharpe,0.007584828362908933
2025-03-10,max_sharpe,-0.025835627850993373
2025-03-11,max_sharpe,-0.003670683354946214
2025-03-12,max_sharpe,0.006493664407822811
2025-03-13,max_sharpe,-0.009657593774840125
2025-03-14,max_sharpe,0.01962785444131473
2025-03-17,max_sharpe,0.010346699572590372
2025-03-18,max_sharpe,-0.006063843650254968
2025-03-19,max_sharpe,0.00662383035308569
2025-03-20,max_sharpe,-0.006046298365333373
2025-03-21,max_sharpe,-0.002850708489565263
2025-03-24,max_sharpe,0.008999220268310359
2025-03-25,max_sharpe,0.003152695254473018
2025-03-26,max_sharpe,-0.011991411415058467
2025-03-27,max_sharpe,0.00012623921359413575
2025-03-28,max_sharpe,-0.015791610273838425
2025-03-31,max_sharpe,-0.0012170362258496184
2025-04-01,max_sharpe,0.0022958471091466836
2025-04-02,max_sharpe,0.003543091909210493
2025-04-03,max_sharpe,-0.032410373426609004
2025-04-04,max_sharpe,-0.058867278894226674
2025-04-07,max_sharpe,-0.020617962780264423
2025-04-08,max_sharpe,-0.0125832865496707
2025-04-09,max_sharpe,0.08520104468506794
2025-04-10,max_sharpe,-0.028577464164749086
2025-04-11,max_sharpe,0.024663656628492507
2025-04-14,max_sharpe,0.009676805034815304
2025-04-15,max_sharpe,0.00032958033994344655
2025-04-16,max_sharpe,-0.014260129874271072
2025-04-17,max_sharpe,0.005871318653701377
2025-04-21,max_sharpe,-0.010565626089982605
2025-04-22,max_sharpe,0.020469638167846596
2025-04-23,max_sharpe,0.011502303178213958
2025-04-24,max_sharpe,0.015655832596698567
2025-04-25,max_sharpe,0.0029912998272137335
2025-04-28,max_sharpe,0.002260120000271644
2025-04-29,max_sharpe,0.003997020753015938
2025-04-30,max_sharpe,0.0009154724347375908
2025-05-01,max_sharpe,0.0017770106293322682
2025-05-02,max_sharpe,0.019989712949204912
2025-05-05,max_sharpe,0.0005856333805703004
2025-05-06,max_sharpe,-0.004416214402403664
2025-05-07,max_sharpe,-0.0028043605117245873
2025-05-08,max_sharpe,0.0008579558468705973
2025-05-09,max_sharpe,0.003195331252300559
2025-05-12,max_sharpe,0.019000436516922053
2025-05-13,max_sharpe,0.0032776111440853467
2025-05-14,max_sharpe,0.00045400964406891475
2025-05-15,max_sharpe,0.005903552851768718
2025-05-16,max_sharpe,0.00299010967171534
2025-05-19,max_sharpe,0.004674345081662765
2025-05-20,max_sharpe,0.000422928640604394
2025-05-21,max_sharpe,-0.008936697984497257
2025-05-22,max_sharpe,-0.0009030976227112025
2025-05-23,max_sharpe,-0.0008195897071211411
2025-05-27,max_sharpe,0.012463435798954325
2025-05-28,max_sharpe,-0.0077791891705339365
2025-05-29,max_sharpe,0.004073981255681228
2025-05-30,max_sharpe,-0.0028319265561501912
2025-06-02,max_sharpe,0.007993718914719188
2025-06-03,max_sharpe,-0.000269519992048158
2025-06-04,max_sharpe,0.004162165116179314
2025-06-05,max_sharpe,-0.0011597451268812009
2025-06-06,max_sharpe,0.006173545746081419
2025-06-09,max_sharpe,0.0020464226186580406
2025-06-10,max_sharpe,0.003963578793182975
2025-06-11,max_sharpe,-0.0009427628123375787
2025-06-12,max_sharpe,0.004967051444550752
2025-06-13,max_sharpe,-0.012795783760623777
2025-06-16,max_sharpe,0.007797027319774975
2025-06-17,max_sharpe,-0.01095051186720609
2025-06-18,max_sharpe,0.0005736164849726109
2025-06-20,max_sharpe,-0.005653236014704095
2025-06-23,max_sharpe,0.008613581883042171
2025-06-24,max_sharpe,0.014531233921914997
2025-06-25,max_sharpe,-0.0017335341361665465
2025-06-26,max_sharpe,0.008897209234568245
2025-06-27,max_sharpe,0.0047146872239604894
2025-06-30,max_sharpe,0.0027853000026477415
2025-07-01,max_sharpe,-0.0006556081826836189
2025-07-02,max_sharpe,0.0038146927636453732
2025-07-03,max_sharpe,0.0035620083143425426
2025-07-07,max_sharpe,-0.01132023071582383
2025-07-08,max_sharpe,0.005142745780849346
2025-07-09,max_sharpe,0.0037280841896580085
2025-07-10,max_sharpe,0.0013740901439262066
2025-07-11,max_sharpe,-0.005861022403375864
2025-07-14,max_sharpe,0.0009759880305375358
2025-07-15,max_sharpe,-0.002414246502064863
2025-07-16,max_sharpe,0.004161545270397338
2025-07-17,max_sharpe,0.004580858138459707
2025-07-18,max_sharpe,-0.0021264621031149046
2025-07-21,max_sharpe,0.004998916648300224
2025-07-22,max_sharpe,0.0024365439329453757
2025-07-23,max_sharpe,0.01557819643899267
2025-07-24,max_sharpe,-0.0049287770095688774
2025-07-25,max_sharpe,-0.0006700879419884426
2025-07-28,max_sharpe,-0.008961324589416213
2025-07-29,max_sharpe,-0.0012441970614685703
2025-07-30,max_sharpe,-0.0058836866665597076
2025-07-31,max_sharpe,-0.007251088809290297
2025-08-01,max_sharpe,-0.007768542729916354
2025-08-04,max_sharpe,0.012819387596679627
2025-08-05,max_sharpe,-0.0005960759845400794
2025-08-06,max_sharpe,0.006280455163097304
2025-08-07,max_sharpe,0.00557917816251037
2025-08-08,max_sharpe,0.003924613289103316
2025-08-11,max_sharpe,-0.0029438345485001335
2025-08-12,max_sharpe,0.01172193909218629
2025-08-13,max_sharpe,0.00750710606247418
2025-08-14,max_sharpe,-0.004880951826648522
2025-08-15,max_sharpe,0.0012713610781904673
2025-08-18,max_sharpe,0.001939100419186904
2025-08-19,max_sharpe,-0.005173231081703651
2025-08-20,max_sharpe,-0.0005117894364668788
2025-08-21,max_sharpe,-0.00393111232636775
2025-08-22,max_sharpe,0.017095558578456634
2025-08-25,max_sharpe,-0.0073133580560717035
2025-08-26,max_sharpe,3.455054884554318e-05
2025-08-27,max_sharpe,-0.002305571700072252
2025-08-28,max_sharpe,0.003747434665561055
2025-08-29,max_sharpe,-0.005584340985000203
2025-09-02,max_sharpe,-0.005504925358437235
2025-09-03,max_sharpe,0.003619050414867573
2025-09-04,max_sharpe,0.0034109569999972314
2025-09-05,max_sharpe,0.005310333130874735
2025-09-08,max_sharpe,0.007434316711230373
2025-09-09,max_sharpe,0.0018722273143986748
2025-09-10,max_sharpe,0.003520480745111753
2025-09-11,max_sharpe,0.01150533739067642
2025-09-12,max_sharpe,-0.001493020569489104
2025-09-15,max_sharpe,0.0065383316712993795
2025-09-16,max_sharpe,0.0017677018390623122
2025-09-17,max_sharpe,0.000277352068382917
2025-09-18,max_sharpe,0.0015506743009520466
2025-09-19,max_sharpe,-0.0006065868846107023
2025-09-22,max_sharpe,0.004361676254525911
2025-09-23,max_sharpe,-0.0019601225654609453
2025-09-24,max_sharpe,-0.004042060668034403
2025-09-25,max_sharpe,-0.005857715105862259
2025-09-26,max_sharpe,0.003195081071374718
2025-09-29,max_sharpe,0.0057027093818526
2025-09-30,max_sharpe,0.003928871565363598
2025-10-01,max_sharpe,0.0065454526068204994
2025-10-02,max_sharpe,0.0029642021635367588
2025-10-03,max_sharpe,0.00309854367274439
2025-10-06,max_sharpe,0.004025180137141447
2025-10-07,max_sharpe,-0.006862085714045796
2025-10-08,max_sharpe,0.00646647180931223
2025-10-09,max_sharpe,-0.007172385987982402
2025-10-10,max_sharpe,-0.02934923442574776
2025-10-13,max_sharpe,0.019317925787211653
2025-10-14,max_sharpe,-0.003276413201696489
2025-10-15,max_sharpe,0.009577192232882736
2025-10-16,max_sharpe,0.002183004863690608
2025-10-17,max_sharpe,0.0023218053561553384
2025-10-20,max_sharpe,0.011326423451267694
2025-10-21,max_sharpe,-0.006544739089568875
2025-10-22,max_sharpe,-0.0028908504655636544
2025-10-23,max_sharpe,0.006991180924388279
2025-10-24,max_sharpe,0.005946846336938704
2025-10-27,max_sharpe,0.010759224992399322
2025-10-28,max_sharpe,0.0010979445572593385
2025-10-29,max_sharpe,0.001316846035707755
2025-10-30,max_sharpe,-0.009372959434177406
2025-10-31,max_sharpe,-0.0003441008290771038
2025-11-03,max_sharpe,0.0033879739050415047
2025-11-04,max_sharpe,-0.01442399355880808
2025-11-05,max_sharpe,0.007063365899134836
2025-11-06,max_sharpe,-0.0065773971336270404
2025-11-07,max_sharpe,0.00023368960381599507
2025-11-10,max_sharpe,0.014797348602070695
2025-11-11,max_sharpe,0.003488197289240689
2025-11-12,max_sharpe,0.0024869842243316806
2025-11-13,max_sharpe,-0.012517358522781604
2025-11-14,max_sharpe,-0.0008992770436368337
2025-11-17,max_sharpe,-0.011761464865523652
2025-11-18,max_sharpe,-0.009159350135679088
2025-11-19,max_sharpe,-0.00171211870562205
2025-11-20,max_sharpe,-0.014678822173126885
2025-11-21,max_sharpe,0.00795466420569576
2025-11-24,max_sharpe,0.008202497685345644
2025-11-25,max_sharpe,0.00788072677189721
2025-11-26,max_sharpe,0.008826570976264787
2025-11-28,max_sharpe,0.003230874215640207
2025-12-01,max_sharpe,-0.0031817204968898017
2025-12-02,max_sharpe,0.002082478466122973
2025-12-03,max_sharpe,0.0030999787623661144
2025-12-04,max_sharpe,0.001105718015119164
2025-12-05,max_sharpe,0.0034604615694867214
2025-12-08,max_sharpe,-0.0026918201042900724
2025-12-09,max_sharpe,-0.0013009642139929414
2025-12-10,max_sharpe,0.010155278428191679
2025-12-11,max_sharpe,0.000748155621771659
2025-12-12,max_sharpe,-0.009197623419193376
2025-12-15,max_sharpe,0.0008790305579452499
2025-12-16,max_sharpe,-0.004759222958671193
2025-12-17,max_sharpe,-0.008581401514046651
2025-12-18,max_sharpe,0.009140278874598645
2025-12-19,max_sharpe,0.008544878123908025
2025-12-22,max_sharpe,0.004343280855570495
2025-12-23,max_sharpe,0.005610349300138417
2025-12-24,max_sharpe,0.0019848687049109416
2025-12-26,max_sharpe,0.003424562164467003
2025-12-29,max_sharpe,-0.0029801947960788936
2025-12-30,max_sharpe,0.001995380888672217
2025-12-31,max_sharpe,-0.004442443031333574
2026-01-02,max_sharpe,0.015604977130370606
2026-01-05,max_sharpe,0.010317116260340908
2026-01-06,max_sharpe,0.0047538376577162915
2026-01-07,max_sharpe,-0.005158333277847178
2026-01-08,max_sharpe,0.00016140805024620377
2026-01-09,max_sharpe,0.006773357886242545
2026-01-12,max_sharpe,0.00834134306466751
2026-01-13,max_sharpe,-0.005670940816011494
2026-01-14,max_sharpe,0.0025549101893138455
2026-01-15,max_sharpe,0.002742887952300514
2026-01-16,max_sharpe,-0.0006064719895524854
2026-01-20,max_sharpe,-0.01398861387332418
2026-01-21,max_sharpe,0.013078393364899934
2026-01-22,max_sharpe,0.005653795902857247
2026-01-23,max_sharpe,0.004831713990479217
2026-01-26,max_sharpe,0.003672084443728657
2026-01-27,max_sharpe,0.015231714030317589
2026-01-28,max_sharpe,-0.0014770358268140801
2026-01-29,max_sharpe,0.00018456961653360226
2026-01-30,max_sharpe,-0.013355121098376124
2026-02-02,max_sharpe,0.004816917049279877
2026-02-03,max_sharpe,0.0006653580473093617
2026-02-04,max_sharpe,-0.005053527842752431
2026-02-05,max_sharpe,-0.010050639960964024
2026-02-06,max_sharpe,0.02346201865905711
2026-02-09,max_sharpe,0.009289397542647782
2026-02-10,max_sharpe,0.0010481896076012204
2026-02-11,max_sharpe,0.009020244325865361
2026-02-12,max_sharpe,-0.010613202130892143
2026-02-13,max_sharpe,0.002208888316383487
2026-02-17,max_sharpe,-0.0014214303140764203
2026-02-18,max_sharpe,0.003557048424152703
2026-02-19,max_sharpe,-0.0026194030848234137
2026-02-20,max_sharpe,0.013293567765516105
2026-02-23,max_sharpe,-0.008111316402191125
2026-02-24,max_sharpe,0.008513832640508775
2026-02-25,max_sharpe,0.009939966842219785
2026-02-26,max_sharpe,-0.005281974198308663
2026-02-27,max_sharpe,-0.002484627883711731
2026-03-02,max_sharpe,-0.014949709496605564
2026-03-03,max_sharpe,-0.034791271875380836
2026-03-04,max_sharpe,0.01104591350915134
2026-03-05,max_sharpe,-0.02032621966879322
2026-03-06,max_sharpe,-0.009038032235073195
2026-03-09,max_sharpe,0.01259529430245987
2026-03-10,max_sharpe,0.0021984156819201397
2026-03-11,max_sharpe,-0.00013668941194640597
2026-03-12,max_sharpe,-0.02246795934050423
2026-03-13,max_sharpe,-0.006818390919616977
2026-03-16,max_sharpe,0.020512895092602255
2026-03-17,max_sharpe,0.004400647605448761
2026-03-18,max_sharpe,-0.01785777713209565
2026-03-19,max_sharpe,-0.0001898026070846179
2026-03-20,max_sharpe,-0.029199982823746015
2026-03-23,max_sharpe,0.024369236024004762
2026-03-24,max_sharpe,-0.007962565274689293
2026-03-25,max_sharpe,0.013719021793987657
2026-03-26,max_sharpe,-0.02535659530492627
2026-03-27,max_sharpe,-0.009094926989435724
2026-03-30,max_sharpe,-0.0035009762224770687
2026-03-31,max_sharpe,0.034087140965802565
2026-04-01,max_sharpe,0.010622137779300224
2026-04-02,max_sharpe,-0.006341217973737452
2026-04-06,max_sharpe,0.006578718305136326
2026-04-07,max_sharpe,0.0010427047520786428
2026-04-08,max_sharpe,0.042854949661332783
2026-04-09,max_sharpe,-0.000862100903630705
2026-04-10,max_sharpe,0.0025059142139757878
2026-04-13,max_sharpe,0.008125626363867156
2026-04-14,max_sharpe,0.013494495465352124
2026-04-15,max_sharpe,-0.00032459257815447965
2026-04-16,max_sharpe,0.000962773874003589
2026-04-17,max_sharpe,0.015857512232868378
2026-04-20,max_sharpe,-0.0043396550634748985
2026-04-21,max_sharpe,-0.016152181176680498
2026-04-22,max_sharpe,0.010565643763112184
2026-04-23,max_sharpe,-0.010208268181914847
2026-04-24,max_sharpe,0.012466892755294954
2026-04-27,max_sharpe,-0.0017626287628268356
2026-04-28,max_sharpe,-0.007296185093946734
2026-04-29,max_sharpe,-0.006381977628932724
2026-04-30,max_sharpe,0.02059008059846116
2026-05-01,max_sharpe,0.0001221462256416506
2026-05-04,max_sharpe,-0.004587910612473238
2026-05-05,max_sharpe,0.012544137053720594
2026-05-06,max_sharpe,0.02154818154007421
2026-05-07,max_sharpe,-0.007743565248617948
2026-05-08,max_sharpe,0.014272870608696713
2026-05-11,max_sharpe,0.0009489192950601559
2026-05-12,max_sharpe,-0.009775088256372145
2026-05-13,max_sharpe,0.009987450072638997
2026-05-14,max_sharpe,0.004465135293730575
2026-05-15,max_sharpe,-0.018121494618202262
2026-05-18,max_sharpe,0.0002393751105982641
2026-05-19,max_sharpe,-0.0075176949290421185
2026-05-20,max_sharpe,0.014476091280945427
2026-05-21,max_sharpe,0.00398702426563405
2026-05-22,max_sharpe,0.0016124481957553124
2026-05-26,max_sharpe,0.01617069468947631
2026-05-27,max_sharpe,-0.000982946746322817
2026-05-28,max_sharpe,0.004475141701125966
2026-05-29,max_sharpe,0.0019316363652390847
2026-06-01,max_sharpe,0.005895610082134029
2026-06-02,max_sharpe,0.004237696111536988
2026-06-03,max_sharpe,-0.006514570311828792
2026-06-04,max_sharpe,-0.00037740989412242756
2026-06-05,max_sharpe,-0.03857994483462484
2026-06-08,max_sharpe,0.009290306465946696
2026-06-09,max_sharpe,-0.004914090783734492
2026-06-10,max_sharpe,-0.016979850519673777
2026-06-11,max_sharpe,0.027812597925885363
2026-06-12,max_sharpe,0.005427612943074204
2026-06-15,max_sharpe,0.022821707469536663
2026-06-16,max_sharpe,-0.010966596672233923
2026-06-17,max_sharpe,-0.009354559645803928
2026-06-18,max_sharpe,0.018012479839752696
2026-06-22,max_sharpe,-0.0009382626785533123
2026-06-23,max_sharpe,-0.026654414147805144
2026-06-24,max_sharpe,-0.0015554420382873897
2026-06-25,max_sharpe,0.005783999703370022
2026-06-26,max_sharpe,-0.009519903049173233
2026-06-29,max_sharpe,0.01634879657229114
2026-06-30,max_sharpe,0.011326199655074524
2026-07-01,max_sharpe,-0.010638085924014716
2026-07-02,max_sharpe,-0.0023536663626269366
2026-07-06,max_sharpe,0.009113389912335642
2026-07-07,max_sharpe,-0.00967026149965436
2026-07-08,max_sharpe,-0.004328242343265023
2026-07-09,max_sharpe,0.010247797706865546
2026-07-10,max_sharpe,0.0020851093228353916
2026-07-13,max_sharpe,-0.010441333614556072
2026-07-14,max_sharpe,0.005563612899844868
2026-07-15,max_sharpe,0.003393698755700697
2026-07-16,max_sharpe,-0.006781093275811521
2026-07-17,max_sharpe,-0.008685867986311366
2026-07-20,max_sharpe,-0.0032514760184184847
2026-07-21,max_sharpe,0.012739686815062807
2026-07-22,max_sharpe,-0.0031061438120473244
2026-07-23,max_sharpe,-0.012080826084274656
2026-07-24,max_sharpe,-0.0012773014726245114
2026-07-27,max_sharpe,0.0019109415093506322
2026-07-28,max_sharpe,-0.0003931739440077619
2026-07-29,max_sharpe,-0.014376417510304785
2026-07-30,max_sharpe,0.021057664539225092
2026-07-31,max_sharpe,0.0016604635338247204
2026-08-03,max_sharpe,0.013125205773316316
2026-08-04,max_sharpe,0.015823017486015313
2026-08-05,max_sharpe,-0.001681233413878218
2026-08-06,max_sharpe,-0.0019126996739639067
2026-08-07,max_sharpe,0.009095094892795344
2026-08-10,max_sharpe,-0.00315802053609731
2026-08-11,max_sharpe,-0.0003145552067168017
2026-08-12,max_sharpe,0.003661766074922403
2026-08-13,max_sharpe,0.004009381831297374
2026-08-14,max_sharpe,7.006260593796618e-05
2026-08-17,max_sharpe,-0.0032657923514498944
2026-08-18,max_sharpe,-0.009579304282605106
2026-08-19,max_sharpe,0.0032860174849218024
2026-08-20,max_sharpe,-0.007199910240860434
2026-08-21,max_sharpe,0.006495280977751412
2026-08-24,max_sharpe,-0.003274163344404114
2026-08-25,max_sharpe,0.0050223361299867025
2026-08-26,max_sharpe,-0.002114390856270147
2026-08-27,max_sharpe,0.0022676838591948207
2026-08-28,max_sharpe,-0.004716463752496542
2026-08-31,max_sharpe,-0.0034198372103720876
2026-09-01,max_sharpe,-0.008607851330964334
2026-09-02,max_sharpe,0.006209669636230562
2026-09-03,max_sharpe,0.009340391927849283
2026-09-04,max_sharpe,-0.0004747603825035406
2026-09-08,max_sharpe,-0.005251145059005549
2026-09-09,max_sharpe,-0.008978029669504207
2026-09-10,max_sharpe,-0.007803172302028444
2026-09-11,max_sharpe,0.00821160402595574
2026-09-14,max_sharpe,-0.005687897831574164
2026-09-15,max_sharpe,-0.004936436404206495
2026-09-16,max_sharpe,-0.004027043372298906
2026-09-17,max_sharpe,0.009585310342478478
2026-09-18,max_sharpe,-0.004354552363410289
2026-09-21,max_sharpe,0.011882353208562568
2026-09-22,max_sharpe,0.0024651680301922795
2026-09-23,max_sharpe,-0.012820526819008086
2026-09-24,max_sharpe,-0.001643795223227977
2026-09-25,max_sharpe,0.006475585078907253
2026-09-28,max_sharpe,-0.006369841746784188
2026-09-29,max_sharpe,-0.003303573814034258
2026-09-30,max_sharpe,-0.004039004516035416
2026-10-01,max_sharpe,-0.002818275068641164
2026-10-02,max_sharpe,0.00940654182910853
2026-10-05,max_sharpe,0.004689876357024597
2026-10-06,max_sharpe,0.003638644214618146
2026-10-07,max_sharpe,-0.00593554884476561
2026-10-08,max_sharpe,-0.00571305576619917
2026-10-09,max_sharpe,0.006109329432945083
2023-10-05,risk_parity,0.00021130951624068002
2023-10-06,risk_parity,0.0002122222241901216
2023-10-09,risk_parity,0.0002122222241901216
2023-10-10,risk_parity,0.00021123015691363621
2023-10-11,risk_parity,0.00021170635072011797
2023-10-12,risk_parity,0.00021170635072011797
2023-10-13,risk_parity,0.00021142857415335517
2023-10-16,risk_parity,0.00021142857415335517
2023-10-17,risk_parity,0.00021190476795983693
2023-10-18,risk_parity,0.00021150793348039898
2023-10-19,risk_parity,0.00021071428344363258
2023-10-20,risk_parity,0.0002103174678863041
2023-10-23,risk_parity,0.00021003969131954133
2023-10-24,risk_parity,0.00021063492411658877
2023-10-25,risk_parity,0.00021091270068335157
2023-10-26,risk_parity,0.0002103174678863041
2023-10-27,risk_parity,0.00021051586620391362
2023-10-30,risk_parity,0.00021083334135630776
2023-10-31,risk_parity,0.00021111111792307052
2023-11-01,risk_parity,0.0002103174678863041
2023-11-02,risk_parity,0.00020912698337009975
2023-11-03,risk_parity,0.00020845237232389904
2023-11-06,risk_parity,0.00020873016781277126
2023-11-07,risk_parity,0.00020924602236066547
2023-11-08,risk_parity,0.00020904762404305594
2023-11-09,risk_parity,0.00020884920680333698
2023-11-10,risk_parity,0.00020833333333333332
2023-11-13,risk_parity,0.00020873016781277126
2023-11-14,risk_parity,0.00020845237232389904
2023-11-15,risk_parity,0.0002085317505730523
2023-11-16,risk_parity,0.00020805555676657055
2023-11-17,risk_parity,0.00020765872228713263
2023-11-20,risk_parity,0.00020785713952685162
2023-11-21,risk_parity,0.0002085317505730523
2023-11-22,risk_parity,0.0002089285661303808
2023-11-24,risk_parity,0.00020845237232389904
2023-11-27,risk_parity,0.00020865078956361802
2023-11-28,risk_parity,0.00020873016781277126
2023-11-29,risk_parity,0.00020793649885389538
2023-11-30,risk_parity,0.00020785713952685162
2023-12-01,risk_parity,0.00020694445049951947
2023-12-04,risk_parity,0.00020726190672980415
2023-12-05,risk_parity,0.00020805555676657055
2023-12-06,risk_parity,0.00020805555676657055
2023-12-07,risk_parity,0.00020765872228713263
2023-12-08,risk_parity,0.00020765872228713263
2023-12-11,risk_parity,0.00020765872228713263
2023-12-12,risk_parity,0.0002082539740062895
2023-12-13,risk_parity,0.00020726190672980415
2023-12-14,risk_parity,0.00020694445049951947
2023-12-15,risk_parity,0.00020734126605684796
2023-12-18,risk_parity,0.00020734126605684796
2023-12-19,risk_parity,0.00020785713952685162
2023-12-20,risk_parity,0.00020753968329656692
2023-12-21,risk_parity,0.0002067460332598005
2023-12-22,risk_parity,0.00020666667393275668
2023-12-26,risk_parity,0.00020646825669303775
2023-12-27,risk_parity,0.0002077381005362859
2023-12-28,risk_parity,0.0002070634894900852
2023-12-29,risk_parity,0.00020555554874359614
2024-01-02,risk_parity,0.0002068650722503662
2024-01-03,risk_parity,0.0002077381005362859
2024-01-04,risk_parity,0.0002074603239695231
2024-01-05,risk_parity,0.00020714284881712897
2024-01-08,risk_parity,0.00020714284881712897
2024-01-09,risk_parity,0.00020753968329656692
2024-01-10,risk_parity,0.00020734126605684796
2024-01-11,risk_parity,0.0002070634894900852
2024-01-12,risk_parity,0.0002062698394533188
2024-01-16,risk_parity,0.00020646825669303775
2024-01-17,risk_parity,0.00020694445049951947
2024-01-18,risk_parity,0.00020634919878036254
2024-01-19,risk_parity,0.0002062698394533188
2024-01-22,risk_parity,0.00020634919878036254
2024-01-23,risk_parity,0.0002067460332598005
2024-01-24,risk_parity,0.0002067460332598005
2024-01-25,risk_parity,0.00020615080046275307
2024-01-26,risk_parity,0.00020634919878036254
2024-01-29,risk_parity,0.00020634919878036254
2024-01-30,risk_parity,0.00020646825669303775
2024-01-31,risk_parity,0.00020587302389599027
2024-02-01,risk_parity,0.00020634919878036254
2024-02-02,risk_parity,0.0002067460332598005
2024-02-05,risk_parity,0.0002074603239695231
2024-02-06,risk_parity,0.00020726190672980415
2024-02-07,risk_parity,0.00020726190672980415
2024-02-08,risk_parity,0.0002070634894900852
2024-02-09,risk_parity,0.00020714284881712897
2024-02-12,risk_parity,0.0002074603239695231
2024-02-13,risk_parity,0.00020765872228713263
2024-02-14,risk_parity,0.0002070634894900852
2024-02-15,risk_parity,0.0002070634894900852
2024-02-16,risk_parity,0.00020726190672980415
2024-02-20,risk_parity,0.0002068650722503662
2024-02-21,risk_parity,0.0002077381005362859
2024-02-22,risk_parity,0.00020765872228713263
2024-02-23,risk_parity,0.00020793649885389538
2024-02-26,risk_parity,0.00020833333333333332
2024-02-27,risk_parity,0.00020813491609361436
2024-02-28,risk_parity,0.00020793649885389538
2024-02-29,risk_parity,0.00020726190672980415
2024-03-01,risk_parity,0.00020694445049951947
2024-03-04,risk_parity,0.00020726190672980415
2024-03-05,risk_parity,0.00020734126605684796
2024-03-06,risk_parity,0.00020753968329656692
2024-03-07,risk_parity,0.0002074603239695231
2024-03-08,risk_parity,0.0002074603239695231
2024-03-11,risk_parity,0.00020793649885389538
2024-03-12,risk_parity,0.00020793649885389538
2024-03-13,risk_parity,0.00020785713952685162
2024-03-14,risk_parity,0.00020785713952685162
2024-03-15,risk_parity,0.00020785713952685162
2024-03-18,risk_parity,0.00020785713952685162
2024-03-19,risk_parity,0.00020785713952685162
2024-03-20,risk_parity,0.0002074603239695231
2024-03-21,risk_parity,0.0002074603239695231
2024-03-22,risk_parity,0.00020714284881712897
2024-03-25,risk_parity,0.0002070634894900852
2024-03-26,risk_parity,0.0002070634894900852
2024-03-27,risk_parity,0.00020694445049951947
2024-03-28,risk_parity,0.00020646825669303775
2024-04-01,risk_parity,0.0002070634894900852
2024-04-02,risk_parity,0.0002068650722503662
2024-04-03,risk_parity,0.0002067460332598005
2024-04-04,risk_parity,0.00020646825669303775
2024-04-05,risk_parity,0.00020694445049951947
2024-04-08,risk_parity,0.00020726190672980415
2024-04-09,risk_parity,0.00020714284881712897
2024-04-10,risk_parity,0.00020805555676657055
2024-04-11,risk_parity,0.00020785713952685162
2024-04-12,risk_parity,0.00020753968329656692
2024-04-15,risk_parity,0.00020785713952685162
2024-04-16,risk_parity,0.00020765872228713263
2024-04-17,risk_parity,0.00020793649885389538
2024-04-18,risk_parity,0.00020805555676657055
2024-04-19,risk_parity,0.00020813491609361436
2024-04-22,risk_parity,0.00020813491609361436
2024-04-23,risk_parity,0.00020813491609361436
2024-04-24,risk_parity,0.0002085317505730523
2024-04-25,risk_parity,0.00020813491609361436
2024-04-26,risk_parity,0.00020785713952685162
2024-04-29,risk_parity,0.00020805555676657055
2024-04-30,risk_parity,0.00020813491609361436
2024-05-01,risk_parity,0.00020833333333333332
2024-05-02,risk_parity,0.00020785713952685162
2024-05-03,risk_parity,0.0002077381005362859
2024-05-06,risk_parity,0.00020793649885389538
2024-05-07,risk_parity,0.00020805555676657055
2024-05-08,risk_parity,0.00020813491609361436
2024-05-09,risk_parity,0.00020793649885389538
2024-05-10,risk_parity,0.00020805555676657055
2024-05-13,risk_parity,0.00020793649885389538
2024-05-14,risk_parity,0.0002077381005362859
2024-05-15,risk_parity,0.00020793649885389538
2024-05-16,risk_parity,0.00020805555676657055
2024-05-17,risk_parity,0.00020793649885389538
2024-05-20,risk_parity,0.00020793649885389538
2024-05-21,risk_parity,0.00020793649885389538
2024-05-22,risk_parity,0.00020813491609361436
2024-05-23,risk_parity,0.00020813491609361436
2024-05-24,risk_parity,0.00020813491609361436
2024-05-28,risk_parity,0.0002082539740062895
2024-05-29,risk_parity,0.00020833333333333332
2024-05-30,risk_parity,0.0002082539740062895
2024-05-31,risk_parity,0.00020813491609361436
2024-06-03,risk_parity,0.00020805555676657055
2024-06-04,risk_parity,0.00020793649885389538
2024-06-05,risk_parity,0.00020793649885389538
2024-06-06,risk_parity,0.00020765872228713263
2024-06-07,risk_parity,0.00020785713952685162
2024-06-10,risk_parity,0.00020765872228713263
2024-06-11,risk_parity,0.00020813491609361436
2024-06-12,risk_parity,0.00020805555676657055
2024-06-13,risk_parity,0.00020793649885389538
2024-06-14,risk_parity,0.00020793649885389538
2024-06-17,risk_parity,0.00020805555676657055
2024-06-18,risk_parity,0.0002077381005362859
2024-06-20,risk_parity,0.00020734126605684796
2024-06-21,risk_parity,0.00020694445049951947
2024-06-24,risk_parity,0.0002067460332598005
2024-06-25,risk_parity,0.00020726190672980415
2024-06-26,risk_parity,0.00020753968329656692
2024-06-27,risk_parity,0.00020726190672980415
2024-06-28,risk_parity,0.0002068650722503662
2024-07-01,risk_parity,0.0002070634894900852
2024-07-02,risk_parity,0.0002074603239695231
2024-07-03,risk_parity,0.00020753968329656692
2024-07-05,risk_parity,0.00020734126605684796
2024-07-08,risk_parity,0.0002070634894900852
2024-07-09,risk_parity,0.00020734126605684796
2024-07-10,risk_parity,0.00020734126605684796
2024-07-11,risk_parity,0.0002062698394533188
2024-07-12,risk_parity,0.0002062698394533188
2024-07-15,risk_parity,0.0002060714222135998
2024-07-16,risk_parity,0.0002060714222135998
2024-07-17,risk_parity,0.00020615080046275307
2024-07-18,risk_parity,0.0002060714222135998
2024-07-19,risk_parity,0.0002060714222135998
2024-07-22,risk_parity,0.00020595238322303409
2024-07-23,risk_parity,0.00020527777217683337
2024-07-24,risk_parity,0.00020515873318626766
2024-07-25,risk_parity,0.0002047618987068297
2024-07-26,risk_parity,0.00020456350038922024
2024-07-29,risk_parity,0.0002042460252368261
2024-07-30,risk_parity,0.0002037698503524538
2024-07-31,risk_parity,0.0002037698503524538
2024-08-01,risk_parity,0.00020297618139357795
2024-08-02,risk_parity,0.00019960318292890276
2024-08-05,risk_parity,0.00020079364852299765
2024-08-06,risk_parity,0.00020158729855976408
2024-08-07,risk_parity,0.00020158729855976408
2024-08-08,risk_parity,0.00020170635647243925
2024-08-09,risk_parity,0.00020138888132004512
2024-08-12,risk_parity,0.0002013095219930013
2024-08-13,risk_parity,0.00020051587195623488
2024-08-14,risk_parity,0.00020091270643567282
2024-08-15,risk_parity,0.00020158729855976408
2024-08-16,risk_parity,0.00020138888132004512
2024-08-19,risk_parity,0.00020091270643567282
2024-08-20,risk_parity,0.00019972222191946848
2024-08-21,risk_parity,0.0001986111156524174
2024-08-22,risk_parity,0.0001994047656891838
2024-08-23,risk_parity,0.0001984126984126984
2024-08-26,risk_parity,0.0001983333390856546
2024-08-27,risk_parity,0.00019714285456945026
2024-08-28,risk_parity,0.00019662698109944662
2024-08-29,risk_parity,0.00019702381557888457
2024-08-30,risk_parity,0.00019714285456945026
2024-09-03,risk_parity,0.00019722221389649407
2024-09-04,risk_parity,0.00019634920453268385
2024-09-05,risk_parity,0.00019571429207211448
2024-09-06,risk_parity,0.00019476190445915102
2024-09-09,risk_parity,0.00019424603098914736
2024-09-10,risk_parity,0.00019186508087884813
2024-09-11,risk_parity,0.00019345238095238096
2024-09-12,risk_parity,0.00019206349811856709
2024-09-13,risk_parity,0.00018900793696206714
2024-09-16,risk_parity,0.00018829364625234452
2024-09-17,risk_parity,0.00018789683069501603
2024-09-18,risk_parity,0.00018313491155230808
2024-09-19,risk_parity,0.00018226190218849787
2024-09-20,risk_parity,0.00018035714588468036
2024-09-23,risk_parity,0.0001786904675619943
2024-09-24,risk_parity,0.00017837301133170959
2024-09-25,risk_parity,0.00017805555510142494
2024-09-26,risk_parity,0.00017730158472818041
2024-09-27,risk_parity,0.00017785713786170598
2024-09-30,risk_parity,0.00017849206924438476
2024-10-01,risk_parity,0.00017785713786170598
2024-10-02,risk_parity,0.00017750000196789937
2024-10-03,risk_parity,0.0001771825457376147
2024-10-04,risk_parity,0.00017876984581114753
2024-10-07,risk_parity,0.00017956349584791396
2024-10-08,risk_parity,0.00017968253483847965
2024-10-09,risk_parity,0.00017996031140524242
2024-10-10,risk_parity,0.00017976191308763294
2024-10-11,risk_parity,0.00017916666136847602
2024-10-14,risk_parity,0.0001792857192811512
2024-10-15,risk_parity,0.00017916666136847602
2024-10-16,risk_parity,0.0001786904675619943
2024-10-17,risk_parity,0.00017916666136847602
2024-10-18,risk_parity,0.0001790873020414322
2024-10-21,risk_parity,0.0001792857192811512
2024-10-22,risk_parity,0.00017857142857142857
2024-10-23,risk_parity,0.00017876984581114753
2024-10-24,risk_parity,0.00017805555510142494
2024-10-25,risk_parity,0.0001789682630508665
2024-10-28,risk_parity,0.00017785713786170598
2024-10-29,risk_parity,0.00017777777853466217
2024-10-30,risk_parity,0.00017710316748846146
2024-10-31,risk_parity,0.00017587302223084464
2024-11-01,risk_parity,-0.0005253968216124035
2024-11-04,risk_parity,0.0010798004933086744
2024-11-05,risk_parity,0.013058108428395214
2024-11-06,risk_parity,0.01360485510143174
2024-11-07,risk_parity,0.011925429587967431
2024-11-08,risk_parity,-0.005740529474367183
2024-11-11,risk_parity,0.0010544731545899353
2024-11-12,risk_parity,-0.011782099097970431
2024-11-13,risk_parity,-0.004283808697544697
2024-11-14,risk_parity,-0.005611081541158164
2024-11-15,risk_parity,-0.010605399676838313
2024-11-18,risk_parity,0.006027256117916641
2024-11-19,risk_parity,0.002860463266496108
2024-11-20,risk_parity,-0.0006494629731981975
2024-11-21,risk_parity,0.003992295854692692
2024-11-22,risk_parity,0.0048977093505452925
2024-11-25,risk_parity,0.004842188091929863
2024-11-26,risk_parity,-0.0010774803918514402
2024-11-27,risk_parity,-0.00047013890454236364
2024-11-29,risk_parity,0.0069645397150440375
2024-12-02,risk_parity,0.0036636949980556523
2024-12-03,risk_parity,0.0012997600581156836
2024-12-04,risk_parity,0.0048437359696854535
2024-12-05,risk_parity,-0.0001259036753088901
2024-12-06,risk_parity,0.002182675610533737
2024-12-09,risk_parity,0.0008070439250032388
2024-12-10,risk_parity,-0.0074715883622302835
2024-12-11,risk_parity,0.007937523089206946
2024-12-12,risk_parity,-0.007359332346622904
2024-12-13,risk_parity,-0.00016008596322355083
2024-12-16,risk_parity,0.0025273109566270706
2024-12-17,risk_parity,-0.004315442648432037
2024-12-18,risk_parity,-0.030490742758875273
2024-12-19,risk_parity,-0.0015498413497205428
2024-12-20,risk_parity,0.005928385631940172
2024-12-23,risk_parity,0.005518172795534139
2024-12-24,risk_parity,0.007808995719669545
2024-12-26,risk_parity,0.0017150220489997234
2024-12-27,risk_parity,-0.008267907184779414
2024-12-30,risk_parity,-0.009387619230242136
2024-12-31,risk_parity,-0.002894967663673609
2025-01-02,risk_parity,-0.0019269494905051864
2025-01-03,risk_parity,0.01094581937135987
2025-01-06,risk_parity,0.00630470667585516
2025-01-07,risk_parity,-0.00855244412608663
2025-01-08,risk_parity,-0.001726708946084763
2025-01-10,risk_parity,-0.01673968986034084
2025-01-13,risk_parity,-0.00199104181604543
2025-01-14,risk_parity,0.005140050586395897
2025-01-15,risk_parity,0.016877541370165942
2025-01-16,risk_parity,-0.0003565469823668304
2025-01-17,risk_parity,0.008427002843153973
2025-01-21,risk_parity,0.013092535212287426
2025-01-22,risk_parity,0.002005977583401705
2025-01-23,risk_parity,0.00474348591205368
2025-01-24,risk_parity,0.0006295704485160629
2025-01-27,risk_parity,-0.013437507313491127
2025-01-28,risk_parity,0.005811937983749977
2025-01-29,risk_parity,-0.0016734774107481894
2025-01-30,risk_parity,0.009706547205400422
2025-01-31,risk_parity,-0.0074891458460896645
2025-02-03,risk_parity,-0.009034066430879457
2025-02-04,risk_parity,0.012314340664828366
2025-02-05,risk_parity,0.005163682210933823
2025-02-06,risk_parity,0.0031471651676040296
2025-02-07,risk_parity,-0.008456898195941682
2025-02-10,risk_parity,0.008436428400878555
2025-02-11,risk_parity,-0.000843310270467358
2025-02-12,risk_parity,8.052436436254253e-06
2025-02-13,risk_parity,0.01079797136023716
2025-02-14,risk_parity,0.002578914767352659
2025-02-18,risk_parity,0.004967620921556729
2025-02-19,risk_parity,-0.002790370214973365
2025-02-20,risk_parity,-3.194733157265784e-05
2025-02-21,risk_parity,-0.013804143279302373
2025-02-24,risk_parity,-0.007577080647489217
2025-02-25,risk_parity,-0.0013977256961818512
2025-02-26,risk_parity,0.003194225537108457
2025-02-27,risk_parity,-0.01741529627487171
2025-02-28,risk_parity,0.005120676075378167
2025-03-03,risk_parity,-0.010803907287729578
2025-03-04,risk_parity,-0.0032754826471166772
2025-03-05,risk_parity,0.01819827462613727
2025-03-06,risk_parity,-0.014708846994279613
2025-03-07,risk_parity,0.006528492275225808
2025-03-10,risk_parity,-0.027024858417692837
2025-03-11,risk_parity,-0.0012338259579624772
2025-03-12,risk_parity,0.006184639014196341
2025-03-13,risk_parity,-0.01068707252153879
2025-03-14,risk_parity,0.02069480598352578
2025-03-17,risk_parity,0.011211808609477989
2025-03-18,risk_parity,-0.007606247561448907
2025-03-19,risk_parity,0.008209214502659882
2025-03-20,risk_parity,-0.006269261492408031
2025-03-21,risk_parity,-0.0029754351966106395
2025-03-24,risk_parity,0.012366052026717611
2025-03-25,risk_parity,0.0012236279748743892
2025-03-26,risk_parity,-0.011661590011618733
2025-03-27,risk_parity,-0.0006662462243244684
2025-03-28,risk_parity,-0.018136540163896132
2025-03-31,risk_parity,-0.0017959802442734604
2025-04-01,risk_parity,0.0029716266922394496
2025-04-02,risk_parity,0.006025316702122102
2025-04-03,risk_parity,-0.039713320677170094
2025-04-04,risk_parity,-0.05803744870774544
2025-04-07,risk_parity,-0.015402743367201306
2025-04-08,risk_parity,-0.0145402618140279
2025-04-09,risk_parity,0.08984175128079319
2025-04-10,risk_parity,-0.031998501636753676
2025-04-11,risk_parity,0.022024510444503646
2025-04-14,risk_parity,0.009683122490758459
2025-04-15,risk_parity,0.001762460660116501
2025-04-16,risk_parity,-0.014735013304138983
2025-04-17,risk_parity,0.005927360473960631
2025-04-21,risk_parity,-0.013728278443957576
2025-04-22,risk_parity,0.022316451517982835
2025-04-23,risk_parity,0.012789809460485775
2025-04-24,risk_parity,0.01806807838150711
2025-04-25,risk_parity,0.0040824160315079605
2025-04-28,risk_parity,0.0027510258553934447
2025-04-29,risk_parity,0.004465526306099824
2025-04-30,risk_parity,-0.0007068719757577094
2025-05-01,risk_parity,0.003773306307300335
2025-05-02,risk_parity,0.02033493485281883
2025-05-05,risk_parity,-0.0013374360345785679
2025-05-06,risk_parity,-0.006293387029064271
2025-05-07,risk_parity,-0.0014099730638570545
2025-05-08,risk_parity,0.005460445871345119
2025-05-09,risk_parity,0.0019813412096282134
2025-05-12,risk_parity,0.025525091338131203
2025-05-13,risk_parity,0.005159291458255619
2025-05-14,risk_parity,0.00024695934740251273
2025-05-15,risk_parity,0.004710011217632847
2025-05-16,risk_parity,0.0038466662636304685
2025-05-19,risk_parity,0.0022778381852078633
2025-05-20,risk_parity,-0.00027037378594683774
2025-05-21,risk_parity,-0.01263175451423738
2025-05-22,risk_parity,-0.0004935895193645031
2025-05-23,risk_parity,-0.002182072469313053
2025-05-27,risk_parity,0.015297397046176692
2025-05-28,risk_parity,-0.007478359662310682
2025-05-29,risk_parity,0.003497001180870919
2025-05-30,risk_parity,-0.0037882794533633263
2025-06-02,risk_parity,0.007097578559481217
2025-06-03,risk_parity,0.003991355720160652
2025-06-04,risk_parity,0.0037674487125764324
2025-06-05,risk_parity,-0.0010593784035707353
2025-06-06,risk_parity,0.008040686535497889
2025-06-09,risk_parity,0.0035875128165587912
2025-06-10,risk_parity,0.004769151772247056
2025-06-11,risk_parity,-0.001257138485314381
2025-06-12,risk_parity,0.0026060964040167623
2025-06-13,risk_parity,-0.014150814405859904
2025-06-16,risk_parity,0.009917587306595607
2025-06-17,risk_parity,-0.011024852046058456
2025-06-18,risk_parity,0.0012377900977885048
2025-06-20,risk_parity,-0.0049152545619326835
2025-06-23,risk_parity,0.009437820940285568
2025-06-24,risk_parity,0.015736438588990483
2025-06-25,risk_parity,-0.0026367923182224373
2025-06-26,risk_parity,0.010076400802026247
2025-06-27,risk_parity,0.0027398343745812788
2025-06-30,risk_parity,0.003097782140524662
2025-07-01,risk_parity,0.0004343983550266817
2025-07-02,risk_parity,0.006154179438211203
2025-07-03,risk_parity,0.00586542175539916
2025-07-07,risk_parity,-0.011143841804623859
2025-07-08,risk_parity,0.0043705523141972825
2025-07-09,risk_parity,0.005672394569283307
2025-07-10,risk_parity,0.0016898545239144248
2025-07-11,risk_parity,-0.006563019292594228
2025-07-14,risk_parity,0.002498395216497598
2025-07-15,risk_parity,-0.005058250436744492
2025-07-16,risk_parity,0.004648386104135924
2025-07-17,risk_parity,0.006779048156140834
2025-07-18,risk_parity,-0.0027471448811827153
2025-07-21,risk_parity,0.0032220549173275674
2025-07-22,risk_parity,0.0020888018970784948
2025-07-23,risk_parity,0.013283928564927197
2025-07-24,risk_parity,-0.005065985864814981
2025-07-25,risk_parity,0.0009010567647823815
2025-07-28,risk_parity,-0.005063175464697547
2025-07-29,risk_parity,-0.0022947584891055174
2025-07-30,risk_parity,-0.004273339437625346
2025-07-31,risk_parity,-0.007161683058885402
2025-08-01,risk_parity,-0.012419884121462187
2025-08-04,risk_parity,0.015452687102690722
2025-08-05,risk_parity,-0.0005705538187623487
2025-08-06,risk_parity,0.005922280508493731
2025-08-07,risk_parity,0.003828212034450307
2025-08-08,risk_parity,0.0046956344493263155
2025-08-11,risk_parity,-0.002553144741174588
2025-08-12,risk_parity,0.015048421540672749
2025-08-13,risk_parity,0.008379027850699433
2025-08-14,risk_parity,-0.005205855037670657
2025-08-15,risk_parity,-0.00038054022860012344
2025-08-18,risk_parity,0.001599375602496637
2025-08-19,risk_parity,-0.006457704707518836
2025-08-20,risk_parity,-0.0015666073096232919
2025-08-21,risk_parity,-0.0030866270720815115
2025-08-22,risk_parity,0.020617370032331155
2025-08-25,risk_parity,-0.007677822261513258
2025-08-26,risk_parity,0.00211639896838812
2025-08-27,risk_parity,7.347712798895381e-05
2025-08-28,risk_parity,0.0036426743662875912
2025-08-29,risk_parity,-0.0063037370522154934
2025-09-02,risk_parity,-0.0062943674937933815
2025-09-03,risk_parity,0.003408753647034836
2025-09-04,risk_parity,0.006303798644914331
2025-09-05,risk_parity,0.004340170239185469
2025-09-08,risk_parity,0.006089295700002734
2025-09-09,risk_parity,0.0003407854190205814
2025-09-10,risk_parity,0.0018217516492989418
2025-09-11,risk_parity,0.01165644542015323
2025-09-12,risk_parity,-0.0022004490948679214
2025-09-15,risk_parity,0.0064376214755551865
2025-09-16,risk_parity,0.00037348708025898266
2025-09-17,risk_parity,6.912321858744061e-06
2025-09-18,risk_parity,0.007047468886006793
2025-09-19,risk_parity,-0.0006993757032433723
2025-09-22,risk_parity,0.004807466145615738
2025-09-23,risk_parity,-0.0028708306277384268
2025-09-24,risk_parity,-0.00494667960565282
2025-09-25,risk_parity,-0.006299584414376214
2025-09-26,risk_parity,0.004637944556091908
2025-09-29,risk_parity,0.004535843392331703
2025-09-30,risk_parity,0.003300084411809235
2025-10-01,risk_parity,0.005588411815510981
2025-10-02,risk_parity,0.0034563011151527902
2025-10-03,risk_parity,0.003268915889878586
2025-10-06,risk_parity,0.00423468064553811
2025-10-07,risk_parity,-0.007314798639445128
2025-10-08,risk_parity,0.0074124764675203274
2025-10-09,risk_parity,-0.00622030975887531
2025-10-10,risk_parity,-0.02908400757814497
2025-10-13,risk_parity,0.019928800433365923
2025-10-14,risk_parity,0.0001579865735071009
2025-10-15,risk_parity,0.008681705565075058
2025-10-16,risk_parity,-0.0029340508290187236
2025-10-17,risk_parity,0.0013462709913550247
2025-10-20,risk_parity,0.012606869703953
2025-10-21,risk_parity,-0.005211630487166706
2025-10-22,risk_parity,-0.005742622317690324
2025-10-23,risk_parity,0.007891714925291355
2025-10-24,risk_parity,0.007364898391065435
2025-10-27,risk_parity,0.010021726989631908
2025-10-28,risk_parity,0.0006692094262184295
2025-10-29,risk_parity,-0.0006033855232012899
2025-10-30,risk_parity,-0.009535178742879171
2025-10-31,risk_parity,0.0013370602631033691
2025-11-03,risk_parity,0.0021768978794726632
2025-11-04,risk_parity,-0.015272724498830603
2025-11-05,risk_parity,0.007830676242758659
2025-11-06,risk_parity,-0.010414372217412336
2025-11-07,risk_parity,0.0008295069843140343
2025-11-10,risk_parity,0.014882311347269453
2025-11-11,risk_parity,0.0022004292784644627
2025-11-12,risk_parity,0.0010561161602886944
2025-11-13,risk_parity,-0.016610085623594426
2025-11-14,risk_parity,8.30324979565064e-06
2025-11-17,risk_parity,-0.012485828339167756
2025-11-18,risk_parity,-0.007415042658884475
2025-11-19,risk_parity,0.00011826055899551722
2025-11-20,risk_parity,-0.01646957978723012
2025-11-21,risk_parity,0.011722627104497986
2025-11-24,risk_parity,0.012689988429843826
2025-11-25,risk_parity,0.010341228595750571
2025-11-26,risk_parity,0.008630098432542187
2025-11-28,risk_parity,0.004548500756929788
2025-12-01,risk_parity,-0.005030223340235177
2025-12-02,risk_parity,0.002216278932237191
2025-12-03,risk_parity,0.005680192563260817
2025-12-04,risk_parity,0.0021396038743684634
2025-12-05,risk_parity,0.0020091025670165887
2025-12-08,risk_parity,-0.0020748851940756794
2025-12-09,risk_parity,-0.000302641379770648
2025-12-10,risk_parity,0.009559626280755514
2025-12-11,risk_parity,0.0023373204954353164
2025-12-12,risk_parity,-0.011804931006784612
2025-12-15,risk_parity,-0.0016260103389249283
2025-12-16,risk_parity,-0.0036082420231761973
2025-12-17,risk_parity,-0.010582856416518552
2025-12-18,risk_parity,0.009145848840961018
2025-12-19,risk_parity,0.009174517736785664
2025-12-22,risk_parity,0.005762649404732661
2025-12-23,risk_parity,0.0033457010419201613
2025-12-24,risk_parity,0.0023491584049867976
2025-12-26,risk_parity,0.0010700663298984477
2025-12-29,risk_parity,-0.0038482651318930243
2025-12-30,risk_parity,-0.0005657648012202302
2025-12-31,risk_parity,-0.00580345837759785
2026-01-02,risk_parity,0.010901199212187128
2026-01-05,risk_parity,0.010627461379367029
2026-01-06,risk_parity,0.006956921156810264
2026-01-07,risk_parity,-0.003490307393509955
2026-01-08,risk_parity,0.0010828261728745194
2026-01-09,risk_parity,0.007453937409013181
2026-01-12,risk_parity,0.005936371186430579
2026-01-13,risk_parity,-0.0037948885410829932
2026-01-14,risk_parity,0.0006446131446800399
2026-01-15,risk_parity,0.003933213326409027
2026-01-16,risk_parity,-0.00033803854396160734
2026-01-20,risk_parity,-0.015298778415427487
2026-01-21,risk_parity,0.014225511063394345
2026-01-22,risk_parity,0.006189282943697195
2026-01-23,risk_parity,-3.6979751398912844e-05
2026-01-26,risk_parity,0.002689984234469331
2026-01-27,risk_parity,0.011171199786099043
2026-01-28,risk_parity,-0.0014173610986399673
2026-01-29,risk_parity,-0.0008780942024760208
2026-01-30,risk_parity,-0.012431933359329114
2026-02-02,risk_parity,0.0060388732504715594
2026-02-03,risk_parity,-0.002460032645713487
2026-02-04,risk_parity,-0.007583995545652705
2026-02-05,risk_parity,-0.012406637908535712
2026-02-06,risk_parity,0.024902186988920015
2026-02-09,risk_parity,0.008320367254305832
2026-02-10,risk_parity,-0.0008078543519473491
2026-02-11,risk_parity,0.004840520511860638
2026-02-12,risk_parity,-0.014225808110676672
2026-02-13,risk_parity,0.0039563654723545165
2026-02-17,risk_parity,-0.000798982775256582
2026-02-18,risk_parity,0.004273734820435918
2026-02-19,risk_parity,-0.0019543889324073705
2026-02-20,risk_parity,0.009705164612232923
2026-02-23,risk_parity,-0.010164078155892915
2026-02-24,risk_parity,0.00908964719159729
2026-02-25,risk_parity,0.009639794107775698
2026-02-26,risk_parity,-0.004498224487233006
2026-02-27,risk_parity,-0.005337429104723743
2026-03-02,risk_parity,-0.00701569957873684
2026-03-03,risk_parity,-0.025209643427235542
2026-03-04,risk_parity,0.011112234892780239
2026-03-05,risk_parity,-0.015460844048490047
2026-03-06,risk_parity,-0.012472057178542302
2026-03-09,risk_parity,0.011932462429505759
2026-03-10,risk_parity,0.000921803862281368
2026-03-11,risk_parity,-0.0005601404257992304
2026-03-12,risk_parity,-0.020432252171568497
2026-03-13,risk_parity,-0.006130782209151781
2026-03-16,risk_parity,0.016113314582385924
2026-03-17,risk_parity,0.004500477114078778
2026-03-18,risk_parity,-0.016464599896619928
2026-03-19,risk_parity,-8.820251775034323e-05
2026-03-20,risk_parity,-0.024575572950511396
2026-03-23,risk_parity,0.02006315736963929
2026-03-24,risk_parity,-0.005348054438580109
2026-03-25,risk_parity,0.011315663776476014
2026-03-26,risk_parity,-0.02301378719641602
2026-03-27,risk_parity,-0.013010385462579445
2026-03-30,risk_parity,-0.0055810962337880365
2026-03-31,risk_parity,0.03353868177214753
2026-04-01,risk_parity,0.009993370758922475
2026-04-02,risk_parity,-0.0021241521537579294
2026-04-06,risk_parity,0.005854990771787928
2026-04-07,risk_parity,0.0009105849625208511
2026-04-08,risk_parity,0.036181197905603445
2026-04-09,risk_parity,0.002296068451821046
2026-04-10,risk_parity,0.0011579003579665849
2026-04-13,risk_parity,0.009600658580805044
2026-04-14,risk_parity,0.01406380679765226
2026-04-15,risk_parity,0.003690256812917025
2026-04-16,risk_parity,0.0019377596262228675
2026-04-17,risk_parity,0.015594577826279987
2026-04-20,risk_parity,-0.002355792614959038
2026-04-21,risk_parity,-0.011882213474060951
2026-04-22,risk_parity,0.010977723774345903
2026-04-23,risk_parity,-0.007464532838931297
2026-04-24,risk_parity,0.011664360151105078
2026-04-27,risk_parity,-0.00039507994018777003
2026-04-28,risk_parity,-0.008035725181671071
2026-04-29,risk_parity,-0.003347831477736576
2026-04-30,risk_parity,0.017246803837601715
2026-05-01,risk_parity,0.0031146368476181433
2026-05-04,risk_parity,-0.00523942696140789
2026-05-05,risk_parity,0.01378899730416162
2026-05-06,risk_parity,0.021558566008757156
2026-05-07,risk_parity,-0.010075424809928887
2026-05-08,risk_parity,0.013593825147020414
2026-05-11,risk_parity,0.001185203679216985
2026-05-12,risk_parity,-0.010366691667229772
2026-05-13,risk_parity,0.008678423615595274
2026-05-14,risk_parity,0.003994129256163422
2026-05-15,risk_parity,-0.0196119841708138
2026-05-18,risk_parity,-0.00022778821989763253
2026-05-19,risk_parity,-0.008093792779592608
2026-05-20,risk_parity,0.016819356386958507
2026-05-21,risk_parity,0.005126178862360207
2026-05-22,risk_parity,0.0024698864395772653
2026-05-26,risk_parity,0.017358738730353162
2026-05-27,risk_parity,-0.0011257960623067725
2026-05-28,risk_parity,0.004344876909892719
2026-05-29,risk_parity,0.0006261684813221204
2026-06-01,risk_parity,0.004081246868628713
2026-06-02,risk_parity,0.005700014422698488
2026-06-03,risk_parity,-0.008506933831430065
2026-06-04,risk_parity,0.0023863093237318257
2026-06-05,risk_parity,-0.038119332607029495
2026-06-08,risk_parity,0.0092587383347573
2026-06-09,risk_parity,-0.0022423240157505653
2026-06-10,risk_parity,-0.01532290131783749
2026-06-11,risk_parity,0.029778856725915636
2026-06-12,risk_parity,0.005538628224933076
2026-06-15,risk_parity,0.018681618441206818
2026-06-16,risk_parity,-0.008831847393876137
2026-06-17,risk_parity,-0.007719496113449471
2026-06-18,risk_parity,0.017474794352557214
2026-06-22,risk_parity,0.0015736472144179878
2026-06-23,risk_parity,-0.025427727416130044
2026-06-24,risk_parity,-0.00034791198855489697
2026-06-25,risk_parity,0.006843552802663684
2026-06-26,risk_parity,-0.007010805971340093
2026-06-29,risk_parity,0.010861739586140737
2026-06-30,risk_parity,0.00934440848191834
2026-07-01,risk_parity,-0.010292176904472271
2026-07-02,risk_parity,-0.0034780758114328824
2026-07-06,risk_parity,0.01234642982059901
2026-07-07,risk_parity,-0.013231483473436098
2026-07-08,risk_parity,-0.002495940137558375
2026-07-09,risk_parity,0.010033522409961885
2026-07-10,risk_parity,0.0020970503755727097
2026-07-13,risk_parity,-0.014818664333861482
2026-07-14,risk_parity,0.007892498166777272
2026-07-15,risk_parity,0.0025617558966988386
2026-07-16,risk_parity,-0.009520835370339351
2026-07-17,risk_parity,-0.009414124176972662
2026-07-20,risk_parity,-0.0023420542699343033
2026-07-21,risk_parity,0.01562332677550337
2026-07-22,risk_parity,-0.003295575245178943
2026-07-23,risk_parity,-0.011574331083723998
2026-07-24,risk_parity,-0.004160844098149782
2026-07-27,risk_parity,0.0023641148976041586
2026-07-28,risk_parity,-0.0038160385618440183
2026-07-29,risk_parity,-0.014831427973769764
2026-07-30,risk_parity,0.025242554628282336
2026-07-31,risk_parity,0.001897899986799435
2026-08-03,risk_parity,0.011440915554592142
2026-08-04,risk_parity,0.020843656209445376
2026-08-05,risk_parity,-0.0037554020625560343
2026-08-06,risk_parity,-0.003734947439688002
2026-08-07,risk_parity,0.009681080075878278
2026-08-10,risk_parity,-0.003766198073564504
2026-08-11,risk_parity,-6.618637684243712e-05
2026-08-12,risk_parity,0.0061862193928068285
2026-08-13,risk_parity,0.005265173741703428
2026-08-14,risk_parity,-3.931795086840435e-05
2026-08-17,risk_parity,-0.000994061204288927
2026-08-18,risk_parity,-0.01397345810640883
2026-08-19,risk_parity,0.0036544452370232856
2026-08-20,risk_parity,-0.005516104433066962
2026-08-21,risk_parity,0.006122020376654961
2026-08-24,risk_parity,-0.006463751497418462
2026-08-25,risk_parity,0.006920467746496958
2026-08-26,risk_parity,-0.0012766361438671396
2026-08-27,risk_parity,0.005138512284544626
2026-08-28,risk_parity,-0.00593916284681781
2026-08-31,risk_parity,-0.00266443831656097
2026-09-01,risk_parity,-0.00877964645101614
2026-09-02,risk_parity,0.005867064786015621
2026-09-03,risk_parity,0.008715013181368853
2026-09-04,risk_parity,0.002727615091062711
2026-09-08,risk_parity,-0.0034123306956659223
2026-09-09,risk_parity,-0.007607139436017532
2026-09-10,risk_parity,-0.010429741011270841
2026-09-11,risk_parity,0.008596701010175942
2026-09-14,risk_parity,-0.008965343060779816
2026-09-15,risk_parity,-0.005170192126330258
2026-09-16,risk_parity,-0.002837627162450345
2026-09-17,risk_parity,0.011840577743505465
2026-09-18,risk_parity,-0.0014515144840321894
2026-09-21,risk_parity,0.01657726056434901
2026-09-22,risk_parity,0.0038446512294293064
2026-09-23,risk_parity,-0.013346616794438748
2026-09-24,risk_parity,-0.002031336865927898
2026-09-25,risk_parity,0.0062950291593379705
2026-09-28,risk_parity,-0.007961362404394733
2026-09-29,risk_parity,-0.0014478222382519794
2026-09-30,risk_parity,-0.0035209423441990633
2026-10-01,risk_parity,-0.0004831752751629491
2026-10-02,risk_parity,0.009797252486804051
2026-10-05,risk_parity,0.006963423287221532
2026-10-06,risk_parity,0.00029026967874813485
2026-10-07,risk_parity,-0.007879881147803998
2026-10-08,risk_parity,-0.007108765417847846
2026-10-09,risk_parity,0.006426247536808916
2023-10-05,hrp,0.00021130951624068002
2023-10-06,hrp,0.0002122222241901216
2023-10-09,hrp,0.0002122222241901216
2023-10-10,hrp,0.00021123015691363621
2023-10-11,hrp,0.00021170635072011797
2023-10-12,hrp,0.00021170635072011797
2023-10-13,hrp,0.00021142857415335517
2023-10-16,hrp,0.00021142857415335517
2023-10-17,hrp,0.00021190476795983693
2023-10-18,hrp,0.00021150793348039898
2023-10-19,hrp,0.00021071428344363258
2023-10-20,hrp,0.0002103174678863041
2023-10-23,hrp,0.00021003969131954133
2023-10-24,hrp,0.00021063492411658877
2023-10-25,hrp,0.00021091270068335157
2023-10-26,hrp,0.0002103174678863041
2023-10-27,hrp,0.00021051586620391362
2023-10-30,hrp,0.00021083334135630776
2023-10-31,hrp,0.00021111111792307052
2023-11-01,hrp,0.0002103174678863041
2023-11-02,hrp,0.00020912698337009975
2023-11-03,hrp,0.00020845237232389904
2023-11-06,hrp,0.00020873016781277126
2023-11-07,hrp,0.00020924602236066547
2023-11-08,hrp,0.00020904762404305594
2023-11-09,hrp,0.00020884920680333698
2023-11-10,hrp,0.00020833333333333332
2023-11-13,hrp,0.00020873016781277126
2023-11-14,hrp,0.00020845237232389904
2023-11-15,hrp,0.0002085317505730523
2023-11-16,hrp,0.00020805555676657055
2023-11-17,hrp,0.00020765872228713263
2023-11-20,hrp,0.00020785713952685162
2023-11-21,hrp,0.0002085317505730523
2023-11-22,hrp,0.0002089285661303808
2023-11-24,hrp,0.00020845237232389904
2023-11-27,hrp,0.00020865078956361802
2023-11-28,hrp,0.00020873016781277126
2023-11-29,hrp,0.00020793649885389538
2023-11-30,hrp,0.00020785713952685162
2023-12-01,hrp,0.00020694445049951947
2023-12-04,hrp,0.00020726190672980415
2023-12-05,hrp,0.00020805555676657055
2023-12-06,hrp,0.00020805555676657055
2023-12-07,hrp,0.00020765872228713263
2023-12-08,hrp,0.00020765872228713263
2023-12-11,hrp,0.00020765872228713263
2023-12-12,hrp,0.0002082539740062895
2023-12-13,hrp,0.00020726190672980415
2023-12-14,hrp,0.00020694445049951947
2023-12-15,hrp,0.00020734126605684796
2023-12-18,hrp,0.00020734126605684796
2023-12-19,hrp,0.00020785713952685162
2023-12-20,hrp,0.00020753968329656692
2023-12-21,hrp,0.0002067460332598005
2023-12-22,hrp,0.00020666667393275668
2023-12-26,hrp,0.00020646825669303775
2023-12-27,hrp,0.0002077381005362859
2023-12-28,hrp,0.0002070634894900852
2023-12-29,hrp,0.00020555554874359614
2024-01-02,hrp,0.0002068650722503662
2024-01-03,hrp,0.0002077381005362859
2024-01-04,hrp,0.0002074603239695231
2024-01-05,hrp,0.00020714284881712897
2024-01-08,hrp,0.00020714284881712897
2024-01-09,hrp,0.00020753968329656692
2024-01-10,hrp,0.00020734126605684796
2024-01-11,hrp,0.0002070634894900852
2024-01-12,hrp,0.0002062698394533188
2024-01-16,hrp,0.00020646825669303775
2024-01-17,hrp,0.00020694445049951947
2024-01-18,hrp,0.00020634919878036254
2024-01-19,hrp,0.0002062698394533188
2024-01-22,hrp,0.00020634919878036254
2024-01-23,hrp,0.0002067460332598005
2024-01-24,hrp,0.0002067460332598005
2024-01-25,hrp,0.00020615080046275307
2024-01-26,hrp,0.00020634919878036254
2024-01-29,hrp,0.00020634919878036254
2024-01-30,hrp,0.00020646825669303775
2024-01-31,hrp,0.00020587302389599027
2024-02-01,hrp,0.00020634919878036254
2024-02-02,hrp,0.0002067460332598005
2024-02-05,hrp,0.0002074603239695231
2024-02-06,hrp,0.00020726190672980415
2024-02-07,hrp,0.00020726190672980415
2024-02-08,hrp,0.0002070634894900852
2024-02-09,hrp,0.00020714284881712897
2024-02-12,hrp,0.0002074603239695231
2024-02-13,hrp,0.00020765872228713263
2024-02-14,hrp,0.0002070634894900852
2024-02-15,hrp,0.0002070634894900852
2024-02-16,hrp,0.00020726190672980415
2024-02-20,hrp,0.0002068650722503662
2024-02-21,hrp,0.0002077381005362859
2024-02-22,hrp,0.00020765872228713263
2024-02-23,hrp,0.00020793649885389538
2024-02-26,hrp,0.00020833333333333332
2024-02-27,hrp,0.00020813491609361436
2024-02-28,hrp,0.00020793649885389538
2024-02-29,hrp,0.00020726190672980415
2024-03-01,hrp,0.00020694445049951947
2024-03-04,hrp,0.00020726190672980415
2024-03-05,hrp,0.00020734126605684796
2024-03-06,hrp,0.00020753968329656692
2024-03-07,hrp,0.0002074603239695231
2024-03-08,hrp,0.0002074603239695231
2024-03-11,hrp,0.00020793649885389538
2024-03-12,hrp,0.00020793649885389538
2024-03-13,hrp,0.00020785713952685162
2024-03-14,hrp,0.00020785713952685162
2024-03-15,hrp,0.00020785713952685162
2024-03-18,hrp,0.00020785713952685162
2024-03-19,hrp,0.00020785713952685162
2024-03-20,hrp,0.0002074603239695231
2024-03-21,hrp,0.0002074603239695231
2024-03-22,hrp,0.00020714284881712897
2024-03-25,hrp,0.0002070634894900852
2024-03-26,hrp,0.0002070634894900852
2024-03-27,hrp,0.00020694445049951947
2024-03-28,hrp,0.00020646825669303775
2024-04-01,hrp,0.0002070634894900852
2024-04-02,hrp,0.0002068650722503662
2024-04-03,hrp,0.0002067460332598005
2024-04-04,hrp,0.00020646825669303775
2024-04-05,hrp,0.00020694445049951947
2024-04-08,hrp,0.00020726190672980415
2024-04-09,hrp,0.00020714284881712897
2024-04-10,hrp,0.00020805555676657055
2024-04-11,hrp,0.00020785713952685162
2024-04-12,hrp,0.00020753968329656692
2024-04-15,hrp,0.00020785713952685162
2024-04-16,hrp,0.00020765872228713263
2024-04-17,hrp,0.00020793649885389538
2024-04-18,hrp,0.00020805555676657055
2024-04-19,hrp,0.00020813491609361436
2024-04-22,hrp,0.00020813491609361436
2024-04-23,hrp,0.00020813491609361436
2024-04-24,hrp,0.0002085317505730523
2024-04-25,hrp,0.00020813491609361436
2024-04-26,hrp,0.00020785713952685162
2024-04-29,hrp,0.00020805555676657055
2024-04-30,hrp,0.00020813491609361436
2024-05-01,hrp,0.00020833333333333332
2024-05-02,hrp,0.00020785713952685162
2024-05-03,hrp,0.0002077381005362859
2024-05-06,hrp,0.00020793649885389538
2024-05-07,hrp,0.00020805555676657055
2024-05-08,hrp,0.00020813491609361436
2024-05-09,hrp,0.00020793649885389538
2024-05-10,hrp,0.00020805555676657055
2024-05-13,hrp,0.00020793649885389538
2024-05-14,hrp,0.0002077381005362859
2024-05-15,hrp,0.00020793649885389538
2024-05-16,hrp,0.00020805555676657055
2024-05-17,hrp,0.00020793649885389538
2024-05-20,hrp,0.00020793649885389538
2024-05-21,hrp,0.00020793649885389538
2024-05-22,hrp,0.00020813491609361436
2024-05-23,hrp,0.00020813491609361436
2024-05-24,hrp,0.00020813491609361436
2024-05-28,hrp,0.0002082539740062895
2024-05-29,hrp,0.00020833333333333332
2024-05-30,hrp,0.0002082539740062895
2024-05-31,hrp,0.00020813491609361436
2024-06-03,hrp,0.00020805555676657055
2024-06-04,hrp,0.00020793649885389538
2024-06-05,hrp,0.00020793649885389538
2024-06-06,hrp,0.00020765872228713263
2024-06-07,hrp,0.00020785713952685162
2024-06-10,hrp,0.00020765872228713263
2024-06-11,hrp,0.00020813491609361436
2024-06-12,hrp,0.00020805555676657055
2024-06-13,hrp,0.00020793649885389538
2024-06-14,hrp,0.00020793649885389538
2024-06-17,hrp,0.00020805555676657055
2024-06-18,hrp,0.0002077381005362859
2024-06-20,hrp,0.00020734126605684796
2024-06-21,hrp,0.00020694445049951947
2024-06-24,hrp,0.0002067460332598005
2024-06-25,hrp,0.00020726190672980415
2024-06-26,hrp,0.00020753968329656692
2024-06-27,hrp,0.00020726190672980415
2024-06-28,hrp,0.0002068650722503662
2024-07-01,hrp,0.0002070634894900852
2024-07-02,hrp,0.0002074603239695231
2024-07-03,hrp,0.00020753968329656692
2024-07-05,hrp,0.00020734126605684796
2024-07-08,hrp,0.0002070634894900852
2024-07-09,hrp,0.00020734126605684796
2024-07-10,hrp,0.00020734126605684796
2024-07-11,hrp,0.0002062698394533188
2024-07-12,hrp,0.0002062698394533188
2024-07-15,hrp,0.0002060714222135998
2024-07-16,hrp,0.0002060714222135998
2024-07-17,hrp,0.00020615080046275307
2024-07-18,hrp,0.0002060714222135998
2024-07-19,hrp,0.0002060714222135998
2024-07-22,hrp,0.00020595238322303409
2024-07-23,hrp,0.00020527777217683337
2024-07-24,hrp,0.00020515873318626766
2024-07-25,hrp,0.0002047618987068297
2024-07-26,hrp,0.00020456350038922024
2024-07-29,hrp,0.0002042460252368261
2024-07-30,hrp,0.0002037698503524538
2024-07-31,hrp,0.0002037698503524538
2024-08-01,hrp,0.00020297618139357795
2024-08-02,hrp,0.00019960318292890276
2024-08-05,hrp,0.00020079364852299765
2024-08-06,hrp,0.00020158729855976408
2024-08-07,hrp,0.00020158729855976408
2024-08-08,hrp,0.00020170635647243925
2024-08-09,hrp,0.00020138888132004512
2024-08-12,hrp,0.0002013095219930013
2024-08-13,hrp,0.00020051587195623488
2024-08-14,hrp,0.00020091270643567282
2024-08-15,hrp,0.00020158729855976408
2024-08-16,hrp,0.00020138888132004512
2024-08-19,hrp,0.00020091270643567282
2024-08-20,hrp,0.00019972222191946848
2024-08-21,hrp,0.0001986111156524174
2024-08-22,hrp,0.0001994047656891838
2024-08-23,hrp,0.0001984126984126984
2024-08-26,hrp,0.0001983333390856546
2024-08-27,hrp,0.00019714285456945026
2024-08-28,hrp,0.00019662698109944662
2024-08-29,hrp,0.00019702381557888457
2024-08-30,hrp,0.00019714285456945026
2024-09-03,hrp,0.00019722221389649407
2024-09-04,hrp,0.00019634920453268385
2024-09-05,hrp,0.00019571429207211448
2024-09-06,hrp,0.00019476190445915102
2024-09-09,hrp,0.00019424603098914736
2024-09-10,hrp,0.00019186508087884813
2024-09-11,hrp,0.00019345238095238096
2024-09-12,hrp,0.00019206349811856709
2024-09-13,hrp,0.00018900793696206714
2024-09-16,hrp,0.00018829364625234452
2024-09-17,hrp,0.00018789683069501603
2024-09-18,hrp,0.00018313491155230808
2024-09-19,hrp,0.00018226190218849787
2024-09-20,hrp,0.00018035714588468036
2024-09-23,hrp,0.0001786904675619943
2024-09-24,hrp,0.00017837301133170959
2024-09-25,hrp,0.00017805555510142494
2024-09-26,hrp,0.00017730158472818041
2024-09-27,hrp,0.00017785713786170598
2024-09-30,hrp,0.00017849206924438476
2024-10-01,hrp,0.00017785713786170598
2024-10-02,hrp,0.00017750000196789937
2024-10-03,hrp,0.0001771825457376147
2024-10-04,hrp,0.00017876984581114753
2024-10-07,hrp,0.00017956349584791396
2024-10-08,hrp,0.00017968253483847965
2024-10-09,hrp,0.00017996031140524242
2024-10-10,hrp,0.00017976191308763294
2024-10-11,hrp,0.00017916666136847602
2024-10-14,hrp,0.0001792857192811512
2024-10-15,hrp,0.00017916666136847602
2024-10-16,hrp,0.0001786904675619943
2024-10-17,hrp,0.00017916666136847602
2024-10-18,hrp,0.0001790873020414322
2024-10-21,hrp,0.0001792857192811512
2024-10-22,hrp,0.00017857142857142857
2024-10-23,hrp,0.00017876984581114753
2024-10-24,hrp,0.00017805555510142494
2024-10-25,hrp,0.0001789682630508665
2024-10-28,hrp,0.00017785713786170598
2024-10-29,hrp,0.00017777777853466217
2024-10-30,hrp,0.00017710316748846146
2024-10-31,hrp,0.00017587302223084464
2024-11-01,hrp,-0.0005253968216124035
2024-11-04,hrp,0.00021583167322734712
2024-11-05,hrp,0.012724508174605955
2024-11-06,hrp,0.015103243425446151
2024-11-07,hrp,0.011756976978161726
2024-11-08,hrp,-0.003960781448904976
2024-11-11,hrp,0.0008516995747960905
2024-11-12,hrp,-0.009867509475076856
2024-11-13,hrp,-0.0033375153229843824
2024-11-14,hrp,-0.00549282689630997
2024-11-15,hrp,-0.011778329749879635
2024-11-18,hrp,0.005772766603162824
2024-11-19,hrp,0.003133420264632271
2024-11-20,hrp,-0.0005849247929543837
2024-11-21,hrp,0.003994601352180906
2024-11-22,hrp,0.004270612112752119
2024-11-25,hrp,0.004339102448254099
2024-11-26,hrp,0.0002623080183048837
2024-11-27,hrp,-0.001244819712000641
2024-11-29,hrp,0.007305910962835438
2024-12-02,hrp,0.003622445129813134
2024-12-03,hrp,0.0017720766167441556
2024-12-04,hrp,0.003751389414297984
2024-12-05,hrp,0.0009470967226622247
2024-12-06,hrp,0.0013243029778456073
2024-12-09,hrp,0.002029946862545832
2024-12-10,hrp,-0.008321239171711108
2024-12-11,hrp,0.006953888394434314
2024-12-12,hrp,-0.007531944677579311
2024-12-13,hrp,-0.000944665205543748
2024-12-16,hrp,0.0007006785305153876
2024-12-17,hrp,-0.003903031503639784
2024-12-18,hrp,-0.02911994748526368
2024-12-19,hrp,-0.001388157748129201
2024-12-20,hrp,0.004505717630664785
2024-12-23,hrp,0.005364001460192667
2024-12-24,hrp,0.006675074516143804
2024-12-26,hrp,0.0020635610405321213
2024-12-27,hrp,-0.00691827628894697
2024-12-30,hrp,-0.008700754539568874
2024-12-31,hrp,-0.002178234961277546
2025-01-02,hrp,-0.0020937247095943108
2025-01-03,hrp,0.009672449385163357
2025-01-06,hrp,0.006265724485548191
2025-01-07,hrp,-0.006839523679780824
2025-01-08,hrp,-0.002023457983458858
2025-01-10,hrp,-0.016668238165132167
2025-01-13,hrp,-0.0022691062092428235
2025-01-14,hrp,0.005670824108926579
2025-01-15,hrp,0.015791365140443745
2025-01-16,hrp,0.0007813399042648445
2025-01-17,hrp,0.007258200282962598
2025-01-21,hrp,0.014477014508192085
2025-01-22,hrp,0.0006100510745469238
2025-01-23,hrp,0.005247287221703034
2025-01-24,hrp,0.0019690468867240856
2025-01-27,hrp,-0.010852284931234767
2025-01-28,hrp,0.004309695291082399
2025-01-29,hrp,-0.0013270720936454376
2025-01-30,hrp,0.010593559990016745
2025-01-31,hrp,-0.00831551356449142
2025-02-03,hrp,-0.009450160316482258
2025-02-04,hrp,0.012619418364047293
2025-02-05,hrp,0.0054991496550659364
2025-02-06,hrp,0.003215753492281489
2025-02-07,hrp,-0.007984293723353174
2025-02-10,hrp,0.008164449806082691
2025-02-11,hrp,-0.0002376655719998627
2025-02-12,hrp,0.0007111113861718126
2025-02-13,hrp,0.01054722120687247
2025-02-14,hrp,0.002601716287624423
2025-02-18,hrp,0.0055399204932666665
2025-02-19,hrp,-0.004022152874019342
2025-02-20,hrp,0.00129445422619689
2025-02-21,hrp,-0.011899428560112396
2025-02-24,hrp,-0.006833587786627227
2025-02-25,hrp,0.0008380127476942327
2025-02-26,hrp,0.00335768106714068
2025-02-27,hrp,-0.01608093877908926
2025-02-28,hrp,0.002995027374351259
2025-03-03,hrp,-0.007416963225844714
2025-03-04,hrp,-0.004542873126860097
2025-03-05,hrp,0.01682887040321388
2025-03-06,hrp,-0.015925495490820125
2025-03-07,hrp,0.006595726326386601
2025-03-10,hrp,-0.027640105881963504
2025-03-11,hrp,-0.0024828917866963904
2025-03-12,hrp,0.0064126867666723306
2025-03-13,hrp,-0.011484292818162455
2025-03-14,hrp,0.020878074775822413
2025-03-17,hrp,0.01035911853847349
2025-03-18,hrp,-0.00841787539400563
2025-03-19,hrp,0.00882702961805852
2025-03-20,hrp,-0.005660179960303674
2025-03-21,hrp,-0.0022282290167535425
2025-03-24,hrp,0.013463463296831495
2025-03-25,hrp,0.0018464275498560876
2025-03-26,hrp,-0.012249058613226924
2025-03-27,hrp,-0.0012603215023725357
2025-03-28,hrp,-0.018615710151150152
2025-03-31,hrp,-0.0007840060366628534
2025-04-01,hrp,0.003195274043380532
2025-04-02,hrp,0.006200405273441539
2025-04-03,hrp,-0.041781058436939564
2025-04-04,hrp,-0.058480998160841804
2025-04-07,hrp,-0.012444772823513795
2025-04-08,hrp,-0.01470951552084841
2025-04-09,hrp,0.09353880638564051
2025-04-10,hrp,-0.03416707305464729
2025-04-11,hrp,0.02114084313816903
2025-04-14,hrp,0.0095650229691257
2025-04-15,hrp,0.0013709559630506842
2025-04-16,hrp,-0.01633373874149189
2025-04-17,hrp,0.005118341292384801
2025-04-21,hrp,-0.015692257494992153
2025-04-22,hrp,0.023113319210912944
2025-04-23,hrp,0.01350624447734089
2025-04-24,hrp,0.019029738727011785
2025-04-25,hrp,0.004969383508300705
2025-04-28,hrp,0.002399472695752896
2025-04-29,hrp,0.004797132279130466
2025-04-30,hrp,-0.0006427459034808571
2025-05-01,hrp,0.004592346864084778
2025-05-02,hrp,0.01945852905182275
2025-05-05,hrp,-0.0023159516457353004
2025-05-06,hrp,-0.006781336675038412
2025-05-07,hrp,-0.00030469251005213775
2025-05-08,hrp,0.00630633117064247
2025-05-09,hrp,0.0013587848848543237
2025-05-12,hrp,0.027176865280191212
2025-05-13,hrp,0.005758711742006301
2025-05-14,hrp,0.0001530218461607718
2025-05-15,hrp,0.004752946473495731
2025-05-16,hrp,0.004322584380507974
2025-05-19,hrp,0.0019489943442774224
2025-05-20,hrp,-0.000636432301183559
2025-05-21,hrp,-0.013723258555945443
2025-05-22,hrp,-0.00023177768957787387
2025-05-23,hrp,-0.0030842275779239528
2025-05-27,hrp,0.016851053691506857
2025-05-28,hrp,-0.007352317997976988
2025-05-29,hrp,0.003453631010555153
2025-05-30,hrp,-0.003274816716484735
2025-06-02,hrp,0.006887108060698772
2025-06-03,hrp,0.004603695788695648
2025-06-04,hrp,0.0030102710090172584
2025-06-05,hrp,-0.0017677828335368783
2025-06-06,hrp,0.008609957432772255
2025-06-09,hrp,0.0032212214000975946
2025-06-10,hrp,0.004907625619316021
2025-06-11,hrp,-0.001686311612302534
2025-06-12,hrp,0.0025853724395863047
2025-06-13,hrp,-0.013884718086439186
2025-06-16,hrp,0.010022288099032516
2025-06-17,hrp,-0.010697163816796638
2025-06-18,hrp,0.001194211585600129
2025-06-20,hrp,-0.004577670801682069
2025-06-23,hrp,0.009605549051898777
2025-06-24,hrp,0.014982672757159646
2025-06-25,hrp,-0.00245826159854777
2025-06-26,hrp,0.010087467672014277
2025-06-27,hrp,0.0030801016829521593
2025-06-30,hrp,0.0033378878935979147
2025-07-01,hrp,0.00019648870998990333
2025-07-02,hrp,0.006273762887046814
2025-07-03,hrp,0.006310599834131353
2025-07-07,hrp,-0.010687876123632173
2025-07-08,hrp,0.003803995740735776
2025-07-09,hrp,0.006081069159081391
2025-07-10,hrp,0.0017066078392954666
2025-07-11,hrp,-0.006386716583795812
2025-07-14,hrp,0.0026192968870223693
2025-07-15,hrp,-0.005422424316752693
2025-07-16,hrp,0.004507042387400627
2025-07-17,hrp,0.0069494275758178615
2025-07-18,hrp,-0.002616760520524786
2025-07-21,hrp,0.0029340054274877006
2025-07-22,hrp,0.0018060444120611171
2025-07-23,hrp,0.012660228054654426
2025-07-24,hrp,-0.004508098660465921
2025-07-25,hrp,0.0014167537098557677
2025-07-28,hrp,-0.004189221352499609
2025-07-29,hrp,-0.002460942020133331
2025-07-30,hrp,-0.0037175602781239912
2025-07-31,hrp,-0.006893820694874767
2025-08-01,hrp,-0.013381737356181611
2025-08-04,hrp,0.015885230064285195
2025-08-05,hrp,-0.0011664408372628562
2025-08-06,hrp,0.006207592675584719
2025-08-07,hrp,0.003115692795822172
2025-08-08,hrp,0.005238999528738159
2025-08-11,hrp,-0.0024552677130724207
2025-08-12,hrp,0.015033499209959583
2025-08-13,hrp,0.007813280960453447
2025-08-14,hrp,-0.004599599874130517
2025-08-15,hrp,-0.0008904348209189794
2025-08-18,hrp,0.0013078624612555228
2025-08-19,hrp,-0.006691528189403573
2025-08-20,hrp,-0.0019144093508422823
2025-08-21,hrp,-0.0031038324268255844
2025-08-22,hrp,0.020473588349017517
2025-08-25,hrp,-0.007320698978388187
2025-08-26,hrp,0.0026614628043654274
2025-08-27,hrp,0.0006683507619382469
2025-08-28,hrp,0.003680923897364686
2025-08-29,hrp,-0.006502921193202349
2025-09-02,hrp,-0.00659990716213572
2025-09-03,hrp,0.003664574724194714
2025-09-04,hrp,0.00698447947941988
2025-09-05,hrp,0.003445826141641796
2025-09-08,hrp,0.0055744564257516165
2025-09-09,hrp,0.000334908692647137
2025-09-10,hrp,0.0016220208085342487
2025-09-11,hrp,0.01119671026159888
2025-09-12,hrp,-0.001971194082595271
2025-09-15,hrp,0.006377542488760733
2025-09-16,hrp,-5.458791193193495e-05
2025-09-17,hrp,-0.0002444342787674273
2025-09-18,hrp,0.007611321535306516
2025-09-19,hrp,-2.345074324661649e-05
2025-09-22,hrp,0.004873934930366177
2025-09-23,hrp,-0.003328697198492758
2025-09-24,hrp,-0.004879195848949463
2025-09-25,hrp,-0.006159745137884907
2025-09-26,hrp,0.004962972732437988
2025-09-29,hrp,0.00420620428381689
2025-09-30,hrp,0.0032501986456817664
2025-10-01,hrp,0.005232908817702883
2025-10-02,hrp,0.003343514299375485
2025-10-03,hrp,0.002770490746331424
2025-10-06,hrp,0.004321541150708886
2025-10-07,hrp,-0.0070117417467925325
2025-10-08,hrp,0.007537202600433257
2025-10-09,hrp,-0.0056593121073953145
2025-10-10,hrp,-0.0290363086180725
2025-10-13,hrp,0.019603609318478984
2025-10-14,hrp,0.00022212771647254028
2025-10-15,hrp,0.008147727040207836
2025-10-16,hrp,-0.0038277504963719422
2025-10-17,hrp,0.0017770840276060496
2025-10-20,hrp,0.012555464622021985
2025-10-21,hrp,-0.0044613697275464785
2025-10-22,hrp,-0.006163828006361295
2025-10-23,hrp,0.007841493663739214
2025-10-24,hrp,0.0076893119059373355
2025-10-27,hrp,0.010358004684037324
2025-10-28,hrp,0.0010449544251811438
2025-10-29,hrp,-0.0005785898922883905
2025-10-30,hrp,-0.009866476885547633
2025-10-31,hrp,0.001808512776715783
2025-11-03,hrp,0.002078356066571696
2025-11-04,hrp,-0.015216145612965295
2025-11-05,hrp,0.007542946746556534
2025-11-06,hrp,-0.011024243620411456
2025-11-07,hrp,0.0008290274588140335
2025-11-10,hrp,0.015108071789836964
2025-11-11,hrp,0.001982001883818515
2025-11-12,hrp,0.0008788522154791373
2025-11-13,hrp,-0.017116293697127118
2025-11-14,hrp,7.687323671260273e-05
2025-11-17,hrp,-0.012226226115964965
2025-11-18,hrp,-0.007542875799292621
2025-11-19,hrp,0.0007409864761926043
2025-11-20,hrp,-0.016794438062443358
2025-11-21,hrp,0.011977144822080956
2025-11-24,hrp,0.013581243429861941
2025-11-25,hrp,0.010454830783673373
2025-11-26,hrp,0.008536075113780286
2025-11-28,hrp,0.0048679844512428
2025-12-01,hrp,-0.005167636349896525
2025-12-02,hrp,0.002333276623033463
2025-12-03,hrp,0.005804749249937501
2025-12-04,hrp,0.0021284383725191916
2025-12-05,hrp,0.0018193779732088796
2025-12-08,hrp,-0.0020683514789935366
2025-12-09,hrp,-0.00019256918973238407
2025-12-10,hrp,0.009191457050161559
2025-12-11,hrp,0.002491181320877656
2025-12-12,hrp,-0.012130970694720111
2025-12-15,hrp,-0.0019115754231216588
2025-12-16,hrp,-0.0033005865060103164
2025-12-17,hrp,-0.010998528051454341
2025-12-18,hrp,0.009108534775225951
2025-12-19,hrp,0.00929130954492992
2025-12-22,hrp,0.0059223867241819375
2025-12-23,hrp,0.0031910312381638133
2025-12-24,hrp,0.0024751808313116562
2025-12-26,hrp,0.0006578736867912062
2025-12-29,hrp,-0.00395291597184387
2025-12-30,hrp,-0.0009600727316532317
2025-12-31,hrp,-0.00612499777503159
2026-01-02,hrp,0.009374254578040074
2026-01-05,hrp,0.010341545947585297
2026-01-06,hrp,0.007135104371873394
2026-01-07,hrp,-0.0031852812142548433
2026-01-08,hrp,0.0010082731623520852
2026-01-09,hrp,0.00753612804864962
2026-01-12,hrp,0.0052143227331194544
2026-01-13,hrp,-0.0033996203001076305
2026-01-14,hrp,-0.00013886949145954766
2026-01-15,hrp,0.003943345710259961
2026-01-16,hrp,-0.0003071742373404013
2026-01-20,hrp,-0.01593365797227524
2026-01-21,hrp,0.01412135337647263
2026-01-22,hrp,0.00617647659476909
2026-01-23,hrp,-0.0005478252162876909
2026-01-26,hrp,0.0027870440365992287
2026-01-27,hrp,0.010122295219056231
2026-01-28,hrp,-0.001363936873132783
2026-01-29,hrp,-0.0010793016298332129
2026-01-30,hrp,-0.011564403376451461
2026-02-02,hrp,0.006135176749557191
2026-02-03,hrp,-0.0035843313035345665
2026-02-04,hrp,-0.007730344741807088
2026-02-05,hrp,-0.012815624903075095
2026-02-06,hrp,0.02453680621061909
2026-02-09,hrp,0.007983777820710272
2026-02-10,hrp,-0.0012326300539485693
2026-02-11,hrp,0.0038415568593145573
2026-02-12,hrp,-0.014835548855553726
2026-02-13,hrp,0.0038591320626054277
2026-02-17,hrp,-0.0005154096559248521
2026-02-18,hrp,0.004442083372879174
2026-02-19,hrp,-0.0019648904809059973
2026-02-20,hrp,0.008958319207243142
2026-02-23,hrp,-0.010391562176661512
2026-02-24,hrp,0.008931792101263242
2026-02-25,hrp,0.009596229530303878
2026-02-26,hrp,-0.004552543979247294
2026-02-27,hrp,-0.005598212460085614
2026-03-02,hrp,-0.00536503580680026
2026-03-03,hrp,-0.022421356789679943
2026-03-04,hrp,0.010927605044267227
2026-03-05,hrp,-0.013966595195068304
2026-03-06,hrp,-0.013078098791755118
2026-03-09,hrp,0.011537328641925087
2026-03-10,hrp,0.0005480456730842516
2026-03-11,hrp,-0.0007041939616725558
2026-03-12,hrp,-0.019618102096187483
2026-03-13,hrp,-0.006078716739000892
2026-03-16,hrp,0.014950787365996188
2026-03-17,hrp,0.004369496642361467
2026-03-18,hrp,-0.01604318420980852
2026-03-19,hrp,-0.0002801059504287198
2026-03-20,hrp,-0.023140529714229603
2026-03-23,hrp,0.018673589843399053
2026-03-24,hrp,-0.004778027762193144
2026-03-25,hrp,0.010534577695987476
2026-03-26,hrp,-0.022231510540613342
2026-03-27,hrp,-0.01395199143955852
2026-03-30,hrp,-0.005674290628750909
2026-03-31,hrp,0.033136052753752004
2026-04-01,hrp,0.009803188877187391
2026-04-02,hrp,-0.000996444064661479
2026-04-06,hrp,0.005599774548196536
2026-04-07,hrp,0.0007904111568334412
2026-04-08,hrp,0.033882841463809085
2026-04-09,hrp,0.0032310194445028567
2026-04-10,hrp,0.0007534109657635615
2026-04-13,hrp,0.009886708438615442
2026-04-14,hrp,0.01400617888172181
2026-04-15,hrp,0.004917701221355111
2026-04-16,hrp,0.0021458928223287215
2026-04-17,hrp,0.01518879245062555
2026-04-20,hrp,-0.0019359325889408872
2026-04-21,hrp,-0.010616299084416168
2026-04-22,hrp,0.010959989837894549
2026-04-23,hrp,-0.006570930315152975
2026-04-24,hrp,0.011212137421727308
2026-04-27,hrp,8.478169436227387e-06
2026-04-28,hrp,-0.007930885852894832
2026-04-29,hrp,-0.0024236349207883757
2026-04-30,hrp,0.01597991980321711
2026-05-01,hrp,0.003547782522641813
2026-05-04,hrp,-0.004740448277778711
2026-05-05,hrp,0.012606701422455105
2026-05-06,hrp,0.019766273229479485
2026-05-07,hrp,-0.00796788595830762
2026-05-08,hrp,0.01344193337923549
2026-05-11,hrp,0.0016652544858363134
2026-05-12,hrp,-0.008098724683948887
2026-05-13,hrp,0.007861888932860446
2026-05-14,hrp,0.005076859403560852
2026-05-15,hrp,-0.01751405545030132
2026-05-18,hrp,-0.000829583767531065
2026-05-19,hrp,-0.007611975376658448
2026-05-20,hrp,0.015783002993684698
2026-05-21,hrp,0.004224333915912818
2026-05-22,hrp,0.003171884840625985
2026-05-26,hrp,0.015055347815817072
2026-05-27,hrp,-0.000982427837984805
2026-05-28,hrp,0.005049397561881938
2026-05-29,hrp,0.0011795435890024973
2026-06-01,hrp,0.003368523483525125
2026-06-02,hrp,0.004658716092446198
2026-06-03,hrp,-0.007568509911758535
2026-06-04,hrp,0.002576881761851898
2026-06-05,hrp,-0.03593390106928176
2026-06-08,hrp,0.008286000519278199
2026-06-09,hrp,-0.0033698654559200588
2026-06-10,hrp,-0.015739192971667766
2026-06-11,hrp,0.02720859877000038
2026-06-12,hrp,0.005646781502569483
2026-06-15,hrp,0.0192356023989196
2026-06-16,hrp,-0.009228984473658842
2026-06-17,hrp,-0.009136565417005733
2026-06-18,hrp,0.016562818648694914
2026-06-22,hrp,0.00024060681853906008
2026-06-23,hrp,-0.022752046092374495
2026-06-24,hrp,-0.0006991316464836961
2026-06-25,hrp,0.005800544466375824
2026-06-26,hrp,-0.007396381874823479
2026-06-29,hrp,0.013343372848555215
2026-06-30,hrp,0.009631636790122338
2026-07-01,hrp,-0.008408235760729132
2026-07-02,hrp,-0.004160229213138005
2026-07-06,hrp,0.010873295199200356
2026-07-07,hrp,-0.01118873814791316
2026-07-08,hrp,-0.0027326501404098843
2026-07-09,hrp,0.010475083567115611
2026-07-10,hrp,0.002434243711310985
2026-07-13,hrp,-0.012656350348331997
2026-07-14,hrp,0.006709071685579628
2026-07-15,hrp,0.002578930316541035
2026-07-16,hrp,-0.008504393089784621
2026-07-17,hrp,-0.009733728524320926
2026-07-20,hrp,-0.0022104663349169318
2026-07-21,hrp,0.013800604883082806
2026-07-22,hrp,-0.003173026007396848
2026-07-23,hrp,-0.012371967954436996
2026-07-24,hrp,-0.003108466706727929
2026-07-27,hrp,0.0014543334891873698
2026-07-28,hrp,-0.0022148951230860406
2026-07-29,hrp,-0.015357369703144575
2026-07-30,hrp,0.023024956040050084
2026-07-31,hrp,0.0030681329738316606
2026-08-03,hrp,0.012733502750520808
2026-08-04,hrp,0.018924549728733267
2026-08-05,hrp,-0.0029873720053494603
2026-08-06,hrp,-0.003479822850142444
2026-08-07,hrp,0.009830653979957462
2026-08-10,hrp,-0.004087162102941995
2026-08-11,hrp,0.0004541604234726881
2026-08-12,hrp,0.005886574176780874
2026-08-13,hrp,0.004287284509271471
2026-08-14,hrp,0.0002569639310100147
2026-08-17,hrp,-0.00106044581911153
2026-08-18,hrp,-0.0134995692290436
2026-08-19,hrp,0.004123861348654951
2026-08-20,hrp,-0.005365823967954977
2026-08-21,hrp,0.006651595044430074
2026-08-24,hrp,-0.005778949607161762
2026-08-25,hrp,0.006965439353991279
2026-08-26,hrp,-0.0018696535575936442
2026-08-27,hrp,0.003582854685376745
2026-08-28,hrp,-0.005918085715674092
2026-08-31,hrp,-0.002993663036963798
2026-09-01,hrp,-0.008682093283278408
2026-09-02,hrp,0.006388025656679596
2026-09-03,hrp,0.008469897121476987
2026-09-04,hrp,0.0027262981781782094
2026-09-08,hrp,-0.0038547904861261383
2026-09-09,hrp,-0.008727205207104521
2026-09-10,hrp,-0.01023195500849492
2026-09-11,hrp,0.008499904489256669
2026-09-14,hrp,-0.008684965932000606
2026-09-15,hrp,-0.005078021467588566
2026-09-16,hrp,-0.003186345812322604
2026-09-17,hrp,0.010876247134095966
2026-09-18,hrp,-0.0032400463861229686
2026-09-21,hrp,0.014495732058293262
2026-09-22,hrp,0.003679528501937913
2026-09-23,hrp,-0.014376342469594103
2026-09-24,hrp,-0.0022230171032768782
2026-09-25,hrp,0.006615785214205926
2026-09-28,hrp,-0.007359483465912979
2026-09-29,hrp,-0.0021858301564294026
2026-09-30,hrp,-0.004311924991916049
2026-10-01,hrp,-0.0017186753951053168
2026-10-02,hrp,0.009918166848643089
2026-10-05,hrp,0.006042144084469469
2026-10-06,hrp,-0.00034550146622925216
2026-10-07,hrp,-0.008981164094280413
2026-10-08,hrp,-0.005933292616911571
2026-10-09,hrp,0.006485087702591045
