date,strategy_id,nav
2023-10-05,equal_weight,1.0002113095162406
2023-10-06,equal_weight,1.0004235765850062
2023-10-09,equal_weight,1.0006358887015612
2023-10-10,equal_weight,1.0008472531773451
2023-10-11,equal_weight,1.0010591388969436
2023-10-12,equal_weight,1.0012710694740945
2023-10-13,equal_weight,1.0014827667886546
2023-10-16,equal_weight,1.001694508862076
2023-10-17,equal_weight,1.001906772704543
2023-10-18,equal_weight,1.0021186839355778
2023-10-19,equal_weight,1.0023298446559887
2023-10-20,equal_weight,1.0025406521309035
2023-10-23,equal_weight,1.0027512254600124
2023-10-24,equal_weight,1.002962439888295
2023-10-25,equal_weight,1.0031739774051758
2023-10-26,equal_weight,1.003384962415953
2023-10-27,equal_weight,1.003596190870452
2023-10-30,equal_weight,1.003807782408746
2023-10-31,equal_weight,1.00401969739187
2023-11-01,equal_weight,1.0042308602723333
2023-11-02,equal_weight,1.0044408720427493
2023-11-03,equal_weight,1.0046502501253856
2023-11-06,equal_weight,1.0048599509406875
2023-11-07,equal_weight,1.0050702138884513
2023-11-08,equal_weight,1.0052803214286612
2023-11-09,equal_weight,1.0054902734264066
2023-11-10,equal_weight,1.0056997505667038
2023-11-13,equal_weight,1.005909670444409
2023-11-14,equal_weight,1.0061193547015566
2023-11-15,equal_weight,1.006329162531878
2023-11-16,equal_weight,1.006538534906079
2023-11-17,equal_weight,1.0067475514121704
2023-11-20,equal_weight,1.0069568110784326
2023-11-21,equal_weight,1.0071667935449984
2023-11-22,equal_weight,1.0073772194590278
2023-11-24,equal_weight,1.007587209630249
2023-11-27,equal_weight,1.0077974434970924
2023-11-28,equal_weight,1.008007801226595
2023-11-29,equal_weight,1.0082174028395994
2023-11-30,equal_weight,1.0084269680249747
2023-12-01,equal_weight,1.0086356563897414
2023-12-04,equal_weight,1.0088447081390803
2023-12-05,equal_weight,1.0090546038865231
2023-12-06,equal_weight,1.0092645433039424
2023-12-07,equal_weight,1.0094741258894548
2023-12-08,equal_weight,1.009683751996619
2023-12-11,equal_weight,1.0098934216344728
2023-12-12,equal_weight,1.010103735952851
2023-12-13,equal_weight,1.0103130919791594
2023-12-14,equal_weight,1.0105221706668115
2023-12-15,equal_weight,1.010731693613056
2023-12-18,equal_weight,1.0109412600020533
2023-12-19,equal_weight,1.011151391360587
2023-12-20,equal_weight,1.0113612454001148
2023-12-21,equal_weight,1.011570340325794
2023-12-22,equal_weight,1.0117793982034782
2023-12-26,equal_weight,1.0119882985319832
2023-12-27,equal_weight,1.0121985270588854
2023-12-28,equal_weight,1.012408116417955
2023-12-29,equal_weight,1.012616222523878
2024-01-02,equal_weight,1.0128256974519123
2024-01-03,equal_weight,1.0130360999384753
2024-01-04,equal_weight,1.0132462647359612
2024-01-05,equal_weight,1.0134561514537919
2024-01-08,equal_weight,1.013666081648155
2024-01-09,equal_weight,1.0138764575857089
2024-01-10,equal_weight,1.01408667601405
2024-01-11,equal_weight,1.0142966563398308
2024-01-12,equal_weight,1.014505875148292
2024-01-16,equal_weight,1.0147153384077388
2024-01-17,equal_weight,1.014925328115859
2024-01-18,equal_weight,1.0151347571441376
2024-01-19,equal_weight,1.0153441488275172
2024-01-22,equal_weight,1.015553664279114
2024-01-23,equal_weight,1.0157636259707663
2024-01-24,equal_weight,1.0159736310711653
2024-01-25,equal_weight,1.0161830748484597
2024-01-26,equal_weight,1.0163927634117687
2024-01-29,equal_weight,1.0166024952441448
2024-01-30,equal_weight,1.0168123913890879
2024-01-31,equal_weight,1.017021725630838
2024-02-01,equal_weight,1.017231587249064
2024-02-02,equal_weight,1.0174418958446343
2024-02-05,equal_weight,1.0176529746699663
2024-02-06,equal_weight,1.0178638953658856
2024-02-07,equal_weight,1.0180748597776306
2024-02-08,equal_weight,1.0182856659106583
2024-02-09,equal_weight,1.0184965965044046
2024-02-12,equal_weight,1.0187078941382772
2024-02-13,equal_weight,1.0189194377179578
2024-02-14,equal_weight,1.019130418732241
2024-02-15,equal_weight,1.0193414434329893
2024-02-16,equal_weight,1.0195527140841638
2024-02-20,equal_weight,1.019763623930026
2024-02-21,equal_weight,1.0199754676882573
2024-02-22,equal_weight,1.0201872744906417
2024-02-23,equal_weight,1.0203994086606747
2024-02-26,equal_weight,1.0206119918708123
2024-02-27,equal_weight,1.0208244168621046
2024-02-28,equal_weight,1.0210366835172915
2024-02-29,equal_weight,1.0212483055271582
2024-03-01,equal_weight,1.0214596471965691
2024-03-04,equal_weight,1.0216713568706945
2024-03-05,equal_weight,1.0218831915033222
2024-03-06,equal_weight,1.0220952728172528
2024-03-07,equal_weight,1.0223073170336792
2024-03-08,equal_weight,1.0225194052408673
2024-03-11,equal_weight,1.0227320243460032
2024-03-12,equal_weight,1.0229446876624115
2024-03-13,equal_weight,1.023157314019083
2024-03-14,equal_weight,1.0233699845716608
2024-03-15,equal_weight,1.0235826993293315
2024-03-18,equal_weight,1.0237954583012832
2024-03-19,equal_weight,1.024008261496706
2024-03-20,equal_weight,1.0242207025823835
2024-03-21,equal_weight,1.0244331877411574
2024-03-22,equal_weight,1.0246453917500888
2024-03-25,equal_weight,1.0248575584003947
2024-03-26,equal_weight,1.0250697689826676
2024-03-27,equal_weight,1.0252819014827332
2024-03-28,equal_weight,1.0254935896495514
2024-04-01,equal_weight,1.025705931930674
2024-04-02,equal_weight,1.0259181146623906
2024-04-03,equal_weight,1.0261302191630464
2024-04-04,equal_weight,1.0263420824805372
2024-04-05,equal_weight,1.0265544782788205
2024-04-08,equal_weight,1.0267672439173505
2024-04-09,equal_weight,1.0269799314093275
2024-04-10,equal_weight,1.027193600290745
2024-04-11,equal_weight,1.0274071098142414
2024-04-12,equal_weight,1.027620337560429
2024-04-15,equal_weight,1.0278339357843138
2024-04-16,equal_weight,1.0280473744661422
2024-04-17,equal_weight,1.0282611430378445
2024-04-18,equal_weight,1.0284750784824606
2024-04-19,equal_weight,1.028689140056625
2024-04-22,equal_weight,1.028903246184477
2024-04-23,equal_weight,1.02911739687529
2024-04-24,equal_weight,1.0293320005276057
2024-04-25,equal_weight,1.029546240457168
2024-04-26,equal_weight,1.02976023899372
2024-04-29,equal_weight,1.0299744863335798
2024-04-30,equal_weight,1.0301888599868714
2024-05-01,equal_weight,1.0304034826660353
2024-05-02,equal_weight,1.0306176593865006
2024-05-03,equal_weight,1.0308317579414408
2024-05-06,equal_weight,1.0310461054880944
2024-05-07,equal_weight,1.0312606203596237
2024-05-08,equal_weight,1.0314752617023129
2024-05-09,equal_weight,1.0316897430568857
2024-05-10,equal_weight,1.0319043918407877
2024-05-13,equal_weight,1.0321189624271792
2024-05-14,equal_weight,1.0323333728599613
2024-05-15,equal_weight,1.0325480326471639
2024-05-16,equal_weight,1.0327628600029843
2024-05-17,equal_weight,1.0329776090962397
2024-05-20,equal_weight,1.0331924028436696
2024-05-21,equal_weight,1.0334072412545594
2024-05-22,equal_weight,1.0336223293840086
2024-05-23,equal_weight,1.0338374622808073
2024-05-24,equal_weight,1.0340526399542735
2024-05-28,equal_weight,1.0342679855258756
2024-05-29,equal_weight,1.0344834580228601
2024-05-30,equal_weight,1.034698893314037
2024-05-31,equal_weight,1.034914250281379
2024-06-03,equal_weight,1.035129569941927
2024-06-04,equal_weight,1.0353448111605608
2024-06-05,equal_weight,1.0355600971357
2024-06-06,equal_weight,1.0357751402223228
2024-06-07,equal_weight,1.0359904334801624
2024-06-10,equal_weight,1.0362055659298808
2024-06-11,equal_weight,1.0364212364884013
2024-06-12,equal_weight,1.0366368696858035
2024-06-13,equal_weight,1.0368524243270687
2024-06-14,equal_weight,1.0370680237900114
2024-06-17,equal_weight,1.0372837915551059
2024-06-18,equal_weight,1.0374992749196805
2024-06-20,equal_weight,1.0377143913328755
2024-06-21,equal_weight,1.0379291405673652
2024-06-24,equal_weight,1.0381437282999821
2024-06-25,equal_weight,1.038358895948569
2024-06-26,equal_weight,1.0385743966249823
2024-06-27,equal_weight,1.0387896535347074
2024-06-28,equal_weight,1.039004542831439
2024-07-01,equal_weight,1.0392196827376738
2024-07-02,equal_weight,1.0394352795897301
2024-07-03,equal_weight,1.0396510036584634
2024-07-05,equal_weight,1.0398665662138191
2024-07-08,equal_weight,1.0400818846136235
2024-07-09,equal_weight,1.040297536508382
2024-07-10,equal_weight,1.0405132331166773
2024-07-11,equal_weight,1.0407278596142213
2024-07-12,equal_weight,1.0409425303827387
2024-07-15,equal_weight,1.0411570388904172
2024-07-16,equal_weight,1.041371591602169
2024-07-17,equal_weight,1.041586271189357
2024-07-18,equal_weight,1.0418009123536194
2024-07-19,equal_weight,1.0420155977492915
2024-07-22,equal_weight,1.0422302033450035
2024-07-23,equal_weight,1.0424441500392416
2024-07-24,equal_weight,1.042658016560481
2024-07-25,equal_weight,1.0428715131956539
2024-07-26,equal_weight,1.0430848466428493
2024-07-29,equal_weight,1.0432978925767606
2024-07-30,equal_weight,1.0435104852322041
2024-07-31,equal_weight,1.0437231212076212
2024-08-01,equal_weight,1.0439349721411961
2024-08-02,equal_weight,1.0441433448844064
2024-08-05,equal_weight,1.0443530022362069
2024-08-06,equal_weight,1.0445635305366703
2024-08-07,equal_weight,1.0447741012769651
2024-08-08,equal_weight,1.0449848388542706
2024-08-09,equal_weight,1.045195287181964
2024-08-12,equal_weight,1.045405694945616
2024-08-13,equal_weight,1.0456153153800862
2024-08-14,equal_weight,1.04582539278299
2024-08-15,equal_weight,1.0460362178986862
2024-08-16,equal_weight,1.0462468779624292
2024-08-19,equal_weight,1.0464570822542807
2024-08-20,equal_weight,1.0466660829878918
2024-08-21,equal_weight,1.0468739625063497
2024-08-22,equal_weight,1.0470827141635495
2024-08-23,equal_weight,1.047290468670328
2024-08-26,equal_weight,1.0474981812859718
2024-08-27,equal_weight,1.0477046880675869
2024-08-28,equal_weight,1.0479106950774852
2024-08-29,equal_weight,1.0481171584410154
2024-08-30,equal_weight,1.0483237872495537
2024-09-03,equal_weight,1.0485305399877554
2024-09-04,equal_weight,1.0487364181252101
2024-09-05,equal_weight,1.0489416708308537
2024-09-06,equal_weight,1.0491459647083312
2024-09-09,equal_weight,1.049349757147904
2024-09-10,equal_weight,1.0495510907239294
2024-09-11,equal_weight,1.049754128881361
2024-09-12,equal_weight,1.0499557483315183
2024-09-13,equal_weight,1.0501541983014118
2024-09-16,equal_weight,1.050351935664537
2024-09-17,equal_weight,1.0505492934643628
2024-09-18,equal_weight,1.0507416857163028
2024-09-19,equal_weight,1.0509331958946502
2024-09-20,equal_weight,1.0511227392063773
2024-09-23,equal_weight,1.051310564820111
2024-09-24,equal_weight,1.0514980902514028
2024-09-25,equal_weight,1.0516853153275507
2024-09-26,equal_weight,1.0518717808005937
2024-09-27,equal_weight,1.0520588637049244
2024-09-30,equal_weight,1.052246647868474
2024-10-01,equal_weight,1.0524337974455884
2024-10-02,equal_weight,1.0526206044467061
2024-10-03,equal_weight,1.0528071104450978
2024-10-04,equal_weight,1.052995320609901
2024-10-07,equal_weight,1.053184400130781
2024-10-08,equal_weight,1.053373638973449
2024-10-09,equal_weight,1.0535632044215446
2024-10-10,equal_weight,1.05375259495873
2024-10-11,equal_weight,1.0539413922930772
2024-10-14,equal_weight,1.0541303489336744
2024-10-15,equal_weight,1.05431921394894
2024-10-16,equal_weight,1.05450761074224
2024-10-17,equal_weight,1.0546965433502442
2024-10-18,equal_weight,1.0548854261086653
2024-10-21,equal_weight,1.0550745520010443
2024-10-22,equal_weight,1.0552629581710444
2024-10-23,equal_weight,1.0554516073673668
2024-10-24,equal_weight,1.0556395363891993
2024-10-25,equal_weight,1.0558284623634346
2024-10-28,equal_weight,1.0560162489918234
2024-10-29,equal_weight,1.0562039852146656
2024-10-30,equal_weight,1.056391042285961
2024-10-31,equal_weight,1.0565768329712253
2024-11-01,equal_weight,1.056021710861393
2024-11-04,equal_weight,1.0573091594059125
2024-11-05,equal_weight,1.0687515502764737
2024-11-06,equal_weight,1.0871038273406015
2024-11-07,equal_weight,1.0963168822674232
2024-11-08,equal_weight,1.0967070245473336
2024-11-11,equal_weight,1.0997076642578854
2024-11-12,equal_weight,1.0892857573781856
2024-11-13,equal_weight,1.0854813491639124
2024-11-14,equal_weight,1.0798642150876219
2024-11-15,equal_weight,1.0678097093300398
2024-11-18,equal_weight,1.0722172901504903
2024-11-19,equal_weight,1.0763275141949686
2024-11-20,equal_weight,1.0756908085321162
2024-11-21,equal_weight,1.08097341587965
2024-11-22,equal_weight,1.0871146007147139
2024-11-25,equal_weight,1.0950511212892786
2024-11-26,equal_weight,1.094018499683766
2024-11-27,equal_weight,1.0939004712597469
2024-11-29,equal_weight,1.1017565527083883
2024-12-02,equal_weight,1.1049899839958677
2024-12-03,equal_weight,1.1048247870720036
2024-12-04,equal_weight,1.110730239976258
2024-12-05,equal_weight,1.108238654194228
2024-12-06,equal_weight,1.112110348275794
2024-12-09,equal_weight,1.107200881115284
2024-12-10,equal_weight,1.10240237502257
2024-12-11,equal_weight,1.1098270450003163
2024-12-12,equal_weight,1.1015976143436592
2024-12-13,equal_weight,1.1001716330236193
2024-12-16,equal_weight,1.1049894844160872
2024-12-17,equal_weight,1.1002562426145879
2024-12-18,equal_weight,1.0689309590254041
2024-12-19,equal_weight,1.065319742265775
2024-12-20,equal_weight,1.0719119107927575
2024-12-23,equal_weight,1.0753399918440234
2024-12-24,equal_weight,1.083509818614283
2024-12-26,equal_weight,1.0866514037144201
2024-12-27,equal_weight,1.0774134943052294
2024-12-30,equal_weight,1.070213186019437
2024-12-31,equal_weight,1.0674050626461515
2025-01-02,equal_weight,1.0659775981514925
2025-01-03,equal_weight,1.0758920405179144
2025-01-06,equal_weight,1.0815424071335038
2025-01-07,equal_weight,1.07230410273104
2025-01-08,equal_weight,1.071710905857396
2025-01-10,equal_weight,1.0555217373557932
2025-01-13,equal_weight,1.0546108061247543
2025-01-14,equal_weight,1.057916353837729
2025-01-15,equal_weight,1.0757271194014064
2025-01-16,equal_weight,1.0758431711375294
2025-01-17,equal_weight,1.0836013588813465
2025-01-21,equal_weight,1.0961490743615876
2025-01-22,equal_weight,1.0976805114473578
2025-01-23,equal_weight,1.1016199790831562
2025-01-24,equal_weight,1.1007790279497291
2025-01-27,equal_weight,1.0904714147305306
2025-01-28,equal_weight,1.0955061317043033
2025-01-29,equal_weight,1.0933252417660178
2025-01-30,equal_weight,1.1005706310278536
2025-01-31,equal_weight,1.0946347587887657
2025-02-03,equal_weight,1.0863696303921897
2025-02-04,equal_weight,1.0965667732188573
2025-02-05,equal_weight,1.1042502431563892
2025-02-06,equal_weight,1.1062355285604624
2025-02-07,equal_weight,1.0960100231196521
2025-02-10,equal_weight,1.102589097248832
2025-02-11,equal_weight,1.1014389000906946
2025-02-12,equal_weight,1.0981747762375087
2025-02-13,equal_weight,1.1104581121938228
2025-02-14,equal_weight,1.1124720491653761
2025-02-18,equal_weight,1.1153040828070013
2025-02-19,equal_weight,1.1131261433044264
2025-02-20,equal_weight,1.1106316134703644
2025-02-21,equal_weight,1.095763288739512
2025-02-24,equal_weight,1.0909723204054416
2025-02-25,equal_weight,1.0901359542190088
2025-02-26,equal_weight,1.091941072891526
2025-02-27,equal_weight,1.076467548105823
2025-02-28,equal_weight,1.0869820778202683
2025-03-03,equal_weight,1.076123586023996
2025-03-04,equal_weight,1.069764634697429
2025-03-05,equal_weight,1.0809056887188844
2025-03-06,equal_weight,1.065438535117779
2025-03-07,equal_weight,1.0708665982715677
2025-03-10,equal_weight,1.0479145082466566
2025-03-11,equal_weight,1.044188746970897
2025-03-12,equal_weight,1.0488485388122386
2025-03-13,equal_weight,1.0387162779246093
2025-03-14,equal_weight,1.055950627486853
2025-03-17,equal_weight,1.0641698105396917
2025-03-18,equal_weight,1.0567291548647626
2025-03-19,equal_weight,1.0663028763922016
2025-03-20,equal_weight,1.0621022387868078
2025-03-21,equal_weight,1.060005567891693
2025-03-24,equal_weight,1.0722805774149828
2025-03-25,equal_weight,1.0743679336092888
2025-03-26,equal_weight,1.062369257188025
2025-03-27,equal_weight,1.0598907887935247
2025-03-28,equal_weight,1.0456547740158197
2025-03-31,equal_weight,1.044760514451837
2025-04-01,equal_weight,1.0480589368316102
2025-04-02,equal_weight,1.0545136217260969
2025-04-03,equal_weight,1.01689500280772
2025-04-04,equal_weight,0.9708748207913803
2025-04-07,equal_weight,0.9621058127130525
2025-04-08,equal_weight,0.9491060782407899
2025-04-09,equal_weight,1.02010504372909
2025-04-10,equal_weight,0.9886941655295461
2025-04-11,equal_weight,1.0023988885619872
2025-04-14,equal_weight,1.0118046985816178
2025-04-15,equal_weight,1.0141674084075392
2025-04-16,equal_weight,1.0018046036749069
2025-04-17,equal_weight,1.005270551171403
2025-04-21,equal_weight,0.9895386108728129
2025-04-22,equal_weight,1.0089763520551076
2025-04-23,equal_weight,1.020484546932872
2025-04-24,equal_weight,1.038307735648053
2025-04-25,equal_weight,1.0438699296963918
2025-04-28,equal_weight,1.0470124693243226
2025-04-29,equal_weight,1.0520612088827295
2025-04-30,equal_weight,1.0508980306040927
2025-05-01,equal_weight,1.05476900443829
2025-05-02,equal_weight,1.0684057329391656
2025-05-05,equal_weight,1.064249568636435
2025-05-06,equal_weight,1.0584124985874257
2025-05-07,equal_weight,1.0606562960782748
2025-05-08,equal_weight,1.0659776120680557
2025-05-09,equal_weight,1.0663710484762938
2025-05-12,equal_weight,1.0894893178888698
2025-05-13,equal_weight,1.0952709466495965
2025-05-14,equal_weight,1.093093871387738
2025-05-15,equal_weight,1.099577031229915
2025-05-16,equal_weight,1.1043958915004541
2025-05-19,equal_weight,1.1058754975544027
2025-05-20,equal_weight,1.1052596511158672
2025-05-21,equal_weight,1.0892673017295438
2025-05-22,equal_weight,1.0904134927791782
2025-05-23,equal_weight,1.0870339394514923
2025-05-27,equal_weight,1.106417979535902
2025-05-28,equal_weight,1.0986107844305422
2025-05-29,equal_weight,1.1024270213347533
2025-05-30,equal_weight,1.1016330695192298
2025-06-02,equal_weight,1.1070177685215092
2025-06-03,equal_weight,1.1116948469285655
2025-06-04,equal_weight,1.114235105464617
2025-06-05,equal_weight,1.110763899511095
2025-06-06,equal_weight,1.1178584804432727
2025-06-09,equal_weight,1.1203376651982564
2025-06-10,equal_weight,1.1250038967411453
2025-06-11,equal_weight,1.1232016903801363
2025-06-12,equal_weight,1.1263767827255133
2025-06-13,equal_weight,1.1131472893515981
2025-06-16,equal_weight,1.1212106662558523
2025-06-17,equal_weight,1.1130603618588122
2025-06-18,equal_weight,1.1146936001805057
2025-06-20,equal_weight,1.1109647561112472
2025-06-23,equal_weight,1.120628037030304
2025-06-24,equal_weight,1.1329077872958986
2025-06-25,equal_weight,1.1298114633421248
2025-06-26,equal_weight,1.1407078055201592
2025-06-27,equal_weight,1.1441326387997675
2025-06-30,equal_weight,1.1480937233945532
2025-07-01,equal_weight,1.1476370539125305
2025-07-02,equal_weight,1.1536428299676498
2025-07-03,equal_weight,1.159149291989993
2025-07-07,equal_weight,1.1489148640549822
2025-07-08,equal_weight,1.1518535289354384
2025-07-09,equal_weight,1.1603069157520627
2025-07-10,equal_weight,1.1615613066900228
2025-07-11,equal_weight,1.1536836368262409
2025-07-14,equal_weight,1.1564416488425362
2025-07-15,equal_weight,1.14777942720783
2025-07-16,equal_weight,1.1526599330884533
2025-07-17,equal_weight,1.1595445311795933
2025-07-18,equal_weight,1.1574562037935707
2025-07-21,equal_weight,1.1601756904074763
2025-07-22,equal_weight,1.1628317345636006
2025-07-23,equal_weight,1.1743752339736233
2025-07-24,equal_weight,1.16957525184513
2025-07-25,equal_weight,1.1722626217536185
2025-07-28,equal_weight,1.168411200589499
2025-07-29,equal_weight,1.1669425234344222
2025-07-30,equal_weight,1.1633334905726391
2025-07-31,equal_weight,1.1566506282831226
2025-08-01,equal_weight,1.1454512279481892
2025-08-04,equal_weight,1.1616431892321502
2025-08-05,equal_weight,1.1598799743709807
2025-08-06,equal_weight,1.165613790951478
2025-08-07,equal_weight,1.167377154412229
2025-08-08,equal_weight,1.1728183184730838
2025-08-11,equal_weight,1.1706721506854398
2025-08-12,equal_weight,1.1859549188262977
2025-08-13,equal_weight,1.1938438544937846
2025-08-14,equal_weight,1.1897874292448127
2025-08-15,equal_weight,1.187955511911998
2025-08-18,equal_weight,1.1882154447248598
2025-08-19,equal_weight,1.182426427351931
2025-08-20,equal_weight,1.1807505099132778
2025-08-21,equal_weight,1.17712783765027
2025-08-22,equal_weight,1.1986534677729714
2025-08-25,equal_weight,1.1906085893972949
2025-08-26,equal_weight,1.1949296932299545
2025-08-27,equal_weight,1.1974583569294421
2025-08-28,equal_weight,1.201504542970124
2025-08-29,equal_weight,1.1945877323890781
2025-09-02,equal_weight,1.1864283995857134
2025-09-03,equal_weight,1.1905342085222068
2025-09-04,equal_weight,1.2004517233175682
2025-09-05,equal_weight,1.203541569725722
2025-09-08,equal_weight,1.2089516667063498
2025-09-09,equal_weight,1.2073920880668698
2025-09-10,equal_weight,1.2083357299041377
2025-09-11,equal_weight,1.219135351416182
2025-09-12,equal_weight,1.2159759123727585
2025-09-15,equal_weight,1.2224251214087536
2025-09-16,equal_weight,1.2209461714578387
2025-09-17,equal_weight,1.2193294774343337
2025-09-18,equal_weight,1.2289044105170124
2025-09-19,equal_weight,1.2288759161675507
2025-09-22,equal_weight,1.2333544076021363
2025-09-23,equal_weight,1.2299648202304054
2025-09-24,equal_weight,1.223959512635987
2025-09-25,equal_weight,1.2171460634459692
2025-09-26,equal_weight,1.2233932928816342
2025-09-29,equal_weight,1.2271669635838365
2025-09-30,equal_weight,1.2300269181797192
2025-10-01,equal_weight,1.235432445508162
2025-10-02,equal_weight,1.238941605572012
2025-10-03,equal_weight,1.2413247573807242
2025-10-06,equal_weight,1.2449263202691727
2025-10-07,equal_weight,1.2384310951437987
2025-10-08,equal_weight,1.2461390084854553
2025-10-09,equal_weight,1.2412685514672421
2025-10-10,equal_weight,1.2153965168123488
2025-10-13,equal_weight,1.2330401270185893
2025-10-14,equal_weight,1.2363968891723123
2025-10-15,equal_weight,1.2425875990381212
2025-10-16,equal_weight,1.2370683079207578
2025-10-17,equal_weight,1.2384234114603547
2025-10-20,equal_weight,1.2513147703758583
2025-10-21,equal_weight,1.2486770887558853
2025-10-22,equal_weight,1.2409391022810372
2025-10-23,equal_weight,1.2479615618883149
2025-10-24,equal_weight,1.2563526015355615
2025-10-27,equal_weight,1.2664262210975334
2025-10-28,equal_weight,1.2678373582244276
2025-10-29,equal_weight,1.2639359427329464
2025-10-30,equal_weight,1.2536716212915167
2025-10-31,equal_weight,1.2566902128936173
2025-11-03,equal_weight,1.2575682780853428
2025-11-04,equal_weight,1.2428686329713015
2025-11-05,equal_weight,1.249297116223511
2025-11-06,equal_weight,1.238282679818588
2025-11-07,equal_weight,1.2400843322030346
2025-11-10,equal_weight,1.2540809432623274
2025-11-11,equal_weight,1.2568541439218726
2025-11-12,equal_weight,1.2577529515480297
2025-11-13,equal_weight,1.2380437730869382
2025-11-14,equal_weight,1.237757949765892
2025-11-17,equal_weight,1.2255353705630403
2025-11-18,equal_weight,1.2184517746548056
2025-11-19,equal_weight,1.2198385145516304
2025-11-20,equal_weight,1.203237622001434
2025-11-21,equal_weight,1.218617076292468
2025-11-24,equal_weight,1.2332019530809832
2025-11-25,equal_weight,1.245965705446274
2025-11-26,equal_weight,1.2549944093406094
2025-11-28,equal_weight,1.2602356977688889
2025-12-01,equal_weight,1.2524284828865884
2025-12-02,equal_weight,1.2554473833870223
2025-12-03,equal_weight,1.2633484582533565
2025-12-04,equal_weight,1.265440875971467
2025-12-05,equal_weight,1.2653615647478915
2025-12-08,equal_weight,1.2629065145393081
2025-12-09,equal_weight,1.2628256276946892
2025-12-10,equal_weight,1.27262662545482
2025-12-11,equal_weight,1.276974374066636
2025-12-12,equal_weight,1.2633412776367143
2025-12-15,equal_weight,1.2615213582830855
2025-12-16,equal_weight,1.2596214566482533
2025-12-17,equal_weight,1.2474216567257834
2025-12-18,equal_weight,1.2567751702085632
2025-12-19,equal_weight,1.265542800462797
2025-12-22,equal_weight,1.2715502147009896
2025-12-23,equal_weight,1.2738343273825408
2025-12-24,equal_weight,1.2770851927485463
2025-12-26,equal_weight,1.2763878013950802
2025-12-29,equal_weight,1.2722593129471957
2025-12-30,equal_weight,1.2696418265226572
2025-12-31,equal_weight,1.2618323490626595
2026-01-02,equal_weight,1.2669939834757222
2026-01-05,equal_weight,1.2783810489712917
2026-01-06,equal_weight,1.285761588804211
2026-01-07,equal_weight,1.2840798902276298
2026-01-08,equal_weight,1.2846897609447845
2026-01-09,equal_weight,1.2934936269719564
2026-01-12,equal_weight,1.2966566720859034
2026-01-13,equal_weight,1.294432032925507
2026-01-14,equal_weight,1.2940051243282364
2026-01-15,equal_weight,1.2973552278997635
2026-01-16,equal_weight,1.296909026629875
2026-01-20,equal_weight,1.2780467337554111
2026-01-21,equal_weight,1.2929481017010973
2026-01-22,equal_weight,1.2991566373041246
2026-01-23,equal_weight,1.2968451454287648
2026-01-26,equal_weight,1.3001052597371883
2026-01-27,equal_weight,1.3081764501667956
2026-01-28,equal_weight,1.3045264711532922
2026-01-29,equal_weight,1.3045590720085578
2026-01-30,equal_weight,1.294238609928371
2026-02-02,equal_weight,1.301068605975823
2026-02-03,equal_weight,1.2958396324847934
2026-02-04,equal_weight,1.288663284966645
2026-02-05,equal_weight,1.2749836324720043
2026-02-06,equal_weight,1.3000647371589626
2026-02-09,equal_weight,1.3086935561735904
2026-02-10,equal_weight,1.3078964488593676
2026-02-11,equal_weight,1.3083774238257428
2026-02-12,equal_weight,1.2934069129174186
2026-02-13,equal_weight,1.2987797641170125
2026-02-17,equal_weight,1.298934498093991
2026-02-18,equal_weight,1.302793215037818
2026-02-19,equal_weight,1.3012584547757968
2026-02-20,equal_weight,1.3075211226976369
2026-02-23,equal_weight,1.2975731274502955
2026-02-24,equal_weight,1.305365490583646
2026-02-25,equal_weight,1.3147858627065354
2026-02-26,equal_weight,1.312130614433692
2026-02-27,equal_weight,1.3061117973458929
2026-03-02,equal_weight,1.3020081675472037
2026-03-03,equal_weight,1.2840273878003696
2026-03-04,equal_weight,1.2949783543284663
2026-03-05,equal_weight,1.2814051944053706
2026-03-06,equal_weight,1.2659212785397556
2026-03-09,equal_weight,1.2768748783192851
2026-03-10,equal_weight,1.2759576076927233
2026-03-11,equal_weight,1.2733883995860158
2026-03-12,equal_weight,1.2549175280840454
2026-03-13,equal_weight,1.2479695214894082
2026-03-16,equal_weight,1.2613689723006425
2026-03-17,equal_weight,1.265982259365586
2026-03-18,equal_weight,1.2494300287335531
2026-03-19,equal_weight,1.2491432436029706
2026-03-20,equal_weight,1.225819900356153
2026-03-23,equal_weight,1.2429195221833431
2026-03-24,equal_weight,1.2393792520769453
2026-03-25,equal_weight,1.250261129124535
2026-03-26,equal_weight,1.228345845422051
2026-03-27,equal_weight,1.2129220724245797
2026-03-30,equal_weight,1.2092978793537055
2026-03-31,equal_weight,1.2408557653416472
2026-04-01,equal_weight,1.2508163541993875
2026-04-02,equal_weight,1.252094163992089
2026-04-06,equal_weight,1.2564423996300942
2026-04-07,equal_weight,1.2574194940889196
2026-04-08,equal_weight,1.2891948511717146
2026-04-09,equal_weight,1.293244864608566
2026-04-10,equal_weight,1.2929505884923798
2026-04-13,equal_weight,1.3041216464986694
2026-04-14,equal_weight,1.3186932046873865
2026-04-15,equal_weight,1.3238347109136883
2026-04-16,equal_weight,1.325158515354207
2026-04-17,equal_weight,1.342520025582345
2026-04-20,equal_weight,1.3413926739645898
2026-04-21,equal_weight,1.3288315202728456
2026-04-22,equal_weight,1.3392694312397055
2026-04-23,equal_weight,1.3334268012675
2026-04-24,equal_weight,1.343834762563812
2026-04-27,equal_weight,1.3433769360368615
2026-04-28,equal_weight,1.3346481794401392
2026-04-29,equal_weight,1.3306953716507655
2026-04-30,equal_weight,1.3484812870427725
2026-05-01,equal_weight,1.3528888436976736
2026-05-04,equal_weight,1.3453217122650867
2026-05-05,equal_weight,1.3594734635570547
2026-05-06,equal_weight,1.3817249060959578
2026-05-07,equal_weight,1.3702320205683796
2026-05-08,equal_weight,1.3844381026313393
2026-05-11,equal_weight,1.3855225363215136
2026-05-12,equal_weight,1.3774958093675316
2026-05-13,equal_weight,1.383970162355479
2026-05-14,equal_weight,1.388781895884554
2026-05-15,equal_weight,1.3676541757479521
2026-05-18,equal_weight,1.3670324309420887
2026-05-19,equal_weight,1.3575725270739303
2026-05-20,equal_weight,1.3780202548770404
2026-05-21,equal_weight,1.383338325101808
2026-05-22,equal_weight,1.3878708434590672
2026-05-26,equal_weight,1.40425481344953
2026-05-27,equal_weight,1.4028974159666614
2026-05-28,equal_weight,1.4089448210553703
2026-05-29,equal_weight,1.4097939033292997
2026-06-01,equal_weight,1.4094964015602671
2026-06-02,equal_weight,1.4155665518634337
2026-06-03,equal_weight,1.4058057786793623
2026-06-04,equal_weight,1.4123317527052945
2026-06-05,equal_weight,1.3727137577013013
2026-06-08,equal_weight,1.3812869461437254
2026-06-09,equal_weight,1.3790730968288227
2026-06-10,equal_weight,1.3626315215886826
2026-06-11,equal_weight,1.3947367045029717
2026-06-12,equal_weight,1.4006026959800122
2026-06-15,equal_weight,1.418603851244846
2026-06-16,equal_weight,1.4104105950633388
2026-06-17,equal_weight,1.3990376362273662
2026-06-18,equal_weight,1.417102622399552
2026-06-22,equal_weight,1.4174424435991382
2026-06-23,equal_weight,1.395931727839548
2026-06-24,equal_weight,1.3972710513478301
2026-06-25,equal_weight,1.4046451445043269
2026-06-26,equal_weight,1.3988658052721177
2026-06-29,equal_weight,1.411756628192759
2026-06-30,equal_weight,1.4197469388240418
2026-07-01,equal_weight,1.4109379534199706
2026-07-02,equal_weight,1.4080033147822806
2026-07-06,equal_weight,1.418849960958114
2026-07-07,equal_weight,1.4047323356033423
2026-07-08,equal_weight,1.399324058965196
2026-07-09,equal_weight,1.411997915725533
2026-07-10,equal_weight,1.4137961410580826
2026-07-13,equal_weight,1.3998783710963913
2026-07-14,equal_weight,1.407702001901822
2026-07-15,equal_weight,1.4118388597580562
2026-07-16,equal_weight,1.4030488676352515
2026-07-17,equal_weight,1.3936927477893368
2026-07-20,equal_weight,1.388909782172519
2026-07-21,equal_weight,1.4036546859828098
2026-07-22,equal_weight,1.399214387377135
2026-07-23,equal_weight,1.3844605699484906
2026-07-24,equal_weight,1.3828061983810553
2026-07-27,equal_weight,1.3858059168089791
2026-07-28,equal_weight,1.3851148705906355
2026-07-29,equal_weight,1.3683267772659136
2026-07-30,equal_weight,1.3932166334102307
2026-07-31,equal_weight,1.39306648942496
2026-08-03,equal_weight,1.4082762938968074
2026-08-04,equal_weight,1.4328999790028718
2026-08-05,equal_weight,1.4283219491717771
2026-08-06,equal_weight,1.4240749774473132
2026-08-07,equal_weight,1.4361698284356497
2026-08-10,equal_weight,1.4310343324901487
2026-08-11,equal_weight,1.4306491475151892
2026-08-12,equal_weight,1.436476531255598
2026-08-13,equal_weight,1.4441353063832365
2026-08-14,equal_weight,1.4437505261133772
2026-08-17,equal_weight,1.4398124162311285
2026-08-18,equal_weight,1.426395874989628
2026-08-19,equal_weight,1.4302373167292124
2026-08-20,equal_weight,1.4199364112205093
2026-08-21,equal_weight,1.4261016701348344
2026-08-24,equal_weight,1.4205271924554883
2026-08-25,equal_weight,1.4279919004084882
2026-08-26,equal_weight,1.426020262758268
2026-08-27,equal_weight,1.431704483417123
2026-08-28,equal_weight,1.423360640498666
2026-08-31,equal_weight,1.4198567844235912
2026-09-01,equal_weight,1.4075355753128023
2026-09-02,equal_weight,1.4145051200893994
2026-09-03,equal_weight,1.4253075677062657
2026-09-04,equal_weight,1.4257923594311408
2026-09-08,equal_weight,1.420857581127049
2026-09-09,equal_weight,1.4108552954479434
2026-09-10,equal_weight,1.3987070091808278
2026-09-11,equal_weight,1.4069391968774683
2026-09-14,equal_weight,1.399970566707655
2026-09-15,equal_weight,1.3933471580328411
2026-09-16,equal_weight,1.3897198320514537
2026-09-17,equal_weight,1.4034851741279775
2026-09-18,equal_weight,1.400154106367891
2026-09-21,equal_weight,1.418374513487403
2026-09-22,equal_weight,1.4233074078894552
2026-09-23,equal_weight,1.4061578835692568
2026-09-24,equal_weight,1.4033068008287408
2026-09-25,equal_weight,1.4102563103367132
2026-09-28,equal_weight,1.4002507365511487
2026-09-29,equal_weight,1.3977385876998958
2026-09-30,equal_weight,1.3946556192276733
2026-10-01,equal_weight,1.3952124470407152
2026-10-02,equal_weight,1.404928120947396
2026-10-05,equal_weight,1.4109571056712942
2026-10-06,equal_weight,1.4129458485817266
2026-10-07,equal_weight,1.4047947128220672
2026-10-08,equal_weight,1.399622982419515
2026-10-09,equal_weight,1.4058189728450148
2023-10-05,sixty_forty,1.0002113095162406
2023-10-06,sixty_forty,1.0004235765850062
2023-10-09,sixty_forty,1.0006358887015612
2023-10-10,sixty_forty,1.0008472531773451
2023-10-11,sixty_forty,1.0010591388969436
2023-10-12,sixty_forty,1.0012710694740945
2023-10-13,sixty_forty,1.0014827667886546
2023-10-16,sixty_forty,1.001694508862076
2023-10-17,sixty_forty,1.001906772704543
2023-10-18,sixty_forty,1.0021186839355778
2023-10-19,sixty_forty,1.0023298446559887
2023-10-20,sixty_forty,1.0025406521309035
2023-10-23,sixty_forty,1.0027512254600124
2023-10-24,sixty_forty,1.002962439888295
2023-10-25,sixty_forty,1.0031739774051758
2023-10-26,sixty_forty,1.003384962415953
2023-10-27,sixty_forty,1.003596190870452
2023-10-30,sixty_forty,1.003807782408746
2023-10-31,sixty_forty,1.00401969739187
2023-11-01,sixty_forty,1.0042308602723333
2023-11-02,sixty_forty,1.0044408720427493
2023-11-03,sixty_forty,1.0046502501253856
2023-11-06,sixty_forty,1.0048599509406875
2023-11-07,sixty_forty,1.0050702138884513
2023-11-08,sixty_forty,1.0052803214286612
2023-11-09,sixty_forty,1.0054902734264066
2023-11-10,sixty_forty,1.0056997505667038
2023-11-13,sixty_forty,1.005909670444409
2023-11-14,sixty_forty,1.0061193547015566
2023-11-15,sixty_forty,1.006329162531878
2023-11-16,sixty_forty,1.006538534906079
2023-11-17,sixty_forty,1.0067475514121704
2023-11-20,sixty_forty,1.0069568110784326
2023-11-21,sixty_forty,1.0071667935449984
2023-11-22,sixty_forty,1.0073772194590278
2023-11-24,sixty_forty,1.007587209630249
2023-11-27,sixty_forty,1.0077974434970924
2023-11-28,sixty_forty,1.008007801226595
2023-11-29,sixty_forty,1.0082174028395994
2023-11-30,sixty_forty,1.0084269680249747
2023-12-01,sixty_forty,1.0086356563897414
2023-12-04,sixty_forty,1.0088447081390803
2023-12-05,sixty_forty,1.0090546038865231
2023-12-06,sixty_forty,1.0092645433039424
2023-12-07,sixty_forty,1.0094741258894548
2023-12-08,sixty_forty,1.009683751996619
2023-12-11,sixty_forty,1.0098934216344728
2023-12-12,sixty_forty,1.010103735952851
2023-12-13,sixty_forty,1.0103130919791594
2023-12-14,sixty_forty,1.0105221706668115
2023-12-15,sixty_forty,1.010731693613056
2023-12-18,sixty_forty,1.0109412600020533
2023-12-19,sixty_forty,1.011151391360587
2023-12-20,sixty_forty,1.0113612454001148
2023-12-21,sixty_forty,1.011570340325794
2023-12-22,sixty_forty,1.0117793982034782
2023-12-26,sixty_forty,1.0119882985319832
2023-12-27,sixty_forty,1.0121985270588854
2023-12-28,sixty_forty,1.012408116417955
2023-12-29,sixty_forty,1.012616222523878
2024-01-02,sixty_forty,1.0128256974519123
2024-01-03,sixty_forty,1.0130360999384753
2024-01-04,sixty_forty,1.0132462647359612
2024-01-05,sixty_forty,1.0134561514537919
2024-01-08,sixty_forty,1.013666081648155
2024-01-09,sixty_forty,1.0138764575857089
2024-01-10,sixty_forty,1.01408667601405
2024-01-11,sixty_forty,1.0142966563398308
2024-01-12,sixty_forty,1.014505875148292
2024-01-16,sixty_forty,1.0147153384077388
2024-01-17,sixty_forty,1.014925328115859
2024-01-18,sixty_forty,1.0151347571441376
2024-01-19,sixty_forty,1.0153441488275172
2024-01-22,sixty_forty,1.015553664279114
2024-01-23,sixty_forty,1.0157636259707663
2024-01-24,sixty_forty,1.0159736310711653
2024-01-25,sixty_forty,1.0161830748484597
2024-01-26,sixty_forty,1.0163927634117687
2024-01-29,sixty_forty,1.0166024952441448
2024-01-30,sixty_forty,1.0168123913890879
2024-01-31,sixty_forty,1.017021725630838
2024-02-01,sixty_forty,1.017231587249064
2024-02-02,sixty_forty,1.0174418958446343
2024-02-05,sixty_forty,1.0176529746699663
2024-02-06,sixty_forty,1.0178638953658856
2024-02-07,sixty_forty,1.0180748597776306
2024-02-08,sixty_forty,1.0182856659106583
2024-02-09,sixty_forty,1.0184965965044046
2024-02-12,sixty_forty,1.0187078941382772
2024-02-13,sixty_forty,1.0189194377179578
2024-02-14,sixty_forty,1.019130418732241
2024-02-15,sixty_forty,1.0193414434329893
2024-02-16,sixty_forty,1.0195527140841638
2024-02-20,sixty_forty,1.019763623930026
2024-02-21,sixty_forty,1.0199754676882573
2024-02-22,sixty_forty,1.0201872744906417
2024-02-23,sixty_forty,1.0203994086606747
2024-02-26,sixty_forty,1.0206119918708123
2024-02-27,sixty_forty,1.0208244168621046
2024-02-28,sixty_forty,1.0210366835172915
2024-02-29,sixty_forty,1.0212483055271582
2024-03-01,sixty_forty,1.0214596471965691
2024-03-04,sixty_forty,1.0216713568706945
2024-03-05,sixty_forty,1.0218831915033222
2024-03-06,sixty_forty,1.0220952728172528
2024-03-07,sixty_forty,1.0223073170336792
2024-03-08,sixty_forty,1.0225194052408673
2024-03-11,sixty_forty,1.0227320243460032
2024-03-12,sixty_forty,1.0229446876624115
2024-03-13,sixty_forty,1.023157314019083
2024-03-14,sixty_forty,1.0233699845716608
2024-03-15,sixty_forty,1.0235826993293315
2024-03-18,sixty_forty,1.0237954583012832
2024-03-19,sixty_forty,1.024008261496706
2024-03-20,sixty_forty,1.0242207025823835
2024-03-21,sixty_forty,1.0244331877411574
2024-03-22,sixty_forty,1.0246453917500888
2024-03-25,sixty_forty,1.0248575584003947
2024-03-26,sixty_forty,1.0250697689826676
2024-03-27,sixty_forty,1.0252819014827332
2024-03-28,sixty_forty,1.0254935896495514
2024-04-01,sixty_forty,1.025705931930674
2024-04-02,sixty_forty,1.0259181146623906
2024-04-03,sixty_forty,1.0261302191630464
2024-04-04,sixty_forty,1.0263420824805372
2024-04-05,sixty_forty,1.0265544782788205
2024-04-08,sixty_forty,1.0267672439173505
2024-04-09,sixty_forty,1.0269799314093275
2024-04-10,sixty_forty,1.027193600290745
2024-04-11,sixty_forty,1.0274071098142414
2024-04-12,sixty_forty,1.027620337560429
2024-04-15,sixty_forty,1.0278339357843138
2024-04-16,sixty_forty,1.0280473744661422
2024-04-17,sixty_forty,1.0282611430378445
2024-04-18,sixty_forty,1.0284750784824606
2024-04-19,sixty_forty,1.028689140056625
2024-04-22,sixty_forty,1.028903246184477
2024-04-23,sixty_forty,1.02911739687529
2024-04-24,sixty_forty,1.0293320005276057
2024-04-25,sixty_forty,1.029546240457168
2024-04-26,sixty_forty,1.02976023899372
2024-04-29,sixty_forty,1.0299744863335798
2024-04-30,sixty_forty,1.0301888599868714
2024-05-01,sixty_forty,1.0304034826660353
2024-05-02,sixty_forty,1.0306176593865006
2024-05-03,sixty_forty,1.0308317579414408
2024-05-06,sixty_forty,1.0310461054880944
2024-05-07,sixty_forty,1.0312606203596237
2024-05-08,sixty_forty,1.0314752617023129
2024-05-09,sixty_forty,1.0316897430568857
2024-05-10,sixty_forty,1.0319043918407877
2024-05-13,sixty_forty,1.0321189624271792
2024-05-14,sixty_forty,1.0323333728599613
2024-05-15,sixty_forty,1.0325480326471639
2024-05-16,sixty_forty,1.0327628600029843
2024-05-17,sixty_forty,1.0329776090962397
2024-05-20,sixty_forty,1.0331924028436696
2024-05-21,sixty_forty,1.0334072412545594
2024-05-22,sixty_forty,1.0336223293840086
2024-05-23,sixty_forty,1.0338374622808073
2024-05-24,sixty_forty,1.0340526399542735
2024-05-28,sixty_forty,1.0342679855258756
2024-05-29,sixty_forty,1.0344834580228601
2024-05-30,sixty_forty,1.034698893314037
2024-05-31,sixty_forty,1.034914250281379
2024-06-03,sixty_forty,1.035129569941927
2024-06-04,sixty_forty,1.0353448111605608
2024-06-05,sixty_forty,1.0355600971357
2024-06-06,sixty_forty,1.0357751402223228
2024-06-07,sixty_forty,1.0359904334801624
2024-06-10,sixty_forty,1.0362055659298808
2024-06-11,sixty_forty,1.0364212364884013
2024-06-12,sixty_forty,1.0366368696858035
2024-06-13,sixty_forty,1.0368524243270687
2024-06-14,sixty_forty,1.0370680237900114
2024-06-17,sixty_forty,1.0372837915551059
2024-06-18,sixty_forty,1.0374992749196805
2024-06-20,sixty_forty,1.0377143913328755
2024-06-21,sixty_forty,1.0379291405673652
2024-06-24,sixty_forty,1.0381437282999821
2024-06-25,sixty_forty,1.038358895948569
2024-06-26,sixty_forty,1.0385743966249823
2024-06-27,sixty_forty,1.0387896535347074
2024-06-28,sixty_forty,1.039004542831439
2024-07-01,sixty_forty,1.0392196827376738
2024-07-02,sixty_forty,1.0394352795897301
2024-07-03,sixty_forty,1.0396510036584634
2024-07-05,sixty_forty,1.0398665662138191
2024-07-08,sixty_forty,1.0400818846136235
2024-07-09,sixty_forty,1.040297536508382
2024-07-10,sixty_forty,1.0405132331166773
2024-07-11,sixty_forty,1.0407278596142213
2024-07-12,sixty_forty,1.0409425303827387
2024-07-15,sixty_forty,1.0411570388904172
2024-07-16,sixty_forty,1.041371591602169
2024-07-17,sixty_forty,1.041586271189357
2024-07-18,sixty_forty,1.0418009123536194
2024-07-19,sixty_forty,1.0420155977492915
2024-07-22,sixty_forty,1.0422302033450035
2024-07-23,sixty_forty,1.0424441500392416
2024-07-24,sixty_forty,1.042658016560481
2024-07-25,sixty_forty,1.0428715131956539
2024-07-26,sixty_forty,1.0430848466428493
2024-07-29,sixty_forty,1.0432978925767606
2024-07-30,sixty_forty,1.0435104852322041
2024-07-31,sixty_forty,1.0437231212076212
2024-08-01,sixty_forty,1.0439349721411961
2024-08-02,sixty_forty,1.0441433448844064
2024-08-05,sixty_forty,1.0443530022362069
2024-08-06,sixty_forty,1.0445635305366703
2024-08-07,sixty_forty,1.0447741012769651
2024-08-08,sixty_forty,1.0449848388542706
2024-08-09,sixty_forty,1.045195287181964
2024-08-12,sixty_forty,1.045405694945616
2024-08-13,sixty_forty,1.0456153153800862
2024-08-14,sixty_forty,1.04582539278299
2024-08-15,sixty_forty,1.0460362178986862
2024-08-16,sixty_forty,1.0462468779624292
2024-08-19,sixty_forty,1.0464570822542807
2024-08-20,sixty_forty,1.0466660829878918
2024-08-21,sixty_forty,1.0468739625063497
2024-08-22,sixty_forty,1.0470827141635495
2024-08-23,sixty_forty,1.047290468670328
2024-08-26,sixty_forty,1.0474981812859718
2024-08-27,sixty_forty,1.0477046880675869
2024-08-28,sixty_forty,1.0479106950774852
2024-08-29,sixty_forty,1.0481171584410154
2024-08-30,sixty_forty,1.0483237872495537
2024-09-03,sixty_forty,1.0485305399877554
2024-09-04,sixty_forty,1.0487364181252101
2024-09-05,sixty_forty,1.0489416708308537
2024-09-06,sixty_forty,1.0491459647083312
2024-09-09,sixty_forty,1.049349757147904
2024-09-10,sixty_forty,1.0495510907239294
2024-09-11,sixty_forty,1.049754128881361
2024-09-12,sixty_forty,1.0499557483315183
2024-09-13,sixty_forty,1.0501541983014118
2024-09-16,sixty_forty,1.050351935664537
2024-09-17,sixty_forty,1.0505492934643628
2024-09-18,sixty_forty,1.0507416857163028
2024-09-19,sixty_forty,1.0509331958946502
2024-09-20,sixty_forty,1.0511227392063773
2024-09-23,sixty_forty,1.051310564820111
2024-09-24,sixty_forty,1.0514980902514028
2024-09-25,sixty_forty,1.0516853153275507
2024-09-26,sixty_forty,1.0518717808005937
2024-09-27,sixty_forty,1.0520588637049244
2024-09-30,sixty_forty,1.052246647868474
2024-10-01,sixty_forty,1.0524337974455884
2024-10-02,sixty_forty,1.0526206044467061
2024-10-03,sixty_forty,1.0528071104450978
2024-10-04,sixty_forty,1.052995320609901
2024-10-07,sixty_forty,1.053184400130781
2024-10-08,sixty_forty,1.053373638973449
2024-10-09,sixty_forty,1.0535632044215446
2024-10-10,sixty_forty,1.05375259495873
2024-10-11,sixty_forty,1.0539413922930772
2024-10-14,sixty_forty,1.0541303489336744
2024-10-15,sixty_forty,1.05431921394894
2024-10-16,sixty_forty,1.05450761074224
2024-10-17,sixty_forty,1.0546965433502442
2024-10-18,sixty_forty,1.0548854261086653
2024-10-21,sixty_forty,1.0550745520010443
2024-10-22,sixty_forty,1.0552629581710444
2024-10-23,sixty_forty,1.0554516073673668
2024-10-24,sixty_forty,1.0556395363891993
2024-10-25,sixty_forty,1.0558284623634346
2024-10-28,sixty_forty,1.0560162489918234
2024-10-29,sixty_forty,1.0562039852146656
2024-10-30,sixty_forty,1.056391042285961
2024-10-31,sixty_forty,1.0565768329712253
2024-11-01,sixty_forty,1.056021710861393
2024-11-04,sixty_forty,1.057571632502645
2024-11-05,sixty_forty,1.0658207902157202
2024-11-06,sixty_forty,1.0771326536461177
2024-11-07,sixty_forty,1.0858392183435326
2024-11-08,sixty_forty,1.0883113499728942
2024-11-11,sixty_forty,1.0886858849112484
2024-11-12,sixty_forty,1.0818480897759402
2024-11-13,sixty_forty,1.080533274668279
2024-11-14,sixty_forty,1.076256197685121
2024-11-15,sixty_forty,1.0677034154424376
2024-11-18,sixty_forty,1.0714412362742272
2024-11-19,sixty_forty,1.074888190997529
2024-11-20,sixty_forty,1.074273200548629
2024-11-21,sixty_forty,1.0778002399783302
2024-11-22,sixty_forty,1.0812069521308012
2024-11-25,sixty_forty,1.0888933330376003
2024-11-26,sixty_forty,1.0897206469653422
2024-11-27,sixty_forty,1.0899875269445147
2024-11-29,sixty_forty,1.0964025030852518
2024-12-02,sixty_forty,1.0981060220222214
2024-12-03,sixty_forty,1.0971796214918885
2024-12-04,sixty_forty,1.102798365921954
2024-12-05,sixty_forty,1.1013281634824335
2024-12-06,sixty_forty,1.104465230124677
2024-12-09,sixty_forty,1.0996679814320045
2024-12-10,sixty_forty,1.0962826869471776
2024-12-11,sixty_forty,1.1004878119529682
2024-12-12,sixty_forty,1.0944750847400417
2024-12-13,sixty_forty,1.0922327154098435
2024-12-16,sixty_forty,1.0955088892933347
2024-12-17,sixty_forty,1.0924249603699328
2024-12-18,sixty_forty,1.0683329144486855
2024-12-19,sixty_forty,1.0654019787191056
2024-12-20,sixty_forty,1.0731703245820028
2024-12-23,sixty_forty,1.0748729274775948
2024-12-24,sixty_forty,1.0817945189486464
2024-12-26,sixty_forty,1.0831303897095343
2024-12-27,sixty_forty,1.0752901587102783
2024-12-30,sixty_forty,1.0708636224640575
2024-12-31,sixty_forty,1.067973380484051
2025-01-02,sixty_forty,1.0668166730192188
2025-01-03,sixty_forty,1.0739937319015531
2025-01-06,sixty_forty,1.077606809180696
2025-01-07,sixty_forty,1.068816888080882
2025-01-08,sixty_forty,1.069757193720046
2025-01-10,sixty_forty,1.0563066134615378
2025-01-13,sixty_forty,1.05593495443225
2025-01-14,sixty_forty,1.057639686318951
2025-01-15,sixty_forty,1.0737132306763757
2025-01-16,sixty_forty,1.073904297476112
2025-01-17,sixty_forty,1.0803744470040433
2025-01-21,sixty_forty,1.0890791727427696
2025-01-22,sixty_forty,1.090729361274513
2025-01-23,sixty_forty,1.0931341720444352
2025-01-24,sixty_forty,1.0925014255437708
2025-01-27,sixty_forty,1.0861385638814223
2025-01-28,sixty_forty,1.0909890626476486
2025-01-29,sixty_forty,1.0881902640063803
2025-01-30,sixty_forty,1.093340802966058
2025-01-31,sixty_forty,1.0888254554718182
2025-02-03,sixty_forty,1.0838531001475749
2025-02-04,sixty_forty,1.0905633884878818
2025-02-05,sixty_forty,1.0966958121888184
2025-02-06,sixty_forty,1.098196942838263
2025-02-07,sixty_forty,1.090235047192521
2025-02-10,sixty_forty,1.0948109724429833
2025-02-11,sixty_forty,1.0937720594303573
2025-02-12,sixty_forty,1.089016058826744
2025-02-13,sixty_forty,1.0996374777350155
2025-02-14,sixty_forty,1.1018077607305294
2025-02-18,sixty_forty,1.1018845853185784
2025-02-19,sixty_forty,1.1026146214064174
2025-02-20,sixty_forty,1.1009835482242032
2025-02-21,sixty_forty,1.0918707602417088
2025-02-24,sixty_forty,1.0894061665099792
2025-02-25,sixty_forty,1.090214210983724
2025-02-26,sixty_forty,1.092008144837482
2025-02-27,sixty_forty,1.080698343683649
2025-02-28,sixty_forty,1.0917377232866528
2025-03-03,sixty_forty,1.0831734070193377
2025-03-04,sixty_forty,1.075630582712042
2025-03-05,sixty_forty,1.081197182645931
2025-03-06,sixty_forty,1.0694170201983701
2025-03-07,sixty_forty,1.0727693054642427
2025-03-10,sixty_forty,1.0580789775964072
2025-03-11,sixty_forty,1.0526598239354918
2025-03-12,sixty_forty,1.054987967743088
2025-03-13,sixty_forty,1.0484190202511479
2025-03-14,sixty_forty,1.0599969353215255
2025-03-17,sixty_forty,1.0657417482285054
2025-03-18,sixty_forty,1.059870212443853
2025-03-19,sixty_forty,1.067959028091527
2025-03-20,sixty_forty,1.0660653571445022
2025-03-21,sixty_forty,1.065174357776449
2025-03-24,sixty_forty,1.0734766319204796
2025-03-25,sixty_forty,1.0756386198883283
2025-03-26,sixty_forty,1.0665183013270914
2025-03-27,sixty_forty,1.0644473613299488
2025-03-28,sixty_forty,1.0554630431510315
2025-03-31,sixty_forty,1.0585368154840349
2025-04-01,sixty_forty,1.0618816930603363
2025-04-02,sixty_forty,1.065967726523991
2025-04-03,sixty_forty,1.0393450792518986
2025-04-04,sixty_forty,1.004979059690357
2025-04-07,sixty_forty,0.9971828773547902
2025-04-08,sixty_forty,0.9860267586978445
2025-04-09,sixty_forty,1.0417914107209416
2025-04-10,sixty_forty,1.0138252348222656
2025-04-11,sixty_forty,1.0223932447004793
2025-04-14,sixty_forty,1.0316209120498512
2025-04-15,sixty_forty,1.0325051251520478
2025-04-16,sixty_forty,1.0223107181957392
2025-04-17,sixty_forty,1.0229527130752931
2025-04-21,sixty_forty,1.0078412592496602
2025-04-22,sixty_forty,1.0231019066880909
2025-04-23,sixty_forty,1.0325146530323108
2025-04-24,sixty_forty,1.0475374991147153
2025-04-25,sixty_forty,1.0532440401801668
2025-04-28,sixty_forty,1.0558477660592924
2025-04-29,sixty_forty,1.0609667516686938
2025-04-30,sixty_forty,1.0612692804246766
2025-05-01,sixty_forty,1.063499299777605
2025-05-02,sixty_forty,1.070965109776523
2025-05-05,sixty_forty,1.0668731298644714
2025-05-06,sixty_forty,1.0628139430242924
2025-05-07,sixty_forty,1.0659894368599447
2025-05-08,sixty_forty,1.0675083624020378
2025-05-09,sixty_forty,1.0674437918047137
2025-05-12,sixty_forty,1.0848210530829026
2025-05-13,sixty_forty,1.0889479170806795
2025-05-14,sixty_forty,1.0873908904209333
2025-05-15,sixty_forty,1.0936597561447823
2025-05-16,sixty_forty,1.0977648973213434
2025-05-19,sixty_forty,1.0984887947803497
2025-05-20,sixty_forty,1.0965660909226151
2025-05-21,sixty_forty,1.0824329271834532
2025-05-22,sixty_forty,1.0842656027163675
2025-05-23,sixty_forty,1.0816073484798925
2025-05-27,sixty_forty,1.0972149908731001
2025-05-28,sixty_forty,1.0914532481096018
2025-05-29,sixty_forty,1.0956587191884208
2025-05-30,sixty_forty,1.0960140628233725
2025-06-02,sixty_forty,1.098719745144023
2025-06-03,sixty_forty,1.1020046224080762
2025-06-04,sixty_forty,1.1054362771030168
2025-06-05,sixty_forty,1.101416595979169
2025-06-06,sixty_forty,1.1046029386459992
2025-06-09,sixty_forty,1.1064195471867613
2025-06-10,sixty_forty,1.1106880427710766
2025-06-11,sixty_forty,1.110549484225813
2025-06-12,sixty_forty,1.1146750340268765
2025-06-13,sixty_forty,1.1047629046828882
2025-06-16,sixty_forty,1.1098876485572886
2025-06-17,sixty_forty,1.1058023714320844
2025-06-18,sixty_forty,1.1065209586187923
2025-06-20,sixty_forty,1.1046542702888418
2025-06-23,sixty_forty,1.1127756788916197
2025-06-24,sixty_forty,1.1222335837593966
2025-06-25,sixty_forty,1.1215759625405288
2025-06-26,sixty_forty,1.1294501296163528
2025-06-27,sixty_forty,1.1314924163251021
2025-06-30,sixty_forty,1.1361064148779323
2025-07-01,sixty_forty,1.135132294057166
2025-07-02,sixty_forty,1.1380335423869423
2025-07-03,sixty_forty,1.141534387375518
2025-07-07,sixty_forty,1.1341140457495158
2025-07-08,sixty_forty,1.1343187589203396
2025-07-09,sixty_forty,1.1413303925384388
2025-07-10,sixty_forty,1.1426236886263248
2025-07-11,sixty_forty,1.1369314669568416
2025-07-14,sixty_forty,1.1384109124682877
2025-07-15,sixty_forty,1.1324501994299447
2025-07-16,sixty_forty,1.1363658542695656
2025-07-17,sixty_forty,1.1408567949474933
2025-07-18,sixty_forty,1.1409188489496156
2025-07-21,sixty_forty,1.143854862466881
2025-07-22,sixty_forty,1.145857818548286
2025-07-23,sixty_forty,1.1515911419870863
2025-07-24,sixty_forty,1.1495813017667986
2025-07-25,sixty_forty,1.1529826309402798
2025-07-28,sixty_forty,1.1507809813132015
2025-07-29,sixty_forty,1.1517294338983388
2025-07-30,sixty_forty,1.1487391196282428
2025-07-31,sixty_forty,1.1453954189939068
2025-08-01,sixty_forty,1.1396873294545005
2025-08-04,sixty_forty,1.1513478955550795
2025-08-05,sixty_forty,1.148529933723402
2025-08-06,sixty_forty,1.153092769467434
2025-08-07,sixty_forty,1.1530757989670348
2025-08-08,sixty_forty,1.1570193242120375
2025-08-11,sixty_forty,1.1556567998475156
2025-08-12,sixty_forty,1.1647826728057502
2025-08-13,sixty_forty,1.1700933630536081
2025-08-14,sixty_forty,1.1675538913233818
2025-08-15,sixty_forty,1.1652693638494538
2025-08-18,sixty_forty,1.1649124916516764
2025-08-19,sixty_forty,1.1618129412076013
2025-08-20,sixty_forty,1.1607741810036662
2025-08-21,sixty_forty,1.156896707398912
2025-08-22,sixty_forty,1.1721039721938777
2025-08-25,sixty_forty,1.166946045139071
2025-08-26,sixty_forty,1.1710155440831338
2025-08-27,sixty_forty,1.1734671276713453
2025-08-28,sixty_forty,1.1770817465783643
2025-08-29,sixty_forty,1.1721054394675754
2025-09-02,sixty_forty,1.165330270408547
2025-09-03,sixty_forty,1.17012131227102
2025-09-04,sixty_forty,1.1783804177292214
2025-09-05,sixty_forty,1.1801622415516837
2025-09-08,sixty_forty,1.1841177556803917
2025-09-09,sixty_forty,1.1835821597965366
2025-09-10,sixty_forty,1.1860887363049444
2025-09-11,sixty_forty,1.1935225809628687
2025-09-12,sixty_forty,1.1912163356018808
2025-09-15,sixty_forty,1.1961016850111281
2025-09-16,sixty_forty,1.1953093231568233
2025-09-17,sixty_forty,1.193428834922572
2025-09-18,sixty_forty,1.1971314120788783
2025-09-19,sixty_forty,1.1989494064499515
2025-09-22,sixty_forty,1.201675546001908
2025-09-23,sixty_forty,1.1994550495966276
2025-09-24,sixty_forty,1.1951481758063989
2025-09-25,sixty_forty,1.1902081968416574
2025-09-26,sixty_forty,1.1943439259682018
2025-09-29,sixty_forty,1.197849268504517
2025-09-30,sixty_forty,1.2001439411151735
2025-10-01,sixty_forty,1.2046062346126833
2025-10-02,sixty_forty,1.2066254689184024
2025-10-03,sixty_forty,1.206603428346542
2025-10-06,sixty_forty,1.2080503960780504
2025-10-07,sixty_forty,1.2054423581680145
2025-10-08,sixty_forty,1.2104274912949742
2025-10-09,sixty_forty,1.207381856722526
2025-10-10,sixty_forty,1.1905733058344066
2025-10-13,sixty_forty,1.2025348079856717
2025-10-14,sixty_forty,1.2041795525615795
2025-10-15,sixty_forty,1.2074999456183033
2025-10-16,sixty_forty,1.2048576396565378
2025-10-17,sixty_forty,1.2068847854644258
2025-10-20,sixty_forty,1.2157664414510296
2025-10-21,sixty_forty,1.2156522108482417
2025-10-22,sixty_forty,1.2111240828764918
2025-10-23,sixty_forty,1.2144536624866078
2025-10-24,sixty_forty,1.2208531379825887
2025-10-27,sixty_forty,1.2289267926154113
2025-10-28,sixty_forty,1.2308532124848475
2025-10-29,sixty_forty,1.2271617582677297
2025-10-30,sixty_forty,1.2187018398176417
2025-10-31,sixty_forty,1.2211888813418594
2025-11-03,sixty_forty,1.2220465680354997
2025-11-04,sixty_forty,1.2129631273464594
2025-11-05,sixty_forty,1.2144985257321768
2025-11-06,sixty_forty,1.2086653855114844
2025-11-07,sixty_forty,1.209811282303746
2025-11-10,sixty_forty,1.2200375998219284
2025-11-11,sixty_forty,1.223132103890997
2025-11-12,sixty_forty,1.223734262626901
2025-11-13,sixty_forty,1.2094082710829488
2025-11-14,sixty_forty,1.2085745997462307
2025-11-17,sixty_forty,1.2013482138557443
2025-11-18,sixty_forty,1.1963968097560902
2025-11-19,sixty_forty,1.198070665184478
2025-11-20,sixty_forty,1.1876435213402818
2025-11-21,sixty_forty,1.1978507280561048
2025-11-24,sixty_forty,1.2089904239306564
2025-11-25,sixty_forty,1.217929754555592
2025-11-26,sixty_forty,1.2239698799804337
2025-11-28,sixty_forty,1.2271615987091797
2025-12-01,sixty_forty,1.220559950625809
2025-12-02,sixty_forty,1.2226308936155905
2025-12-03,sixty_forty,1.2274506190249115
2025-12-04,sixty_forty,1.227166981374465
2025-12-05,sixty_forty,1.2270771786959527
2025-12-08,sixty_forty,1.2242060353259743
2025-12-09,sixty_forty,1.223237821094485
2025-12-10,sixty_forty,1.2304354279897092
2025-12-11,sixty_forty,1.2328467778010848
2025-12-12,sixty_forty,1.2228922847211205
2025-12-15,sixty_forty,1.2220215873186073
2025-12-16,sixty_forty,1.2214281309752262
2025-12-17,sixty_forty,1.2129132293929332
2025-12-18,sixty_forty,1.2200358939240858
2025-12-19,sixty_forty,1.2256349426700948
2025-12-22,sixty_forty,1.2297076403906733
2025-12-23,sixty_forty,1.2321582541582978
2025-12-24,sixty_forty,1.235721340526973
2025-12-26,sixty_forty,1.2358327244470757
2025-12-29,sixty_forty,1.2336069743579363
2025-12-30,sixty_forty,1.2318306794768303
2025-12-31,sixty_forty,1.2248896788791725
2026-01-02,sixty_forty,1.226976554347319
2026-01-05,sixty_forty,1.234610743825604
2026-01-06,sixty_forty,1.239143827378155
2026-01-07,sixty_forty,1.2380321770757834
2026-01-08,sixty_forty,1.2369526774329818
2026-01-09,sixty_forty,1.242992764248738
2026-01-12,sixty_forty,1.2441554974189375
2026-01-13,sixty_forty,1.2431160899652365
2026-01-14,sixty_forty,1.2417882338265367
2026-01-15,sixty_forty,1.2431437588607261
2026-01-16,sixty_forty,1.2410774613122748
2026-01-20,sixty_forty,1.2249417990064686
2026-01-21,sixty_forty,1.2354978731924928
2026-01-22,sixty_forty,1.2396026513137797
2026-01-23,sixty_forty,1.2396871527420799
2026-01-26,sixty_forty,1.2434308384659822
2026-01-27,sixty_forty,1.2472203773351502
2026-01-28,sixty_forty,1.2456596335233352
2026-01-29,sixty_forty,1.2452697846690695
2026-01-30,sixty_forty,1.2404435322288816
2026-02-02,sixty_forty,1.2439008003508634
2026-02-03,sixty_forty,1.2391194692459664
2026-02-04,sixty_forty,1.234754155949736
2026-02-05,sixty_forty,1.227717681611923
2026-02-06,sixty_forty,1.2434618557034316
2026-02-09,sixty_forty,1.248284147882811
2026-02-10,sixty_forty,1.2487636547996228
2026-02-11,sixty_forty,1.2476485429383817
2026-02-12,sixty_forty,1.239067056687444
2026-02-13,sixty_forty,1.2427163416767213
2026-02-17,sixty_forty,1.2433780287200686
2026-02-18,sixty_forty,1.2457899991772294
2026-02-19,sixty_forty,1.2446126731766651
2026-02-20,sixty_forty,1.2495599722233997
2026-02-23,sixty_forty,1.2437126455913348
2026-02-24,sixty_forty,1.249066369887809
2026-02-25,sixty_forty,1.2551792686779846
2026-02-26,sixty_forty,1.2531670171606581
2026-02-27,sixty_forty,1.2509697096349002
2026-03-02,sixty_forty,1.247325117281373
2026-03-03,sixty_forty,1.2374475064953026
2026-03-04,sixty_forty,1.24299588055142
2026-03-05,sixty_forty,1.2350633228289647
2026-03-06,sixty_forty,1.2244525079326671
2026-03-09,sixty_forty,1.2328025620999008
2026-03-10,sixty_forty,1.2305222483638527
2026-03-11,sixty_forty,1.2273033051692774
2026-03-12,sixty_forty,1.2138567633406074
2026-03-13,sixty_forty,1.2089261764715302
2026-03-16,sixty_forty,1.2191287498841568
2026-03-17,sixty_forty,1.222395780190252
2026-03-18,sixty_forty,1.2095565558268062
2026-03-19,sixty_forty,1.208434826887276
2026-03-20,sixty_forty,1.1915755714396883
2026-03-23,sixty_forty,1.2024567461786706
2026-03-24,sixty_forty,1.1986200567457928
2026-03-25,sixty_forty,1.206446456030312
2026-03-26,sixty_forty,1.1890269090313452
2026-03-27,sixty_forty,1.1774629227279647
2026-03-30,sixty_forty,1.1778861826424025
2026-03-31,sixty_forty,1.199849483379338
2026-04-01,sixty_forty,1.205639037761271
2026-04-02,sixty_forty,1.2073417173679346
2026-04-06,sixty_forty,1.2095829794224167
2026-04-07,sixty_forty,1.2110895687893442
2026-04-08,sixty_forty,1.232484697516914
2026-04-09,sixty_forty,1.2360510158827474
2026-04-10,sixty_forty,1.2350039349484503
2026-04-13,sixty_forty,1.2435536806837406
2026-04-14,sixty_forty,1.2546737398533303
2026-04-15,sixty_forty,1.2587987312086464
2026-04-16,sixty_forty,1.259560105115182
2026-04-17,sixty_forty,1.27253820112056
2026-04-20,sixty_forty,1.2709243934316539
2026-04-21,sixty_forty,1.2622667808507337
2026-04-22,sixty_forty,1.2704163052012005
2026-04-23,sixty_forty,1.2662120528896679
2026-04-24,sixty_forty,1.2737266927212998
2026-04-27,sixty_forty,1.273403645246543
2026-04-28,sixty_forty,1.2680842266702583
2026-04-29,sixty_forty,1.2648439330100987
2026-04-30,sixty_forty,1.275662008928616
2026-05-01,sixty_forty,1.2785755567292179
2026-05-04,sixty_forty,1.2730559097571577
2026-05-05,sixty_forty,1.2815503697815858
2026-05-06,sixty_forty,1.296623842898965
2026-05-07,sixty_forty,1.2903681023114604
2026-05-08,sixty_forty,1.2995400099337808
2026-05-11,sixty_forty,1.2994356592724075
2026-05-12,sixty_forty,1.2948051610168394
2026-05-13,sixty_forty,1.2992872184903734
2026-05-14,sixty_forty,1.3039987012087768
2026-05-15,sixty_forty,1.2886465617680896
2026-05-18,sixty_forty,1.287963147527759
2026-05-19,sixty_forty,1.2804538826948508
2026-05-20,sixty_forty,1.2941768169053316
2026-05-21,sixty_forty,1.2969914025932237
2026-05-22,sixty_forty,1.30050605550878
2026-05-26,sixty_forty,1.3103942128394184
2026-05-27,sixty_forty,1.3100696685137578
2026-05-28,sixty_forty,1.3154127913626217
2026-05-29,sixty_forty,1.317286975708185
2026-06-01,sixty_forty,1.3176602139352658
2026-06-02,sixty_forty,1.3204746845008588
2026-06-03,sixty_forty,1.3132274181380885
2026-06-04,sixty_forty,1.3174709888172564
2026-06-05,sixty_forty,1.291479048209991
2026-06-08,sixty_forty,1.2946511133962262
2026-06-09,sixty_forty,1.2939174046079591
2026-06-10,sixty_forty,1.281645856300779
2026-06-11,sixty_forty,1.30182151278276
2026-06-12,sixty_forty,1.3052135083905267
2026-06-15,sixty_forty,1.3188631145866123
2026-06-16,sixty_forty,1.3148237010836517
2026-06-17,sixty_forty,1.3035220534213594
2026-06-18,sixty_forty,1.3151979401903946
2026-06-22,sixty_forty,1.3122605355360097
2026-06-23,sixty_forty,1.2998417107249172
2026-06-24,sixty_forty,1.3029067888196904
2026-06-25,sixty_forty,1.3060998721040853
2026-06-26,sixty_forty,1.3023357021359674
2026-06-29,sixty_forty,1.3134647103906238
2026-06-30,sixty_forty,1.3170188462001424
2026-07-01,sixty_forty,1.312610499401605
2026-07-02,sixty_forty,1.3115443048713726
2026-07-06,sixty_forty,1.319000597188331
2026-07-07,sixty_forty,1.3102946412399314
2026-07-08,sixty_forty,1.3063781723804684
2026-07-09,sixty_forty,1.3149410608499246
2026-07-10,sixty_forty,1.317027314145625
2026-07-13,sixty_forty,1.3077382342800918
2026-07-14,sixty_forty,1.3129347864700562
2026-07-15,sixty_forty,1.3170361834084174
2026-07-16,sixty_forty,1.3116316251137876
2026-07-17,sixty_forty,1.3049293756905178
2026-07-20,sixty_forty,1.3013463049444143
2026-07-21,sixty_forty,1.3084801647259108
2026-07-22,sixty_forty,1.3056155686694686
2026-07-23,sixty_forty,1.2944618285591751
2026-07-24,sixty_forty,1.2952263920789187
2026-07-27,sixty_forty,1.2974138106244446
2026-07-28,sixty_forty,1.2995408491667364
2026-07-29,sixty_forty,1.2858317434493112
2026-07-30,sixty_forty,1.3009115864837608
2026-07-31,sixty_forty,1.3027882277273717
2026-08-03,sixty_forty,1.3146208400572894
2026-08-04,sixty_forty,1.3322133708280472
2026-08-05,sixty_forty,1.330181382650256
2026-08-06,sixty_forty,1.3264489408502826
2026-08-07,sixty_forty,1.3339693711452933
2026-08-10,sixty_forty,1.3303027708591102
2026-08-11,sixty_forty,1.3292736880784257
2026-08-12,sixty_forty,1.3326280407355122
2026-08-13,sixty_forty,1.3397337680205654
2026-08-14,sixty_forty,1.3374958495615887
2026-08-17,sixty_forty,1.3332036200600497
2026-08-18,sixty_forty,1.3264347680858337
2026-08-19,sixty_forty,1.3306856818621655
2026-08-20,sixty_forty,1.321950183780635
2026-08-21,sixty_forty,1.3248232717103108
2026-08-24,sixty_forty,1.3226843885944386
2026-08-25,sixty_forty,1.3287788748447316
2026-08-26,sixty_forty,1.3273667232165764
2026-08-27,sixty_forty,1.3316139322730631
2026-08-28,sixty_forty,1.3262114685167465
2026-08-31,sixty_forty,1.3232716363450117
2026-09-01,sixty_forty,1.3149263137495564
2026-09-02,sixty_forty,1.319422114836568
2026-09-03,sixty_forty,1.3278706716331967
2026-09-04,sixty_forty,1.3261642494436738
2026-09-08,sixty_forty,1.3217654246395947
2026-09-09,sixty_forty,1.3153650147677947
2026-09-10,sixty_forty,1.3055259990155368
2026-09-11,sixty_forty,1.3109974021365385
2026-09-14,sixty_forty,1.3064846000695018
2026-09-15,sixty_forty,1.3018905390715771
2026-09-16,sixty_forty,1.2984109164535027
2026-09-17,sixty_forty,1.3100916117296781
2026-09-18,sixty_forty,1.3074774545245123
2026-09-21,sixty_forty,1.3216290124653547
2026-09-22,sixty_forty,1.323143492613579
2026-09-23,sixty_forty,1.3099740172690622
2026-09-24,sixty_forty,1.306343296674642
2026-09-25,sixty_forty,1.3123879271528818
2026-09-28,sixty_forty,1.303724579017742
2026-09-29,sixty_forty,1.301748280298771
2026-09-30,sixty_forty,1.2992163864996484
2026-10-01,sixty_forty,1.3015823361527195
2026-10-02,sixty_forty,1.3065975260175489
2026-10-05,sixty_forty,1.3107880393226614
2026-10-06,sixty_forty,1.314845948104577
2026-10-07,sixty_forty,1.311152103223027
2026-10-08,sixty_forty,1.3093274020099914
2026-10-09,sixty_forty,1.3136462395975248
2023-10-05,inverse_vol,1.0002113095162406
2023-10-06,inverse_vol,1.0004235765850062
2023-10-09,inverse_vol,1.0006358887015612
2023-10-10,inverse_vol,1.0008472531773451
2023-10-11,inverse_vol,1.0010591388969436
2023-10-12,inverse_vol,1.0012710694740945
2023-10-13,inverse_vol,1.0014827667886546
2023-10-16,inverse_vol,1.001694508862076
2023-10-17,inverse_vol,1.001906772704543
2023-10-18,inverse_vol,1.0021186839355778
2023-10-19,inverse_vol,1.0023298446559887
2023-10-20,inverse_vol,1.0025406521309035
2023-10-23,inverse_vol,1.0027512254600124
2023-10-24,inverse_vol,1.002962439888295
2023-10-25,inverse_vol,1.0031739774051758
2023-10-26,inverse_vol,1.003384962415953
2023-10-27,inverse_vol,1.003596190870452
2023-10-30,inverse_vol,1.003807782408746
2023-10-31,inverse_vol,1.00401969739187
2023-11-01,inverse_vol,1.0042308602723333
2023-11-02,inverse_vol,1.0044408720427493
2023-11-03,inverse_vol,1.0046502501253856
2023-11-06,inverse_vol,1.0048599509406875
2023-11-07,inverse_vol,1.0050702138884513
2023-11-08,inverse_vol,1.0052803214286612
2023-11-09,inverse_vol,1.0054902734264066
2023-11-10,inverse_vol,1.0056997505667038
2023-11-13,inverse_vol,1.005909670444409
2023-11-14,inverse_vol,1.0061193547015566
2023-11-15,inverse_vol,1.006329162531878
2023-11-16,inverse_vol,1.006538534906079
2023-11-17,inverse_vol,1.0067475514121704
2023-11-20,inverse_vol,1.0069568110784326
2023-11-21,inverse_vol,1.0071667935449984
2023-11-22,inverse_vol,1.0073772194590278
2023-11-24,inverse_vol,1.007587209630249
2023-11-27,inverse_vol,1.0077974434970924
2023-11-28,inverse_vol,1.008007801226595
2023-11-29,inverse_vol,1.0082174028395994
2023-11-30,inverse_vol,1.0084269680249747
2023-12-01,inverse_vol,1.0086356563897414
2023-12-04,inverse_vol,1.0088447081390803
2023-12-05,inverse_vol,1.0090546038865231
2023-12-06,inverse_vol,1.0092645433039424
2023-12-07,inverse_vol,1.0094741258894548
2023-12-08,inverse_vol,1.009683751996619
2023-12-11,inverse_vol,1.0098934216344728
2023-12-12,inverse_vol,1.010103735952851
2023-12-13,inverse_vol,1.0103130919791594
2023-12-14,inverse_vol,1.0105221706668115
2023-12-15,inverse_vol,1.010731693613056
2023-12-18,inverse_vol,1.0109412600020533
2023-12-19,inverse_vol,1.011151391360587
2023-12-20,inverse_vol,1.0113612454001148
2023-12-21,inverse_vol,1.011570340325794
2023-12-22,inverse_vol,1.0117793982034782
2023-12-26,inverse_vol,1.0119882985319832
2023-12-27,inverse_vol,1.0121985270588854
2023-12-28,inverse_vol,1.012408116417955
2023-12-29,inverse_vol,1.012616222523878
2024-01-02,inverse_vol,1.0128256974519123
2024-01-03,inverse_vol,1.0130360999384753
2024-01-04,inverse_vol,1.0132462647359612
2024-01-05,inverse_vol,1.0134561514537919
2024-01-08,inverse_vol,1.013666081648155
2024-01-09,inverse_vol,1.0138764575857089
2024-01-10,inverse_vol,1.01408667601405
2024-01-11,inverse_vol,1.0142966563398308
2024-01-12,inverse_vol,1.014505875148292
2024-01-16,inverse_vol,1.0147153384077388
2024-01-17,inverse_vol,1.014925328115859
2024-01-18,inverse_vol,1.0151347571441376
2024-01-19,inverse_vol,1.0153441488275172
2024-01-22,inverse_vol,1.015553664279114
2024-01-23,inverse_vol,1.0157636259707663
2024-01-24,inverse_vol,1.0159736310711653
2024-01-25,inverse_vol,1.0161830748484597
2024-01-26,inverse_vol,1.0163927634117687
2024-01-29,inverse_vol,1.0166024952441448
2024-01-30,inverse_vol,1.0168123913890879
2024-01-31,inverse_vol,1.017021725630838
2024-02-01,inverse_vol,1.017231587249064
2024-02-02,inverse_vol,1.0174418958446343
2024-02-05,inverse_vol,1.0176529746699663
2024-02-06,inverse_vol,1.0178638953658856
2024-02-07,inverse_vol,1.0180748597776306
2024-02-08,inverse_vol,1.0182856659106583
2024-02-09,inverse_vol,1.0184965965044046
2024-02-12,inverse_vol,1.0187078941382772
2024-02-13,inverse_vol,1.0189194377179578
2024-02-14,inverse_vol,1.019130418732241
2024-02-15,inverse_vol,1.0193414434329893
2024-02-16,inverse_vol,1.0195527140841638
2024-02-20,inverse_vol,1.019763623930026
2024-02-21,inverse_vol,1.0199754676882573
2024-02-22,inverse_vol,1.0201872744906417
2024-02-23,inverse_vol,1.0203994086606747
2024-02-26,inverse_vol,1.0206119918708123
2024-02-27,inverse_vol,1.0208244168621046
2024-02-28,inverse_vol,1.0210366835172915
2024-02-29,inverse_vol,1.0212483055271582
2024-03-01,inverse_vol,1.0214596471965691
2024-03-04,inverse_vol,1.0216713568706945
2024-03-05,inverse_vol,1.0218831915033222
2024-03-06,inverse_vol,1.0220952728172528
2024-03-07,inverse_vol,1.0223073170336792
2024-03-08,inverse_vol,1.0225194052408673
2024-03-11,inverse_vol,1.0227320243460032
2024-03-12,inverse_vol,1.0229446876624115
2024-03-13,inverse_vol,1.023157314019083
2024-03-14,inverse_vol,1.0233699845716608
2024-03-15,inverse_vol,1.0235826993293315
2024-03-18,inverse_vol,1.0237954583012832
2024-03-19,inverse_vol,1.024008261496706
2024-03-20,inverse_vol,1.0242207025823835
2024-03-21,inverse_vol,1.0244331877411574
2024-03-22,inverse_vol,1.0246453917500888
2024-03-25,inverse_vol,1.0248575584003947
2024-03-26,inverse_vol,1.0250697689826676
2024-03-27,inverse_vol,1.0252819014827332
2024-03-28,inverse_vol,1.0254935896495514
2024-04-01,inverse_vol,1.025705931930674
2024-04-02,inverse_vol,1.0259181146623906
2024-04-03,inverse_vol,1.0261302191630464
2024-04-04,inverse_vol,1.0263420824805372
2024-04-05,inverse_vol,1.0265544782788205
2024-04-08,inverse_vol,1.0267672439173505
2024-04-09,inverse_vol,1.0269799314093275
2024-04-10,inverse_vol,1.027193600290745
2024-04-11,inverse_vol,1.0274071098142414
2024-04-12,inverse_vol,1.027620337560429
2024-04-15,inverse_vol,1.0278339357843138
2024-04-16,inverse_vol,1.0280473744661422
2024-04-17,inverse_vol,1.0282611430378445
2024-04-18,inverse_vol,1.0284750784824606
2024-04-19,inverse_vol,1.028689140056625
2024-04-22,inverse_vol,1.028903246184477
2024-04-23,inverse_vol,1.02911739687529
2024-04-24,inverse_vol,1.0293320005276057
2024-04-25,inverse_vol,1.029546240457168
2024-04-26,inverse_vol,1.02976023899372
2024-04-29,inverse_vol,1.0299744863335798
2024-04-30,inverse_vol,1.0301888599868714
2024-05-01,inverse_vol,1.0304034826660353
2024-05-02,inverse_vol,1.0306176593865006
2024-05-03,inverse_vol,1.0308317579414408
2024-05-06,inverse_vol,1.0310461054880944
2024-05-07,inverse_vol,1.0312606203596237
2024-05-08,inverse_vol,1.0314752617023129
2024-05-09,inverse_vol,1.0316897430568857
2024-05-10,inverse_vol,1.0319043918407877
2024-05-13,inverse_vol,1.0321189624271792
2024-05-14,inverse_vol,1.0323333728599613
2024-05-15,inverse_vol,1.0325480326471639
2024-05-16,inverse_vol,1.0327628600029843
2024-05-17,inverse_vol,1.0329776090962397
2024-05-20,inverse_vol,1.0331924028436696
2024-05-21,inverse_vol,1.0334072412545594
2024-05-22,inverse_vol,1.0336223293840086
2024-05-23,inverse_vol,1.0338374622808073
2024-05-24,inverse_vol,1.0340526399542735
2024-05-28,inverse_vol,1.0342679855258756
2024-05-29,inverse_vol,1.0344834580228601
2024-05-30,inverse_vol,1.034698893314037
2024-05-31,inverse_vol,1.034914250281379
2024-06-03,inverse_vol,1.035129569941927
2024-06-04,inverse_vol,1.0353448111605608
2024-06-05,inverse_vol,1.0355600971357
2024-06-06,inverse_vol,1.0357751402223228
2024-06-07,inverse_vol,1.0359904334801624
2024-06-10,inverse_vol,1.0362055659298808
2024-06-11,inverse_vol,1.0364212364884013
2024-06-12,inverse_vol,1.0366368696858035
2024-06-13,inverse_vol,1.0368524243270687
2024-06-14,inverse_vol,1.0370680237900114
2024-06-17,inverse_vol,1.0372837915551059
2024-06-18,inverse_vol,1.0374992749196805
2024-06-20,inverse_vol,1.0377143913328755
2024-06-21,inverse_vol,1.0379291405673652
2024-06-24,inverse_vol,1.0381437282999821
2024-06-25,inverse_vol,1.038358895948569
2024-06-26,inverse_vol,1.0385743966249823
2024-06-27,inverse_vol,1.0387896535347074
2024-06-28,inverse_vol,1.039004542831439
2024-07-01,inverse_vol,1.0392196827376738
2024-07-02,inverse_vol,1.0394352795897301
2024-07-03,inverse_vol,1.0396510036584634
2024-07-05,inverse_vol,1.0398665662138191
2024-07-08,inverse_vol,1.0400818846136235
2024-07-09,inverse_vol,1.040297536508382
2024-07-10,inverse_vol,1.0405132331166773
2024-07-11,inverse_vol,1.0407278596142213
2024-07-12,inverse_vol,1.0409425303827387
2024-07-15,inverse_vol,1.0411570388904172
2024-07-16,inverse_vol,1.041371591602169
2024-07-17,inverse_vol,1.041586271189357
2024-07-18,inverse_vol,1.0418009123536194
2024-07-19,inverse_vol,1.0420155977492915
2024-07-22,inverse_vol,1.0422302033450035
2024-07-23,inverse_vol,1.0424441500392416
2024-07-24,inverse_vol,1.042658016560481
2024-07-25,inverse_vol,1.0428715131956539
2024-07-26,inverse_vol,1.0430848466428493
2024-07-29,inverse_vol,1.0432978925767606
2024-07-30,inverse_vol,1.0435104852322041
2024-07-31,inverse_vol,1.0437231212076212
2024-08-01,inverse_vol,1.0439349721411961
2024-08-02,inverse_vol,1.0441433448844064
2024-08-05,inverse_vol,1.0443530022362069
2024-08-06,inverse_vol,1.0445635305366703
2024-08-07,inverse_vol,1.0447741012769651
2024-08-08,inverse_vol,1.0449848388542706
2024-08-09,inverse_vol,1.045195287181964
2024-08-12,inverse_vol,1.045405694945616
2024-08-13,inverse_vol,1.0456153153800862
2024-08-14,inverse_vol,1.04582539278299
2024-08-15,inverse_vol,1.0460362178986862
2024-08-16,inverse_vol,1.0462468779624292
2024-08-19,inverse_vol,1.0464570822542807
2024-08-20,inverse_vol,1.0466660829878918
2024-08-21,inverse_vol,1.0468739625063497
2024-08-22,inverse_vol,1.0470827141635495
2024-08-23,inverse_vol,1.047290468670328
2024-08-26,inverse_vol,1.0474981812859718
2024-08-27,inverse_vol,1.0477046880675869
2024-08-28,inverse_vol,1.0479106950774852
2024-08-29,inverse_vol,1.0481171584410154
2024-08-30,inverse_vol,1.0483237872495537
2024-09-03,inverse_vol,1.0485305399877554
2024-09-04,inverse_vol,1.0487364181252101
2024-09-05,inverse_vol,1.0489416708308537
2024-09-06,inverse_vol,1.0491459647083312
2024-09-09,inverse_vol,1.049349757147904
2024-09-10,inverse_vol,1.0495510907239294
2024-09-11,inverse_vol,1.049754128881361
2024-09-12,inverse_vol,1.0499557483315183
2024-09-13,inverse_vol,1.0501541983014118
2024-09-16,inverse_vol,1.050351935664537
2024-09-17,inverse_vol,1.0505492934643628
2024-09-18,inverse_vol,1.0507416857163028
2024-09-19,inverse_vol,1.0509331958946502
2024-09-20,inverse_vol,1.0511227392063773
2024-09-23,inverse_vol,1.051310564820111
2024-09-24,inverse_vol,1.0514980902514028
2024-09-25,inverse_vol,1.0516853153275507
2024-09-26,inverse_vol,1.0518717808005937
2024-09-27,inverse_vol,1.0520588637049244
2024-09-30,inverse_vol,1.052246647868474
2024-10-01,inverse_vol,1.0524337974455884
2024-10-02,inverse_vol,1.0526206044467061
2024-10-03,inverse_vol,1.0528071104450978
2024-10-04,inverse_vol,1.052995320609901
2024-10-07,inverse_vol,1.053184400130781
2024-10-08,inverse_vol,1.053373638973449
2024-10-09,inverse_vol,1.0535632044215446
2024-10-10,inverse_vol,1.05375259495873
2024-10-11,inverse_vol,1.0539413922930772
2024-10-14,inverse_vol,1.0541303489336744
2024-10-15,inverse_vol,1.05431921394894
2024-10-16,inverse_vol,1.05450761074224
2024-10-17,inverse_vol,1.0546965433502442
2024-10-18,inverse_vol,1.0548854261086653
2024-10-21,inverse_vol,1.0550745520010443
2024-10-22,inverse_vol,1.0552629581710444
2024-10-23,inverse_vol,1.0554516073673668
2024-10-24,inverse_vol,1.0556395363891993
2024-10-25,inverse_vol,1.0558284623634346
2024-10-28,inverse_vol,1.0560162489918234
2024-10-29,inverse_vol,1.0562039852146656
2024-10-30,inverse_vol,1.056391042285961
2024-10-31,inverse_vol,1.0565768329712253
2024-11-01,inverse_vol,1.056021710861393
2024-11-04,inverse_vol,1.0578239161535774
2024-11-05,inverse_vol,1.066929776426937
2024-11-06,inverse_vol,1.0771415277281862
2024-11-07,inverse_vol,1.086839170459058
2024-11-08,inverse_vol,1.086890190353336
2024-11-11,inverse_vol,1.0880971265791468
2024-11-12,inverse_vol,1.0786364689720052
2024-11-13,inverse_vol,1.0757889536900942
2024-11-14,inverse_vol,1.071810146383786
2024-11-15,inverse_vol,1.0626487718987765
2024-11-18,inverse_vol,1.0667717052576848
2024-11-19,inverse_vol,1.0701258252594177
2024-11-20,inverse_vol,1.069201494248789
2024-11-21,inverse_vol,1.0728117607874346
2024-11-22,inverse_vol,1.0772208999358317
2024-11-25,inverse_vol,1.0852072575997316
2024-11-26,inverse_vol,1.0842874119061452
2024-11-27,inverse_vol,1.0850890651372025
2024-11-29,inverse_vol,1.0926150738519107
2024-12-02,inverse_vol,1.0951822002127212
2024-12-03,inverse_vol,1.0949547106524096
2024-12-04,inverse_vol,1.100302032488903
2024-12-05,inverse_vol,1.0990172338527817
2024-12-06,inverse_vol,1.1024666930093785
2024-12-09,inverse_vol,1.0979994546978287
2024-12-10,inverse_vol,1.0936418119625362
2024-12-11,inverse_vol,1.098891537908228
2024-12-12,inverse_vol,1.0917877065619035
2024-12-13,inverse_vol,1.0897416460324527
2024-12-16,inverse_vol,1.0931227783719324
2024-12-17,inverse_vol,1.0897563040439064
2024-12-18,inverse_vol,1.0639573831593037
2024-12-19,inverse_vol,1.060339497259604
2024-12-20,inverse_vol,1.0661562090819716
2024-12-23,inverse_vol,1.0683527918912026
2024-12-24,inverse_vol,1.0748749519925436
2024-12-26,inverse_vol,1.0772423364057144
2024-12-27,inverse_vol,1.069806553940996
2024-12-30,inverse_vol,1.0651746732553873
2024-12-31,inverse_vol,1.0625368393071102
2025-01-02,inverse_vol,1.06128129510665
2025-01-03,inverse_vol,1.068317681825848
2025-01-06,inverse_vol,1.0728054505775446
2025-01-07,inverse_vol,1.0648810379042932
2025-01-08,inverse_vol,1.0649837682040229
2025-01-10,inverse_vol,1.050889935312193
2025-01-13,inverse_vol,1.0497539855285143
2025-01-14,inverse_vol,1.0521417228323082
2025-01-15,inverse_vol,1.068145306911748
2025-01-16,inverse_vol,1.0689428030458787
2025-01-17,inverse_vol,1.0751399521704077
2025-01-21,inverse_vol,1.0858192493447163
2025-01-22,inverse_vol,1.0865727680447195
2025-01-23,inverse_vol,1.0893618163564
2025-01-24,inverse_vol,1.0895015589456007
2025-01-27,inverse_vol,1.0834012830621984
2025-01-28,inverse_vol,1.0872652712735895
2025-01-29,inverse_vol,1.0852585434371034
2025-01-30,inverse_vol,1.0914851541063066
2025-01-31,inverse_vol,1.0863442934871248
2025-02-03,inverse_vol,1.0800105203994868
2025-02-04,inverse_vol,1.0883174108097884
2025-02-05,inverse_vol,1.0955657663151608
2025-02-06,inverse_vol,1.0971559143551433
2025-02-07,inverse_vol,1.0885419414380584
2025-02-10,inverse_vol,1.0936313700949822
2025-02-11,inverse_vol,1.0926597630240864
2025-02-12,inverse_vol,1.0889439122771527
2025-02-13,inverse_vol,1.1002192055531739
2025-02-14,inverse_vol,1.1027141340719226
2025-02-18,inverse_vol,1.1038065748051245
2025-02-19,inverse_vol,1.1022974716254252
2025-02-20,inverse_vol,1.1013449202294257
2025-02-21,inverse_vol,1.0919349416312734
2025-02-24,inverse_vol,1.0890848890336784
2025-02-25,inverse_vol,1.0908678336422253
2025-02-26,inverse_vol,1.0928680780342013
2025-02-27,inverse_vol,1.0808157220435661
2025-02-28,inverse_vol,1.0901197204954867
2025-03-03,inverse_vol,1.0838940108932298
2025-03-04,inverse_vol,1.0782343866441215
2025-03-05,inverse_vol,1.0861408477506436
2025-03-06,inverse_vol,1.0742075274618466
2025-03-07,inverse_vol,1.07840813090289
2025-03-10,inverse_vol,1.0622211105028354
2025-03-11,inverse_vol,1.0581290984692053
2025-03-12,inverse_vol,1.0611673756931463
2025-03-13,inverse_vol,1.0544655151163702
2025-03-14,inverse_vol,1.067028511576367
2025-03-17,inverse_vol,1.0737003596535655
2025-03-18,inverse_vol,1.0685137499432538
2025-03-19,inverse_vol,1.0763099086032486
2025-03-20,inverse_vol,1.0732895882047662
2025-03-21,inverse_vol,1.0713875999409452
2025-03-24,inverse_vol,1.0788166943099997
2025-03-25,inverse_vol,1.081171283333111
2025-03-26,inverse_vol,1.071219409874265
2025-03-27,inverse_vol,1.069381806342565
2025-03-28,inverse_vol,1.0605001632920628
2025-03-31,inverse_vol,1.0605900806146236
2025-04-01,inverse_vol,1.0639352532856559
2025-04-02,inverse_vol,1.0682826153673548
2025-04-03,inverse_vol,1.0429355886404303
2025-04-04,inverse_vol,1.0069991960516693
2025-04-07,inverse_vol,0.9966506065863749
2025-04-08,inverse_vol,0.985986699741989
2025-04-09,inverse_vol,1.040216386220923
2025-04-10,inverse_vol,1.0147919562365793
2025-04-11,inverse_vol,1.0244654293955786
2025-04-14,inverse_vol,1.033799507581931
2025-04-15,inverse_vol,1.0365027820481012
2025-04-16,inverse_vol,1.0282608919637775
2025-04-17,inverse_vol,1.0304138031157921
2025-04-21,inverse_vol,1.0172584231543675
2025-04-22,inverse_vol,1.0325243615153468
2025-04-23,inverse_vol,1.0412738558103798
2025-04-24,inverse_vol,1.0561430729063186
2025-04-25,inverse_vol,1.061442626327713
2025-04-28,inverse_vol,1.0649771872051874
2025-04-29,inverse_vol,1.0696406373617593
2025-04-30,inverse_vol,1.0692949395404123
2025-05-01,inverse_vol,1.0707408613727736
2025-05-02,inverse_vol,1.079330812289091
2025-05-05,inverse_vol,1.0759521676880677
2025-05-06,inverse_vol,1.0724573800144224
2025-05-07,inverse_vol,1.074661641022611
2025-05-08,inverse_vol,1.0760501479512765
2025-05-09,inverse_vol,1.0767279337717948
2025-05-12,inverse_vol,1.0915911010444068
2025-05-13,inverse_vol,1.0954766149537496
2025-05-14,inverse_vol,1.0927118005747545
2025-05-15,inverse_vol,1.0995973986653973
2025-05-16,inverse_vol,1.1032325516793484
2025-05-19,inverse_vol,1.1045703199481949
2025-05-20,inverse_vol,1.1039518868870861
2025-05-21,inverse_vol,1.0904313447449947
2025-05-22,inverse_vol,1.0922294862613255
2025-05-23,inverse_vol,1.0906665053478692
2025-05-27,inverse_vol,1.106180624576556
2025-05-28,inverse_vol,1.0993789155618654
2025-05-29,inverse_vol,1.1034551480375572
2025-05-30,inverse_vol,1.1037968835696679
2025-06-02,inverse_vol,1.1071277596571347
2025-06-03,inverse_vol,1.109708358916093
2025-06-04,inverse_vol,1.1137745592237327
2025-06-05,inverse_vol,1.1104530367799377
2025-06-06,inverse_vol,1.1132510627766006
2025-06-09,inverse_vol,1.1154569719193723
2025-06-10,inverse_vol,1.11926556609804
2025-06-11,inverse_vol,1.1191393199094228
2025-06-12,inverse_vol,1.1230279525652573
2025-06-13,inverse_vol,1.1121877250102683
2025-06-16,inverse_vol,1.1171063110541657
2025-06-17,inverse_vol,1.112299382205612
2025-06-18,inverse_vol,1.1136656080942584
2025-06-20,inverse_vol,1.1108719150525301
2025-06-23,inverse_vol,1.1189549540280874
2025-06-24,inverse_vol,1.1290297977029828
2025-06-25,inverse_vol,1.126804809040728
2025-06-26,inverse_vol,1.1358890559014283
2025-06-27,inverse_vol,1.1379686903385946
2025-06-30,inverse_vol,1.1419347117123138
2025-07-01,inverse_vol,1.1410240587068565
2025-07-02,inverse_vol,1.144623947313652
2025-07-03,inverse_vol,1.147407721048793
2025-07-07,inverse_vol,1.13890878652497
2025-07-08,inverse_vol,1.1407852199417037
2025-07-09,inverse_vol,1.1484897817857174
2025-07-10,inverse_vol,1.1492132051632196
2025-07-11,inverse_vol,1.1419777709694219
2025-07-14,inverse_vol,1.143719889242312
2025-07-15,inverse_vol,1.1361063871701857
2025-07-16,inverse_vol,1.1404798786802368
2025-07-17,inverse_vol,1.145224922865729
2025-07-18,inverse_vol,1.1444998417623506
2025-07-21,inverse_vol,1.1476586317363484
2025-07-22,inverse_vol,1.1506077509605246
2025-07-23,inverse_vol,1.1587153927513703
2025-07-24,inverse_vol,1.154668326732107
2025-07-25,inverse_vol,1.157194648695096
2025-07-28,inverse_vol,1.1530826852306277
2025-07-29,inverse_vol,1.1539105276359263
2025-07-30,inverse_vol,1.150039294044665
2025-07-31,inverse_vol,1.1452134936709129
2025-08-01,inverse_vol,1.1407668826146076
2025-08-04,inverse_vol,1.1530002117610005
2025-08-05,inverse_vol,1.1514958581780816
2025-08-06,inverse_vol,1.1555785122003077
2025-08-07,inverse_vol,1.1569420679495421
2025-08-08,inverse_vol,1.1603588671310423
2025-08-11,inverse_vol,1.1587667752130555
2025-08-12,inverse_vol,1.1698050509440543
2025-08-13,inverse_vol,1.1765799065286229
2025-08-14,inverse_vol,1.1728778292784094
2025-08-15,inverse_vol,1.1713004387665644
2025-08-18,inverse_vol,1.1711343576854547
2025-08-19,inverse_vol,1.1679288483798773
2025-08-20,inverse_vol,1.1673840058875997
2025-08-21,inverse_vol,1.1636677861048104
2025-08-22,inverse_vol,1.1809062295136696
2025-08-25,inverse_vol,1.1741187420721881
2025-08-26,inverse_vol,1.1778512826320184
2025-08-27,inverse_vol,1.1800546091037671
2025-08-28,inverse_vol,1.1837176266542306
2025-08-29,inverse_vol,1.1784187060325098
2025-09-02,inverse_vol,1.1713729813017806
2025-09-03,inverse_vol,1.1753617670656946
2025-09-04,inverse_vol,1.1839002864127854
2025-09-05,inverse_vol,1.187631824935478
2025-09-08,inverse_vol,1.1927567475630048
2025-09-09,inverse_vol,1.1908482107529714
2025-09-10,inverse_vol,1.192382248130924
2025-09-11,inverse_vol,1.2007867224496216
2025-09-12,inverse_vol,1.1975445279854882
2025-09-15,inverse_vol,1.2028017924110357
2025-09-16,inverse_vol,1.201837496255508
2025-09-17,inverse_vol,1.199862675509979
2025-09-18,inverse_vol,1.2054814350694498
2025-09-19,inverse_vol,1.205235938260526
2025-09-22,inverse_vol,1.2079616889405282
2025-09-23,inverse_vol,1.2063683363959983
2025-09-24,inverse_vol,1.2011599569410523
2025-09-25,inverse_vol,1.1954767038965652
2025-09-26,inverse_vol,1.1999941266836622
2025-09-29,inverse_vol,1.2036685465801553
2025-09-30,inverse_vol,1.2057377082110752
2025-10-01,inverse_vol,1.2108778379983023
2025-10-02,inverse_vol,1.2136230260883145
2025-10-03,inverse_vol,1.2150119337551095
2025-10-06,inverse_vol,1.2166453219261477
2025-10-07,inverse_vol,1.2126227563590002
2025-10-08,inverse_vol,1.2180419492114203
2025-10-09,inverse_vol,1.214092657111263
2025-10-10,inverse_vol,1.1974886245817842
2025-10-13,inverse_vol,1.2100098620023334
2025-10-14,inverse_vol,1.2132702950545284
2025-10-15,inverse_vol,1.2173245144201494
2025-10-16,inverse_vol,1.2153124736619418
2025-10-17,inverse_vol,1.21589693151684
2025-10-20,inverse_vol,1.2254830527243348
2025-10-21,inverse_vol,1.2239534559033791
2025-10-22,inverse_vol,1.21874345228025
2025-10-23,inverse_vol,1.2226739100137307
2025-10-24,inverse_vol,1.2287610321573679
2025-10-27,inverse_vol,1.2360246050663923
2025-10-28,inverse_vol,1.2372829744220308
2025-10-29,inverse_vol,1.2323135033759702
2025-10-30,inverse_vol,1.2246062266326807
2025-10-31,inverse_vol,1.2266788519661531
2025-11-03,inverse_vol,1.2271590444788283
2025-11-04,inverse_vol,1.2171344138265157
2025-11-05,inverse_vol,1.2201989990953417
2025-11-06,inverse_vol,1.2143102552958438
2025-11-07,inverse_vol,1.215857685481572
2025-11-10,inverse_vol,1.225492839018841
2025-11-11,inverse_vol,1.2287969695952006
2025-11-12,inverse_vol,1.2298057651636893
2025-11-13,inverse_vol,1.2150023643120063
2025-11-14,inverse_vol,1.2141074556512041
2025-11-17,inverse_vol,1.2055536874859305
2025-11-18,inverse_vol,1.200557870618696
2025-11-19,inverse_vol,1.2011466636052208
2025-11-20,inverse_vol,1.1899981338321168
2025-11-21,inverse_vol,1.2021773364309785
2025-11-24,inverse_vol,1.212568268292703
2025-11-25,inverse_vol,1.2226218565150355
2025-11-26,inverse_vol,1.22955284355734
2025-11-28,inverse_vol,1.2327114326846518
2025-12-01,inverse_vol,1.2254561515738782
2025-12-02,inverse_vol,1.227909723755313
2025-12-03,inverse_vol,1.2341709766518594
2025-12-04,inverse_vol,1.234717801671004
2025-12-05,inverse_vol,1.2340205497687944
2025-12-08,inverse_vol,1.231495957451737
2025-12-09,inverse_vol,1.2308764132689696
2025-12-10,inverse_vol,1.2391338859919079
2025-12-11,inverse_vol,1.2424337046566896
2025-12-12,inverse_vol,1.2320730174744705
2025-12-15,inverse_vol,1.2314437175144315
2025-12-16,inverse_vol,1.230769265073168
2025-12-17,inverse_vol,1.2220073888684098
2025-12-18,inverse_vol,1.229533272520562
2025-12-19,inverse_vol,1.2351283377225808
2025-12-22,inverse_vol,1.239035145439217
2025-12-23,inverse_vol,1.2408303135899472
2025-12-24,inverse_vol,1.243963867468066
2025-12-26,inverse_vol,1.2438905927271828
2025-12-29,inverse_vol,1.2413984793648603
2025-12-30,inverse_vol,1.2393964539298277
2025-12-31,inverse_vol,1.2327743753143443
2026-01-02,inverse_vol,1.2365417972902824
2026-01-05,inverse_vol,1.2457832269075408
2026-01-06,inverse_vol,1.250613324781662
2026-01-07,inverse_vol,1.2498340480671568
2026-01-08,inverse_vol,1.24928101377417
2026-01-09,inverse_vol,1.2560612589919524
2026-01-12,inverse_vol,1.2581023817092671
2026-01-13,inverse_vol,1.256691971068247
2026-01-14,inverse_vol,1.2572693541561417
2026-01-15,inverse_vol,1.2588344570987118
2026-01-16,inverse_vol,1.2574091998198538
2026-01-20,inverse_vol,1.242435539091587
2026-01-21,inverse_vol,1.2539014903306738
2026-01-22,inverse_vol,1.258277087870615
2026-01-23,inverse_vol,1.257577495880576
2026-01-26,inverse_vol,1.2605784639596924
2026-01-27,inverse_vol,1.2664691202615557
2026-01-28,inverse_vol,1.2631839009122232
2026-01-29,inverse_vol,1.263890312169583
2026-01-30,inverse_vol,1.2563262547169167
2026-02-02,inverse_vol,1.2606391990486014
2026-02-03,inverse_vol,1.2573703175926918
2026-02-04,inverse_vol,1.252673141628417
2026-02-05,inverse_vol,1.2446519898913744
2026-02-06,inverse_vol,1.2626712632609016
2026-02-09,inverse_vol,1.2691979553001507
2026-02-10,inverse_vol,1.2702124557388912
2026-02-11,inverse_vol,1.2699249675522144
2026-02-12,inverse_vol,1.2614297083890769
2026-02-13,inverse_vol,1.266340849112849
2026-02-17,inverse_vol,1.2664380933313977
2026-02-18,inverse_vol,1.2684386213067003
2026-02-19,inverse_vol,1.2675439706221336
2026-02-20,inverse_vol,1.2722375786296487
2026-02-23,inverse_vol,1.2664925815514088
2026-02-24,inverse_vol,1.2717855532804243
2026-02-25,inverse_vol,1.2783658876005906
2026-02-26,inverse_vol,1.277374324233144
2026-02-27,inverse_vol,1.2745822795669957
2026-03-02,inverse_vol,1.268794524049704
2026-03-03,inverse_vol,1.2547577376507122
2026-03-04,inverse_vol,1.2620771544866338
2026-03-05,inverse_vol,1.2508499779306193
2026-03-06,inverse_vol,1.239697963798506
2026-03-09,inverse_vol,1.2485011712665137
2026-03-10,inverse_vol,1.2468999810491763
2026-03-11,inverse_vol,1.2435494379713712
2026-03-12,inverse_vol,1.2291851805742438
2026-03-13,inverse_vol,1.223554293898162
2026-03-16,inverse_vol,1.234997339060585
2026-03-17,inverse_vol,1.2388169891001222
2026-03-18,inverse_vol,1.2252308398779437
2026-03-19,inverse_vol,1.2248698125721758
2026-03-20,inverse_vol,1.2047467188008387
2026-03-23,inverse_vol,1.2184084036842815
2026-03-24,inverse_vol,1.2146161279626244
2026-03-25,inverse_vol,1.2243341694174217
2026-03-26,inverse_vol,1.2058408483921168
2026-03-27,inverse_vol,1.1949115966029673
2026-03-30,inverse_vol,1.194907981704228
2026-03-31,inverse_vol,1.2184393324107499
2026-04-01,inverse_vol,1.2255972727254945
2026-04-02,inverse_vol,1.2269820412250474
2026-04-06,inverse_vol,1.2293655893699593
2026-04-07,inverse_vol,1.2307901854115693
2026-04-08,inverse_vol,1.2549651681855531
2026-04-09,inverse_vol,1.257645574081365
2026-04-10,inverse_vol,1.2569816619573215
2026-04-13,inverse_vol,1.2656897179991609
2026-04-14,inverse_vol,1.2771765477287562
2026-04-15,inverse_vol,1.2800233342628926
2026-04-16,inverse_vol,1.2802925866803927
2026-04-17,inverse_vol,1.2945333739223812
2026-04-20,inverse_vol,1.2932437291390761
2026-04-21,inverse_vol,1.282341170631538
2026-04-22,inverse_vol,1.2901135629301563
2026-04-23,inverse_vol,1.2852908539659993
2026-04-24,inverse_vol,1.293365027849282
2026-04-27,inverse_vol,1.292208879607145
2026-04-28,inverse_vol,1.2857490885523346
2026-04-29,inverse_vol,1.2811910519452279
2026-04-30,inverse_vol,1.294916311657222
2026-05-01,inverse_vol,1.2980809540725824
2026-05-04,inverse_vol,1.2913812415017405
2026-05-05,inverse_vol,1.3017059732508505
2026-05-06,inverse_vol,1.3193213715278986
2026-05-07,inverse_vol,1.310396151734867
2026-05-08,inverse_vol,1.3213831471180708
2026-05-11,inverse_vol,1.320952082139277
2026-05-12,inverse_vol,1.3144353770001307
2026-05-13,inverse_vol,1.3192486549807274
2026-05-14,inverse_vol,1.322476317292717
2026-05-15,inverse_vol,1.3051562936201646
2026-05-18,inverse_vol,1.304891340920138
2026-05-19,inverse_vol,1.2969865115976258
2026-05-20,inverse_vol,1.3133065938643433
2026-05-21,inverse_vol,1.3170934324220858
2026-05-22,inverse_vol,1.3203692156319717
2026-05-26,inverse_vol,1.3329707292156263
2026-05-27,inverse_vol,1.3321252222091826
2026-05-28,inverse_vol,1.3371303693991874
2026-05-29,inverse_vol,1.3384040212632209
2026-06-01,inverse_vol,1.3378257772163094
2026-06-02,inverse_vol,1.3420550916293694
2026-06-03,inverse_vol,1.3344712540461274
2026-06-04,inverse_vol,1.3391959464814993
2026-06-05,inverse_vol,1.3098362967220176
2026-06-08,inverse_vol,1.31520876383622
2026-06-09,inverse_vol,1.31440847816381
2026-06-10,inverse_vol,1.3022277632337511
2026-06-11,inverse_vol,1.3267399884064819
2026-06-12,inverse_vol,1.330207177636161
2026-06-15,inverse_vol,1.3435882751774513
2026-06-16,inverse_vol,1.338856149200759
2026-06-17,inverse_vol,1.3287749759775653
2026-06-18,inverse_vol,1.342322865481162
2026-06-22,inverse_vol,1.3408116303711362
2026-06-23,inverse_vol,1.3259485569736538
2026-06-24,inverse_vol,1.3289052609217709
2026-06-25,inverse_vol,1.334056962168805
2026-06-26,inverse_vol,1.330465179276541
2026-06-29,inverse_vol,1.340397964234336
2026-06-30,inverse_vol,1.3443498094098671
2026-07-01,inverse_vol,1.3375067703312604
2026-07-02,inverse_vol,1.3362768791320156
2026-07-06,inverse_vol,1.3442358861803518
2026-07-07,inverse_vol,1.3328698869750069
2026-07-08,inverse_vol,1.3283947861794945
2026-07-09,inverse_vol,1.3378125090614672
2026-07-10,inverse_vol,1.3390989769424235
2026-07-13,inverse_vol,1.328231895125549
2026-07-14,inverse_vol,1.3345871465345007
2026-07-15,inverse_vol,1.3384888785875644
2026-07-16,inverse_vol,1.3320810042870124
2026-07-17,inverse_vol,1.3258253698043663
2026-07-20,inverse_vol,1.3214090597174368
2026-07-21,inverse_vol,1.3307247072273276
2026-07-22,inverse_vol,1.3271657610574887
2026-07-23,inverse_vol,1.3156977597739508
2026-07-24,inverse_vol,1.315547209792899
2026-07-27,inverse_vol,1.3184781977700917
2026-07-28,inverse_vol,1.3192328485426148
2026-07-29,inverse_vol,1.3060568142527593
2026-07-30,inverse_vol,1.3237611295257454
2026-07-31,inverse_vol,1.3230597043624068
2026-08-03,inverse_vol,1.3343699235416373
2026-08-04,inverse_vol,1.352955336642536
2026-08-05,inverse_vol,1.350241680103449
2026-08-06,inverse_vol,1.3460819970514675
2026-08-07,inverse_vol,1.3552231720223225
2026-08-10,inverse_vol,1.3502711701231793
2026-08-11,inverse_vol,1.350250969608216
2026-08-12,inverse_vol,1.3545126637216045
2026-08-13,inverse_vol,1.361134177834686
2026-08-14,inverse_vol,1.359729487067556
2026-08-17,inverse_vol,1.3561158267289537
2026-08-18,inverse_vol,1.347310418149564
2026-08-19,inverse_vol,1.3516993222010372
2026-08-20,inverse_vol,1.3431517915671045
2026-08-21,inverse_vol,1.3468335763162433
2026-08-24,inverse_vol,1.3438428895923662
2026-08-25,inverse_vol,1.3508654754384872
2026-08-26,inverse_vol,1.3487616980515498
2026-08-27,inverse_vol,1.3523281615225704
2026-08-28,inverse_vol,1.3454363620921237
2026-08-31,inverse_vol,1.3425444521038519
2026-09-01,inverse_vol,1.3329268676501542
2026-09-02,inverse_vol,1.3380695065982013
2026-09-03,inverse_vol,1.3462092047465237
2026-09-04,inverse_vol,1.3461636880293577
2026-09-08,inverse_vol,1.3421778391520656
2026-09-09,inverse_vol,1.3342459490387217
2026-09-10,inverse_vol,1.3232253346984812
2026-09-11,inverse_vol,1.3285551219830918
2026-09-14,inverse_vol,1.3233721095880588
2026-09-15,inverse_vol,1.3183817368222506
2026-09-16,inverse_vol,1.3153484240570852
2026-09-17,inverse_vol,1.3269583108643954
2026-09-18,inverse_vol,1.322878438113658
2026-09-21,inverse_vol,1.3368935381858482
2026-09-22,inverse_vol,1.3400804740688579
2026-09-23,inverse_vol,1.3246231312231964
2026-09-24,inverse_vol,1.320759003161744
2026-09-25,inverse_vol,1.3269620008109495
2026-09-28,inverse_vol,1.3182596538356512
2026-09-29,inverse_vol,1.3160949251325682
2026-09-30,inverse_vol,1.313280188746674
2026-10-01,inverse_vol,1.314589660013305
2026-10-02,inverse_vol,1.32044167269977
2026-10-05,inverse_vol,1.3241297362534508
2026-10-06,inverse_vol,1.3265739210187302
2026-10-07,inverse_vol,1.3209118127170554
2026-10-08,inverse_vol,1.3187110599213208
2026-10-09,inverse_vol,1.322965558562619
2023-10-05,min_variance,1.0002113095162406
2023-10-06,min_variance,1.0004235765850062
2023-10-09,min_variance,1.0006358887015612
2023-10-10,min_variance,1.0008472531773451
2023-10-11,min_variance,1.0010591388969436
2023-10-12,min_variance,1.0012710694740945
2023-10-13,min_variance,1.0014827667886546
2023-10-16,min_variance,1.001694508862076
2023-10-17,min_variance,1.001906772704543
2023-10-18,min_variance,1.0021186839355778
2023-10-19,min_variance,1.0023298446559887
2023-10-20,min_variance,1.0025406521309035
2023-10-23,min_variance,1.0027512254600124
2023-10-24,min_variance,1.002962439888295
2023-10-25,min_variance,1.0031739774051758
2023-10-26,min_variance,1.003384962415953
2023-10-27,min_variance,1.003596190870452
2023-10-30,min_variance,1.003807782408746
2023-10-31,min_variance,1.00401969739187
2023-11-01,min_variance,1.0042308602723333
2023-11-02,min_variance,1.0044408720427493
2023-11-03,min_variance,1.0046502501253856
2023-11-06,min_variance,1.0048599509406875
2023-11-07,min_variance,1.0050702138884513
2023-11-08,min_variance,1.0052803214286612
2023-11-09,min_variance,1.0054902734264066
2023-11-10,min_variance,1.0056997505667038
2023-11-13,min_variance,1.005909670444409
2023-11-14,min_variance,1.0061193547015566
2023-11-15,min_variance,1.006329162531878
2023-11-16,min_variance,1.006538534906079
2023-11-17,min_variance,1.0067475514121704
2023-11-20,min_variance,1.0069568110784326
2023-11-21,min_variance,1.0071667935449984
2023-11-22,min_variance,1.0073772194590278
2023-11-24,min_variance,1.007587209630249
2023-11-27,min_variance,1.0077974434970924
2023-11-28,min_variance,1.008007801226595
2023-11-29,min_variance,1.0082174028395994
2023-11-30,min_variance,1.0084269680249747
2023-12-01,min_variance,1.0086356563897414
2023-12-04,min_variance,1.0088447081390803
2023-12-05,min_variance,1.0090546038865231
2023-12-06,min_variance,1.0092645433039424
2023-12-07,min_variance,1.0094741258894548
2023-12-08,min_variance,1.009683751996619
2023-12-11,min_variance,1.0098934216344728
2023-12-12,min_variance,1.010103735952851
2023-12-13,min_variance,1.0103130919791594
2023-12-14,min_variance,1.0105221706668115
2023-12-15,min_variance,1.010731693613056
2023-12-18,min_variance,1.0109412600020533
2023-12-19,min_variance,1.011151391360587
2023-12-20,min_variance,1.0113612454001148
2023-12-21,min_variance,1.011570340325794
2023-12-22,min_variance,1.0117793982034782
2023-12-26,min_variance,1.0119882985319832
2023-12-27,min_variance,1.0121985270588854
2023-12-28,min_variance,1.012408116417955
2023-12-29,min_variance,1.012616222523878
2024-01-02,min_variance,1.0128256974519123
2024-01-03,min_variance,1.0130360999384753
2024-01-04,min_variance,1.0132462647359612
2024-01-05,min_variance,1.0134561514537919
2024-01-08,min_variance,1.013666081648155
2024-01-09,min_variance,1.0138764575857089
2024-01-10,min_variance,1.01408667601405
2024-01-11,min_variance,1.0142966563398308
2024-01-12,min_variance,1.014505875148292
2024-01-16,min_variance,1.0147153384077388
2024-01-17,min_variance,1.014925328115859
2024-01-18,min_variance,1.0151347571441376
2024-01-19,min_variance,1.0153441488275172
2024-01-22,min_variance,1.015553664279114
2024-01-23,min_variance,1.0157636259707663
2024-01-24,min_variance,1.0159736310711653
2024-01-25,min_variance,1.0161830748484597
2024-01-26,min_variance,1.0163927634117687
2024-01-29,min_variance,1.0166024952441448
2024-01-30,min_variance,1.0168123913890879
2024-01-31,min_variance,1.017021725630838
2024-02-01,min_variance,1.017231587249064
2024-02-02,min_variance,1.0174418958446343
2024-02-05,min_variance,1.0176529746699663
2024-02-06,min_variance,1.0178638953658856
2024-02-07,min_variance,1.0180748597776306
2024-02-08,min_variance,1.0182856659106583
2024-02-09,min_variance,1.0184965965044046
2024-02-12,min_variance,1.0187078941382772
2024-02-13,min_variance,1.0189194377179578
2024-02-14,min_variance,1.019130418732241
2024-02-15,min_variance,1.0193414434329893
2024-02-16,min_variance,1.0195527140841638
2024-02-20,min_variance,1.019763623930026
2024-02-21,min_variance,1.0199754676882573
2024-02-22,min_variance,1.0201872744906417
2024-02-23,min_variance,1.0203994086606747
2024-02-26,min_variance,1.0206119918708123
2024-02-27,min_variance,1.0208244168621046
2024-02-28,min_variance,1.0210366835172915
2024-02-29,min_variance,1.0212483055271582
2024-03-01,min_variance,1.0214596471965691
2024-03-04,min_variance,1.0216713568706945
2024-03-05,min_variance,1.0218831915033222
2024-03-06,min_variance,1.0220952728172528
2024-03-07,min_variance,1.0223073170336792
2024-03-08,min_variance,1.0225194052408673
2024-03-11,min_variance,1.0227320243460032
2024-03-12,min_variance,1.0229446876624115
2024-03-13,min_variance,1.023157314019083
2024-03-14,min_variance,1.0233699845716608
2024-03-15,min_variance,1.0235826993293315
2024-03-18,min_variance,1.0237954583012832
2024-03-19,min_variance,1.024008261496706
2024-03-20,min_variance,1.0242207025823835
2024-03-21,min_variance,1.0244331877411574
2024-03-22,min_variance,1.0246453917500888
2024-03-25,min_variance,1.0248575584003947
2024-03-26,min_variance,1.0250697689826676
2024-03-27,min_variance,1.0252819014827332
2024-03-28,min_variance,1.0254935896495514
2024-04-01,min_variance,1.025705931930674
2024-04-02,min_variance,1.0259181146623906
2024-04-03,min_variance,1.0261302191630464
2024-04-04,min_variance,1.0263420824805372
2024-04-05,min_variance,1.0265544782788205
2024-04-08,min_variance,1.0267672439173505
2024-04-09,min_variance,1.0269799314093275
2024-04-10,min_variance,1.027193600290745
2024-04-11,min_variance,1.0274071098142414
2024-04-12,min_variance,1.027620337560429
2024-04-15,min_variance,1.0278339357843138
2024-04-16,min_variance,1.0280473744661422
2024-04-17,min_variance,1.0282611430378445
2024-04-18,min_variance,1.0284750784824606
2024-04-19,min_variance,1.028689140056625
2024-04-22,min_variance,1.028903246184477
2024-04-23,min_variance,1.02911739687529
2024-04-24,min_variance,1.0293320005276057
2024-04-25,min_variance,1.029546240457168
2024-04-26,min_variance,1.02976023899372
2024-04-29,min_variance,1.0299744863335798
2024-04-30,min_variance,1.0301888599868714
2024-05-01,min_variance,1.0304034826660353
2024-05-02,min_variance,1.0306176593865006
2024-05-03,min_variance,1.0308317579414408
2024-05-06,min_variance,1.0310461054880944
2024-05-07,min_variance,1.0312606203596237
2024-05-08,min_variance,1.0314752617023129
2024-05-09,min_variance,1.0316897430568857
2024-05-10,min_variance,1.0319043918407877
2024-05-13,min_variance,1.0321189624271792
2024-05-14,min_variance,1.0323333728599613
2024-05-15,min_variance,1.0325480326471639
2024-05-16,min_variance,1.0327628600029843
2024-05-17,min_variance,1.0329776090962397
2024-05-20,min_variance,1.0331924028436696
2024-05-21,min_variance,1.0334072412545594
2024-05-22,min_variance,1.0336223293840086
2024-05-23,min_variance,1.0338374622808073
2024-05-24,min_variance,1.0340526399542735
2024-05-28,min_variance,1.0342679855258756
2024-05-29,min_variance,1.0344834580228601
2024-05-30,min_variance,1.034698893314037
2024-05-31,min_variance,1.034914250281379
2024-06-03,min_variance,1.035129569941927
2024-06-04,min_variance,1.0353448111605608
2024-06-05,min_variance,1.0355600971357
2024-06-06,min_variance,1.0357751402223228
2024-06-07,min_variance,1.0359904334801624
2024-06-10,min_variance,1.0362055659298808
2024-06-11,min_variance,1.0364212364884013
2024-06-12,min_variance,1.0366368696858035
2024-06-13,min_variance,1.0368524243270687
2024-06-14,min_variance,1.0370680237900114
2024-06-17,min_variance,1.0372837915551059
2024-06-18,min_variance,1.0374992749196805
2024-06-20,min_variance,1.0377143913328755
2024-06-21,min_variance,1.0379291405673652
2024-06-24,min_variance,1.0381437282999821
2024-06-25,min_variance,1.038358895948569
2024-06-26,min_variance,1.0385743966249823
2024-06-27,min_variance,1.0387896535347074
2024-06-28,min_variance,1.039004542831439
2024-07-01,min_variance,1.0392196827376738
2024-07-02,min_variance,1.0394352795897301
2024-07-03,min_variance,1.0396510036584634
2024-07-05,min_variance,1.0398665662138191
2024-07-08,min_variance,1.0400818846136235
2024-07-09,min_variance,1.040297536508382
2024-07-10,min_variance,1.0405132331166773
2024-07-11,min_variance,1.0407278596142213
2024-07-12,min_variance,1.0409425303827387
2024-07-15,min_variance,1.0411570388904172
2024-07-16,min_variance,1.041371591602169
2024-07-17,min_variance,1.041586271189357
2024-07-18,min_variance,1.0418009123536194
2024-07-19,min_variance,1.0420155977492915
2024-07-22,min_variance,1.0422302033450035
2024-07-23,min_variance,1.0424441500392416
2024-07-24,min_variance,1.042658016560481
2024-07-25,min_variance,1.0428715131956539
2024-07-26,min_variance,1.0430848466428493
2024-07-29,min_variance,1.0432978925767606
2024-07-30,min_variance,1.0435104852322041
2024-07-31,min_variance,1.0437231212076212
2024-08-01,min_variance,1.0439349721411961
2024-08-02,min_variance,1.0441433448844064
2024-08-05,min_variance,1.0443530022362069
2024-08-06,min_variance,1.0445635305366703
2024-08-07,min_variance,1.0447741012769651
2024-08-08,min_variance,1.0449848388542706
2024-08-09,min_variance,1.045195287181964
2024-08-12,min_variance,1.045405694945616
2024-08-13,min_variance,1.0456153153800862
2024-08-14,min_variance,1.04582539278299
2024-08-15,min_variance,1.0460362178986862
2024-08-16,min_variance,1.0462468779624292
2024-08-19,min_variance,1.0464570822542807
2024-08-20,min_variance,1.0466660829878918
2024-08-21,min_variance,1.0468739625063497
2024-08-22,min_variance,1.0470827141635495
2024-08-23,min_variance,1.047290468670328
2024-08-26,min_variance,1.0474981812859718
2024-08-27,min_variance,1.0477046880675869
2024-08-28,min_variance,1.0479106950774852
2024-08-29,min_variance,1.0481171584410154
2024-08-30,min_variance,1.0483237872495537
2024-09-03,min_variance,1.0485305399877554
2024-09-04,min_variance,1.0487364181252101
2024-09-05,min_variance,1.0489416708308537
2024-09-06,min_variance,1.0491459647083312
2024-09-09,min_variance,1.049349757147904
2024-09-10,min_variance,1.0495510907239294
2024-09-11,min_variance,1.049754128881361
2024-09-12,min_variance,1.0499557483315183
2024-09-13,min_variance,1.0501541983014118
2024-09-16,min_variance,1.050351935664537
2024-09-17,min_variance,1.0505492934643628
2024-09-18,min_variance,1.0507416857163028
2024-09-19,min_variance,1.0509331958946502
2024-09-20,min_variance,1.0511227392063773
2024-09-23,min_variance,1.051310564820111
2024-09-24,min_variance,1.0514980902514028
2024-09-25,min_variance,1.0516853153275507
2024-09-26,min_variance,1.0518717808005937
2024-09-27,min_variance,1.0520588637049244
2024-09-30,min_variance,1.052246647868474
2024-10-01,min_variance,1.0524337974455884
2024-10-02,min_variance,1.0526206044467061
2024-10-03,min_variance,1.0528071104450978
2024-10-04,min_variance,1.052995320609901
2024-10-07,min_variance,1.053184400130781
2024-10-08,min_variance,1.053373638973449
2024-10-09,min_variance,1.0535632044215446
2024-10-10,min_variance,1.05375259495873
2024-10-11,min_variance,1.0539413922930772
2024-10-14,min_variance,1.0541303489336744
2024-10-15,min_variance,1.05431921394894
2024-10-16,min_variance,1.05450761074224
2024-10-17,min_variance,1.0546965433502442
2024-10-18,min_variance,1.0548854261086653
2024-10-21,min_variance,1.0550745520010443
2024-10-22,min_variance,1.0552629581710444
2024-10-23,min_variance,1.0554516073673668
2024-10-24,min_variance,1.0556395363891993
2024-10-25,min_variance,1.0558284623634346
2024-10-28,min_variance,1.0560162489918234
2024-10-29,min_variance,1.0562039852146656
2024-10-30,min_variance,1.056391042285961
2024-10-31,min_variance,1.0565768329712253
2024-11-01,min_variance,1.056021710861393
2024-11-04,min_variance,1.0575263191028437
2024-11-05,min_variance,1.0649502575065313
2024-11-06,min_variance,1.068097197252102
2024-11-07,min_variance,1.078052664058272
2024-11-08,min_variance,1.077909833198538
2024-11-11,min_variance,1.077212210388896
2024-11-12,min_variance,1.0692644350738743
2024-11-13,min_variance,1.067984525890818
2024-11-14,min_variance,1.0655245678717071
2024-11-15,min_variance,1.059338030671483
2024-11-18,min_variance,1.0631779170327347
2024-11-19,min_variance,1.0654040657984039
2024-11-20,min_variance,1.0643620251524515
2024-11-21,min_variance,1.0665346856240903
2024-11-22,min_variance,1.068964414935982
2024-11-25,min_variance,1.076077741390588
2024-11-26,min_variance,1.0762862571563785
2024-11-27,min_variance,1.0777712365434582
2024-11-29,min_variance,1.0850938624450857
2024-12-02,min_variance,1.086425541196291
2024-12-03,min_variance,1.0866253681827882
2024-12-04,min_variance,1.0911382753854006
2024-12-05,min_variance,1.0914427744861404
2024-12-06,min_variance,1.0936171371749737
2024-12-09,min_variance,1.089715276061532
2024-12-10,min_variance,1.085607701802276
2024-12-11,min_variance,1.0890521306059324
2024-12-12,min_variance,1.0832293862289957
2024-12-13,min_variance,1.080524336947178
2024-12-16,min_variance,1.0818057512270323
2024-12-17,min_variance,1.0796637947731065
2024-12-18,min_variance,1.058096136850646
2024-12-19,min_variance,1.0553691325042203
2024-12-20,min_variance,1.0614153647817053
2024-12-23,min_variance,1.0634513788344198
2024-12-24,min_variance,1.0692068311535112
2024-12-26,min_variance,1.070558558630951
2024-12-27,min_variance,1.0645775127086636
2024-12-30,min_variance,1.0607632931846438
2024-12-31,min_variance,1.0584362729221
2025-01-02,min_variance,1.0568665918394586
2025-01-03,min_variance,1.0621950741544133
2025-01-06,min_variance,1.0663597653789696
2025-01-07,min_variance,1.0596661208286868
2025-01-08,min_variance,1.0606081393955842
2025-01-10,min_variance,1.0477842210089394
2025-01-13,min_variance,1.0470093676511014
2025-01-14,min_variance,1.0485363170907962
2025-01-15,min_variance,1.0631436301298198
2025-01-16,min_variance,1.0645920299409104
2025-01-17,min_variance,1.0699296562520817
2025-01-21,min_variance,1.0799224409482804
2025-01-22,min_variance,1.0805729174547514
2025-01-23,min_variance,1.0837336319615947
2025-01-24,min_variance,1.0847652123647167
2025-01-27,min_variance,1.0816464196677633
2025-01-28,min_variance,1.0848890749283477
2025-01-29,min_variance,1.0825081751115588
2025-01-30,min_variance,1.0883447123798253
2025-01-31,min_variance,1.083118889269885
2025-02-03,min_variance,1.077725565769589
2025-02-04,min_variance,1.0843974698998324
2025-02-05,min_variance,1.0910272921503126
2025-02-06,min_variance,1.093133009979183
2025-02-07,min_variance,1.0855808056856389
2025-02-10,min_variance,1.0899194943931185
2025-02-11,min_variance,1.0903540213062297
2025-02-12,min_variance,1.087098632876771
2025-02-13,min_variance,1.0976736629891788
2025-02-14,min_variance,1.0998610006322889
2025-02-18,min_variance,1.1006438989765868
2025-02-19,min_variance,1.0994814032161615
2025-02-20,min_variance,1.0999547731521815
2025-02-21,min_variance,1.0940384972343886
2025-02-24,min_variance,1.09302654317798
2025-02-25,min_variance,1.096966277589193
2025-02-26,min_variance,1.0987312910759897
2025-02-27,min_variance,1.0889849758047518
2025-02-28,min_variance,1.097901458209748
2025-03-03,min_variance,1.0956825944354485
2025-03-04,min_variance,1.089563642729441
2025-03-05,min_variance,1.0975896408589705
2025-03-06,min_variance,1.0875879211018058
2025-03-07,min_variance,1.0919757951240445
2025-03-10,min_variance,1.078297174503509
2025-03-11,min_variance,1.072690540546792
2025-03-12,min_variance,1.0752769409436844
2025-03-13,min_variance,1.0702313841639386
2025-03-14,min_variance,1.081226195951234
2025-03-17,min_variance,1.0875205978520168
2025-03-18,min_variance,1.0838450468523366
2025-03-19,min_variance,1.0901079994037393
2025-03-20,min_variance,1.0873835348440524
2025-03-21,min_variance,1.0854885227970115
2025-03-24,min_variance,1.089786439666355
2025-03-25,min_variance,1.0929211640565717
2025-03-26,min_variance,1.0837802255248052
2025-03-27,min_variance,1.0829601636917379
2025-03-28,min_variance,1.0763458358395785
2025-03-31,min_variance,1.077843222946904
2025-04-01,min_variance,1.080792700707663
2025-04-02,min_variance,1.0833177821460986
2025-04-03,min_variance,1.063949961664733
2025-04-04,min_variance,1.0262976858678254
2025-04-07,min_variance,1.0140531426675274
2025-04-08,min_variance,1.0059681119162107
2025-04-09,min_variance,1.057821751512614
2025-04-10,min_variance,1.0343468848624537
2025-04-11,min_variance,1.0447797270506853
2025-04-14,min_variance,1.0545026042955479
2025-04-15,min_variance,1.057383000967673
2025-04-16,min_variance,1.0505446548951192
2025-04-17,min_variance,1.0529032994585936
2025-04-21,min_variance,1.0410637572782546
2025-04-22,min_variance,1.0558341299639682
2025-04-23,min_variance,1.0626541342260347
2025-04-24,min_variance,1.0760498403282568
2025-04-25,min_variance,1.0814750461072453
2025-04-28,min_variance,1.0853296003149528
2025-04-29,min_variance,1.0896356959296132
2025-04-30,min_variance,1.0900981841460524
2025-05-01,min_variance,1.0895683078330891
2025-05-02,min_variance,1.0981673586026377
2025-05-05,min_variance,1.0967774348187063
2025-05-06,min_variance,1.095357945431173
2025-05-07,min_variance,1.096040919564961
2025-05-08,min_variance,1.0928008975108543
2025-05-09,min_variance,1.0949089126661198
2025-05-12,min_variance,1.1021528913127392
2025-05-13,min_variance,1.1039899472454788
2025-05-14,min_variance,1.1006144310726778
2025-05-15,min_variance,1.1092788055532545
2025-05-16,min_variance,1.1119745518577444
2025-05-19,min_variance,1.1161463613631952
2025-05-20,min_variance,1.1168507282162388
2025-05-21,min_variance,1.1071156043059405
2025-05-22,min_variance,1.1085630742077428
2025-05-23,min_variance,1.1087301507193292
2025-05-27,min_variance,1.1219143409375743
2025-05-28,min_variance,1.1141721365063773
2025-05-29,min_variance,1.1188650855498712
2025-05-30,min_variance,1.1205157237182624
2025-06-02,min_variance,1.1251397203427282
2025-06-03,min_variance,1.122690101067039
2025-06-04,min_variance,1.1279023017328336
2025-06-05,min_variance,1.1251323592953872
2025-06-06,min_variance,1.1255105684619473
2025-06-09,min_variance,1.1264882213489043
2025-06-10,min_variance,1.1291830517240942
2025-06-11,min_variance,1.1296363422325963
2025-06-12,min_variance,1.1359378400456044
2025-06-13,min_variance,1.1258946510495542
2025-06-16,min_variance,1.1284833983789826
2025-06-17,min_variance,1.1232518892396626
2025-06-18,min_variance,1.1242551821358695
2025-06-20,min_variance,1.1200839451122144
2025-06-23,min_variance,1.1272366223999277
2025-06-24,min_variance,1.136742559085359
2025-06-25,min_variance,1.1346642389290538
2025-06-26,min_variance,1.1430756878625417
2025-06-27,min_variance,1.1470841607403983
2025-06-30,min_variance,1.1503151302692454
2025-07-01,min_variance,1.1486150881604005
2025-07-02,min_variance,1.1500307782739434
2025-07-03,min_variance,1.1503614399675621
2025-07-07,min_variance,1.1421877156510338
2025-07-08,min_variance,1.1447327656301052
2025-07-09,min_variance,1.1519283178979969
2025-07-10,min_variance,1.15203302415647
2025-07-11,min_variance,1.14466558609087
2025-07-14,min_variance,1.1449152773114368
2025-07-15,min_variance,1.1373502914499396
2025-07-16,min_variance,1.1412308769409316
2025-07-17,min_variance,1.1436911966915335
2025-07-18,min_variance,1.1434865322187122
2025-07-21,min_variance,1.147940035666879
2025-07-22,min_variance,1.1517980636699643
2025-07-23,min_variance,1.1635781108277643
2025-07-24,min_variance,1.1594802946412923
2025-07-25,min_variance,1.160971382465427
2025-07-28,min_variance,1.152382680620105
2025-07-29,min_variance,1.1538204413902897
2025-07-30,min_variance,1.1486368469021009
2025-07-31,min_variance,1.1432463546304616
2025-08-01,min_variance,1.1434644166497094
2025-08-04,min_variance,1.15366933954629
2025-08-05,min_variance,1.1520282315511612
2025-08-06,min_variance,1.1565187285068035
2025-08-07,min_variance,1.160027567330397
2025-08-08,min_variance,1.1636962068048389
2025-08-11,min_variance,1.161420668300999
2025-08-12,min_variance,1.1695528107344493
2025-08-13,min_variance,1.1748270392128548
2025-08-14,min_variance,1.1734194044378201
2025-08-15,min_variance,1.1746533489175144
2025-08-18,min_variance,1.1736615207961052
2025-08-19,min_variance,1.1734897283571484
2025-08-20,min_variance,1.1751629712044969
2025-08-21,min_variance,1.1698823757340209
2025-08-22,min_variance,1.1832354802150071
2025-08-25,min_variance,1.174983372384932
2025-08-26,min_variance,1.1767278250475792
2025-08-27,min_variance,1.1770510933655294
2025-08-28,min_variance,1.1807233228524647
2025-08-29,min_variance,1.176087373718543
2025-09-02,min_variance,1.1682635959025987
2025-09-03,min_variance,1.1719433693924943
2025-09-04,min_variance,1.1794368620330802
2025-09-05,min_variance,1.183015880277809
2025-09-08,min_variance,1.1896565221831414
2025-09-09,min_variance,1.1875947778263263
2025-09-10,min_variance,1.1895122546615937
2025-09-11,min_variance,1.197232612705127
2025-09-12,min_variance,1.193948700286161
2025-09-15,min_variance,1.1991795336415971
2025-09-16,min_variance,1.197828469789458
2025-09-17,min_variance,1.1947480431492865
2025-09-18,min_variance,1.1961809321136403
2025-09-19,min_variance,1.1955064645201565
2025-09-22,min_variance,1.197452813392287
2025-09-23,min_variance,1.1964425603557993
2025-09-24,min_variance,1.1916659435421149
2025-09-25,min_variance,1.1861678253550538
2025-09-26,min_variance,1.1909273355347223
2025-09-29,min_variance,1.1948134061030364
2025-09-30,min_variance,1.1974875048691864
2025-10-01,min_variance,1.2037712533147449
2025-10-02,min_variance,1.2053068047508377
2025-10-03,min_variance,1.2082421154184242
2025-10-06,min_variance,1.2088573796146587
2025-10-07,min_variance,1.2050059991921265
2025-10-08,min_variance,1.208029678114982
2025-10-09,min_variance,1.2030866728187195
2025-10-10,min_variance,1.190538579888665
2025-10-13,min_variance,1.1983123160976223
2025-10-14,min_variance,1.201312615982103
2025-10-15,min_variance,1.2041172453707276
2025-10-16,min_variance,1.207018582531888
2025-10-17,min_variance,1.2085097493898074
2025-10-20,min_variance,1.2156742491760313
2025-10-21,min_variance,1.2131242363913186
2025-10-22,min_variance,1.2111827449623007
2025-10-23,min_variance,1.2132855934803275
2025-10-24,min_variance,1.2166001580297563
2025-10-27,min_variance,1.2229440188176528
2025-10-28,min_variance,1.2239016013965098
2025-10-29,min_variance,1.2182285601692797
2025-10-30,min_variance,1.2125335840491653
2025-10-31,min_variance,1.2125639859314536
2025-11-03,min_variance,1.212999126277814
2025-11-04,min_variance,1.2057446822735858
2025-11-05,min_variance,1.2073360241065518
2025-11-06,min_variance,1.2061229875077315
2025-11-07,min_variance,1.2083491991882644
2025-11-10,min_variance,1.2165042557119408
2025-11-11,min_variance,1.2221484917645196
2025-11-12,min_variance,1.2252981002189047
2025-11-13,min_variance,1.214565596213203
2025-11-14,min_variance,1.2123418469023814
2025-11-17,min_variance,1.2043163088488453
2025-11-18,min_variance,1.1968842286976749
2025-11-19,min_variance,1.1960145466003833
2025-11-20,min_variance,1.1870128274467548
2025-11-21,min_variance,1.1981551684140732
2025-11-24,min_variance,1.2027918570165372
2025-11-25,min_variance,1.2119739017958262
2025-11-26,min_variance,1.2193086696451936
2025-11-28,min_variance,1.2214178682953754
2025-12-01,min_variance,1.2152632428202736
2025-12-02,min_variance,1.2177579034636181
2025-12-03,min_variance,1.2222240058629374
2025-12-04,min_variance,1.2222286508462636
2025-12-05,min_variance,1.2216876602564055
2025-12-08,min_variance,1.2184065126742127
2025-12-09,min_variance,1.2168247803067298
2025-12-10,min_variance,1.2254417269335365
2025-12-11,min_variance,1.228988894146992
2025-12-12,min_variance,1.2224169260676871
2025-12-15,min_variance,1.2254789304951705
2025-12-16,min_variance,1.2238623729320963
2025-12-17,min_variance,1.217069629327365
2025-12-18,min_variance,1.2236386836978552
2025-12-19,min_variance,1.228078803998206
2025-12-22,min_variance,1.2303477839608934
2025-12-23,min_variance,1.2343504505403293
2025-12-24,min_variance,1.237105642760993
2025-12-26,min_variance,1.2383704558671031
2025-12-29,min_variance,1.2366798146320948
2025-12-30,min_variance,1.236710435691897
2025-12-31,min_variance,1.2311301799335923
2026-01-02,min_variance,1.2364388300465015
2026-01-05,min_variance,1.2452358300924706
2026-01-06,min_variance,1.2471204930221056
2026-01-07,min_variance,1.2453540933022693
2026-01-08,min_variance,1.243886970519583
2026-01-09,min_variance,1.2505377696474655
2026-01-12,min_variance,1.2533725636077415
2026-01-13,min_variance,1.2505820829081147
2026-01-14,min_variance,1.2527218113816745
2026-01-15,min_variance,1.252168864034853
2026-01-16,min_variance,1.2514304054666445
2026-01-20,min_variance,1.236681898363363
2026-01-21,min_variance,1.2459470390755405
2026-01-22,min_variance,1.249179071692299
2026-01-23,min_variance,1.2528962440565754
2026-01-26,min_variance,1.2574321110101176
2026-01-27,min_variance,1.266121460220352
2026-01-28,min_variance,1.2601799227971051
2026-01-29,min_variance,1.2636609928919387
2026-01-30,min_variance,1.257760896977682
2026-02-02,min_variance,1.2613846053034
2026-02-03,min_variance,1.2599760593723988
2026-02-04,min_variance,1.2603007362998355
2026-02-05,min_variance,1.2529372395648055
2026-02-06,min_variance,1.2689982672548492
2026-02-09,min_variance,1.2771787232235703
2026-02-10,min_variance,1.2799792377055552
2026-02-11,min_variance,1.2819769394453329
2026-02-12,min_variance,1.277287068406154
2026-02-13,min_variance,1.2799178727794145
2026-02-17,min_variance,1.2801644997735073
2026-02-18,min_variance,1.280952278588676
2026-02-19,min_variance,1.2793284730863483
2026-02-20,min_variance,1.2853537149467567
2026-02-23,min_variance,1.2825104420733868
2026-02-24,min_variance,1.2851494206329401
2026-02-25,min_variance,1.2918065763017155
2026-02-26,min_variance,1.2913364740218947
2026-02-27,min_variance,1.291252077937807
2026-03-02,min_variance,1.2779183893623398
2026-03-03,min_variance,1.2592022826312026
2026-03-04,min_variance,1.266320369044167
2026-03-05,min_variance,1.252333690265246
2026-03-06,min_variance,1.2443379893426298
2026-03-09,min_variance,1.2516235590798668
2026-03-10,min_variance,1.2507242129192528
2026-03-11,min_variance,1.2470527613754117
2026-03-12,min_variance,1.2339269949522138
2026-03-13,min_variance,1.226256650556109
2026-03-16,min_variance,1.2399367266455474
2026-03-17,min_variance,1.2428229110903313
2026-03-18,min_variance,1.2287083972327475
2026-03-19,min_variance,1.227207574021924
2026-03-20,min_variance,1.2046603545107046
2026-03-23,min_variance,1.2199158285902758
2026-03-24,min_variance,1.21458965419321
2026-03-25,min_variance,1.2254586479327836
2026-03-26,min_variance,1.2071294226878766
2026-03-27,min_variance,1.198819242553133
2026-03-30,min_variance,1.2028900540478948
2026-03-31,min_variance,1.2257858537609063
2026-04-01,min_variance,1.2343865692920046
2026-04-02,min_variance,1.2332633657647305
2026-04-06,min_variance,1.2355670554785265
2026-04-07,min_variance,1.236370831152351
2026-04-08,min_variance,1.2619518435395982
2026-04-09,min_variance,1.2627333361214867
2026-04-10,min_variance,1.2626430865067317
2026-04-13,min_variance,1.2696894977353261
2026-04-14,min_variance,1.2789525272243232
2026-04-15,min_variance,1.27920906958464
2026-04-16,min_variance,1.2779243624894607
2026-04-17,min_variance,1.2903529745994125
2026-04-20,min_variance,1.28745636016378
2026-04-21,min_variance,1.2733908618236425
2026-04-22,min_variance,1.2788928847183707
2026-04-23,min_variance,1.2736733435159424
2026-04-24,min_variance,1.279622594825935
2026-04-27,min_variance,1.2774560161615687
2026-04-28,min_variance,1.273490308842215
2026-04-29,min_variance,1.2667744684124647
2026-04-30,min_variance,1.2812715887089587
2026-05-01,min_variance,1.2814733038315518
2026-05-04,min_variance,1.2741874492918517
2026-05-05,min_variance,1.282405738535634
2026-05-06,min_variance,1.2990574937380344
2026-05-07,min_variance,1.2910684466716673
2026-05-08,min_variance,1.2994031511429882
2026-05-11,min_variance,1.2983145128139613
2026-05-12,min_variance,1.2942803910363052
2026-05-13,min_variance,1.2989500778147736
2026-05-14,min_variance,1.3018647943568868
2026-05-15,min_variance,1.2870376379463961
2026-05-18,min_variance,1.2888108823514564
2026-05-19,min_variance,1.2815059731168619
2026-05-20,min_variance,1.2945308860217162
2026-05-21,min_variance,1.297331934713634
2026-05-22,min_variance,1.299314631415023
2026-05-26,min_variance,1.3078864248746096
2026-05-27,min_variance,1.3071067004579497
2026-05-28,min_variance,1.3110408976596695
2026-05-29,min_variance,1.3132494502229302
2026-06-01,min_variance,1.312866918802694
2026-06-02,min_variance,1.3154009684955328
2026-06-03,min_variance,1.3082840377967886
2026-06-04,min_variance,1.312641146048298
2026-06-05,min_variance,1.2889195008703034
2026-06-08,min_variance,1.2913350306567142
2026-06-09,min_variance,1.2910048423477378
2026-06-10,min_variance,1.2789313311493944
2026-06-11,min_variance,1.2990744297947365
2026-06-12,min_variance,1.3017579860621193
2026-06-15,min_variance,1.3138386946630596
2026-06-16,min_variance,1.3120306066779062
2026-06-17,min_variance,1.3012639061831919
2026-06-18,min_variance,1.3106330113833597
2026-06-22,min_variance,1.3073076714256593
2026-06-23,min_variance,1.2947067639474241
2026-06-24,min_variance,1.2972995344176592
2026-06-25,min_variance,1.3006168790952044
2026-06-26,min_variance,1.2964978358491985
2026-06-29,min_variance,1.3077559831992676
2026-06-30,min_variance,1.3104877222888989
2026-07-01,min_variance,1.3060673954887236
2026-07-02,min_variance,1.309303969004265
2026-07-06,min_variance,1.31695449044568
2026-07-07,min_variance,1.308490525417459
2026-07-08,min_variance,1.3037882523001088
2026-07-09,min_variance,1.3107396656088475
2026-07-10,min_variance,1.3136044517892669
2026-07-13,min_variance,1.304902671990421
2026-07-14,min_variance,1.3100362070209666
2026-07-15,min_variance,1.3151511416837458
2026-07-16,min_variance,1.3098227831885365
2026-07-17,min_variance,1.3040674003444153
2026-07-20,min_variance,1.2996331019615444
2026-07-21,min_variance,1.3064694563317105
2026-07-22,min_variance,1.305174945264991
2026-07-23,min_variance,1.2938970578933437
2026-07-24,min_variance,1.2967156651166085
2026-07-27,min_variance,1.2994845596843467
2026-07-28,min_variance,1.3022294336181712
2026-07-29,min_variance,1.2907581431681896
2026-07-30,min_variance,1.3068248495433665
2026-07-31,min_variance,1.307447726957495
2026-08-03,min_variance,1.3170558483266335
2026-08-04,min_variance,1.332224421895322
2026-08-05,min_variance,1.331767416777908
2026-08-06,min_variance,1.3286950237465018
2026-08-07,min_variance,1.3361683021699933
2026-08-10,min_variance,1.332339715562629
2026-08-11,min_variance,1.3314453717806636
2026-08-12,min_variance,1.3343167550874644
2026-08-13,min_variance,1.3404664182457005
2026-08-14,min_variance,1.3377956496933896
2026-08-17,min_variance,1.3336365730915516
2026-08-18,min_variance,1.3275861412696004
2026-08-19,min_variance,1.3322286296117027
2026-08-20,min_variance,1.3248098621427133
2026-08-21,min_variance,1.3281688319864926
2026-08-24,min_variance,1.3271610239198128
2026-08-25,min_variance,1.3336334196515067
2026-08-26,min_variance,1.3313316140655194
2026-08-27,min_variance,1.3336901584710852
2026-08-28,min_variance,1.3295711923132418
2026-08-31,min_variance,1.3266767804600232
2026-09-01,min_variance,1.318866910277039
2026-09-02,min_variance,1.3230777185932276
2026-09-03,min_variance,1.3320461217674922
2026-09-04,min_variance,1.3301573531661006
2026-09-08,min_variance,1.325251099901472
2026-09-09,min_variance,1.3183240800132696
2026-09-10,min_variance,1.3088058117954053
2026-09-11,min_variance,1.314881774035615
2026-09-14,min_variance,1.3099566097918778
2026-09-15,min_variance,1.305795047976681
2026-09-16,min_variance,1.3020252517811102
2026-09-17,min_variance,1.3134513461960855
2026-09-18,min_variance,1.3089030808049258
2026-09-21,min_variance,1.321980086531678
2026-09-22,min_variance,1.3228705403813377
2026-09-23,min_variance,1.3092366264083162
2026-09-24,min_variance,1.3051921947336451
2026-09-25,min_variance,1.3124883913759073
2026-09-28,min_variance,1.304523304713824
2026-09-29,min_variance,1.301847707845682
2026-09-30,min_variance,1.298345792559565
2026-10-01,min_variance,1.2983325331072286
2026-10-02,min_variance,1.30359832599636
2026-10-05,min_variance,1.3065470279191995
2026-10-06,min_variance,1.3111439415342796
2026-10-07,min_variance,1.3069279438412893
2026-10-08,min_variance,1.3056586342393033
2026-10-09,min_variance,1.3102898213433964
2023-10-05,max_sharpe,1.0002113095162406
2023-10-06,max_sharpe,1.0004235765850062
2023-10-09,max_sharpe,1.0006358887015612
2023-10-10,max_sharpe,1.0008472531773451
2023-10-11,max_sharpe,1.0010591388969436
2023-10-12,max_sharpe,1.0012710694740945
2023-10-13,max_sharpe,1.0014827667886546
2023-10-16,max_sharpe,1.001694508862076
2023-10-17,max_sharpe,1.001906772704543
2023-10-18,max_sharpe,1.0021186839355778
2023-10-19,max_sharpe,1.0023298446559887
2023-10-20,max_sharpe,1.0025406521309035
2023-10-23,max_sharpe,1.0027512254600124
2023-10-24,max_sharpe,1.002962439888295
2023-10-25,max_sharpe,1.0031739774051758
2023-10-26,max_sharpe,1.003384962415953
2023-10-27,max_sharpe,1.003596190870452
2023-10-30,max_sharpe,1.003807782408746
2023-10-31,max_sharpe,1.00401969739187
2023-11-01,max_sharpe,1.0042308602723333
2023-11-02,max_sharpe,1.0044408720427493
2023-11-03,max_sharpe,1.0046502501253856
2023-11-06,max_sharpe,1.0048599509406875
2023-11-07,max_sharpe,1.0050702138884513
2023-11-08,max_sharpe,1.0052803214286612
2023-11-09,max_sharpe,1.0054902734264066
2023-11-10,max_sharpe,1.0056997505667038
2023-11-13,max_sharpe,1.005909670444409
2023-11-14,max_sharpe,1.0061193547015566
2023-11-15,max_sharpe,1.006329162531878
2023-11-16,max_sharpe,1.006538534906079
2023-11-17,max_sharpe,1.0067475514121704
2023-11-20,max_sharpe,1.0069568110784326
2023-11-21,max_sharpe,1.0071667935449984
2023-11-22,max_sharpe,1.0073772194590278
2023-11-24,max_sharpe,1.007587209630249
2023-11-27,max_sharpe,1.0077974434970924
2023-11-28,max_sharpe,1.008007801226595
2023-11-29,max_sharpe,1.0082174028395994
2023-11-30,max_sharpe,1.0084269680249747
2023-12-01,max_sharpe,1.0086356563897414
2023-12-04,max_sharpe,1.0088447081390803
2023-12-05,max_sharpe,1.0090546038865231
2023-12-06,max_sharpe,1.0092645433039424
2023-12-07,max_sharpe,1.0094741258894548
2023-12-08,max_sharpe,1.009683751996619
2023-12-11,max_sharpe,1.0098934216344728
2023-12-12,max_sharpe,1.010103735952851
2023-12-13,max_sharpe,1.0103130919791594
2023-12-14,max_sharpe,1.0105221706668115
2023-12-15,max_sharpe,1.010731693613056
2023-12-18,max_sharpe,1.0109412600020533
2023-12-19,max_sharpe,1.011151391360587
2023-12-20,max_sharpe,1.0113612454001148
2023-12-21,max_sharpe,1.011570340325794
2023-12-22,max_sharpe,1.0117793982034782
2023-12-26,max_sharpe,1.0119882985319832
2023-12-27,max_sharpe,1.0121985270588854
2023-12-28,max_sharpe,1.012408116417955
2023-12-29,max_sharpe,1.012616222523878
2024-01-02,max_sharpe,1.0128256974519123
2024-01-03,max_sharpe,1.0130360999384753
2024-01-04,max_sharpe,1.0132462647359612
2024-01-05,max_sharpe,1.0134561514537919
2024-01-08,max_sharpe,1.013666081648155
2024-01-09,max_sharpe,1.0138764575857089
2024-01-10,max_sharpe,1.01408667601405
2024-01-11,max_sharpe,1.0142966563398308
2024-01-12,max_sharpe,1.014505875148292
2024-01-16,max_sharpe,1.0147153384077388
2024-01-17,max_sharpe,1.014925328115859
2024-01-18,max_sharpe,1.0151347571441376
2024-01-19,max_sharpe,1.0153441488275172
2024-01-22,max_sharpe,1.015553664279114
2024-01-23,max_sharpe,1.0157636259707663
2024-01-24,max_sharpe,1.0159736310711653
2024-01-25,max_sharpe,1.0161830748484597
2024-01-26,max_sharpe,1.0163927634117687
2024-01-29,max_sharpe,1.0166024952441448
2024-01-30,max_sharpe,1.0168123913890879
2024-01-31,max_sharpe,1.017021725630838
2024-02-01,max_sharpe,1.017231587249064
2024-02-02,max_sharpe,1.0174418958446343
2024-02-05,max_sharpe,1.0176529746699663
2024-02-06,max_sharpe,1.0178638953658856
2024-02-07,max_sharpe,1.0180748597776306
2024-02-08,max_sharpe,1.0182856659106583
2024-02-09,max_sharpe,1.0184965965044046
2024-02-12,max_sharpe,1.0187078941382772
2024-02-13,max_sharpe,1.0189194377179578
2024-02-14,max_sharpe,1.019130418732241
2024-02-15,max_sharpe,1.0193414434329893
2024-02-16,max_sharpe,1.0195527140841638
2024-02-20,max_sharpe,1.019763623930026
2024-02-21,max_sharpe,1.0199754676882573
2024-02-22,max_sharpe,1.0201872744906417
2024-02-23,max_sharpe,1.0203994086606747
2024-02-26,max_sharpe,1.0206119918708123
2024-02-27,max_sharpe,1.0208244168621046
2024-02-28,max_sharpe,1.0210366835172915
2024-02-29,max_sharpe,1.0212483055271582
2024-03-01,max_sharpe,1.0214596471965691
2024-03-04,max_sharpe,1.0216713568706945
2024-03-05,max_sharpe,1.0218831915033222
2024-03-06,max_sharpe,1.0220952728172528
2024-03-07,max_sharpe,1.0223073170336792
2024-03-08,max_sharpe,1.0225194052408673
2024-03-11,max_sharpe,1.0227320243460032
2024-03-12,max_sharpe,1.0229446876624115
2024-03-13,max_sharpe,1.023157314019083
2024-03-14,max_sharpe,1.0233699845716608
2024-03-15,max_sharpe,1.0235826993293315
2024-03-18,max_sharpe,1.0237954583012832
2024-03-19,max_sharpe,1.024008261496706
2024-03-20,max_sharpe,1.0242207025823835
2024-03-21,max_sharpe,1.0244331877411574
2024-03-22,max_sharpe,1.0246453917500888
2024-03-25,max_sharpe,1.0248575584003947
2024-03-26,max_sharpe,1.0250697689826676
2024-03-27,max_sharpe,1.0252819014827332
2024-03-28,max_sharpe,1.0254935896495514
2024-04-01,max_sharpe,1.025705931930674
2024-04-02,max_sharpe,1.0259181146623906
2024-04-03,max_sharpe,1.0261302191630464
2024-04-04,max_sharpe,1.0263420824805372
2024-04-05,max_sharpe,1.0265544782788205
2024-04-08,max_sharpe,1.0267672439173505
2024-04-09,max_sharpe,1.0269799314093275
2024-04-10,max_sharpe,1.027193600290745
2024-04-11,max_sharpe,1.0274071098142414
2024-04-12,max_sharpe,1.027620337560429
2024-04-15,max_sharpe,1.0278339357843138
2024-04-16,max_sharpe,1.0280473744661422
2024-04-17,max_sharpe,1.0282611430378445
2024-04-18,max_sharpe,1.0284750784824606
2024-04-19,max_sharpe,1.028689140056625
2024-04-22,max_sharpe,1.028903246184477
2024-04-23,max_sharpe,1.02911739687529
2024-04-24,max_sharpe,1.0293320005276057
2024-04-25,max_sharpe,1.029546240457168
2024-04-26,max_sharpe,1.02976023899372
2024-04-29,max_sharpe,1.0299744863335798
2024-04-30,max_sharpe,1.0301888599868714
2024-05-01,max_sharpe,1.0304034826660353
2024-05-02,max_sharpe,1.0306176593865006
2024-05-03,max_sharpe,1.0308317579414408
2024-05-06,max_sharpe,1.0310461054880944
2024-05-07,max_sharpe,1.0312606203596237
2024-05-08,max_sharpe,1.0314752617023129
2024-05-09,max_sharpe,1.0316897430568857
2024-05-10,max_sharpe,1.0319043918407877
2024-05-13,max_sharpe,1.0321189624271792
2024-05-14,max_sharpe,1.0323333728599613
2024-05-15,max_sharpe,1.0325480326471639
2024-05-16,max_sharpe,1.0327628600029843
2024-05-17,max_sharpe,1.0329776090962397
2024-05-20,max_sharpe,1.0331924028436696
2024-05-21,max_sharpe,1.0334072412545594
2024-05-22,max_sharpe,1.0336223293840086
2024-05-23,max_sharpe,1.0338374622808073
2024-05-24,max_sharpe,1.0340526399542735
2024-05-28,max_sharpe,1.0342679855258756
2024-05-29,max_sharpe,1.0344834580228601
2024-05-30,max_sharpe,1.034698893314037
2024-05-31,max_sharpe,1.034914250281379
2024-06-03,max_sharpe,1.035129569941927
2024-06-04,max_sharpe,1.0353448111605608
2024-06-05,max_sharpe,1.0355600971357
2024-06-06,max_sharpe,1.0357751402223228
2024-06-07,max_sharpe,1.0359904334801624
2024-06-10,max_sharpe,1.0362055659298808
2024-06-11,max_sharpe,1.0364212364884013
2024-06-12,max_sharpe,1.0366368696858035
2024-06-13,max_sharpe,1.0368524243270687
2024-06-14,max_sharpe,1.0370680237900114
2024-06-17,max_sharpe,1.0372837915551059
2024-06-18,max_sharpe,1.0374992749196805
2024-06-20,max_sharpe,1.0377143913328755
2024-06-21,max_sharpe,1.0379291405673652
2024-06-24,max_sharpe,1.0381437282999821
2024-06-25,max_sharpe,1.038358895948569
2024-06-26,max_sharpe,1.0385743966249823
2024-06-27,max_sharpe,1.0387896535347074
2024-06-28,max_sharpe,1.039004542831439
2024-07-01,max_sharpe,1.0392196827376738
2024-07-02,max_sharpe,1.0394352795897301
2024-07-03,max_sharpe,1.0396510036584634
2024-07-05,max_sharpe,1.0398665662138191
2024-07-08,max_sharpe,1.0400818846136235
2024-07-09,max_sharpe,1.040297536508382
2024-07-10,max_sharpe,1.0405132331166773
2024-07-11,max_sharpe,1.0407278596142213
2024-07-12,max_sharpe,1.0409425303827387
2024-07-15,max_sharpe,1.0411570388904172
2024-07-16,max_sharpe,1.041371591602169
2024-07-17,max_sharpe,1.041586271189357
2024-07-18,max_sharpe,1.0418009123536194
2024-07-19,max_sharpe,1.0420155977492915
2024-07-22,max_sharpe,1.0422302033450035
2024-07-23,max_sharpe,1.0424441500392416
2024-07-24,max_sharpe,1.042658016560481
2024-07-25,max_sharpe,1.0428715131956539
2024-07-26,max_sharpe,1.0430848466428493
2024-07-29,max_sharpe,1.0432978925767606
2024-07-30,max_sharpe,1.0435104852322041
2024-07-31,max_sharpe,1.0437231212076212
2024-08-01,max_sharpe,1.0439349721411961
2024-08-02,max_sharpe,1.0441433448844064
2024-08-05,max_sharpe,1.0443530022362069
2024-08-06,max_sharpe,1.0445635305366703
2024-08-07,max_sharpe,1.0447741012769651
2024-08-08,max_sharpe,1.0449848388542706
2024-08-09,max_sharpe,1.045195287181964
2024-08-12,max_sharpe,1.045405694945616
2024-08-13,max_sharpe,1.0456153153800862
2024-08-14,max_sharpe,1.04582539278299
2024-08-15,max_sharpe,1.0460362178986862
2024-08-16,max_sharpe,1.0462468779624292
2024-08-19,max_sharpe,1.0464570822542807
2024-08-20,max_sharpe,1.0466660829878918
2024-08-21,max_sharpe,1.0468739625063497
2024-08-22,max_sharpe,1.0470827141635495
2024-08-23,max_sharpe,1.047290468670328
2024-08-26,max_sharpe,1.0474981812859718
2024-08-27,max_sharpe,1.0477046880675869
2024-08-28,max_sharpe,1.0479106950774852
2024-08-29,max_sharpe,1.0481171584410154
2024-08-30,max_sharpe,1.0483237872495537
2024-09-03,max_sharpe,1.0485305399877554
2024-09-04,max_sharpe,1.0487364181252101
2024-09-05,max_sharpe,1.0489416708308537
2024-09-06,max_sharpe,1.0491459647083312
2024-09-09,max_sharpe,1.049349757147904
2024-09-10,max_sharpe,1.0495510907239294
2024-09-11,max_sharpe,1.049754128881361
2024-09-12,max_sharpe,1.0499557483315183
2024-09-13,max_sharpe,1.0501541983014118
2024-09-16,max_sharpe,1.050351935664537
2024-09-17,max_sharpe,1.0505492934643628
2024-09-18,max_sharpe,1.0507416857163028
2024-09-19,max_sharpe,1.0509331958946502
2024-09-20,max_sharpe,1.0511227392063773
2024-09-23,max_sharpe,1.051310564820111
2024-09-24,max_sharpe,1.0514980902514028
2024-09-25,max_sharpe,1.0516853153275507
2024-09-26,max_sharpe,1.0518717808005937
2024-09-27,max_sharpe,1.0520588637049244
2024-09-30,max_sharpe,1.052246647868474
2024-10-01,max_sharpe,1.0524337974455884
2024-10-02,max_sharpe,1.0526206044467061
2024-10-03,max_sharpe,1.0528071104450978
2024-10-04,max_sharpe,1.052995320609901
2024-10-07,max_sharpe,1.053184400130781
2024-10-08,max_sharpe,1.053373638973449
2024-10-09,max_sharpe,1.0535632044215446
2024-10-10,max_sharpe,1.05375259495873
2024-10-11,max_sharpe,1.0539413922930772
2024-10-14,max_sharpe,1.0541303489336744
2024-10-15,max_sharpe,1.05431921394894
2024-10-16,max_sharpe,1.05450761074224
2024-10-17,max_sharpe,1.0546965433502442
2024-10-18,max_sharpe,1.0548854261086653
2024-10-21,max_sharpe,1.0550745520010443
2024-10-22,max_sharpe,1.0552629581710444
2024-10-23,max_sharpe,1.0554516073673668
2024-10-24,max_sharpe,1.0556395363891993
2024-10-25,max_sharpe,1.0558284623634346
2024-10-28,max_sharpe,1.0560162489918234
2024-10-29,max_sharpe,1.0562039852146656
2024-10-30,max_sharpe,1.056391042285961
2024-10-31,max_sharpe,1.0565768329712253
2024-11-01,max_sharpe,1.056021710861393
2024-11-04,max_sharpe,1.0575263191028437
2024-11-05,max_sharpe,1.0649502575065313
2024-11-06,max_sharpe,1.068097197252102
2024-11-07,max_sharpe,1.078052664058272
2024-11-08,max_sharpe,1.077909833198538
2024-11-11,max_sharpe,1.077212210388896
2024-11-12,max_sharpe,1.0692644350738743
2024-11-13,max_sharpe,1.067984525890818
2024-11-14,max_sharpe,1.0655245678717071
2024-11-15,max_sharpe,1.059338030671483
2024-11-18,max_sharpe,1.0631779170327347
2024-11-19,max_sharpe,1.0654040657984039
2024-11-20,max_sharpe,1.0643620251524515
2024-11-21,max_sharpe,1.0665346856240903
2024-11-22,max_sharpe,1.068964414935982
2024-11-25,max_sharpe,1.076077741390588
2024-11-26,max_sharpe,1.0762862571563785
2024-11-27,max_sharpe,1.0777712365434582
2024-11-29,max_sharpe,1.0850938624450857
2024-12-02,max_sharpe,1.0863785094376204
2024-12-03,max_sharpe,1.0864470667850337
2024-12-04,max_sharpe,1.0914100047806765
2024-12-05,max_sharpe,1.091378926070176
2024-12-06,max_sharpe,1.093912064665391
2024-12-09,max_sharpe,1.0897207451950293
2024-12-10,max_sharpe,1.0858399579002163
2024-12-11,max_sharpe,1.0897278160122743
2024-12-12,max_sharpe,1.083979429717114
2024-12-13,max_sharpe,1.0816684493462552
2024-12-16,max_sharpe,1.0836614571726835
2024-12-17,max_sharpe,1.0813808580629674
2024-12-18,max_sharpe,1.0592669986579288
2024-12-19,max_sharpe,1.0564846768060123
2024-12-20,max_sharpe,1.062992535170817
2024-12-23,max_sharpe,1.0651422899792753
2024-12-24,max_sharpe,1.071302397294971
2024-12-26,max_sharpe,1.0724640740126141
2024-12-27,max_sharpe,1.0659856010714164
2024-12-30,max_sharpe,1.0618991396509123
2024-12-31,max_sharpe,1.059250944209892
2025-01-02,max_sharpe,1.0575958178579705
2025-01-03,max_sharpe,1.0651496878670732
2025-01-06,max_sharpe,1.0695856398202919
2025-01-07,max_sharpe,1.059663247214549
2025-01-08,max_sharpe,1.0609791908775406
2025-01-10,max_sharpe,1.0480719202798034
2025-01-13,max_sharpe,1.0473329581243669
2025-01-14,max_sharpe,1.048043053695706
2025-01-15,max_sharpe,1.064485616941873
2025-01-16,max_sharpe,1.063689424117982
2025-01-17,max_sharpe,1.0713493518414283
2025-01-21,max_sharpe,1.0786150978008058
2025-01-22,max_sharpe,1.0820894522153064
2025-01-23,max_sharpe,1.0841230970824467
2025-01-24,max_sharpe,1.0829568678073775
2025-01-27,max_sharpe,1.0743743991980694
2025-01-28,max_sharpe,1.080605461978952
2025-01-29,max_sharpe,1.0778113966606093
2025-01-30,max_sharpe,1.0822904200668388
2025-01-31,max_sharpe,1.0785985080146037
2025-02-03,max_sharpe,1.0738646935850518
2025-02-04,max_sharpe,1.0803306185703008
2025-02-05,max_sharpe,1.0865039457300172
2025-02-06,max_sharpe,1.0885625870065354
2025-02-07,max_sharpe,1.0809385227319575
2025-02-10,max_sharpe,1.0854532957046008
2025-02-11,max_sharpe,1.0854486944664388
2025-02-12,max_sharpe,1.0817892940723413
2025-02-13,max_sharpe,1.0923272793364625
2025-02-14,max_sharpe,1.0945431889454635
2025-02-18,max_sharpe,1.0949435027553776
2025-02-19,max_sharpe,1.0947488745627625
2025-02-20,max_sharpe,1.0944990953029197
2025-02-21,max_sharpe,1.0875959377170266
2025-02-24,max_sharpe,1.0860079547825805
2025-02-25,max_sharpe,1.0885211419236884
2025-02-26,max_sharpe,1.0902781171283986
2025-02-27,max_sharpe,1.079824729581832
2025-02-28,max_sharpe,1.0897369066571871
2025-03-03,max_sharpe,1.0850638785419289
2025-03-04,max_sharpe,1.0785087722228783
2025-03-05,max_sharpe,1.0858901809612422
2025-03-06,max_sharpe,1.0756785077750197
2025-03-07,max_sharpe,1.0798080748041017
2025-03-10,max_sharpe,1.0661701374683374
2025-03-11,max_sharpe,1.0604217897067942
2025-03-12,max_sharpe,1.0628933831189828
2025-03-13,max_sharpe,1.0576363385659255
2025-03-14,max_sharpe,1.068576024668562
2025-03-17,max_sharpe,1.0746401031382964
2025-03-18,max_sharpe,1.070556635718543
2025-03-19,max_sharpe,1.0770766245904915
2025-03-20,max_sharpe,1.074626371583594
2025-03-21,max_sharpe,1.0730327860995132
2025-03-24,max_sharpe,1.078035791660156
2025-03-25,max_sharpe,1.0810031286177049
2025-03-26,max_sharpe,1.072011096962557
2025-03-27,max_sharpe,1.0709948583683218
2025-03-28,max_sharpe,1.0639895513479654
2025-03-31,max_sharpe,1.066124505437205
2025-04-01,max_sharpe,1.0691298808441279
2025-04-02,max_sharpe,1.0719291558609876
2025-04-03,max_sharpe,1.0506205400356632
2025-04-04,max_sharpe,1.0140322036544982
2025-04-07,max_sharpe,1.003462582645684
2025-04-08,max_sharpe,0.9946351953911949
2025-04-09,max_sharpe,1.0477468476827207
2025-04-10,max_sharpe,1.0227261273318888
2025-04-11,max_sharpe,1.0325277713000285
2025-04-14,max_sharpe,1.0420591457112371
2025-04-15,max_sharpe,1.044044277647193
2025-04-16,max_sharpe,1.0359621740814215
2025-04-17,max_sharpe,1.0375963666614596
2025-04-21,max_sharpe,1.0246087274238946
2025-04-22,max_sharpe,1.0394777920454408
2025-04-23,max_sharpe,1.0470164751668942
2025-04-24,max_sharpe,1.0607679488890998
2025-04-25,max_sharpe,1.0663334330693732
2025-04-28,max_sharpe,1.069659879727263
2025-04-29,max_sharpe,1.0742285845653807
2025-04-30,max_sharpe,1.074807494377458
2025-05-01,max_sharpe,1.074930725883586
2025-05-02,max_sharpe,1.0834809231024398
2025-05-05,max_sharpe,1.0822265626478011
2025-05-06,max_sharpe,1.0809358996697862
2025-05-07,max_sharpe,1.0814921050382194
2025-05-08,max_sharpe,1.0781332087541673
2025-05-09,max_sharpe,1.0803092569767416
2025-05-12,max_sharpe,1.0870221234094473
2025-05-13,max_sharpe,1.0887484376177827
2025-05-14,max_sharpe,1.085321088766231
2025-05-15,max_sharpe,1.093961220181413
2025-05-16,max_sharpe,1.0965541180947005
2025-05-19,max_sharpe,1.1008031770715798
2025-05-20,max_sharpe,1.1016297110613942
2025-05-21,max_sharpe,1.0922059439212717
2025-05-22,max_sharpe,1.0936185203566051
2025-05-23,max_sharpe,1.093914894895497
2025-05-27,max_sharpe,1.1068233502658071
2025-05-28,max_sharpe,1.099091765811326
2025-05-29,max_sharpe,1.1037287824187063
2025-05-30,max_sharpe,1.1053991153280085
2025-06-02,max_sharpe,1.1100333153551876
2025-06-03,max_sharpe,1.1076759845072048
2025-06-04,max_sharpe,1.1127970625741894
2025-06-05,max_sharpe,1.1100455639572833
2025-06-06,max_sharpe,1.1104487107261998
2025-06-09,max_sharpe,1.111417810573997
2025-06-10,max_sharpe,1.1140961415772888
2025-06-11,max_sharpe,1.1145378402335924
2025-06-12,max_sharpe,1.1207383820990244
2025-06-13,max_sharpe,1.1108369020763722
2025-06-16,max_sharpe,1.1134170807132102
2025-06-17,max_sharpe,1.1082716987817576
2025-06-18,max_sharpe,1.1092532366912549
2025-06-20,max_sharpe,1.105166960337515
2025-06-23,max_sharpe,1.1122350824436738
2025-06-24,max_sharpe,1.1216098342888443
2025-06-25,max_sharpe,1.1195863288925756
2025-06-26,max_sharpe,1.1278711134500967
2025-06-27,max_sharpe,1.1318082192267105
2025-06-30,max_sharpe,1.1350155285987953
2025-07-01,max_sharpe,1.133337895172151
2025-07-02,max_sharpe,1.1347347558524932
2025-07-03,max_sharpe,1.135061019569314
2025-07-07,max_sharpe,1.12699601014353
2025-07-08,max_sharpe,1.1295072096011378
2025-07-09,max_sharpe,1.1366070571879865
2025-07-10,max_sharpe,1.136710370797404
2025-07-11,max_sharpe,1.1294409235855873
2025-07-14,max_sharpe,1.1296872937798126
2025-07-15,max_sharpe,1.1222229262630947
2025-07-16,max_sharpe,1.1260518978983536
2025-07-17,max_sharpe,1.1284794940846994
2025-07-18,max_sharpe,1.1282775517584713
2025-07-21,max_sharpe,1.1326718212366573
2025-07-22,max_sharpe,1.1364785354106237
2025-07-23,max_sharpe,1.1481019016613945
2025-07-24,max_sharpe,1.1440585886147092
2025-07-25,max_sharpe,1.1455298441758983
2025-07-28,max_sharpe,1.1370553766436737
2025-07-29,max_sharpe,1.1384740144291585
2025-07-30,max_sharpe,1.1333593645109872
2025-07-31,max_sharpe,1.1280405686601807
2025-08-01,max_sharpe,1.1281361159947096
2025-08-04,max_sharpe,1.1385493866137022
2025-08-05,max_sharpe,1.1364013976770786
2025-08-06,max_sharpe,1.14120421340081
2025-08-07,max_sharpe,1.1440516385600725
2025-08-08,max_sharpe,1.1479029469062116
2025-08-11,max_sharpe,1.1457984147131777
2025-08-12,max_sharpe,1.1537932402864342
2025-08-13,max_sharpe,1.1585921091384663
2025-08-14,max_sharpe,1.1571509631694135
2025-08-15,max_sharpe,1.157510596000504
2025-08-18,max_sharpe,1.1566000743886604
2025-08-19,max_sharpe,1.1554644406469554
2025-08-20,max_sharpe,1.1563702075000122
2025-08-21,max_sharpe,1.1513420456179673
2025-08-22,max_sharpe,1.1645061486589363
2025-08-25,max_sharpe,1.157267236714991
2025-08-26,max_sharpe,1.159445144147418
2025-08-27,max_sharpe,1.1601380778689905
2025-08-28,max_sharpe,1.1638994979129251
2025-08-29,max_sharpe,1.1589960170823381
2025-09-02,max_sharpe,1.151432918303009
2025-09-03,max_sharpe,1.155453627362275
2025-09-04,max_sharpe,1.1629535472774706
2025-09-05,max_sharpe,1.1662630467906614
2025-09-08,max_sharpe,1.1724627218362833
2025-09-09,max_sharpe,1.1708338739956676
2025-09-10,max_sharpe,1.1727721870486976
2025-09-11,max_sharpe,1.1800825164316742
2025-09-12,max_sharpe,1.177377069863609
2025-09-15,max_sharpe,1.1826462412738947
2025-09-16,max_sharpe,1.1814395593568057
2025-09-17,max_sharpe,1.178521596531529
2025-09-18,max_sharpe,1.1802601037567289
2025-09-19,max_sharpe,1.1802982133898723
2025-09-22,max_sharpe,1.1824000170898912
2025-09-23,max_sharpe,1.181084133471486
2025-09-24,max_sharpe,1.176522460222582
2025-09-25,max_sharpe,1.1712782171451765
2025-09-26,max_sharpe,1.1757509208045462
2025-09-29,max_sharpe,1.1796298441666748
2025-09-30,max_sharpe,1.1821873959279046
2025-10-01,max_sharpe,1.1880572823610107
2025-10-02,max_sharpe,1.1899232257597034
2025-10-03,max_sharpe,1.1914755754344453
2025-10-06,max_sharpe,1.1927190022883343
2025-10-07,max_sharpe,1.1891854114403237
2025-10-08,max_sharpe,1.1931806137558936
2025-10-09,max_sharpe,1.1890285255677835
2025-10-10,max_sharpe,1.1747642311463466
2025-10-13,max_sharpe,1.183864855917173
2025-10-14,max_sharpe,1.1855752280382534
2025-10-15,max_sharpe,1.1886513607089477
2025-10-16,max_sharpe,1.190800969082243
2025-10-17,max_sharpe,1.19275076401356
2025-10-20,max_sharpe,1.2003153685245802
2025-10-21,max_sharpe,1.1984602133959135
2025-10-22,max_sharpe,1.1955930756789497
2025-10-23,max_sharpe,1.198118293226606
2025-10-24,max_sharpe,1.202352860623338
2025-10-27,max_sharpe,1.2099060188111852
2025-10-28,max_sharpe,1.2118453181447213
2025-10-29,max_sharpe,1.207389646764775
2025-10-30,max_sharpe,1.2004920474008416
2025-10-31,max_sharpe,1.2012642890632403
2025-11-03,max_sharpe,1.2021007898389529
2025-11-04,max_sharpe,1.1938950278567633
2025-11-05,max_sharpe,1.1958346373935607
2025-11-06,max_sharpe,1.1937167219472038
2025-11-07,max_sharpe,1.195443288063414
2025-11-10,max_sharpe,1.2042419709049101
2025-11-11,max_sharpe,1.2092533829548948
2025-11-12,max_sharpe,1.2122253752943357
2025-11-13,max_sharpe,1.2011826885320314
2025-11-14,max_sharpe,1.1990806184615161
2025-11-17,max_sharpe,1.1912316930068985
2025-11-18,max_sharpe,1.1834400880548333
2025-11-19,max_sharpe,1.1827937143497642
2025-11-20,max_sharpe,1.1729473522439038
2025-11-21,max_sharpe,1.1836928343176985
2025-11-24,max_sharpe,1.1894287559931769
2025-11-25,max_sharpe,1.1981346502146821
2025-11-26,max_sharpe,1.2056164124781126
2025-11-28,max_sharpe,1.2079981891657399
2025-12-01,max_sharpe,1.202036165213688
2025-12-02,max_sharpe,1.2051488128797152
2025-12-03,max_sharpe,1.2094576262396706
2025-12-04,max_sharpe,1.2092813495369006
2025-12-05,max_sharpe,1.2089843420579802
2025-12-08,max_sharpe,1.205855948940483
2025-12-09,max_sharpe,1.2045198556771644
2025-12-10,max_sharpe,1.2127717940791478
2025-12-11,max_sharpe,1.2156711418467643
2025-12-12,max_sharpe,1.2082542212729763
2025-12-15,max_sharpe,1.2109074832330706
2025-12-16,max_sharpe,1.2098155384005713
2025-12-17,max_sharpe,1.202298270615265
2025-12-18,max_sharpe,1.2095133268858873
2025-12-19,max_sharpe,1.2143211592778032
2025-12-22,max_sharpe,1.216407916868988
2025-12-23,max_sharpe,1.2203767605606695
2025-12-24,max_sharpe,1.223035521779546
2025-12-26,max_sharpe,1.224290717975221
2025-12-29,max_sharpe,1.2224810238935382
2025-12-30,max_sharpe,1.2223927561322816
2025-12-31,max_sharpe,1.2167866042029893
2026-01-02,max_sharpe,1.2214787279768862
2026-01-05,max_sharpe,1.2301692900694394
2026-01-06,max_sharpe,1.232031149808889
2026-01-07,max_sharpe,1.2302861223716617
2026-01-08,max_sharpe,1.2288367508161646
2026-01-09,max_sharpe,1.2354070796196124
2026-01-12,max_sharpe,1.2382075744249592
2026-01-13,max_sharpe,1.2354508567187577
2026-01-14,max_sharpe,1.2375646958756865
2026-01-15,max_sharpe,1.2370184388305172
2026-01-16,max_sharpe,1.236288915128544
2026-01-20,max_sharpe,1.2217188553259117
2026-01-21,max_sharpe,1.2308718938884518
2026-01-22,max_sharpe,1.2340648210220566
2026-01-23,max_sharpe,1.2377370180291793
2026-01-26,max_sharpe,1.2422180039558968
2026-01-27,max_sharpe,1.2508022177174987
2026-01-28,max_sharpe,1.2449325690154258
2026-01-29,max_sharpe,1.2483715204363186
2026-01-30,max_sharpe,1.2425428118280513
2026-02-02,max_sharpe,1.2461226756504216
2026-02-03,max_sharpe,1.2447311722049728
2026-02-04,max_sharpe,1.2450519207537012
2026-02-05,max_sharpe,1.2377775175185421
2026-02-06,max_sharpe,1.2536442172663156
2026-02-09,max_sharpe,1.261725695062163
2026-02-10,max_sharpe,1.2644923251485112
2026-02-11,max_sharpe,1.2664658560023498
2026-02-12,max_sharpe,1.26183272933882
2026-02-13,max_sharpe,1.2644317026978869
2026-02-17,max_sharpe,1.264675345666474
2026-02-18,max_sharpe,1.2654535928726405
2026-02-19,max_sharpe,1.2638494343560478
2026-02-20,max_sharpe,1.2698017747262769
2026-02-23,max_sharpe,1.2669929035971452
2026-02-24,max_sharpe,1.2695999522401906
2026-02-25,max_sharpe,1.276176560674539
2026-02-26,max_sharpe,1.2757121463251828
2026-02-27,max_sharpe,1.2756287713785759
2026-03-02,max_sharpe,1.2623558150277734
2026-03-03,max_sharpe,1.2431844949978084
2026-03-04,max_sharpe,1.2504213684622305
2026-03-05,max_sharpe,1.2355301483288492
2026-03-06,max_sharpe,1.226889924976441
2026-03-09,max_sharpe,1.2342286359050874
2026-03-10,max_sharpe,1.2333886181213407
2026-03-11,max_sharpe,1.2297060934864326
2026-03-12,max_sharpe,1.2162858828195853
2026-03-13,max_sharpe,1.2089003703519168
2026-03-16,max_sharpe,1.2223345637726337
2026-03-17,max_sharpe,1.2254590084600667
2026-03-18,max_sharpe,1.2113825801881717
2026-03-19,max_sharpe,1.2105815494032324
2026-03-20,max_sharpe,1.1877659271662337
2026-03-23,max_sharpe,1.2036313844028999
2026-03-24,max_sharpe,1.1990336083813196
2026-03-25,max_sharpe,1.2102701387634143
2026-03-26,max_sharpe,1.1922045819402087
2026-03-27,max_sharpe,1.1839626397185266
2026-03-30,max_sharpe,1.187168495130618
2026-03-31,max_sharpe,1.210188762450579
2026-04-01,max_sharpe,1.218622024018592
2026-04-02,max_sharpe,1.2177543263679198
2026-04-06,max_sharpe,1.2200664448612828
2026-04-07,max_sharpe,1.2209198376015769
2026-04-08,max_sharpe,1.2472560587796946
2026-04-09,max_sharpe,1.247776086337503
2026-04-10,max_sharpe,1.2477492478598833
2026-04-13,max_sharpe,1.2550052986472893
2026-04-14,max_sharpe,1.2644654691782082
2026-04-15,max_sharpe,1.264168197803275
2026-04-16,max_sharpe,1.262794117509149
2026-04-17,max_sharpe,1.2759895772633945
2026-04-20,max_sharpe,1.273672996638842
2026-04-21,max_sharpe,1.258997512688855
2026-04-22,max_sharpe,1.2642964353716066
2026-04-23,max_sharpe,1.2589507295771514
2026-04-24,max_sharpe,1.2650537278423841
2026-04-27,max_sharpe,1.2626443654775292
2026-04-28,max_sharpe,1.2578427170247348
2026-04-29,max_sharpe,1.2506118742772057
2026-04-30,max_sharpe,1.266437402896
2026-05-01,max_sharpe,1.2666843320783872
2026-05-04,max_sharpe,1.2608234383641161
2026-05-05,max_sharpe,1.2689270626017781
2026-05-06,max_sharpe,1.2846921900910941
2026-05-07,max_sharpe,1.2787875611460717
2026-05-08,max_sharpe,1.288577322601081
2026-05-11,max_sharpe,1.2880919241296012
2026-05-12,max_sharpe,1.2837531894198684
2026-05-13,max_sharpe,1.2888590111084226
2026-05-14,max_sharpe,1.2930051332681523
2026-05-15,max_sharpe,1.278454855749553
2026-05-18,max_sharpe,1.2786510612844337
2026-05-19,max_sharpe,1.2715206210904553
2026-05-20,max_sharpe,1.2844616514818996
2026-05-21,max_sharpe,1.2868261948964688
2026-05-22,max_sharpe,1.2895286842136768
2026-05-26,max_sharpe,1.2988670187282783
2026-05-27,max_sharpe,1.2983564329732447
2026-05-28,max_sharpe,1.3033682216281708
2026-05-29,max_sharpe,1.3058848435040038
2026-06-01,max_sharpe,1.306562541309432
2026-06-02,max_sharpe,1.3089094550235727
2026-06-03,max_sharpe,1.3029316986669928
2026-06-04,max_sharpe,1.3049085092235728
2026-06-05,max_sharpe,1.277223969255858
2026-06-08,max_sharpe,1.281266817848426
2026-06-09,max_sharpe,1.2788570118084075
2026-06-10,max_sharpe,1.2656791141623494
2026-06-11,max_sharpe,1.2859631448524849
2026-06-12,max_sharpe,1.289169551204837
2026-06-15,max_sharpe,1.305569995577993
2026-06-16,max_sharpe,1.299847283556863
2026-06-17,max_sharpe,1.2882580366017264
2026-06-18,max_sharpe,1.3009485952363324
2026-06-22,max_sharpe,1.2968727213150608
2026-06-23,max_sharpe,1.2820949246176152
2026-06-24,max_sharpe,1.2842808359458444
2026-06-25,max_sharpe,1.2874175816486235
2026-06-26,max_sharpe,1.2819616792832789
2026-06-29,max_sharpe,1.295898224571741
2026-06-30,max_sharpe,1.300907819431598
2026-07-01,max_sharpe,1.2950881775404386
2026-07-02,max_sharpe,1.2940204321625688
2026-07-06,max_sharpe,1.3010367402989176
2026-07-07,max_sharpe,1.2927388973401173
2026-07-08,max_sharpe,1.2885590651720198
2026-07-09,max_sharpe,1.2970279133905247
2026-07-10,max_sharpe,1.2987747152920361
2026-07-13,max_sharpe,1.2899093216966868
2026-07-14,max_sharpe,1.2947920052379251
2026-07-15,max_sharpe,1.2989708623966365
2026-07-16,max_sharpe,1.2941504110501474
2026-07-17,max_sharpe,1.2877651160390196
2026-07-20,max_sharpe,1.2840861837038815
2026-07-21,max_sharpe,1.2910279384492211
2026-07-22,max_sharpe,1.287920120328914
2026-07-23,max_sharpe,1.2773531946589338
2026-07-24,max_sharpe,1.278168198522995
2026-07-27,max_sharpe,1.2805593932596173
2026-07-28,max_sharpe,1.2829521890181417
2026-07-29,max_sharpe,1.2693232882974073
2026-07-30,max_sharpe,1.2835550211193896
2026-07-31,max_sharpe,1.28516627501826
2026-08-03,max_sharpe,1.2968916212142056
2026-08-04,max_sharpe,1.3122741347341593
2026-08-05,max_sharpe,1.3112843946849513
2026-08-06,max_sharpe,1.307940964499596
2026-08-07,max_sharpe,1.3152962516165743
2026-08-10,max_sharpe,1.3115091765577327
2026-08-11,max_sharpe,1.3108174110835606
2026-08-12,max_sharpe,1.3137827951649668
2026-08-13,max_sharpe,1.3199005392051393
2026-08-14,max_sharpe,1.3176860811586224
2026-08-17,max_sharpe,1.313470806687009
2026-08-18,max_sharpe,1.3073849843350047
2026-08-19,max_sharpe,1.312052530530104
2026-08-20,max_sharpe,1.3039827001618165
2026-08-21,max_sharpe,1.3072430112815923
2026-08-24,max_sharpe,1.305913613570509
2026-08-25,max_sharpe,1.312066134423415
2026-08-26,max_sharpe,1.3100898714208868
2026-08-27,max_sharpe,1.3127914024058123
2026-08-28,max_sharpe,1.3079617334222726
2026-08-31,max_sharpe,1.3048557086110024
2026-09-01,max_sharpe,1.2969546594524588
2026-09-02,max_sharpe,1.3013232203618537
2026-09-03,max_sharpe,1.3099060599116796
2026-09-04,max_sharpe,1.3081015929683004
2026-09-08,max_sharpe,1.3033094601370043
2026-09-09,max_sharpe,1.2964062289861886
2026-09-10,max_sharpe,1.2869875911477409
2026-09-11,max_sharpe,1.2927635223620249
2026-09-14,max_sharpe,1.2880820034686224
2026-09-15,max_sharpe,1.2838932398659775
2026-09-16,max_sharpe,1.2801635673038534
2026-09-17,max_sharpe,1.291246466023974
2026-09-18,max_sharpe,1.2869654114486753
2026-09-21,max_sharpe,1.2996220061434665
2026-09-22,max_sharpe,1.3005731397698068
2026-09-23,max_sharpe,1.287085379199589
2026-09-24,max_sharpe,1.2831755510593275
2026-09-25,max_sharpe,1.2900386190884154
2026-09-28,max_sharpe,1.2821410784331493
2026-09-29,max_sharpe,1.2795524272898116
2026-09-30,max_sharpe,1.2761873117543283
2026-10-01,max_sharpe,1.2765810529188855
2026-10-02,max_sharpe,1.281702287916764
2026-10-05,max_sharpe,1.2851103379223823
2026-10-06,max_sharpe,1.2898040204485726
2026-10-07,max_sharpe,1.286170565988656
2026-10-08,max_sharpe,1.2843182254373327
2026-10-09,max_sharpe,1.2887585251795843
2023-10-05,risk_parity,1.0002113095162406
2023-10-06,risk_parity,1.0004235765850062
2023-10-09,risk_parity,1.0006358887015612
2023-10-10,risk_parity,1.0008472531773451
2023-10-11,risk_parity,1.0010591388969436
2023-10-12,risk_parity,1.0012710694740945
2023-10-13,risk_parity,1.0014827667886546
2023-10-16,risk_parity,1.001694508862076
2023-10-17,risk_parity,1.001906772704543
2023-10-18,risk_parity,1.0021186839355778
2023-10-19,risk_parity,1.0023298446559887
2023-10-20,risk_parity,1.0025406521309035
2023-10-23,risk_parity,1.0027512254600124
2023-10-24,risk_parity,1.002962439888295
2023-10-25,risk_parity,1.0031739774051758
2023-10-26,risk_parity,1.003384962415953
2023-10-27,risk_parity,1.003596190870452
2023-10-30,risk_parity,1.003807782408746
2023-10-31,risk_parity,1.00401969739187
2023-11-01,risk_parity,1.0042308602723333
2023-11-02,risk_parity,1.0044408720427493
2023-11-03,risk_parity,1.0046502501253856
2023-11-06,risk_parity,1.0048599509406875
2023-11-07,risk_parity,1.0050702138884513
2023-11-08,risk_parity,1.0052803214286612
2023-11-09,risk_parity,1.0054902734264066
2023-11-10,risk_parity,1.0056997505667038
2023-11-13,risk_parity,1.005909670444409
2023-11-14,risk_parity,1.0061193547015566
2023-11-15,risk_parity,1.006329162531878
2023-11-16,risk_parity,1.006538534906079
2023-11-17,risk_parity,1.0067475514121704
2023-11-20,risk_parity,1.0069568110784326
2023-11-21,risk_parity,1.0071667935449984
2023-11-22,risk_parity,1.0073772194590278
2023-11-24,risk_parity,1.007587209630249
2023-11-27,risk_parity,1.0077974434970924
2023-11-28,risk_parity,1.008007801226595
2023-11-29,risk_parity,1.0082174028395994
2023-11-30,risk_parity,1.0084269680249747
2023-12-01,risk_parity,1.0086356563897414
2023-12-04,risk_parity,1.0088447081390803
2023-12-05,risk_parity,1.0090546038865231
2023-12-06,risk_parity,1.0092645433039424
2023-12-07,risk_parity,1.0094741258894548
2023-12-08,risk_parity,1.009683751996619
2023-12-11,risk_parity,1.0098934216344728
2023-12-12,risk_parity,1.010103735952851
2023-12-13,risk_parity,1.0103130919791594
2023-12-14,risk_parity,1.0105221706668115
2023-12-15,risk_parity,1.010731693613056
2023-12-18,risk_parity,1.0109412600020533
2023-12-19,risk_parity,1.011151391360587
2023-12-20,risk_parity,1.0113612454001148
2023-12-21,risk_parity,1.011570340325794
2023-12-22,risk_parity,1.0117793982034782
2023-12-26,risk_parity,1.0119882985319832
2023-12-27,risk_parity,1.0121985270588854
2023-12-28,risk_parity,1.012408116417955
2023-12-29,risk_parity,1.012616222523878
2024-01-02,risk_parity,1.0128256974519123
2024-01-03,risk_parity,1.0130360999384753
2024-01-04,risk_parity,1.0132462647359612
2024-01-05,risk_parity,1.0134561514537919
2024-01-08,risk_parity,1.013666081648155
2024-01-09,risk_parity,1.0138764575857089
2024-01-10,risk_parity,1.01408667601405
2024-01-11,risk_parity,1.0142966563398308
2024-01-12,risk_parity,1.014505875148292
2024-01-16,risk_parity,1.0147153384077388
2024-01-17,risk_parity,1.014925328115859
2024-01-18,risk_parity,1.0151347571441376
2024-01-19,risk_parity,1.0153441488275172
2024-01-22,risk_parity,1.015553664279114
2024-01-23,risk_parity,1.0157636259707663
2024-01-24,risk_parity,1.0159736310711653
2024-01-25,risk_parity,1.0161830748484597
2024-01-26,risk_parity,1.0163927634117687
2024-01-29,risk_parity,1.0166024952441448
2024-01-30,risk_parity,1.0168123913890879
2024-01-31,risk_parity,1.017021725630838
2024-02-01,risk_parity,1.017231587249064
2024-02-02,risk_parity,1.0174418958446343
2024-02-05,risk_parity,1.0176529746699663
2024-02-06,risk_parity,1.0178638953658856
2024-02-07,risk_parity,1.0180748597776306
2024-02-08,risk_parity,1.0182856659106583
2024-02-09,risk_parity,1.0184965965044046
2024-02-12,risk_parity,1.0187078941382772
2024-02-13,risk_parity,1.0189194377179578
2024-02-14,risk_parity,1.019130418732241
2024-02-15,risk_parity,1.0193414434329893
2024-02-16,risk_parity,1.0195527140841638
2024-02-20,risk_parity,1.019763623930026
2024-02-21,risk_parity,1.0199754676882573
2024-02-22,risk_parity,1.0201872744906417
2024-02-23,risk_parity,1.0203994086606747
2024-02-26,risk_parity,1.0206119918708123
2024-02-27,risk_parity,1.0208244168621046
2024-02-28,risk_parity,1.0210366835172915
2024-02-29,risk_parity,1.0212483055271582
2024-03-01,risk_parity,1.0214596471965691
2024-03-04,risk_parity,1.0216713568706945
2024-03-05,risk_parity,1.0218831915033222
2024-03-06,risk_parity,1.0220952728172528
2024-03-07,risk_parity,1.0223073170336792
2024-03-08,risk_parity,1.0225194052408673
2024-03-11,risk_parity,1.0227320243460032
2024-03-12,risk_parity,1.0229446876624115
2024-03-13,risk_parity,1.023157314019083
2024-03-14,risk_parity,1.0233699845716608
2024-03-15,risk_parity,1.0235826993293315
2024-03-18,risk_parity,1.0237954583012832
2024-03-19,risk_parity,1.024008261496706
2024-03-20,risk_parity,1.0242207025823835
2024-03-21,risk_parity,1.0244331877411574
2024-03-22,risk_parity,1.0246453917500888
2024-03-25,risk_parity,1.0248575584003947
2024-03-26,risk_parity,1.0250697689826676
2024-03-27,risk_parity,1.0252819014827332
2024-03-28,risk_parity,1.0254935896495514
2024-04-01,risk_parity,1.025705931930674
2024-04-02,risk_parity,1.0259181146623906
2024-04-03,risk_parity,1.0261302191630464
2024-04-04,risk_parity,1.0263420824805372
2024-04-05,risk_parity,1.0265544782788205
2024-04-08,risk_parity,1.0267672439173505
2024-04-09,risk_parity,1.0269799314093275
2024-04-10,risk_parity,1.027193600290745
2024-04-11,risk_parity,1.0274071098142414
2024-04-12,risk_parity,1.027620337560429
2024-04-15,risk_parity,1.0278339357843138
2024-04-16,risk_parity,1.0280473744661422
2024-04-17,risk_parity,1.0282611430378445
2024-04-18,risk_parity,1.0284750784824606
2024-04-19,risk_parity,1.028689140056625
2024-04-22,risk_parity,1.028903246184477
2024-04-23,risk_parity,1.02911739687529
2024-04-24,risk_parity,1.0293320005276057
2024-04-25,risk_parity,1.029546240457168
2024-04-26,risk_parity,1.02976023899372
2024-04-29,risk_parity,1.0299744863335798
2024-04-30,risk_parity,1.0301888599868714
2024-05-01,risk_parity,1.0304034826660353
2024-05-02,risk_parity,1.0306176593865006
2024-05-03,risk_parity,1.0308317579414408
2024-05-06,risk_parity,1.0310461054880944
2024-05-07,risk_parity,1.0312606203596237
2024-05-08,risk_parity,1.0314752617023129
2024-05-09,risk_parity,1.0316897430568857
2024-05-10,risk_parity,1.0319043918407877
2024-05-13,risk_parity,1.0321189624271792
2024-05-14,risk_parity,1.0323333728599613
2024-05-15,risk_parity,1.0325480326471639
2024-05-16,risk_parity,1.0327628600029843
2024-05-17,risk_parity,1.0329776090962397
2024-05-20,risk_parity,1.0331924028436696
2024-05-21,risk_parity,1.0334072412545594
2024-05-22,risk_parity,1.0336223293840086
2024-05-23,risk_parity,1.0338374622808073
2024-05-24,risk_parity,1.0340526399542735
2024-05-28,risk_parity,1.0342679855258756
2024-05-29,risk_parity,1.0344834580228601
2024-05-30,risk_parity,1.034698893314037
2024-05-31,risk_parity,1.034914250281379
2024-06-03,risk_parity,1.035129569941927
2024-06-04,risk_parity,1.0353448111605608
2024-06-05,risk_parity,1.0355600971357
2024-06-06,risk_parity,1.0357751402223228
2024-06-07,risk_parity,1.0359904334801624
2024-06-10,risk_parity,1.0362055659298808
2024-06-11,risk_parity,1.0364212364884013
2024-06-12,risk_parity,1.0366368696858035
2024-06-13,risk_parity,1.0368524243270687
2024-06-14,risk_parity,1.0370680237900114
2024-06-17,risk_parity,1.0372837915551059
2024-06-18,risk_parity,1.0374992749196805
2024-06-20,risk_parity,1.0377143913328755
2024-06-21,risk_parity,1.0379291405673652
2024-06-24,risk_parity,1.0381437282999821
2024-06-25,risk_parity,1.038358895948569
2024-06-26,risk_parity,1.0385743966249823
2024-06-27,risk_parity,1.0387896535347074
2024-06-28,risk_parity,1.039004542831439
2024-07-01,risk_parity,1.0392196827376738
2024-07-02,risk_parity,1.0394352795897301
2024-07-03,risk_parity,1.0396510036584634
2024-07-05,risk_parity,1.0398665662138191
2024-07-08,risk_parity,1.0400818846136235
2024-07-09,risk_parity,1.040297536508382
2024-07-10,risk_parity,1.0405132331166773
2024-07-11,risk_parity,1.0407278596142213
2024-07-12,risk_parity,1.0409425303827387
2024-07-15,risk_parity,1.0411570388904172
2024-07-16,risk_parity,1.041371591602169
2024-07-17,risk_parity,1.041586271189357
2024-07-18,risk_parity,1.0418009123536194
2024-07-19,risk_parity,1.0420155977492915
2024-07-22,risk_parity,1.0422302033450035
2024-07-23,risk_parity,1.0424441500392416
2024-07-24,risk_parity,1.042658016560481
2024-07-25,risk_parity,1.0428715131956539
2024-07-26,risk_parity,1.0430848466428493
2024-07-29,risk_parity,1.0432978925767606
2024-07-30,risk_parity,1.0435104852322041
2024-07-31,risk_parity,1.0437231212076212
2024-08-01,risk_parity,1.0439349721411961
2024-08-02,risk_parity,1.0441433448844064
2024-08-05,risk_parity,1.0443530022362069
2024-08-06,risk_parity,1.0445635305366703
2024-08-07,risk_parity,1.0447741012769651
2024-08-08,risk_parity,1.0449848388542706
2024-08-09,risk_parity,1.045195287181964
2024-08-12,risk_parity,1.045405694945616
2024-08-13,risk_parity,1.0456153153800862
2024-08-14,risk_parity,1.04582539278299
2024-08-15,risk_parity,1.0460362178986862
2024-08-16,risk_parity,1.0462468779624292
2024-08-19,risk_parity,1.0464570822542807
2024-08-20,risk_parity,1.0466660829878918
2024-08-21,risk_parity,1.0468739625063497
2024-08-22,risk_parity,1.0470827141635495
2024-08-23,risk_parity,1.047290468670328
2024-08-26,risk_parity,1.0474981812859718
2024-08-27,risk_parity,1.0477046880675869
2024-08-28,risk_parity,1.0479106950774852
2024-08-29,risk_parity,1.0481171584410154
2024-08-30,risk_parity,1.0483237872495537
2024-09-03,risk_parity,1.0485305399877554
2024-09-04,risk_parity,1.0487364181252101
2024-09-05,risk_parity,1.0489416708308537
2024-09-06,risk_parity,1.0491459647083312
2024-09-09,risk_parity,1.049349757147904
2024-09-10,risk_parity,1.0495510907239294
2024-09-11,risk_parity,1.049754128881361
2024-09-12,risk_parity,1.0499557483315183
2024-09-13,risk_parity,1.0501541983014118
2024-09-16,risk_parity,1.050351935664537
2024-09-17,risk_parity,1.0505492934643628
2024-09-18,risk_parity,1.0507416857163028
2024-09-19,risk_parity,1.0509331958946502
2024-09-20,risk_parity,1.0511227392063773
2024-09-23,risk_parity,1.051310564820111
2024-09-24,risk_parity,1.0514980902514028
2024-09-25,risk_parity,1.0516853153275507
2024-09-26,risk_parity,1.0518717808005937
2024-09-27,risk_parity,1.0520588637049244
2024-09-30,risk_parity,1.052246647868474
2024-10-01,risk_parity,1.0524337974455884
2024-10-02,risk_parity,1.0526206044467061
2024-10-03,risk_parity,1.0528071104450978
2024-10-04,risk_parity,1.052995320609901
2024-10-07,risk_parity,1.053184400130781
2024-10-08,risk_parity,1.053373638973449
2024-10-09,risk_parity,1.0535632044215446
2024-10-10,risk_parity,1.05375259495873
2024-10-11,risk_parity,1.0539413922930772
2024-10-14,risk_parity,1.0541303489336744
2024-10-15,risk_parity,1.05431921394894
2024-10-16,risk_parity,1.05450761074224
2024-10-17,risk_parity,1.0546965433502442
2024-10-18,risk_parity,1.0548854261086653
2024-10-21,risk_parity,1.0550745520010443
2024-10-22,risk_parity,1.0552629581710444
2024-10-23,risk_parity,1.0554516073673668
2024-10-24,risk_parity,1.0556395363891993
2024-10-25,risk_parity,1.0558284623634346
2024-10-28,risk_parity,1.0560162489918234
2024-10-29,risk_parity,1.0562039852146656
2024-10-30,risk_parity,1.056391042285961
2024-10-31,risk_parity,1.0565768329712253
2024-11-01,risk_parity,1.056021710861393
2024-11-04,risk_parity,1.0581752860357672
2024-11-05,risk_parity,1.0665370712324649
2024-11-06,risk_parity,1.0749908297407005
2024-11-07,risk_parity,1.0845936843473796
2024-11-08,risk_parity,1.0848519910910088
2024-11-11,risk_parity,1.085712708161474
2024-11-12,risk_parity,1.0764952730812478
2024-11-13,risk_parity,1.0738139075721922
2024-11-14,risk_parity,1.0701504594199014
2024-11-15,risk_parity,1.0617623049983056
2024-11-18,risk_parity,1.0657395219896277
2024-11-19,risk_parity,1.069030202687782
2024-11-20,risk_parity,1.0680473092049219
2024-11-21,risk_parity,1.0713015803518051
2024-11-22,risk_parity,1.0754021926345327
2024-11-25,risk_parity,1.0837084961088577
2024-11-26,risk_parity,1.082653349835302
2024-11-27,risk_parity,1.083736213173629
2024-11-29,risk_parity,1.0909947351855298
2024-12-02,risk_parity,1.0933787734676637
2024-12-03,risk_parity,1.0929265749630162
2024-12-04,risk_parity,1.0981778917303326
2024-12-05,risk_parity,1.0969641795494798
2024-12-06,risk_parity,1.1004366373099361
2024-12-09,risk_parity,1.0960266482592205
2024-12-10,risk_parity,1.091844329852591
2024-12-11,risk_parity,1.0964584411582736
2024-12-12,risk_parity,1.0895582791629936
2024-12-13,risk_parity,1.0872878629071872
2024-12-16,risk_parity,1.0904586064707924
2024-12-17,risk_parity,1.0873396003934257
2024-12-18,risk_parity,1.0628709407614962
2024-12-19,risk_parity,1.0591307874320868
2024-12-20,risk_parity,1.0647447221913449
2024-12-23,risk_parity,1.0663944423839935
2024-12-24,risk_parity,1.0724355662534146
2024-12-26,risk_parity,1.0747131956170386
2024-12-27,risk_parity,1.0676450422346824
2024-12-30,risk_parity,1.0638729369119695
2024-12-31,risk_parity,1.0612933800202298
2025-01-02,risk_parity,1.060192766607538
2025-01-03,risk_parity,1.066684662476885
2025-01-06,risk_parity,1.0708602824976678
2025-01-07,risk_parity,1.0631727925325876
2025-01-08,risk_parity,1.0633449266180666
2025-01-10,risk_parity,1.049622305411914
2025-01-13,risk_parity,1.04841873810795
2025-01-14,risk_parity,1.0507153663060256
2025-01-15,risk_parity,1.0663972837463385
2025-01-16,risk_parity,1.0673295881563905
2025-01-17,risk_parity,1.0731744004206276
2025-01-21,risk_parity,1.0834998572393733
2025-01-22,risk_parity,1.0839908009345154
2025-01-23,risk_parity,1.086458794948265
2025-01-24,risk_parity,1.0867552681765587
2025-01-27,risk_parity,1.081474085998367
2025-01-28,risk_parity,1.0850586844466705
2025-01-29,risk_parity,1.0831292156938586
2025-01-30,risk_parity,1.0891586399575042
2025-01-31,risk_parity,1.0841991207742667
2025-02-03,risk_parity,1.0782488399116406
2025-02-04,risk_parity,1.0862921895392654
2025-02-05,risk_parity,1.093521760280723
2025-02-06,risk_parity,1.0949524496077572
2025-02-07,risk_parity,1.0866058881866347
2025-02-10,risk_parity,1.0914093243481382
2025-02-11,risk_parity,1.0903418416051118
2025-02-12,risk_parity,1.0864649957120742
2025-02-13,risk_parity,1.0975676436627926
2025-02-14,risk_parity,1.1001852379317285
2025-02-18,risk_parity,1.1009316005666365
2025-02-19,risk_parity,1.0995146305927366
2025-02-20,risk_parity,1.098769559950409
2025-02-21,risk_parity,1.0902489949036613
2025-02-24,risk_parity,1.0876801187785379
2025-02-25,risk_parity,1.0898865730365292
2025-02-26,risk_parity,1.0919491170890643
2025-02-27,risk_parity,1.0804912300377134
2025-02-28,risk_parity,1.0895272120782855
2025-03-03,risk_parity,1.083981592069716
2025-03-04,risk_parity,1.0785156070946722
2025-03-05,risk_parity,1.0858975309642673
2025-03-06,risk_parity,1.0745268807682662
2025-03-07,risk_parity,1.078512468998636
2025-03-10,risk_parity,1.063399364830676
2025-03-11,risk_parity,1.0593712764994048
2025-03-12,risk_parity,1.0621426247203445
2025-03-13,risk_parity,1.0559746615976897
2025-03-14,risk_parity,1.0678068259922817
2025-03-17,risk_parity,1.0742600308709545
2025-03-18,risk_parity,1.0694407533258534
2025-03-19,risk_parity,1.0769906485763077
2025-03-20,risk_parity,1.074125722862969
2025-03-21,risk_parity,1.0722063526599113
2025-03-24,risk_parity,1.0789074452678638
2025-03-25,risk_parity,1.08124752987987
2025-03-26,risk_parity,1.0716185001560679
2025-03-27,risk_parity,1.0698524547646233
2025-03-28,risk_parity,1.0618321441063363
2025-03-31,risk_parity,1.061919410623532
2025-04-01,risk_parity,1.065272549232609
2025-04-02,risk_parity,1.0694406215357861
2025-04-03,risk_parity,1.0453492242020828
2025-04-04,risk_parity,1.0103053105331312
2025-04-07,risk_parity,0.9996304508038558
2025-04-08,risk_parity,0.9892201792765335
2025-04-09,risk_parity,1.0416875839081747
2025-04-10,risk_parity,1.0170038932551755
2025-04-11,risk_parity,1.026355772616727
2025-04-14,risk_parity,1.0356955784852648
2025-04-15,risk_parity,1.0385405330454942
2025-04-16,risk_parity,1.0308502367682324
2025-04-17,risk_parity,1.0329833515747386
2025-04-21,risk_parity,1.0202079629437237
2025-04-22,risk_parity,1.03507133320127
2025-04-23,risk_parity,1.043495008674037
2025-04-24,risk_parity,1.0580496773516426
2025-04-25,risk_parity,1.0632802696144423
2025-04-28,risk_parity,1.0669158146241056
2025-04-29,risk_parity,1.0715106511941128
2025-04-30,risk_parity,1.071196918233107
2025-05-01,risk_parity,1.0723689490931572
2025-05-02,risk_parity,1.0810270331792176
2025-05-05,risk_parity,1.077736093023007
2025-05-06,risk_parity,1.0743272573753524
2025-05-07,risk_parity,1.0764433042284496
2025-05-08,risk_parity,1.0776904099371356
2025-05-09,risk_parity,1.078441612828638
2025-05-12,risk_parity,1.0929408438510473
2025-05-13,risk_parity,1.0967113068802
2025-05-14,risk_parity,1.0938333730614085
2025-05-15,risk_parity,1.1008252210837517
2025-05-16,risk_parity,1.104425283241027
2025-05-19,risk_parity,1.1058693244304239
2025-05-20,risk_parity,1.1053554126233491
2025-05-21,risk_parity,1.0919368567179513
2025-05-22,risk_parity,1.0937164172877
2025-05-23,risk_parity,1.0922718139095158
2025-05-27,risk_parity,1.1077143003866583
2025-05-28,risk_parity,1.10081935557223
2025-05-29,risk_parity,1.104918626857653
2025-05-30,risk_parity,1.105295598859988
2025-06-02,risk_parity,1.1086806868822232
2025-06-03,risk_parity,1.1110557486227377
2025-06-04,risk_parity,1.1151772727702554
2025-06-05,risk_parity,1.1119275316215056
2025-06-06,risk_parity,1.1146333360269163
2025-06-09,risk_parity,1.1168217916298988
2025-06-10,risk_parity,1.1205658838653367
2025-06-11,risk_parity,1.12046116913362
2025-06-12,risk_parity,1.124421353861359
2025-06-13,risk_parity,1.1135552377962452
2025-06-16,risk_parity,1.1183669413359079
2025-06-17,risk_parity,1.1135106638286443
2025-06-18,risk_parity,1.114903915803932
2025-06-20,risk_parity,1.1120237704421028
2025-06-23,risk_parity,1.1200774778924107
2025-06-24,risk_parity,1.1301496353765343
2025-06-25,risk_parity,1.127825495713827
2025-06-26,risk_parity,1.1369535288007058
2025-06-27,risk_parity,1.1391044480476038
2025-06-30,risk_parity,1.1430017699774042
2025-07-01,risk_parity,1.1421199960645994
2025-07-02,risk_parity,1.145678123608598
2025-07-03,risk_parity,1.1483282328917923
2025-07-07,risk_parity,1.1397707432399462
2025-07-08,risk_parity,1.1417626566267918
2025-07-09,risk_parity,1.149488740726485
2025-07-10,risk_parity,1.1501900893897867
2025-07-11,risk_parity,1.1428438153443365
2025-07-14,risk_parity,1.1445433488967922
2025-07-15,risk_parity,1.1367885578563355
2025-07-16,risk_parity,1.1411936182061972
2025-07-17,risk_parity,1.1458698701148227
2025-07-18,risk_parity,1.1451144458408624
2025-07-21,risk_parity,1.148303657041874
2025-07-22,risk_parity,1.1513804343720182
2025-07-23,risk_parity,1.1597802822138874
2025-07-24,risk_parity,1.1555919193161137
2025-07-25,risk_parity,1.1580472796063248
2025-07-28,risk_parity,1.1536516729734658
2025-07-29,risk_parity,1.154483372633304
2025-07-30,risk_parity,1.1504960423122437
2025-07-31,risk_parity,1.145572192289046
2025-08-01,risk_parity,1.1413729005382152
2025-08-04,risk_parity,1.1535447783746222
2025-08-05,risk_parity,1.1521156458719317
2025-08-06,risk_parity,1.156163275278986
2025-08-07,risk_parity,1.1576648119101711
2025-08-08,risk_parity,1.1610553006578628
2025-08-11,risk_parity,1.1594285324677596
2025-08-12,risk_parity,1.1704494870532447
2025-08-13,risk_parity,1.1772636501912885
2025-08-14,risk_parity,1.1735921578596211
2025-08-15,risk_parity,1.1721755837888868
2025-08-18,risk_parity,1.1719882122284468
2025-08-19,risk_parity,1.1689408955781682
2025-08-20,risk_parity,1.1685284657959862
2025-08-21,risk_parity,1.1647609924483937
2025-08-22,risk_parity,1.181963504831051
2025-08-25,risk_parity,1.1750179149394486
2025-08-26,risk_parity,1.178655839536245
2025-08-27,risk_parity,1.1807761778027117
2025-08-28,risk_parity,1.1844287775161129
2025-08-29,risk_parity,1.1791673492637775
2025-09-02,risk_parity,1.172078082286897
2025-09-03,risk_parity,1.1759979989898903
2025-09-04,risk_parity,1.1845080778335657
2025-09-05,risk_parity,1.188323481175702
2025-09-08,risk_parity,1.1935688718319615
2025-09-09,risk_parity,1.1915725621633027
2025-09-10,risk_parity,1.1930812241141782
2025-09-11,risk_parity,1.2015274096251034
2025-09-12,risk_parity,1.198204991583421
2025-09-15,risk_parity,1.2034676701853175
2025-09-16,risk_parity,1.2024741855301582
2025-09-17,risk_parity,1.2004502459153383
2025-09-18,risk_parity,1.205979727889786
2025-09-19,risk_parity,1.205589267503235
2025-09-22,risk_parity,1.2082764274542386
2025-09-23,risk_parity,1.206749496649769
2025-09-24,risk_parity,1.2015082167743802
2025-09-25,risk_parity,1.1957872145751558
2025-09-26,risk_parity,1.2003462151425037
2025-09-29,risk_parity,1.2040310519330835
2025-09-30,risk_parity,1.2061189548463653
2025-10-01,risk_parity,1.2113419133012437
2025-10-02,risk_parity,1.2140658167803886
2025-10-03,risk_parity,1.2156106438516328
2025-10-06,risk_parity,1.2171967473448755
2025-10-07,risk_parity,1.2131110170847392
2025-10-08,risk_parity,1.2184359032458787
2025-10-09,risk_parity,1.2143901180288663
2025-10-10,risk_parity,1.197987483806516
2025-10-13,risk_parity,1.2103296986080927
2025-10-14,risk_parity,1.213691857553069
2025-10-15,risk_parity,1.2177257076808872
2025-10-16,risk_parity,1.2159267183835754
2025-10-17,risk_parity,1.2164658308721898
2025-10-20,risk_parity,1.2259870714988155
2025-10-21,risk_parity,1.2243421050926422
2025-10-22,risk_parity,1.2192432788804641
2025-10-23,risk_parity,1.223123782020768
2025-10-24,risk_parity,1.2290751719862893
2025-10-27,risk_parity,1.2362333823927443
2025-10-28,risk_parity,1.2374207951838607
2025-10-29,risk_parity,1.2323344804585517
2025-10-30,risk_parity,1.2247658771544965
2025-10-31,risk_parity,1.2267289347792532
2025-11-03,risk_parity,1.2271717975648555
2025-11-04,risk_parity,1.2172589973538122
2025-11-05,risk_parity,1.2203257557152551
2025-11-06,risk_parity,1.214678172035205
2025-11-07,risk_parity,1.2162974998370095
2025-11-10,risk_parity,1.2258085401504013
2025-11-11,risk_parity,1.2292530411043692
2025-11-12,risk_parity,1.2303853740340878
2025-11-13,risk_parity,1.215750010509696
2025-11-14,risk_parity,1.2147881912630445
2025-11-17,risk_parity,1.2061800880995723
2025-11-18,risk_parity,1.2010894181176968
2025-11-19,risk_parity,1.2015465434452637
2025-11-20,risk_parity,1.190489754237377
2025-11-21,risk_parity,1.2027441102043357
2025-11-24,risk_parity,1.212794930668418
2025-11-25,risk_parity,1.222888510948557
2025-11-26,risk_parity,1.2298784551690987
2025-11-28,risk_parity,1.2329774975435326
2025-12-01,risk_parity,1.2257266812187526
2025-12-02,risk_parity,1.2281808914170376
2025-12-03,risk_parity,1.2344242482176668
2025-12-04,risk_parity,1.2349857952165766
2025-12-05,risk_parity,1.234263387079028
2025-12-08,risk_parity,1.2317134256319973
2025-12-09,risk_parity,1.2310566529466942
2025-12-10,risk_parity,1.2393866111278342
2025-12-11,risk_parity,1.2427539293409695
2025-12-12,risk_parity,1.2325750440577286
2025-12-15,risk_parity,1.2321389609021476
2025-12-16,risk_parity,1.231402312524766
2025-12-17,risk_parity,1.2227410982736893
2025-12-18,risk_parity,1.2302219732350268
2025-12-19,risk_parity,1.2357534679682507
2025-12-22,risk_parity,1.2395829199616928
2025-12-23,risk_parity,1.2414545111591622
2025-12-24,risk_parity,1.2445556911344804
2025-12-26,risk_parity,1.2445371617315952
2025-12-29,risk_parity,1.2420742285034168
2025-12-30,risk_parity,1.2401603697680972
2025-12-31,risk_parity,1.2335998988648507
2026-01-02,risk_parity,1.237522261029711
2026-01-05,risk_parity,1.2468146481801523
2026-01-06,risk_parity,1.2515192801800121
2026-01-07,risk_parity,1.250694655322437
2026-01-08,risk_parity,1.2501461392935098
2026-01-09,risk_parity,1.2569435618102693
2026-01-12,risk_parity,1.2590624043743595
2026-01-13,risk_parity,1.2575720793159038
2026-01-14,risk_parity,1.2583256976179382
2026-01-15,risk_parity,1.259804035995798
2026-01-16,risk_parity,1.2584368317418129
2026-01-20,risk_parity,1.243521338751002
2026-01-21,risk_parity,1.2549283111672958
2026-01-22,risk_parity,1.2592595868553613
2026-01-23,risk_parity,1.2587088319914077
2026-01-26,risk_parity,1.2617484037776414
2026-01-27,risk_parity,1.2678383893851939
2026-01-28,risk_parity,1.2643446906694797
2026-01-29,risk_parity,1.265238259789277
2026-01-30,risk_parity,1.2576582774948413
2026-02-02,risk_parity,1.2619739014446683
2026-02-03,risk_parity,1.2588889327119568
2026-02-04,risk_parity,1.2544535136222976
2026-02-05,risk_parity,1.2464195681814467
2026-02-06,risk_parity,1.2644600027262298
2026-02-09,risk_parity,1.2711279392158887
2026-02-10,risk_parity,1.2722549776542273
2026-02-11,risk_parity,1.272091645747849
2026-02-12,risk_parity,1.2637848101726559
2026-02-13,risk_parity,1.2686509125317027
2026-02-17,risk_parity,1.268740906262536
2026-02-18,risk_parity,1.2706593974566858
2026-02-19,risk_parity,1.269751171933569
2026-02-20,risk_parity,1.2744860232822264
2026-02-23,risk_parity,1.268878091628966
2026-02-24,risk_parity,1.2740392827475895
2026-02-25,risk_parity,1.2806195699092606
2026-02-26,risk_parity,1.2797288525459525
2026-02-27,risk_parity,1.2770178430845869
2026-03-02,risk_parity,1.2707966253241276
2026-03-03,risk_parity,1.2563491405538392
2026-03-04,risk_parity,1.2637052813325047
2026-03-05,risk_parity,1.2521742557245485
2026-03-06,risk_parity,1.241145779936795
2026-03-09,risk_parity,1.2498811724204832
2026-03-10,risk_parity,1.2483356154786172
2026-03-11,risk_parity,1.2449567302911606
2026-03-12,risk_parity,1.2306098190535957
2026-03-13,risk_parity,1.2248514836055238
2026-03-16,risk_parity,1.236455385459302
2026-03-17,risk_parity,1.2402489747329106
2026-03-18,risk_parity,1.226597731763119
2026-03-19,risk_parity,1.2262254332837255
2026-03-20,risk_parity,1.2058476633219415
2026-03-23,risk_parity,1.2197171294080493
2026-03-24,risk_parity,1.215873778075189
2026-03-25,risk_parity,1.225734798283863
2026-03-26,risk_parity,1.2072207616599073
2026-03-27,risk_parity,1.196449556001818
2026-03-30,risk_parity,1.1966319041318618
2026-03-31,risk_parity,1.220197656080041
2026-04-01,risk_parity,1.2274636483996302
2026-04-02,risk_parity,1.2287350576996128
2026-04-06,risk_parity,1.2311187462080209
2026-04-07,risk_parity,1.2325168356836698
2026-04-08,risk_parity,1.2568681782883586
2026-04-09,risk_parity,1.2594324393107093
2026-04-10,risk_parity,1.2588006125807472
2026-04-13,risk_parity,1.26745215595541
2026-04-14,risk_parity,1.2788521980160261
2026-04-15,risk_parity,1.2815200687419261
2026-04-16,risk_parity,1.2816977911867322
2026-04-17,risk_parity,1.295925156954534
2026-04-20,risk_parity,1.2945898222315693
2026-04-21,risk_parity,1.2834484261357035
2026-04-22,risk_parity,1.291093885632572
2026-04-23,risk_parity,1.2862326010581733
2026-04-24,risk_parity,1.294209444359347
2026-04-27,risk_parity,1.292980243447105
2026-04-28,risk_parity,1.2865856323144411
2026-04-29,risk_parity,1.2818590556183604
2026-04-30,risk_parity,1.2957504893933887
2026-05-01,risk_parity,1.2987952087218733
2026-05-04,risk_parity,1.2919868882264833
2026-05-05,risk_parity,1.3023323482506388
2026-05-06,risk_parity,1.320090051688577
2026-05-07,risk_parity,1.3110433175239573
2026-05-08,risk_parity,1.322053539040956
2026-05-11,risk_parity,1.3215652358558125
2026-05-12,risk_parity,1.315038749574636
2026-05-13,risk_parity,1.3198843676617595
2026-05-14,risk_parity,1.3229938789299975
2026-05-15,risk_parity,1.3056683313424517
2026-05-18,risk_parity,1.3055356364328434
2026-05-19,risk_parity,1.2976376379999683
2026-05-20,risk_parity,1.3139693615248682
2026-05-21,risk_parity,1.3177658838496231
2026-05-22,risk_parity,1.320954115960966
2026-05-26,risk_parity,1.3335487147199854
2026-05-27,risk_parity,1.3326685327594248
2026-05-28,risk_parity,1.337602029996939
2026-05-29,risk_parity,1.3388937814754325
2026-06-01,risk_parity,1.3382725322346998
2026-06-02,risk_parity,1.3425055915661726
2026-06-03,risk_parity,1.3349284098272771
2026-06-04,risk_parity,1.3396493369931706
2026-06-05,risk_parity,1.3103136951244656
2026-06-08,risk_parity,1.3156903908437718
2026-06-09,risk_parity,1.31489276469141
2026-06-10,risk_parity,1.3027099945676492
2026-06-11,risk_parity,1.3272777988488371
2026-06-12,risk_parity,1.330720160522521
2026-06-15,risk_parity,1.34406418559668
2026-06-16,risk_parity,1.3393926489349104
2026-06-17,risk_parity,1.3293387527153557
2026-06-18,risk_parity,1.3428349544685998
2026-06-22,risk_parity,1.3413172843385288
2026-06-23,risk_parity,1.326400246502543
2026-06-24,risk_parity,1.3293339599073686
2026-06-25,risk_parity,1.3345130191662928
2026-06-26,risk_parity,1.3308979482049035
2026-06-29,risk_parity,1.3408441821043506
2026-06-30,risk_parity,1.3447814857503642
2026-07-01,risk_parity,1.337899402054729
2026-07-02,risk_parity,1.3368018765480139
2026-07-06,risk_parity,1.344775699466853
2026-07-07,risk_parity,1.333408260618166
2026-07-08,risk_parity,1.3289121183205181
2026-07-09,risk_parity,1.33828381764951
2026-07-10,risk_parity,1.339600066653978
2026-07-13,risk_parity,1.3287419406202117
2026-07-14,risk_parity,1.3351016219450558
2026-07-15,risk_parity,1.3390343138478722
2026-07-16,risk_parity,1.3326180942218262
2026-07-17,risk_parity,1.3263850693276997
2026-07-20,risk_parity,1.321943085145117
2026-07-21,risk_parity,1.3312545944690972
2026-07-22,risk_parity,1.3277471313024922
2026-07-23,risk_parity,1.316263285176723
2026-07-24,risk_parity,1.3161753067244384
2026-07-27,risk_parity,1.319121596679696
2026-07-28,risk_parity,1.319891399604709
2026-07-29,risk_parity,1.3067798649320306
2026-07-30,risk_parity,1.3245319971891178
2026-07-31,risk_parity,1.3237962608931015
2026-08-03,risk_parity,1.3350419773792024
2026-08-04,risk_parity,1.3535213477919812
2026-08-05,risk_parity,1.3508740252686786
2026-08-06,risk_parity,1.346738748260713
2026-08-07,risk_parity,1.3558715218462867
2026-08-10,risk_parity,1.3509166688168284
2026-08-11,risk_parity,1.3509024157911944
2026-08-12,risk_parity,1.3551401301917942
2026-08-13,risk_parity,1.3617217185913983
2026-08-14,risk_parity,1.3603015824567875
2026-08-17,risk_parity,1.3566847722729867
2026-08-18,risk_parity,1.3479205892016106
2026-08-19,risk_parity,1.3523335242439876
2026-08-20,risk_parity,1.3438238448163295
2026-08-21,risk_parity,1.3475253634235067
2026-08-24,risk_parity,1.344585674750245
2026-08-25,risk_parity,1.3516182045369545
2026-08-26,risk_parity,1.3494816792701634
2026-08-27,risk_parity,1.352970395954684
2026-08-28,risk_parity,1.3461262525427249
2026-08-31,risk_parity,1.3432271136171128
2026-09-01,risk_parity,1.333634551655244
2026-09-02,risk_parity,1.3387793656257099
2026-09-03,risk_parity,1.3469333870057183
2026-09-04,risk_parity,1.3468705956739737
2026-09-08,risk_parity,1.342853601984438
2026-09-09,risk_parity,1.3348897887400595
2026-09-10,risk_parity,1.3238856373320083
2026-09-11,risk_parity,1.3292356710192375
2026-09-14,risk_parity,1.3240458519774754
2026-09-15,risk_parity,1.3190722474324368
2026-09-16,risk_parity,1.3160155518093906
2026-09-17,risk_parity,1.327602341140948
2026-09-18,risk_parity,1.3234360479260072
2026-09-21,risk_parity,1.337377416644749
2026-09-22,risk_parity,1.3405248822844875
2026-09-23,risk_parity,1.3250420661629627
2026-09-24,risk_parity,1.3211599642405878
2026-09-25,risk_parity,1.3274087483844563
2026-09-28,risk_parity,1.3187373363573673
2026-09-29,risk_parity,1.3165362233117135
2026-09-30,risk_parity,1.3136730550619284
2026-10-01,risk_parity,1.314897037819806
2026-10-02,risk_parity,1.3207546662358878
2026-10-05,risk_parity,1.3244011076643494
2026-10-06,risk_parity,1.3268511777886003
2026-10-07,risk_parity,1.3211605005627758
2026-10-08,risk_parity,1.3189989737505836
2026-10-09,risk_parity,1.3232654419567886
2023-10-05,hrp,1.0002113095162406
2023-10-06,hrp,1.0004235765850062
2023-10-09,hrp,1.0006358887015612
2023-10-10,hrp,1.0008472531773451
2023-10-11,hrp,1.0010591388969436
2023-10-12,hrp,1.0012710694740945
2023-10-13,hrp,1.0014827667886546
2023-10-16,hrp,1.001694508862076
2023-10-17,hrp,1.001906772704543
2023-10-18,hrp,1.0021186839355778
2023-10-19,hrp,1.0023298446559887
2023-10-20,hrp,1.0025406521309035
2023-10-23,hrp,1.0027512254600124
2023-10-24,hrp,1.002962439888295
2023-10-25,hrp,1.0031739774051758
2023-10-26,hrp,1.003384962415953
2023-10-27,hrp,1.003596190870452
2023-10-30,hrp,1.003807782408746
2023-10-31,hrp,1.00401969739187
2023-11-01,hrp,1.0042308602723333
2023-11-02,hrp,1.0044408720427493
2023-11-03,hrp,1.0046502501253856
2023-11-06,hrp,1.0048599509406875
2023-11-07,hrp,1.0050702138884513
2023-11-08,hrp,1.0052803214286612
2023-11-09,hrp,1.0054902734264066
2023-11-10,hrp,1.0056997505667038
2023-11-13,hrp,1.005909670444409
2023-11-14,hrp,1.0061193547015566
2023-11-15,hrp,1.006329162531878
2023-11-16,hrp,1.006538534906079
2023-11-17,hrp,1.0067475514121704
2023-11-20,hrp,1.0069568110784326
2023-11-21,hrp,1.0071667935449984
2023-11-22,hrp,1.0073772194590278
2023-11-24,hrp,1.007587209630249
2023-11-27,hrp,1.0077974434970924
2023-11-28,hrp,1.008007801226595
2023-11-29,hrp,1.0082174028395994
2023-11-30,hrp,1.0084269680249747
2023-12-01,hrp,1.0086356563897414
2023-12-04,hrp,1.0088447081390803
2023-12-05,hrp,1.0090546038865231
2023-12-06,hrp,1.0092645433039424
2023-12-07,hrp,1.0094741258894548
2023-12-08,hrp,1.009683751996619
2023-12-11,hrp,1.0098934216344728
2023-12-12,hrp,1.010103735952851
2023-12-13,hrp,1.0103130919791594
2023-12-14,hrp,1.0105221706668115
2023-12-15,hrp,1.010731693613056
2023-12-18,hrp,1.0109412600020533
2023-12-19,hrp,1.011151391360587
2023-12-20,hrp,1.0113612454001148
2023-12-21,hrp,1.011570340325794
2023-12-22,hrp,1.0117793982034782
2023-12-26,hrp,1.0119882985319832
2023-12-27,hrp,1.0121985270588854
2023-12-28,hrp,1.012408116417955
2023-12-29,hrp,1.012616222523878
2024-01-02,hrp,1.0128256974519123
2024-01-03,hrp,1.0130360999384753
2024-01-04,hrp,1.0132462647359612
2024-01-05,hrp,1.0134561514537919
2024-01-08,hrp,1.013666081648155
2024-01-09,hrp,1.0138764575857089
2024-01-10,hrp,1.01408667601405
2024-01-11,hrp,1.0142966563398308
2024-01-12,hrp,1.014505875148292
2024-01-16,hrp,1.0147153384077388
2024-01-17,hrp,1.014925328115859
2024-01-18,hrp,1.0151347571441376
2024-01-19,hrp,1.0153441488275172
2024-01-22,hrp,1.015553664279114
2024-01-23,hrp,1.0157636259707663
2024-01-24,hrp,1.0159736310711653
2024-01-25,hrp,1.0161830748484597
2024-01-26,hrp,1.0163927634117687
2024-01-29,hrp,1.0166024952441448
2024-01-30,hrp,1.0168123913890879
2024-01-31,hrp,1.017021725630838
2024-02-01,hrp,1.017231587249064
2024-02-02,hrp,1.0174418958446343
2024-02-05,hrp,1.0176529746699663
2024-02-06,hrp,1.0178638953658856
2024-02-07,hrp,1.0180748597776306
2024-02-08,hrp,1.0182856659106583
2024-02-09,hrp,1.0184965965044046
2024-02-12,hrp,1.0187078941382772
2024-02-13,hrp,1.0189194377179578
2024-02-14,hrp,1.019130418732241
2024-02-15,hrp,1.0193414434329893
2024-02-16,hrp,1.0195527140841638
2024-02-20,hrp,1.019763623930026
2024-02-21,hrp,1.0199754676882573
2024-02-22,hrp,1.0201872744906417
2024-02-23,hrp,1.0203994086606747
2024-02-26,hrp,1.0206119918708123
2024-02-27,hrp,1.0208244168621046
2024-02-28,hrp,1.0210366835172915
2024-02-29,hrp,1.0212483055271582
2024-03-01,hrp,1.0214596471965691
2024-03-04,hrp,1.0216713568706945
2024-03-05,hrp,1.0218831915033222
2024-03-06,hrp,1.0220952728172528
2024-03-07,hrp,1.0223073170336792
2024-03-08,hrp,1.0225194052408673
2024-03-11,hrp,1.0227320243460032
2024-03-12,hrp,1.0229446876624115
2024-03-13,hrp,1.023157314019083
2024-03-14,hrp,1.0233699845716608
2024-03-15,hrp,1.0235826993293315
2024-03-18,hrp,1.0237954583012832
2024-03-19,hrp,1.024008261496706
2024-03-20,hrp,1.0242207025823835
2024-03-21,hrp,1.0244331877411574
2024-03-22,hrp,1.0246453917500888
2024-03-25,hrp,1.0248575584003947
2024-03-26,hrp,1.0250697689826676
2024-03-27,hrp,1.0252819014827332
2024-03-28,hrp,1.0254935896495514
2024-04-01,hrp,1.025705931930674
2024-04-02,hrp,1.0259181146623906
2024-04-03,hrp,1.0261302191630464
2024-04-04,hrp,1.0263420824805372
2024-04-05,hrp,1.0265544782788205
2024-04-08,hrp,1.0267672439173505
2024-04-09,hrp,1.0269799314093275
2024-04-10,hrp,1.027193600290745
2024-04-11,hrp,1.0274071098142414
2024-04-12,hrp,1.027620337560429
2024-04-15,hrp,1.0278339357843138
2024-04-16,hrp,1.0280473744661422
2024-04-17,hrp,1.0282611430378445
2024-04-18,hrp,1.0284750784824606
2024-04-19,hrp,1.028689140056625
2024-04-22,hrp,1.028903246184477
2024-04-23,hrp,1.02911739687529
2024-04-24,hrp,1.0293320005276057
2024-04-25,hrp,1.029546240457168
2024-04-26,hrp,1.02976023899372
2024-04-29,hrp,1.0299744863335798
2024-04-30,hrp,1.0301888599868714
2024-05-01,hrp,1.0304034826660353
2024-05-02,hrp,1.0306176593865006
2024-05-03,hrp,1.0308317579414408
2024-05-06,hrp,1.0310461054880944
2024-05-07,hrp,1.0312606203596237
2024-05-08,hrp,1.0314752617023129
2024-05-09,hrp,1.0316897430568857
2024-05-10,hrp,1.0319043918407877
2024-05-13,hrp,1.0321189624271792
2024-05-14,hrp,1.0323333728599613
2024-05-15,hrp,1.0325480326471639
2024-05-16,hrp,1.0327628600029843
2024-05-17,hrp,1.0329776090962397
2024-05-20,hrp,1.0331924028436696
2024-05-21,hrp,1.0334072412545594
2024-05-22,hrp,1.0336223293840086
2024-05-23,hrp,1.0338374622808073
2024-05-24,hrp,1.0340526399542735
2024-05-28,hrp,1.0342679855258756
2024-05-29,hrp,1.0344834580228601
2024-05-30,hrp,1.034698893314037
2024-05-31,hrp,1.034914250281379
2024-06-03,hrp,1.035129569941927
2024-06-04,hrp,1.0353448111605608
2024-06-05,hrp,1.0355600971357
2024-06-06,hrp,1.0357751402223228
2024-06-07,hrp,1.0359904334801624
2024-06-10,hrp,1.0362055659298808
2024-06-11,hrp,1.0364212364884013
2024-06-12,hrp,1.0366368696858035
2024-06-13,hrp,1.0368524243270687
2024-06-14,hrp,1.0370680237900114
2024-06-17,hrp,1.0372837915551059
2024-06-18,hrp,1.0374992749196805
2024-06-20,hrp,1.0377143913328755
2024-06-21,hrp,1.0379291405673652
2024-06-24,hrp,1.0381437282999821
2024-06-25,hrp,1.038358895948569
2024-06-26,hrp,1.0385743966249823
2024-06-27,hrp,1.0387896535347074
2024-06-28,hrp,1.039004542831439
2024-07-01,hrp,1.0392196827376738
2024-07-02,hrp,1.0394352795897301
2024-07-03,hrp,1.0396510036584634
2024-07-05,hrp,1.0398665662138191
2024-07-08,hrp,1.0400818846136235
2024-07-09,hrp,1.040297536508382
2024-07-10,hrp,1.0405132331166773
2024-07-11,hrp,1.0407278596142213
2024-07-12,hrp,1.0409425303827387
2024-07-15,hrp,1.0411570388904172
2024-07-16,hrp,1.041371591602169
2024-07-17,hrp,1.041586271189357
2024-07-18,hrp,1.0418009123536194
2024-07-19,hrp,1.0420155977492915
2024-07-22,hrp,1.0422302033450035
2024-07-23,hrp,1.0424441500392416
2024-07-24,hrp,1.042658016560481
2024-07-25,hrp,1.0428715131956539
2024-07-26,hrp,1.0430848466428493
2024-07-29,hrp,1.0432978925767606
2024-07-30,hrp,1.0435104852322041
2024-07-31,hrp,1.0437231212076212
2024-08-01,hrp,1.0439349721411961
2024-08-02,hrp,1.0441433448844064
2024-08-05,hrp,1.0443530022362069
2024-08-06,hrp,1.0445635305366703
2024-08-07,hrp,1.0447741012769651
2024-08-08,hrp,1.0449848388542706
2024-08-09,hrp,1.045195287181964
2024-08-12,hrp,1.045405694945616
2024-08-13,hrp,1.0456153153800862
2024-08-14,hrp,1.04582539278299
2024-08-15,hrp,1.0460362178986862
2024-08-16,hrp,1.0462468779624292
2024-08-19,hrp,1.0464570822542807
2024-08-20,hrp,1.0466660829878918
2024-08-21,hrp,1.0468739625063497
2024-08-22,hrp,1.0470827141635495
2024-08-23,hrp,1.047290468670328
2024-08-26,hrp,1.0474981812859718
2024-08-27,hrp,1.0477046880675869
2024-08-28,hrp,1.0479106950774852
2024-08-29,hrp,1.0481171584410154
2024-08-30,hrp,1.0483237872495537
2024-09-03,hrp,1.0485305399877554
2024-09-04,hrp,1.0487364181252101
2024-09-05,hrp,1.0489416708308537
2024-09-06,hrp,1.0491459647083312
2024-09-09,hrp,1.049349757147904
2024-09-10,hrp,1.0495510907239294
2024-09-11,hrp,1.049754128881361
2024-09-12,hrp,1.0499557483315183
2024-09-13,hrp,1.0501541983014118
2024-09-16,hrp,1.050351935664537
2024-09-17,hrp,1.0505492934643628
2024-09-18,hrp,1.0507416857163028
2024-09-19,hrp,1.0509331958946502
2024-09-20,hrp,1.0511227392063773
2024-09-23,hrp,1.051310564820111
2024-09-24,hrp,1.0514980902514028
2024-09-25,hrp,1.0516853153275507
2024-09-26,hrp,1.0518717808005937
2024-09-27,hrp,1.0520588637049244
2024-09-30,hrp,1.052246647868474
2024-10-01,hrp,1.0524337974455884
2024-10-02,hrp,1.0526206044467061
2024-10-03,hrp,1.0528071104450978
2024-10-04,hrp,1.052995320609901
2024-10-07,hrp,1.053184400130781
2024-10-08,hrp,1.053373638973449
2024-10-09,hrp,1.0535632044215446
2024-10-10,hrp,1.05375259495873
2024-10-11,hrp,1.0539413922930772
2024-10-14,hrp,1.0541303489336744
2024-10-15,hrp,1.05431921394894
2024-10-16,hrp,1.05450761074224
2024-10-17,hrp,1.0546965433502442
2024-10-18,hrp,1.0548854261086653
2024-10-21,hrp,1.0550745520010443
2024-10-22,hrp,1.0552629581710444
2024-10-23,hrp,1.0554516073673668
2024-10-24,hrp,1.0556395363891993
2024-10-25,hrp,1.0558284623634346
2024-10-28,hrp,1.0560162489918234
2024-10-29,hrp,1.0562039852146656
2024-10-30,hrp,1.056391042285961
2024-10-31,hrp,1.0565768329712253
2024-11-01,hrp,1.056021710861393
2024-11-04,hrp,1.0583078571789177
2024-11-05,hrp,1.0662461715023073
2024-11-06,hrp,1.0697258428961482
2024-11-07,hrp,1.0799612917530246
2024-11-08,hrp,1.078441543893815
2024-11-11,hrp,1.0788943704381306
2024-11-12,hrp,1.0685245524321978
2024-11-13,hrp,1.065603234973904
2024-11-14,hrp,1.0630434086285552
2024-11-15,hrp,1.0562376982709154
2024-11-18,hrp,1.0602454908859784
2024-11-19,hrp,1.0627749132978448
2024-11-20,hrp,1.0615111142308187
2024-11-21,hrp,1.0640449549050537
2024-11-22,hrp,1.067832806784711
2024-11-25,hrp,1.0760298061431994
2024-11-26,hrp,1.0742239504504372
2024-11-27,hrp,1.0762619155976751
2024-11-29,hrp,1.0841157321699364
2024-12-02,hrp,1.0861499519196762
2024-12-03,hrp,1.0857080026173684
2024-12-04,hrp,1.0904801320029718
2024-12-05,hrp,1.0894019320343562
2024-12-06,hrp,1.0925941903973924
2024-12-09,hrp,1.0884818245061882
2024-12-10,hrp,1.0840722457279532
2024-12-11,hrp,1.0882476450972067
2024-12-12,hrp,1.081151804705567
2024-12-13,hrp,1.078451159436521
2024-12-16,hrp,1.0810179154252952
2024-12-17,hrp,1.0779156890266832
2024-12-18,hrp,1.0538308855477128
2024-12-19,hrp,1.050053864183404
2024-12-20,hrp,1.0550726701008888
2024-12-23,hrp,1.0564764957321164
2024-12-24,hrp,1.0620421743252442
2024-12-26,hrp,1.0646771932220451
2024-12-27,hrp,1.0580631760141161
2024-12-30,hrp,1.0546520331953166
2024-12-31,hrp,1.0524576833292953
2025-01-02,hrp,1.0513727236484192
2025-01-03,hrp,1.057531663201042
2025-01-06,hrp,1.061554370767776
2025-01-07,hrp,1.0544616704082865
2025-01-08,hrp,1.0544514249938135
2025-01-10,hrp,1.0407231271206803
2025-01-13,hrp,1.0395079165970853
2025-01-14,hrp,1.0420905296305905
2025-01-15,hrp,1.0574098013884359
2025-01-16,hrp,1.0587338976057437
2025-01-17,hrp,1.064092701147455
2025-01-21,hrp,1.07493682883475
2025-01-22,hrp,1.0747790199983238
2025-01-23,hrp,1.0773658660669094
2025-01-24,hrp,1.0779890080861787
2025-01-27,hrp,1.0736143503273528
2025-01-28,hrp,1.0765880721962264
2025-01-29,hrp,1.0747957205960834
2025-01-30,hrp,1.0810743156908695
2025-01-31,hrp,1.0758648738583316
2025-02-03,hrp,1.069729368131266
2025-02-04,hrp,1.0778760370519296
2025-02-05,hrp,1.0853415368133355
2025-02-06,hrp,1.0866180818444147
2025-02-07,hrp,1.0783490704006788
2025-02-10,hrp,1.0829556484869638
2025-02-11,hrp,1.0819396117075304
2025-02-12,hrp,1.0780841055020525
2025-02-13,hrp,1.0890784059508842
2025-02-14,hrp,1.0916118203430147
2025-02-18,hrp,1.0925447033213291
2025-02-19,hrp,1.090692980175155
2025-02-20,hrp,1.0900980452604707
2025-02-21,hrp,1.0817988346877636
2025-02-24,hrp,1.0794654491088231
2025-02-25,hrp,1.0822443127943278
2025-02-26,hrp,1.0842902946715107
2025-02-27,hrp,1.0733057160998465
2025-02-28,hrp,1.0817994540736307
2025-03-03,hrp,1.076994440487436
2025-03-04,hrp,1.0716732492097378
2025-03-05,hrp,1.0792333770124931
2025-03-06,hrp,1.0683161304461941
2025-03-07,hrp,1.0723039090694328
2025-03-10,hrp,1.0575731058369418
2025-03-11,hrp,1.0537468931179124
2025-03-12,hrp,1.056373820942501
2025-03-13,hrp,1.050417372398427
2025-03-14,hrp,1.0621679423262125
2025-03-17,hrp,1.0687917917683352
2025-03-18,hrp,1.0643729121041998
2025-03-19,hrp,1.0717798373854632
2025-03-20,hrp,1.0687398821992802
2025-03-21,hrp,1.066499582616338
2025-03-24,hrp,1.0728719897121533
2025-03-25,hrp,1.0750334492099556
2025-03-26,hrp,1.0655843652021144
2025-03-27,hrp,1.0639358807488617
2025-03-28,hrp,1.0562889883098516
2025-03-31,hrp,1.0559142344343346
2025-04-01,hrp,1.0590710968021553
2025-04-02,hrp,1.0633713081929088
2025-04-03,hrp,1.0394754959440493
2025-04-04,hrp,1.0048721551028468
2025-04-07,hrp,0.9938004716790847
2025-04-08,hrp,0.9833931600071687
2025-04-09,hrp,1.0346775777520227
2025-04-10,hrp,1.010503740802231
2025-04-11,hrp,1.0198038983819808
2025-04-14,hrp,1.0291718097027944
2025-04-15,hrp,1.0321964428856507
2025-04-16,hrp,1.0251485700644363
2025-04-17,hrp,1.0275498308422533
2025-04-21,hrp,1.0151609270208555
2025-04-22,hrp,1.0298881452802442
2025-04-23,hrp,1.0380384662543385
2025-04-24,hrp,1.0523235789824765
2025-04-25,hrp,1.057290330434768
2025-04-28,hrp,1.061082196405608
2025-04-29,hrp,1.0655829306612332
2025-04-30,hrp,1.0651041979893112
2025-05-01,hrp,1.0660289857088359
2025-05-02,hrp,1.0747610877525708
2025-05-05,hrp,1.0713451230197675
2025-05-06,hrp,1.0678026517251566
2025-05-07,hrp,1.0699816123511352
2025-05-08,hrp,1.071646642634922
2025-05-09,hrp,1.0723008541510823
2025-05-12,hrp,1.0871444111489825
2025-05-13,hrp,1.0909054640848088
2025-05-14,hrp,1.087877960445911
2025-05-15,hrp,1.0947880631739324
2025-05-16,hrp,1.098467748024452
2025-05-19,hrp,1.0996601662569148
2025-05-20,hrp,1.099138396956489
2025-05-21,hrp,1.0853707370864334
2025-05-22,hrp,1.087143851388438
2025-05-23,hrp,1.085686487143499
2025-05-27,hrp,1.1012332824618478
2025-05-28,hrp,1.0943390831325879
2025-05-29,hrp,1.0983807885996646
2025-05-30,hrp,1.0986220139112661
2025-06-02,hrp,1.101860497272889
2025-06-03,hrp,1.1046645614021098
2025-06-04,hrp,1.1086378958283658
2025-06-05,hrp,1.105470010682142
2025-06-06,hrp,1.1084000464948212
2025-06-09,hrp,1.1107393897485396
2025-06-10,hrp,1.1145214431428971
2025-06-11,hrp,1.1143657104814366
2025-06-12,hrp,1.1180500382556267
2025-06-13,hrp,1.1070888228924245
2025-06-16,hrp,1.1120208778170635
2025-06-17,hrp,1.1071909045910482
2025-06-18,hrp,1.1086817152889137
2025-06-20,hrp,1.105912673257265
2025-06-23,hrp,1.1140153060909657
2025-06-24,hrp,1.1240702149682327
2025-06-25,hrp,1.1215436108663206
2025-06-26,hrp,1.1307852060868393
2025-06-27,hrp,1.1327485043448076
2025-06-30,hrp,1.1366051016309286
2025-07-01,hrp,1.1360002082430445
2025-07-02,hrp,1.13980113384797
2025-07-03,hrp,1.1426076613838996
2025-07-07,hrp,1.133960908361531
2025-07-08,hrp,1.1359993658078527
2025-07-09,hrp,1.1437846511966663
2025-07-10,hrp,1.144582805072795
2025-07-11,hrp,1.1371227353687976
2025-07-14,hrp,1.1389705753304578
2025-07-15,hrp,1.1309969250873653
2025-07-16,hrp,1.1355215143342567
2025-07-17,hrp,1.1404126126554324
2025-07-18,hrp,1.1395355540106606
2025-07-21,hrp,1.1425186542247114
2025-07-22,hrp,1.1456708922490175
2025-07-23,hrp,1.1539120356103625
2025-07-24,hrp,1.1495283623808832
2025-07-25,hrp,1.1520426401177055
2025-07-28,hrp,1.1479271011295837
2025-07-29,hrp,1.1486539025689009
2025-07-30,hrp,1.1447009289724355
2025-07-31,hrp,1.1397614887917258
2025-08-01,hrp,1.1352454633222577
2025-08-04,hrp,1.1475797244678596
2025-08-05,hrp,1.1463390875266362
2025-08-06,hrp,1.1501598866146576
2025-08-07,hrp,1.1514319970386346
2025-08-08,hrp,1.1546875917790382
2025-08-11,hrp,1.1531524907356894
2025-08-12,hrp,1.164600251728412
2025-08-13,hrp,1.1717658837517786
2025-08-14,hrp,1.1677476602027748
2025-08-15,hrp,1.1661173114716683
2025-08-18,hrp,1.166052332047007
2025-08-19,hrp,1.1628368357016547
2025-08-20,hrp,1.16228277758769
2025-08-21,hrp,1.1587513710019244
2025-08-22,hrp,1.1765246144013328
2025-08-25,hrp,1.1695996787526346
2025-08-26,hrp,1.173429240103842
2025-08-27,hrp,1.1757575720666862
2025-08-28,hrp,1.1793324548692206
2025-08-29,hrp,1.1741179724343722
2025-09-02,hrp,1.167154081445429
2025-09-03,hrp,1.1709611655475292
2025-09-04,hrp,1.179573219539159
2025-09-05,hrp,1.1834583305814066
2025-09-08,hrp,1.1885238339408764
2025-09-09,hrp,1.186418693579385
2025-09-10,hrp,1.187845151245086
2025-09-11,hrp,1.196488688973839
2025-09-12,hrp,1.1929817911469183
2025-09-15,hrp,1.1981711392429835
2025-09-16,hrp,1.1972043876534302
2025-09-17,hrp,1.1953468884654228
2025-09-18,hrp,1.2014585007577878
2025-09-19,hrp,1.200888615478765
2025-09-22,hrp,1.2036309276504138
2025-09-23,hrp,1.2021268797176248
2025-09-24,hrp,1.1967833022984875
2025-09-25,hrp,1.1909933409603717
2025-09-26,hrp,1.1955717318257741
2025-09-29,hrp,1.1991769718416119
2025-09-30,hrp,1.2011795567021541
2025-10-01,hrp,1.206248488735687
2025-10-02,hrp,1.209103833529941
2025-10-03,hrp,1.2106977127299574
2025-10-06,hrp,1.2123164745650423
2025-10-07,hrp,1.2081340715614297
2025-10-08,hrp,1.2136292496146928
2025-10-09,hrp,1.2095971278956734
2025-10-10,hrp,1.1930030021818032
2025-10-13,hrp,1.2057868545984858
2025-10-14,hrp,1.2094756139620855
2025-10-15,hrp,1.2136497042585175
2025-10-16,hrp,1.21120360176757
2025-10-17,hrp,1.211453631760231
2025-10-20,hrp,1.2212422953588855
2025-10-21,hrp,1.2196041764568084
2025-10-22,hrp,1.2141694154688922
2025-10-23,hrp,1.218254708386055
2025-10-24,hrp,1.2244284086226669
2025-10-27,hrp,1.231411876990883
2025-10-28,hrp,1.2324186775732187
2025-10-29,hrp,1.2272066175688228
2025-10-30,hrp,1.219627714377056
2025-10-31,hrp,1.2217561302566746
2025-11-03,hrp,1.2220837836534866
2025-11-04,hrp,1.2119860038475139
2025-11-05,hrp,1.2153032726461892
2025-11-06,hrp,1.2092494038812278
2025-11-07,hrp,1.2109103253288553
2025-11-10,hrp,1.2203503561439073
2025-11-11,hrp,1.2236032287342602
2025-11-12,hrp,1.2245096636061863
2025-11-13,hrp,1.2094530310583542
2025-11-14,hrp,1.2086495779800388
2025-11-17,hrp,1.1998708019618753
2025-11-18,hrp,1.195231362763175
2025-11-19,hrp,1.1957316617890013
2025-11-20,hrp,1.1845830596897857
2025-11-21,hrp,1.1971594431838886
2025-11-24,hrp,1.2076090365258951
2025-11-25,hrp,1.2179534184925398
2025-11-26,hrp,1.2248855297370735
2025-11-28,hrp,1.2280413294209256
2025-12-01,hrp,1.2205865869527726
2025-12-02,hrp,1.2229039177118455
2025-12-03,hrp,1.229521607986858
2025-12-04,hrp,1.2302753258699037
2025-12-05,hrp,1.2294227451620428
2025-12-08,hrp,1.2269975880597082
2025-12-09,hrp,1.2264574115492783
2025-12-10,hrp,1.2348515243247695
2025-12-11,hrp,1.2383911219995003
2025-12-12,hrp,1.227919661323806
2025-12-15,hrp,1.227080862512714
2025-12-16,hrp,1.2263528763023948
2025-12-17,hrp,1.2176317157873369
2025-12-18,hrp,1.2250712997288478
2025-12-19,hrp,1.2306339575082295
2025-12-22,hrp,1.2346924337271585
2025-12-23,hrp,1.2361816426646792
2025-12-24,hrp,1.2392939575478903
2025-12-26,hrp,1.2390703298185812
2025-12-29,hrp,1.2365172548784535
2025-12-30,hrp,1.234337210698484
2025-12-31,hrp,1.227718568234169
2026-01-02,hrp,1.2316552912506564
2026-01-05,hrp,1.241067780645772
2026-01-06,hrp,1.2461034378593627
2026-01-07,hrp,1.2453422416706397
2026-01-08,hrp,1.245108245480447
2026-01-09,hrp,1.2518674960666158
2026-01-12,hrp,1.253962628969066
2026-01-13,hrp,1.2526229168606262
2026-01-14,hrp,1.2534739073116392
2026-01-15,hrp,1.2552293959494938
2026-01-16,hrp,1.2538325586964396
2026-01-20,hrp,1.2390926417102448
2026-01-21,hrp,1.2507692880768329
2026-01-22,hrp,1.2552056502047206
2026-01-23,hrp,1.2539169979596876
2026-01-26,hrp,1.2566815921763925
2026-01-27,hrp,1.2624137698403868
2026-01-28,hrp,1.2590621141182858
2026-01-29,hrp,1.2597723117621864
2026-01-30,hrp,1.2519951996470264
2026-02-02,hrp,1.2564076339830532
2026-02-03,hrp,1.2533852323055763
2026-02-04,hrp,1.2485510553648402
2026-02-05,hrp,1.2404231842247821
2026-02-06,hrp,1.2588038708116775
2026-02-09,hrp,1.2652794820657562
2026-02-10,hrp,1.2662424568869455
2026-02-11,hrp,1.2657533567705384
2026-02-12,hrp,1.2570755319815612
2026-02-13,hrp,1.2623144067148389
2026-02-17,hrp,1.262399929986137
2026-02-18,hrp,1.2643871219002925
2026-02-19,hrp,1.2636407552809175
2026-02-20,hrp,1.2681016084225971
2026-02-23,hrp,1.2621642609532902
2026-02-24,hrp,1.267587188994266
2026-02-25,hrp,1.2740131243189108
2026-02-26,hrp,1.273306051310545
2026-02-27,hrp,1.2701302754360273
2026-03-02,hrp,1.26480897973371
2026-03-03,hrp,1.2508398002224521
2026-03-04,hrp,1.2581298861993344
2026-03-05,hrp,1.2467421968967127
2026-03-06,hrp,1.2353160046338005
2026-03-09,hrp,1.2441531843676037
2026-03-10,hrp,1.2425266221176792
2026-03-11,hrp,1.2391743469392187
2026-03-12,hrp,1.224700126505819
2026-03-13,hrp,1.219221685624504
2026-03-16,hrp,1.2305101469394724
2026-03-17,hrp,1.2344091947451574
2026-03-18,hrp,1.2208497736532666
2026-03-19,hrp,1.2207218334506746
2026-03-20,hrp,1.2006491671258213
2026-03-23,hrp,1.2144072270320112
2026-03-24,hrp,1.2108926731136238
2026-03-25,hrp,1.2206588316728604
2026-03-26,hrp,1.2022743216990515
2026-03-27,hrp,1.1912816144647338
2026-03-30,hrp,1.190932180418309
2026-03-31,hrp,1.2144910628553531
2026-04-01,hrp,1.221493934894075
2026-04-02,hrp,1.2231802982006101
2026-04-06,hrp,1.2255320888668897
2026-04-07,hrp,1.2270397113417983
2026-04-08,hrp,1.251066010514471
2026-04-09,hrp,1.2538616007451444
2026-04-10,hrp,1.2530798498051494
2026-04-13,hrp,1.261977144296409
2026-04-14,hrp,1.2735260807747724
2026-04-15,hrp,1.2763262783582994
2026-04-16,hrp,1.276657416134518
2026-04-17,hrp,1.2911831534992915
2026-04-20,hrp,1.2902131381189217
2026-04-21,hrp,1.279437990417776
2026-04-22,hrp,1.287167077276696
2026-04-23,hrp,1.2824302623405002
2026-04-24,hrp,1.2903410836341114
2026-04-27,hrp,1.2892861804721403
2026-04-28,hrp,1.2826061737383991
2026-04-29,hrp,1.2779539110727556
2026-04-30,hrp,1.2918513909261262
2026-05-01,hrp,1.2951338286192469
2026-05-04,hrp,1.2884536049120152
2026-05-05,hrp,1.299017009911035
2026-05-06,hrp,1.3164598310249598
2026-05-07,hrp,1.3071211052043852
2026-05-08,hrp,1.3178274645977153
2026-05-11,hrp,1.3174990771444843
2026-05-12,hrp,1.3107739782212144
2026-05-13,hrp,1.3152891071545385
2026-05-14,hrp,1.3185370085916421
2026-05-15,hrp,1.300841005785457
2026-05-18,hrp,1.300331933348505
2026-05-19,hrp,1.2922887092922313
2026-05-20,hrp,1.3090252148356165
2026-05-21,hrp,1.3130755639276326
2026-05-22,hrp,1.3166062383689559
2026-05-26,hrp,1.3295178524026532
2026-05-27,hrp,1.3286992713942427
2026-05-28,hrp,1.333714966351165
2026-05-29,hrp,1.33464156290909
2026-06-01,hrp,1.333738185106495
2026-06-02,hrp,1.33821225005444
2026-06-03,hrp,1.330316821849029
2026-06-04,hrp,1.3355767692395362
2026-06-05,hrp,1.306117979690848
2026-06-08,hrp,1.311553988349308
2026-06-09,hrp,1.3110815765618362
2026-06-10,hrp,1.2991726085798376
2026-06-11,hrp,1.3237993931591612
2026-06-12,hrp,1.327444362941159
2026-06-15,hrp,1.3403703551936663
2026-06-16,hrp,1.3355621829661137
2026-06-17,hrp,1.3255932683441805
2026-06-18,hrp,1.3394196279196937
2026-06-22,hrp,1.3383818017280418
2026-06-23,hrp,1.3240701162739257
2026-06-24,hrp,1.3273158658833426
2026-06-25,hrp,1.3325566150510104
2026-06-26,hrp,1.3294940247471694
2026-06-29,hrp,1.3385551834196259
2026-06-30,hrp,1.3423240597475208
2026-07-01,hrp,1.3356532941502774
2026-07-02,hrp,1.3340718680240577
2026-07-06,hrp,1.341737429026447
2026-07-07,hrp,1.3304544831863543
2026-07-08,hrp,1.3257480390272631
2026-07-09,hrp,1.335336224686285
2026-07-10,hrp,1.3362407783586283
2026-07-13,hrp,1.3255085276923806
2026-07-14,hrp,1.3317206587648724
2026-07-15,hrp,1.3356311990218646
2026-07-16,hrp,1.3296027475052634
2026-07-17,hrp,1.3235162121237658
2026-07-20,hrp,1.3190005336807347
2026-07-21,hrp,1.3283764796895947
2026-07-22,hrp,1.3244220810914256
2026-07-23,hrp,1.3133480911171744
2026-07-24,hrp,1.3130295365197462
2026-07-27,hrp,1.3161547076014357
2026-07-28,hrp,1.317015952630066
2026-07-29,hrp,1.3036566555068643
2026-07-30,hrp,1.3208611402169446
2026-07-31,hrp,1.3198800859013906
2026-08-03,hrp,1.3314604737044426
2026-08-04,hrp,1.3500517872869244
2026-08-05,hrp,1.3471088431281746
2026-08-06,hrp,1.3427836754474674
2026-08-07,hrp,1.351995003042988
2026-08-10,hrp,1.3469363779112842
2026-08-11,hrp,1.3471483065028498
2026-08-12,hrp,1.3514952820594537
2026-08-13,hrp,1.3579747807845828
2026-08-14,hrp,1.3568885872753849
2026-08-17,hrp,1.353260969352539
2026-08-18,hrp,1.3443490845568868
2026-08-19,hrp,1.3488603529767147
2026-08-20,hrp,1.3399554956002044
2026-08-21,hrp,1.343711770078491
2026-08-24,hrp,1.3405738136880405
2026-08-25,hrp,1.3475200174832551
2026-08-26,hrp,1.3454734433188082
2026-08-27,hrp,1.349006553955058
2026-08-28,hrp,1.3416252518743805
2026-08-31,hrp,1.3385576231307372
2026-09-01,hrp,1.328834796138448
2026-09-02,hrp,1.3343183214756555
2026-09-03,hrp,1.3421011050857752
2026-09-04,hrp,1.3422343462988957
2026-09-08,hrp,1.338277238493526
2026-09-09,hrp,1.3300536337587991
2026-09-10,hrp,1.3189489426653802
2026-09-11,hrp,1.3240168483253116
2026-09-14,hrp,1.3190042046017039
2026-09-15,hrp,1.3139163325317353
2026-09-16,hrp,1.3108537713535682
2026-09-17,hrp,1.322131693252085
2026-09-18,hrp,1.317995678451182
2026-09-21,hrp,1.3314721394084126
2026-09-22,hrp,1.3347984862654814
2026-09-23,hrp,1.31905359597639
2026-09-24,hrp,1.315237950214809
2026-09-25,hrp,1.3211099961638482
2026-09-28,hrp,1.312438811861154
2026-09-29,hrp,1.3102398330703775
2026-09-30,hrp,1.3074059518509804
2026-10-01,hrp,1.3090662321079396
2026-10-02,hrp,1.314874806626958
2026-10-05,hrp,1.3186536044598371
2026-10-06,hrp,1.3205315470308703
2026-10-07,hrp,1.3145440385046034
2026-10-08,hrp,1.312600547027228
2026-10-09,hrp,1.316771796205572
