date,strategy,drawdown,drawdown_window
2023-10-05,equal_weight,0.0,1.0
2023-10-06,equal_weight,0.0,2.0
2023-10-09,equal_weight,0.0,3.0
2023-10-10,equal_weight,0.0,4.0
2023-10-11,equal_weight,0.0,5.0
2023-10-12,equal_weight,0.0,6.0
2023-10-13,equal_weight,0.0,7.0
2023-10-16,equal_weight,0.0,8.0
2023-10-17,equal_weight,0.0,9.0
2023-10-18,equal_weight,0.0,10.0
2023-10-19,equal_weight,0.0,11.0
2023-10-20,equal_weight,0.0,12.0
2023-10-23,equal_weight,0.0,13.0
2023-10-24,equal_weight,0.0,14.0
2023-10-25,equal_weight,0.0,15.0
2023-10-26,equal_weight,0.0,16.0
2023-10-27,equal_weight,0.0,17.0
2023-10-30,equal_weight,0.0,18.0
2023-10-31,equal_weight,0.0,19.0
2023-11-01,equal_weight,0.0,20.0
2023-11-02,equal_weight,0.0,21.0
2023-11-03,equal_weight,0.0,22.0
2023-11-06,equal_weight,0.0,23.0
2023-11-07,equal_weight,0.0,24.0
2023-11-08,equal_weight,0.0,25.0
2023-11-09,equal_weight,0.0,26.0
2023-11-10,equal_weight,0.0,27.0
2023-11-13,equal_weight,0.0,28.0
2023-11-14,equal_weight,0.0,29.0
2023-11-15,equal_weight,0.0,30.0
2023-11-16,equal_weight,0.0,31.0
2023-11-17,equal_weight,0.0,32.0
2023-11-20,equal_weight,0.0,33.0
2023-11-21,equal_weight,0.0,34.0
2023-11-22,equal_weight,0.0,35.0
2023-11-24,equal_weight,0.0,36.0
2023-11-27,equal_weight,0.0,37.0
2023-11-28,equal_weight,0.0,38.0
2023-11-29,equal_weight,0.0,39.0
2023-11-30,equal_weight,0.0,40.0
2023-12-01,equal_weight,0.0,41.0
2023-12-04,equal_weight,0.0,42.0
2023-12-05,equal_weight,0.0,43.0
2023-12-06,equal_weight,0.0,44.0
2023-12-07,equal_weight,0.0,45.0
2023-12-08,equal_weight,0.0,46.0
2023-12-11,equal_weight,0.0,47.0
2023-12-12,equal_weight,0.0,48.0
2023-12-13,equal_weight,0.0,49.0
2023-12-14,equal_weight,0.0,50.0
2023-12-15,equal_weight,0.0,51.0
2023-12-18,equal_weight,0.0,52.0
2023-12-19,equal_weight,0.0,53.0
2023-12-20,equal_weight,0.0,54.0
2023-12-21,equal_weight,0.0,55.0
2023-12-22,equal_weight,0.0,56.0
2023-12-26,equal_weight,0.0,57.0
2023-12-27,equal_weight,0.0,58.0
2023-12-28,equal_weight,0.0,59.0
2023-12-29,equal_weight,0.0,60.0
2024-01-02,equal_weight,0.0,61.0
2024-01-03,equal_weight,0.0,62.0
2024-01-04,equal_weight,0.0,63.0
2024-01-05,equal_weight,0.0,64.0
2024-01-08,equal_weight,0.0,65.0
2024-01-09,equal_weight,0.0,66.0
2024-01-10,equal_weight,0.0,67.0
2024-01-11,equal_weight,0.0,68.0
2024-01-12,equal_weight,0.0,69.0
2024-01-16,equal_weight,0.0,70.0
2024-01-17,equal_weight,0.0,71.0
2024-01-18,equal_weight,0.0,72.0
2024-01-19,equal_weight,0.0,73.0
2024-01-22,equal_weight,0.0,74.0
2024-01-23,equal_weight,0.0,75.0
2024-01-24,equal_weight,0.0,76.0
2024-01-25,equal_weight,0.0,77.0
2024-01-26,equal_weight,0.0,78.0
2024-01-29,equal_weight,0.0,79.0
2024-01-30,equal_weight,0.0,80.0
2024-01-31,equal_weight,0.0,81.0
2024-02-01,equal_weight,0.0,82.0
2024-02-02,equal_weight,0.0,83.0
2024-02-05,equal_weight,0.0,84.0
2024-02-06,equal_weight,0.0,85.0
2024-02-07,equal_weight,0.0,86.0
2024-02-08,equal_weight,0.0,87.0
2024-02-09,equal_weight,0.0,88.0
2024-02-12,equal_weight,0.0,89.0
2024-02-13,equal_weight,0.0,90.0
2024-02-14,equal_weight,0.0,91.0
2024-02-15,equal_weight,0.0,92.0
2024-02-16,equal_weight,0.0,93.0
2024-02-20,equal_weight,0.0,94.0
2024-02-21,equal_weight,0.0,95.0
2024-02-22,equal_weight,0.0,96.0
2024-02-23,equal_weight,0.0,97.0
2024-02-26,equal_weight,0.0,98.0
2024-02-27,equal_weight,0.0,99.0
2024-02-28,equal_weight,0.0,100.0
2024-02-29,equal_weight,0.0,101.0
2024-03-01,equal_weight,0.0,102.0
2024-03-04,equal_weight,0.0,103.0
2024-03-05,equal_weight,0.0,104.0
2024-03-06,equal_weight,0.0,105.0
2024-03-07,equal_weight,0.0,106.0
2024-03-08,equal_weight,0.0,107.0
2024-03-11,equal_weight,0.0,108.0
2024-03-12,equal_weight,0.0,109.0
2024-03-13,equal_weight,0.0,110.0
2024-03-14,equal_weight,0.0,111.0
2024-03-15,equal_weight,0.0,112.0
2024-03-18,equal_weight,0.0,113.0
2024-03-19,equal_weight,0.0,114.0
2024-03-20,equal_weight,0.0,115.0
2024-03-21,equal_weight,0.0,116.0
2024-03-22,equal_weight,0.0,117.0
2024-03-25,equal_weight,0.0,118.0
2024-03-26,equal_weight,0.0,119.0
2024-03-27,equal_weight,0.0,120.0
2024-03-28,equal_weight,0.0,121.0
2024-04-01,equal_weight,0.0,122.0
2024-04-02,equal_weight,0.0,123.0
2024-04-03,equal_weight,0.0,124.0
2024-04-04,equal_weight,0.0,125.0
2024-04-05,equal_weight,0.0,126.0
2024-04-08,equal_weight,0.0,127.0
2024-04-09,equal_weight,0.0,128.0
2024-04-10,equal_weight,0.0,129.0
2024-04-11,equal_weight,0.0,130.0
2024-04-12,equal_weight,0.0,131.0
2024-04-15,equal_weight,0.0,132.0
2024-04-16,equal_weight,0.0,133.0
2024-04-17,equal_weight,0.0,134.0
2024-04-18,equal_weight,0.0,135.0
2024-04-19,equal_weight,0.0,136.0
2024-04-22,equal_weight,0.0,137.0
2024-04-23,equal_weight,0.0,138.0
2024-04-24,equal_weight,0.0,139.0
2024-04-25,equal_weight,0.0,140.0
2024-04-26,equal_weight,0.0,141.0
2024-04-29,equal_weight,0.0,142.0
2024-04-30,equal_weight,0.0,143.0
2024-05-01,equal_weight,0.0,144.0
2024-05-02,equal_weight,0.0,145.0
2024-05-03,equal_weight,0.0,146.0
2024-05-06,equal_weight,0.0,147.0
2024-05-07,equal_weight,0.0,148.0
2024-05-08,equal_weight,0.0,149.0
2024-05-09,equal_weight,0.0,150.0
2024-05-10,equal_weight,0.0,151.0
2024-05-13,equal_weight,0.0,152.0
2024-05-14,equal_weight,0.0,153.0
2024-05-15,equal_weight,0.0,154.0
2024-05-16,equal_weight,0.0,155.0
2024-05-17,equal_weight,0.0,156.0
2024-05-20,equal_weight,0.0,157.0
2024-05-21,equal_weight,0.0,158.0
2024-05-22,equal_weight,0.0,159.0
2024-05-23,equal_weight,0.0,160.0
2024-05-24,equal_weight,0.0,161.0
2024-05-28,equal_weight,0.0,162.0
2024-05-29,equal_weight,0.0,163.0
2024-05-30,equal_weight,0.0,164.0
2024-05-31,equal_weight,0.0,165.0
2024-06-03,equal_weight,0.0,166.0
2024-06-04,equal_weight,0.0,167.0
2024-06-05,equal_weight,0.0,168.0
2024-06-06,equal_weight,0.0,169.0
2024-06-07,equal_weight,0.0,170.0
2024-06-10,equal_weight,0.0,171.0
2024-06-11,equal_weight,0.0,172.0
2024-06-12,equal_weight,0.0,173.0
2024-06-13,equal_weight,0.0,174.0
2024-06-14,equal_weight,0.0,175.0
2024-06-17,equal_weight,0.0,176.0
2024-06-18,equal_weight,0.0,177.0
2024-06-20,equal_weight,0.0,178.0
2024-06-21,equal_weight,0.0,179.0
2024-06-24,equal_weight,0.0,180.0
2024-06-25,equal_weight,0.0,181.0
2024-06-26,equal_weight,0.0,182.0
2024-06-27,equal_weight,0.0,183.0
2024-06-28,equal_weight,0.0,184.0
2024-07-01,equal_weight,0.0,185.0
2024-07-02,equal_weight,0.0,186.0
2024-07-03,equal_weight,0.0,187.0
2024-07-05,equal_weight,0.0,188.0
2024-07-08,equal_weight,0.0,189.0
2024-07-09,equal_weight,0.0,190.0
2024-07-10,equal_weight,0.0,191.0
2024-07-11,equal_weight,0.0,192.0
2024-07-12,equal_weight,0.0,193.0
2024-07-15,equal_weight,0.0,194.0
2024-07-16,equal_weight,0.0,195.0
2024-07-17,equal_weight,0.0,196.0
2024-07-18,equal_weight,0.0,197.0
2024-07-19,equal_weight,0.0,198.0
2024-07-22,equal_weight,0.0,199.0
2024-07-23,equal_weight,0.0,200.0
2024-07-24,equal_weight,0.0,201.0
2024-07-25,equal_weight,0.0,202.0
2024-07-26,equal_weight,0.0,203.0
2024-07-29,equal_weight,0.0,204.0
2024-07-30,equal_weight,0.0,205.0
2024-07-31,equal_weight,0.0,206.0
2024-08-01,equal_weight,0.0,207.0
2024-08-02,equal_weight,0.0,208.0
2024-08-05,equal_weight,0.0,209.0
2024-08-06,equal_weight,0.0,210.0
2024-08-07,equal_weight,0.0,211.0
2024-08-08,equal_weight,0.0,212.0
2024-08-09,equal_weight,0.0,213.0
2024-08-12,equal_weight,0.0,214.0
2024-08-13,equal_weight,0.0,215.0
2024-08-14,equal_weight,0.0,216.0
2024-08-15,equal_weight,0.0,217.0
2024-08-16,equal_weight,0.0,218.0
2024-08-19,equal_weight,0.0,219.0
2024-08-20,equal_weight,0.0,220.0
2024-08-21,equal_weight,0.0,221.0
2024-08-22,equal_weight,0.0,222.0
2024-08-23,equal_weight,0.0,223.0
2024-08-26,equal_weight,0.0,224.0
2024-08-27,equal_weight,0.0,225.0
2024-08-28,equal_weight,0.0,226.0
2024-08-29,equal_weight,0.0,227.0
2024-08-30,equal_weight,0.0,228.0
2024-09-03,equal_weight,0.0,229.0
2024-09-04,equal_weight,0.0,230.0
2024-09-05,equal_weight,0.0,231.0
2024-09-06,equal_weight,0.0,232.0
2024-09-09,equal_weight,0.0,233.0
2024-09-10,equal_weight,0.0,234.0
2024-09-11,equal_weight,0.0,235.0
2024-09-12,equal_weight,0.0,236.0
2024-09-13,equal_weight,0.0,237.0
2024-09-16,equal_weight,0.0,238.0
2024-09-17,equal_weight,0.0,239.0
2024-09-18,equal_weight,0.0,240.0
2024-09-19,equal_weight,0.0,241.0
2024-09-20,equal_weight,0.0,242.0
2024-09-23,equal_weight,0.0,243.0
2024-09-24,equal_weight,0.0,244.0
2024-09-25,equal_weight,0.0,245.0
2024-09-26,equal_weight,0.0,246.0
2024-09-27,equal_weight,0.0,247.0
2024-09-30,equal_weight,0.0,248.0
2024-10-01,equal_weight,0.0,249.0
2024-10-02,equal_weight,0.0,250.0
2024-10-03,equal_weight,0.0,251.0
2024-10-04,equal_weight,0.0,252.0
2024-10-07,equal_weight,0.0,253.0
2024-10-08,equal_weight,0.0,254.0
2024-10-09,equal_weight,0.0,255.0
2024-10-10,equal_weight,0.0,256.0
2024-10-11,equal_weight,0.0,257.0
2024-10-14,equal_weight,0.0,258.0
2024-10-15,equal_weight,0.0,259.0
2024-10-16,equal_weight,0.0,260.0
2024-10-17,equal_weight,0.0,261.0
2024-10-18,equal_weight,0.0,262.0
2024-10-21,equal_weight,0.0,263.0
2024-10-22,equal_weight,0.0,264.0
2024-10-23,equal_weight,0.0,265.0
2024-10-24,equal_weight,0.0,266.0
2024-10-25,equal_weight,0.0,267.0
2024-10-28,equal_weight,0.0,268.0
2024-10-29,equal_weight,0.0,269.0
2024-10-30,equal_weight,0.0,270.0
2024-10-31,equal_weight,0.0,271.0
2024-11-01,equal_weight,-0.000525396821612345,271.0
2024-11-04,equal_weight,0.0,272.0
2024-11-05,equal_weight,0.0,273.0
2024-11-06,equal_weight,0.0,274.0
2024-11-07,equal_weight,0.0,275.0
2024-11-08,equal_weight,-0.00492439646571885,275.0
2024-11-11,equal_weight,-0.0031337230667943805,275.0
2024-11-12,equal_weight,-0.015005594437152547,275.0
2024-11-13,equal_weight,-0.019542619284225515,275.0
2024-11-14,equal_weight,-0.02565493003043362,275.0
2024-11-15,equal_weight,-0.03667853906665486,275.0
2024-11-18,equal_weight,-0.030996178860367207,275.0
2024-11-19,equal_weight,-0.02780393949610993,275.0
2024-11-20,equal_weight,-0.02831080988834267,275.0
2024-11-21,equal_weight,-0.02380131441223088,275.0
2024-11-22,equal_weight,-0.018306706232233072,275.0
2024-11-25,equal_weight,-0.013040722991716547,275.0
2024-11-26,equal_weight,-0.014344224972395847,275.0
2024-11-27,equal_weight,-0.01497060640015857,275.0
2024-11-29,equal_weight,-0.008356737544002124,275.0
2024-12-02,equal_weight,-0.004679858374804113,275.0
2024-12-03,equal_weight,-0.003849717217385362,275.0
2024-12-04,equal_weight,0.0,276.0
2024-12-05,equal_weight,-0.0008930343531432516,276.0
2024-12-06,equal_weight,0.0,277.0
2024-12-09,equal_weight,0.0,278.0
2024-12-10,equal_weight,-0.007242197798602468,278.0
2024-12-11,equal_weight,0.0,279.0
2024-12-12,equal_weight,-0.007634609526734559,279.0
2024-12-13,equal_weight,-0.007811988624746302,279.0
2024-12-16,equal_weight,-0.004648225158528696,279.0
2024-12-17,equal_weight,-0.009372457892113939,279.0
2024-12-18,equal_weight,-0.0406022435651604,279.0
2024-12-19,equal_weight,-0.042311496058321074,279.0
2024-12-20,equal_weight,-0.036321351526397705,279.0
2024-12-23,equal_weight,-0.03127258311255399,279.0
2024-12-24,equal_weight,-0.02344495687594783,279.0
2024-12-26,equal_weight,-0.021469691778975064,279.0
2024-12-27,equal_weight,-0.030135785534292636,279.0
2024-12-30,equal_weight,-0.0393052290180238,279.0
2024-12-31,equal_weight,-0.04211782838067235,279.0
2025-01-02,equal_weight,-0.04378176935565359,279.0
2025-01-03,equal_weight,-0.03279202301476891,279.0
2025-01-06,equal_weight,-0.02685046851369044,279.0
2025-01-07,equal_weight,-0.035643081706675295,279.0
2025-01-08,equal_weight,-0.037421924441991994,279.0
2025-01-10,equal_weight,-0.053810475312701556,279.0
2025-01-13,equal_weight,-0.05557899910641706,279.0
2025-01-14,equal_weight,-0.05056930966644935,279.0
2025-01-15,equal_weight,-0.03410421913534989,279.0
2025-01-16,equal_weight,-0.03468397880380225,279.0
2025-01-17,equal_weight,-0.026358033367612,279.0
2025-01-21,equal_weight,-0.013682425346120186,279.0
2025-01-22,equal_weight,-0.011675085390212336,279.0
2025-01-23,equal_weight,-0.007187122816316283,279.0
2025-01-24,equal_weight,-0.007051993017752167,279.0
2025-01-27,equal_weight,-0.02111090329988563,279.0
2025-01-28,equal_weight,-0.01519554596424011,279.0
2025-01-29,equal_weight,-0.016878647416756154,279.0
2025-01-30,equal_weight,-0.007495518019254965,279.0
2025-01-31,equal_weight,-0.01475408163538483,279.0
2025-02-03,equal_weight,-0.023723134826413528,279.0
2025-02-04,equal_weight,-0.011544323305905047,279.0
2025-02-05,equal_weight,-0.006282226177884875,279.0
2025-02-06,equal_weight,-0.0034379339940128206,279.0
2025-02-07,equal_weight,-0.012159037224450664,279.0
2025-02-10,equal_weight,-0.0038104966081434766,279.0
2025-02-11,equal_weight,-0.005121809572201652,279.0
2025-02-12,equal_weight,-0.00560345055940803,279.0
2025-02-13,equal_weight,0.0,280.0
2025-02-14,equal_weight,0.0,281.0
2025-02-18,equal_weight,0.0,282.0
2025-02-19,equal_weight,-0.0025626058860673817,282.0
2025-02-20,equal_weight,-0.003306989637804403,282.0
2025-02-21,equal_weight,-0.018234689217757172,282.0
2025-02-24,equal_weight,-0.026038562092841055,282.0
2025-02-25,equal_weight,-0.028181935339172792,282.0
2025-02-26,equal_weight,-0.025120055518333406,282.0
2025-02-27,equal_weight,-0.042577545157712504,282.0
2025-02-28,equal_weight,-0.037055359808648825,282.0
2025-03-03,equal_weight,-0.049136065752463876,282.0
2025-03-04,equal_weight,-0.052558334801659945,282.0
2025-03-05,equal_weight,-0.03592962571508329,282.0
2025-03-06,equal_weight,-0.05073996277189052,282.0
2025-03-07,equal_weight,-0.044727674618365354,282.0
2025-03-10,equal_weight,-0.07103052717210157,282.0
2025-03-11,equal_weight,-0.07204627760200621,282.0
2025-03-12,equal_weight,-0.0663050557939524,282.0
2025-03-13,equal_weight,-0.07681475543221561,282.0
2025-03-14,equal_weight,-0.05737641163864837,282.0
2025-03-17,equal_weight,-0.046898919308197784,282.0
2025-03-18,equal_weight,-0.05471396788080718,282.0
2025-03-19,equal_weight,-0.04634437576581951,282.0
2025-03-20,equal_weight,-0.05220008253267139,282.0
2025-03-21,equal_weight,-0.054870019363589595,282.0
2025-03-24,equal_weight,-0.04203927528358664,282.0
2025-03-25,equal_weight,-0.041091054840698416,282.0
2025-03-26,equal_weight,-0.05245336033129311,282.0
2025-03-27,equal_weight,-0.053507098428291155,282.0
2025-03-28,equal_weight,-0.07128652206488317,282.0
2025-03-31,equal_weight,-0.07294572236898,282.0
2025-04-01,equal_weight,-0.07008087377850236,282.0
2025-04-02,equal_weight,-0.06392377411212002,282.0
2025-04-03,equal_weight,-0.10315781753232378,282.0
2025-04-04,equal_weight,-0.1546560321192434,282.0
2025-04-07,equal_weight,-0.16660060189870507,282.0
2025-04-08,equal_weight,-0.1795324654205841,282.0
2025-04-09,equal_weight,-0.10462479247100831,282.0
2025-04-10,equal_weight,-0.13435680238947334,282.0
2025-04-11,equal_weight,-0.11577589742188821,282.0
2025-04-14,equal_weight,-0.10728034096985828,282.0
2025-04-15,equal_weight,-0.10589958323882942,282.0
2025-04-16,equal_weight,-0.1197468039180527,282.0
2025-04-17,equal_weight,-0.11478765734578833,282.0
2025-04-21,equal_weight,-0.12779445580629023,282.0
2025-04-22,equal_weight,-0.10801156684045865,282.0
2025-04-23,equal_weight,-0.09591678873869103,282.0
2025-04-24,equal_weight,-0.07897580386177616,282.0
2025-04-25,equal_weight,-0.07508176829819246,282.0
2025-04-28,equal_weight,-0.07269490602598816,282.0
2025-04-29,equal_weight,-0.06834954399023718,282.0
2025-04-30,equal_weight,-0.06920734941689155,282.0
2025-05-01,equal_weight,-0.0649993322242296,282.0
2025-05-02,equal_weight,-0.04631289848707054,282.0
2025-05-05,equal_weight,-0.04821045042909877,282.0
2025-05-06,equal_weight,-0.054624786157893235,282.0
2025-05-07,equal_weight,-0.05534880523724128,282.0
2025-05-08,equal_weight,-0.049308532805794725,282.0
2025-05-09,equal_weight,-0.04781473175588158,282.0
2025-05-12,equal_weight,-0.021998607219890776,282.0
2025-05-13,equal_weight,-0.016394305661001862,282.0
2025-05-14,equal_weight,-0.016141667332517873,282.0
2025-05-15,equal_weight,-0.011676623372417594,282.0
2025-05-16,equal_weight,-0.007591996221760322,282.0
2025-05-19,equal_weight,-0.005754860916496796,282.0
2025-05-20,equal_weight,-0.006279124490740973,282.0
2025-05-21,equal_weight,-0.019693543373063727,282.0
2025-05-22,equal_weight,-0.02000515750411136,282.0
2025-05-23,equal_weight,-0.022718442421721052,282.0
2025-05-27,equal_weight,-0.006770598639715963,282.0
2025-05-28,equal_weight,-0.014078896525894113,282.0
2025-05-29,equal_weight,-0.01073430561022437,282.0
2025-05-30,equal_weight,-0.014380914174798587,282.0
2025-06-02,equal_weight,-0.007560193442935015,282.0
2025-06-03,equal_weight,-0.0027008001873758403,282.0
2025-06-04,equal_weight,0.0,283.0
2025-06-05,equal_weight,-0.0014804466592157617,283.0
2025-06-06,equal_weight,0.0,284.0
2025-06-09,equal_weight,0.0,285.0
2025-06-10,equal_weight,0.0,286.0
2025-06-11,equal_weight,-0.0015486453857302962,286.0
2025-06-12,equal_weight,0.0,287.0
2025-06-13,equal_weight,-0.01416905630441112,287.0
2025-06-16,equal_weight,-0.004042342892030093,287.0
2025-06-17,equal_weight,-0.014846693220658236,287.0
2025-06-18,equal_weight,-0.013574681898979257,287.0
2025-06-20,equal_weight,-0.018146508184799903,287.0
2025-06-23,equal_weight,-0.008681226942410025,287.0
2025-06-24,equal_weight,0.0,288.0
2025-06-25,equal_weight,-0.0026230310783690314,288.0
2025-06-26,equal_weight,0.0,289.0
2025-06-27,equal_weight,0.0,290.0
2025-06-30,equal_weight,0.0,291.0
2025-07-01,equal_weight,0.0,292.0
2025-07-02,equal_weight,0.0,293.0
2025-07-03,equal_weight,0.0,294.0
2025-07-07,equal_weight,-0.011001326948448353,294.0
2025-07-08,equal_weight,-0.0069576705595535415,294.0
2025-07-09,equal_weight,-0.0010278574624550396,294.0
2025-07-10,equal_weight,0.0,295.0
2025-07-11,equal_weight,-0.006514136297107065,295.0
2025-07-14,equal_weight,-0.00377458443301093,295.0
2025-07-15,equal_weight,-0.009026028080221682,295.0
2025-07-16,equal_weight,-0.00442984912429889,295.0
2025-07-17,equal_weight,0.0,296.0
2025-07-18,equal_weight,-0.002775169795939836,296.0
2025-07-21,equal_weight,0.0,297.0
2025-07-22,equal_weight,0.0,298.0
2025-07-23,equal_weight,0.0,299.0
2025-07-24,equal_weight,-0.004854306884489512,299.0
2025-07-25,equal_weight,-0.0036332980478800403,299.0
2025-07-28,equal_weight,-0.00778440543141623,299.0
2025-07-29,equal_weight,-0.010206953881694347,299.0
2025-07-30,equal_weight,-0.01402944184839583,299.0
2025-07-31,equal_weight,-0.020962581740663788,299.0
2025-08-01,equal_weight,-0.034092921951950794,299.0
2025-08-04,equal_weight,-0.018697472583385832,299.0
2025-08-05,equal_weight,-0.019481901389566514,299.0
2025-08-06,equal_weight,-0.013583676306261228,299.0
2025-08-07,equal_weight,-0.01031215600729396,299.0
2025-08-08,equal_weight,-0.005439978515962118,299.0
2025-08-11,equal_weight,-0.00787144954847041,299.0
2025-08-12,equal_weight,0.0,300.0
2025-08-13,equal_weight,0.0,301.0
2025-08-14,equal_weight,-0.005197336281572595,301.0
2025-08-15,equal_weight,-0.00610372552069105,301.0
2025-08-18,equal_weight,-0.004564826574191216,301.0
2025-08-19,equal_weight,-0.011465003946649621,301.0
2025-08-20,equal_weight,-0.013410632541904444,301.0
2025-08-21,equal_weight,-0.01629532881167728,301.0
2025-08-22,equal_weight,0.0,302.0
2025-08-25,equal_weight,-0.007411899124982191,302.0
2025-08-26,equal_weight,-0.004846062134634677,302.0
2025-08-27,equal_weight,-0.00429086643614407,302.0
2025-08-28,equal_weight,-0.0006358440071537741,302.0
2025-08-29,equal_weight,-0.007136718841516232,302.0
2025-09-02,equal_weight,-0.013466445026597773,302.0
2025-09-03,equal_weight,-0.009981363386405873,302.0
2025-09-04,equal_weight,-0.0032563937175659197,302.0
2025-09-05,equal_weight,0.0,303.0
2025-09-08,equal_weight,0.0,304.0
2025-09-09,equal_weight,0.0,305.0
2025-09-10,equal_weight,0.0,306.0
2025-09-11,equal_weight,0.0,307.0
2025-09-12,equal_weight,-0.0021252964523164053,307.0
2025-09-15,equal_weight,0.0,308.0
2025-09-16,equal_weight,0.0,309.0
2025-09-17,equal_weight,0.0,310.0
2025-09-18,equal_weight,0.0,311.0
2025-09-19,equal_weight,-0.0004031747524243512,311.0
2025-09-22,equal_weight,0.0,312.0
2025-09-23,equal_weight,-0.0031400515459142353,312.0
2025-09-24,equal_weight,-0.008123565849592618,312.0
2025-09-25,equal_weight,-0.01435075752511461,312.0
2025-09-26,equal_weight,-0.009625246121630626,312.0
2025-09-29,equal_weight,-0.005325035522229293,312.0
2025-09-30,equal_weight,-0.0021510978416263704,312.0
2025-10-01,equal_weight,0.0,313.0
2025-10-02,equal_weight,0.0,314.0
2025-10-03,equal_weight,0.0,315.0
2025-10-06,equal_weight,0.0,316.0
2025-10-07,equal_weight,-0.0072367376596284005,316.0
2025-10-08,equal_weight,0.0,317.0
2025-10-09,equal_weight,-0.0058120791210255485,317.0
2025-10-10,equal_weight,-0.03505949666671937,317.0
2025-10-13,equal_weight,-0.015493260036968381,317.0
2025-10-14,equal_weight,-0.015082734367429795,317.0
2025-10-15,equal_weight,-0.006706132776891804,317.0
2025-10-16,equal_weight,-0.010759654838407906,317.0
2025-10-17,equal_weight,-0.009383921072620316,317.0
2025-10-20,equal_weight,0.0,318.0
2025-10-21,equal_weight,-0.004705259587444832,318.0
2025-10-22,equal_weight,-0.011101216180810392,318.0
2025-10-23,equal_weight,-0.003088678611702811,318.0
2025-10-24,equal_weight,0.0,319.0
2025-10-27,equal_weight,0.0,320.0
2025-10-28,equal_weight,0.0,321.0
2025-10-29,equal_weight,-0.0006430651307762769,321.0
2025-10-30,equal_weight,-0.010511375203189788,321.0
2025-10-31,equal_weight,-0.008690327723534952,321.0
2025-11-03,equal_weight,-0.006645880143458904,321.0
2025-11-04,equal_weight,-0.022145617883118307,321.0
2025-11-05,equal_weight,-0.014371410957338293,321.0
2025-11-06,equal_weight,-0.025544208119890777,321.0
2025-11-07,equal_weight,-0.024774657059836835,321.0
2025-11-10,equal_weight,-0.010023883955368462,321.0
2025-11-11,equal_weight,-0.008236712289776404,321.0
2025-11-12,equal_weight,-0.00753222700313827,321.0
2025-11-13,equal_weight,-0.024844590528871002,321.0
2025-11-14,equal_weight,-0.02463382392628577,321.0
2025-11-17,equal_weight,-0.03683543394856281,321.0
2025-11-18,equal_weight,-0.0437240880167441,321.0
2025-11-19,equal_weight,-0.043162908569784664,321.0
2025-11-20,equal_weight,-0.059391299660220054,321.0
2025-11-21,equal_weight,-0.04793754290017205,321.0
2025-11-24,equal_weight,-0.034726546419624804,321.0
2025-11-25,equal_weight,-0.024480847399897754,321.0
2025-11-26,equal_weight,-0.01612142553424223,321.0
2025-11-28,equal_weight,-0.011345761110701846,321.0
2025-12-01,equal_weight,-0.01658046426187343,321.0
2025-12-02,equal_weight,-0.014300255215109359,321.0
2025-12-03,equal_weight,-0.008358158478509403,321.0
2025-12-04,equal_weight,-0.006141135931249986,321.0
2025-12-05,equal_weight,-0.004310960313603451,321.0
2025-12-08,equal_weight,-0.006266667618308075,321.0
2025-12-09,equal_weight,-0.006371539769635337,321.0
2025-12-10,equal_weight,0.0,322.0
2025-12-11,equal_weight,0.0,323.0
2025-12-12,equal_weight,-0.012428429384673811,323.0
2025-12-15,equal_weight,-0.01458836332547464,323.0
2025-12-16,equal_weight,-0.017850544199462637,323.0
2025-12-17,equal_weight,-0.02872765814733258,323.0
2025-12-18,equal_weight,-0.019734664040929495,323.0
2025-12-19,equal_weight,-0.010545418992081834,323.0
2025-12-22,equal_weight,-0.0045902979097475205,323.0
2025-12-23,equal_weight,-0.0016284157322282722,323.0
2025-12-24,equal_weight,0.0,324.0
2025-12-26,equal_weight,0.0,325.0
2025-12-29,equal_weight,-0.004014578217209741,325.0
2025-12-30,equal_weight,-0.005050123131524531,325.0
2025-12-31,equal_weight,-0.011112568862778005,325.0
2026-01-02,equal_weight,-0.0013411349142429252,325.0
2026-01-05,equal_weight,0.0,326.0
2026-01-06,equal_weight,0.0,327.0
2026-01-07,equal_weight,-0.003173869611503455,327.0
2026-01-08,equal_weight,-0.002038231677343405,327.0
2026-01-09,equal_weight,0.0,328.0
2026-01-12,equal_weight,0.0,329.0
2026-01-13,equal_weight,-0.0034343605024126367,329.0
2026-01-14,equal_weight,-0.0033369967491787556,329.0
2026-01-15,equal_weight,0.0,330.0
2026-01-16,equal_weight,-0.000353714745865763,330.0
2026-01-20,equal_weight,-0.01597175354946656,330.0
2026-01-21,equal_weight,-0.0017795446638524393,330.0
2026-01-22,equal_weight,0.0,331.0
2026-01-23,equal_weight,-0.0008133776672039073,331.0
2026-01-26,equal_weight,0.0,332.0
2026-01-27,equal_weight,0.0,333.0
2026-01-28,equal_weight,-0.001199499360566736,333.0
2026-01-29,equal_weight,-0.0024263609745576176,333.0
2026-01-30,equal_weight,-0.01463496305136125,333.0
2026-02-02,equal_weight,-0.008501061756989614,333.0
2026-02-03,equal_weight,-0.011602442083522457,333.0
2026-02-04,equal_weight,-0.019705841062558127,333.0
2026-02-05,equal_weight,-0.03219734255594364,333.0
2026-02-06,equal_weight,-0.007932399349096064,333.0
2026-02-09,equal_weight,0.0,334.0
2026-02-10,equal_weight,-0.001178976060768444,334.0
2026-02-11,equal_weight,0.0,335.0
2026-02-12,equal_weight,-0.01493068733338443,335.0
2026-02-13,equal_weight,-0.010768653384243043,335.0
2026-02-17,equal_weight,-0.011464104221343696,335.0
2026-02-18,equal_weight,-0.0070509401493281665,335.0
2026-02-19,equal_weight,-0.008903676841237496,335.0
2026-02-20,equal_weight,0.0,336.0
2026-02-23,equal_weight,-0.010582251775795637,336.0
2026-02-24,equal_weight,-0.0013872447263350018,336.0
2026-02-25,equal_weight,0.0,337.0
2026-02-26,equal_weight,-0.004518854309413012,337.0
2026-02-27,equal_weight,-0.01028455150226526,337.0
2026-03-02,equal_weight,-0.015743487037784387,337.0
2026-03-03,equal_weight,-0.03897170502844427,337.0
2026-03-04,equal_weight,-0.028271384266416955,337.0
2026-03-05,equal_weight,-0.04246918848622716,337.0
2026-03-06,equal_weight,-0.05504493130757304,337.0
2026-03-09,equal_weight,-0.04375564012798594,337.0
2026-03-10,equal_weight,-0.04308454249363547,337.0
2026-03-11,equal_weight,-0.0436547878175505,337.0
2026-03-12,equal_weight,-0.0630071448314633,337.0
2026-03-13,equal_weight,-0.06853690884572516,337.0
2026-03-16,equal_weight,-0.05422182122350927,337.0
2026-03-17,equal_weight,-0.04989466816623933,337.0
2026-03-18,equal_weight,-0.0653244953997908,337.0
2026-03-19,equal_weight,-0.06532898839227275,337.0
2026-03-20,equal_weight,-0.08755486209384333,337.0
2026-03-23,equal_weight,-0.06989101619511817,337.0
2026-03-24,equal_weight,-0.07444737648866506,337.0
2026-03-25,equal_weight,-0.06435388416467291,337.0
2026-03-26,equal_weight,-0.08560169518520344,337.0
2026-03-27,equal_weight,-0.09814583268070287,337.0
2026-03-30,equal_weight,-0.10368393594571901,337.0
2026-03-31,equal_weight,-0.07364254630897082,337.0
2026-04-01,equal_weight,-0.06453265672619579,337.0
2026-04-02,equal_weight,-0.06610233868817561,337.0
2026-04-06,equal_weight,-0.06065823343247323,337.0
2026-04-07,equal_weight,-0.059746112865403544,337.0
2026-04-08,equal_weight,-0.02616275508698307,337.0
2026-04-09,equal_weight,-0.02359781029158803,337.0
2026-04-10,equal_weight,-0.022587544595633613,337.0
2026-04-13,equal_weight,-0.012979033258251671,337.0
2026-04-14,equal_weight,0.0,338.0
2026-04-15,equal_weight,0.0,339.0
2026-04-16,equal_weight,0.0,340.0
2026-04-17,equal_weight,0.0,341.0
2026-04-20,equal_weight,-0.0021204383118121894,341.0
2026-04-21,equal_weight,-0.013464457642045735,341.0
2026-04-22,equal_weight,-0.0024176909381520284,341.0
2026-04-23,equal_weight,-0.009690142071053565,341.0
2026-04-24,equal_weight,0.0,342.0
2026-04-27,equal_weight,-0.00023038443734035852,342.0
2026-04-28,equal_weight,-0.008497191750016397,342.0
2026-04-29,equal_weight,-0.011473070887384695,342.0
2026-04-30,equal_weight,0.0,343.0
2026-05-01,equal_weight,0.0,344.0
2026-05-04,equal_weight,-0.0049479994482856116,344.0
2026-05-05,equal_weight,0.0,345.0
2026-05-06,equal_weight,0.0,346.0
2026-05-07,equal_weight,-0.010365802725816331,346.0
2026-05-08,equal_weight,0.0,347.0
2026-05-11,equal_weight,0.0,348.0
2026-05-12,equal_weight,-0.011305463462434662,348.0
2026-05-13,equal_weight,-0.002502370930004383,348.0
2026-05-14,equal_weight,0.0,349.0
2026-05-15,equal_weight,-0.020466448704386853,349.0
2026-05-18,equal_weight,-0.021128454192383295,349.0
2026-05-19,equal_weight,-0.029268379976085224,349.0
2026-05-20,equal_weight,-0.01237826101084294,349.0
2026-05-21,equal_weight,-0.006999065066505938,349.0
2026-05-22,equal_weight,-0.004384051033275882,349.0
2026-05-26,equal_weight,0.0,350.0
2026-05-27,equal_weight,-0.001063394781882554,350.0
2026-05-28,equal_weight,0.0,351.0
2026-05-29,equal_weight,0.0,352.0
2026-06-01,equal_weight,0.0,353.0
2026-06-02,equal_weight,0.0,354.0
2026-06-03,equal_weight,-0.008871607542766835,354.0
2026-06-04,equal_weight,-0.006849221787582294,354.0
2026-06-05,equal_weight,-0.04651976085351828,354.0
2026-06-08,equal_weight,-0.03697372981087976,354.0
2026-06-09,equal_weight,-0.03888493003815874,354.0
2026-06-10,equal_weight,-0.05357786226972594,354.0
2026-06-11,equal_weight,-0.024257737329064555,354.0
2026-06-12,equal_weight,-0.018706175670184955,354.0
2026-06-15,equal_weight,0.0,355.0
2026-06-16,equal_weight,-0.009447163885199616,355.0
2026-06-17,equal_weight,-0.016638098743454566,355.0
2026-06-18,equal_weight,0.0,356.0
2026-06-22,equal_weight,0.0,357.0
2026-06-23,equal_weight,-0.02682996065690535,357.0
2026-06-24,equal_weight,-0.026944594727486115,357.0
2026-06-25,equal_weight,-0.019876179807365113,357.0
2026-06-26,equal_weight,-0.026625673143983675,357.0
2026-06-29,equal_weight,-0.01695463281469689,357.0
2026-06-30,equal_weight,-0.007530579455659603,357.0
2026-07-01,equal_weight,-0.018716572027557832,357.0
2026-07-02,equal_weight,-0.023248081992382597,357.0
2026-07-06,equal_weight,-0.010309180314220234,357.0
2026-07-07,equal_weight,-0.024587319244339878,357.0
2026-07-08,equal_weight,-0.02644654603390517,357.0
2026-07-09,equal_weight,-0.016425865954801,357.0
2026-07-10,equal_weight,-0.01465398992336786,357.0
2026-07-13,equal_weight,-0.030709038604072814,357.0
2026-07-14,equal_weight,-0.022356510391081108,357.0
2026-07-15,equal_weight,-0.020254636750201227,357.0
2026-07-16,equal_weight,-0.03031663340474422,357.0
2026-07-17,equal_weight,-0.039730993022441874,357.0
2026-07-20,equal_weight,-0.04163428182661233,357.0
2026-07-21,equal_weight,-0.025644633514394166,357.0
2026-07-22,equal_weight,-0.029327712846717646,357.0
2026-07-23,equal_weight,-0.040218259601562,357.0
2026-07-24,equal_weight,-0.04549372265771767,357.0
2026-07-27,equal_weight,-0.04307315477060902,357.0
2026-07-28,equal_weight,-0.04785784460019471,357.0
2026-07-29,equal_weight,-0.06252792004142294,357.0
2026-07-30,equal_weight,-0.03786159454497262,357.0
2026-07-31,equal_weight,-0.03594730951281244,357.0
2026-08-03,equal_weight,-0.025086236512603,357.0
2026-08-04,equal_weight,-0.003850348491342137,357.0
2026-08-05,equal_weight,-0.007994423038334642,357.0
2026-08-06,equal_weight,-0.01230029138439781,357.0
2026-08-07,equal_weight,-0.0025099747880732437,357.0
2026-08-10,equal_weight,-0.006628680941189402,357.0
2026-08-11,equal_weight,-0.0063382249235763855,357.0
2026-08-12,equal_weight,0.0,358.0
2026-08-13,equal_weight,0.0,359.0
2026-08-14,equal_weight,0.0,360.0
2026-08-17,equal_weight,-0.0001528829452254188,360.0
2026-08-18,equal_weight,-0.0155405870531663,360.0
2026-08-19,equal_weight,-0.011516268642362104,360.0
2026-08-20,equal_weight,-0.016274700176179713,360.0
2026-08-21,equal_weight,-0.010149257508395015,360.0
2026-08-24,equal_weight,-0.017425924929086123,360.0
2026-08-25,equal_weight,-0.009897582714900044,360.0
2026-08-26,equal_weight,-0.011098749098159555,360.0
2026-08-27,equal_weight,-0.005673093054342715,360.0
2026-08-28,equal_weight,-0.012037968741101857,360.0
2026-08-31,equal_weight,-0.014581171806032134,360.0
2026-09-01,equal_weight,-0.023170219595762487,360.0
2026-09-02,equal_weight,-0.01739118176843557,360.0
2026-09-03,equal_weight,-0.009170099338472126,360.0
2026-09-04,equal_weight,-0.005171099700390314,360.0
2026-09-08,equal_weight,-0.008024551566886529,360.0
2026-09-09,equal_weight,-0.01543868940753479,360.0
2026-09-10,equal_weight,-0.026672723029453116,360.0
2026-09-11,equal_weight,-0.018141193512352105,360.0
2026-09-14,equal_weight,-0.028220730612356748,360.0
2026-09-15,equal_weight,-0.03325700336384796,360.0
2026-09-16,equal_weight,-0.035700496183934005,360.0
2026-09-17,equal_weight,-0.023768496128661498,360.0
2026-09-18,equal_weight,-0.024774610910011985,360.0
2026-09-21,equal_weight,-0.007605345442907252,360.0
2026-09-22,equal_weight,-0.003413127471317834,360.0
2026-09-23,equal_weight,-0.01732436967024331,360.0
2026-09-24,equal_weight,-0.019588350628890527,360.0
2026-09-25,equal_weight,-0.01328700719646303,360.0
2026-09-28,equal_weight,-0.021516158868932767,360.0
2026-09-29,equal_weight,-0.022504682484137617,360.0
2026-09-30,equal_weight,-0.026132123499725934,360.0
2026-10-01,equal_weight,-0.026316930560526752,360.0
2026-10-02,equal_weight,-0.01648472029311865,360.0
2026-10-05,equal_weight,-0.00890405971357966,360.0
2026-10-06,equal_weight,-0.009314931686203232,360.0
2026-10-07,equal_weight,-0.01758308056878055,360.0
2026-10-08,equal_weight,-0.025635515548840804,360.0
2026-10-09,equal_weight,-0.01916210617139802,360.0
2023-10-05,hrp,0.0,1.0
2023-10-06,hrp,0.0,2.0
2023-10-09,hrp,0.0,3.0
2023-10-10,hrp,0.0,4.0
2023-10-11,hrp,0.0,5.0
2023-10-12,hrp,0.0,6.0
2023-10-13,hrp,0.0,7.0
2023-10-16,hrp,0.0,8.0
2023-10-17,hrp,0.0,9.0
2023-10-18,hrp,0.0,10.0
2023-10-19,hrp,0.0,11.0
2023-10-20,hrp,0.0,12.0
2023-10-23,hrp,0.0,13.0
2023-10-24,hrp,0.0,14.0
2023-10-25,hrp,0.0,15.0
2023-10-26,hrp,0.0,16.0
2023-10-27,hrp,0.0,17.0
2023-10-30,hrp,0.0,18.0
2023-10-31,hrp,0.0,19.0
2023-11-01,hrp,0.0,20.0
2023-11-02,hrp,0.0,21.0
2023-11-03,hrp,0.0,22.0
2023-11-06,hrp,0.0,23.0
2023-11-07,hrp,0.0,24.0
2023-11-08,hrp,0.0,25.0
2023-11-09,hrp,0.0,26.0
2023-11-10,hrp,0.0,27.0
2023-11-13,hrp,0.0,28.0
2023-11-14,hrp,0.0,29.0
2023-11-15,hrp,0.0,30.0
2023-11-16,hrp,0.0,31.0
2023-11-17,hrp,0.0,32.0
2023-11-20,hrp,0.0,33.0
2023-11-21,hrp,0.0,34.0
2023-11-22,hrp,0.0,35.0
2023-11-24,hrp,0.0,36.0
2023-11-27,hrp,0.0,37.0
2023-11-28,hrp,0.0,38.0
2023-11-29,hrp,0.0,39.0
2023-11-30,hrp,0.0,40.0
2023-12-01,hrp,0.0,41.0
2023-12-04,hrp,0.0,42.0
2023-12-05,hrp,0.0,43.0
2023-12-06,hrp,0.0,44.0
2023-12-07,hrp,0.0,45.0
2023-12-08,hrp,0.0,46.0
2023-12-11,hrp,0.0,47.0
2023-12-12,hrp,0.0,48.0
2023-12-13,hrp,0.0,49.0
2023-12-14,hrp,0.0,50.0
2023-12-15,hrp,0.0,51.0
2023-12-18,hrp,0.0,52.0
2023-12-19,hrp,0.0,53.0
2023-12-20,hrp,0.0,54.0
2023-12-21,hrp,0.0,55.0
2023-12-22,hrp,0.0,56.0
2023-12-26,hrp,0.0,57.0
2023-12-27,hrp,0.0,58.0
2023-12-28,hrp,0.0,59.0
2023-12-29,hrp,0.0,60.0
2024-01-02,hrp,0.0,61.0
2024-01-03,hrp,0.0,62.0
2024-01-04,hrp,0.0,63.0
2024-01-05,hrp,0.0,64.0
2024-01-08,hrp,0.0,65.0
2024-01-09,hrp,0.0,66.0
2024-01-10,hrp,0.0,67.0
2024-01-11,hrp,0.0,68.0
2024-01-12,hrp,0.0,69.0
2024-01-16,hrp,0.0,70.0
2024-01-17,hrp,0.0,71.0
2024-01-18,hrp,0.0,72.0
2024-01-19,hrp,0.0,73.0
2024-01-22,hrp,0.0,74.0
2024-01-23,hrp,0.0,75.0
2024-01-24,hrp,0.0,76.0
2024-01-25,hrp,0.0,77.0
2024-01-26,hrp,0.0,78.0
2024-01-29,hrp,0.0,79.0
2024-01-30,hrp,0.0,80.0
2024-01-31,hrp,0.0,81.0
2024-02-01,hrp,0.0,82.0
2024-02-02,hrp,0.0,83.0
2024-02-05,hrp,0.0,84.0
2024-02-06,hrp,0.0,85.0
2024-02-07,hrp,0.0,86.0
2024-02-08,hrp,0.0,87.0
2024-02-09,hrp,0.0,88.0
2024-02-12,hrp,0.0,89.0
2024-02-13,hrp,0.0,90.0
2024-02-14,hrp,0.0,91.0
2024-02-15,hrp,0.0,92.0
2024-02-16,hrp,0.0,93.0
2024-02-20,hrp,0.0,94.0
2024-02-21,hrp,0.0,95.0
2024-02-22,hrp,0.0,96.0
2024-02-23,hrp,0.0,97.0
2024-02-26,hrp,0.0,98.0
2024-02-27,hrp,0.0,99.0
2024-02-28,hrp,0.0,100.0
2024-02-29,hrp,0.0,101.0
2024-03-01,hrp,0.0,102.0
2024-03-04,hrp,0.0,103.0
2024-03-05,hrp,0.0,104.0
2024-03-06,hrp,0.0,105.0
2024-03-07,hrp,0.0,106.0
2024-03-08,hrp,0.0,107.0
2024-03-11,hrp,0.0,108.0
2024-03-12,hrp,0.0,109.0
2024-03-13,hrp,0.0,110.0
2024-03-14,hrp,0.0,111.0
2024-03-15,hrp,0.0,112.0
2024-03-18,hrp,0.0,113.0
2024-03-19,hrp,0.0,114.0
2024-03-20,hrp,0.0,115.0
2024-03-21,hrp,0.0,116.0
2024-03-22,hrp,0.0,117.0
2024-03-25,hrp,0.0,118.0
2024-03-26,hrp,0.0,119.0
2024-03-27,hrp,0.0,120.0
2024-03-28,hrp,0.0,121.0
2024-04-01,hrp,0.0,122.0
2024-04-02,hrp,0.0,123.0
2024-04-03,hrp,0.0,124.0
2024-04-04,hrp,0.0,125.0
2024-04-05,hrp,0.0,126.0
2024-04-08,hrp,0.0,127.0
2024-04-09,hrp,0.0,128.0
2024-04-10,hrp,0.0,129.0
2024-04-11,hrp,0.0,130.0
2024-04-12,hrp,0.0,131.0
2024-04-15,hrp,0.0,132.0
2024-04-16,hrp,0.0,133.0
2024-04-17,hrp,0.0,134.0
2024-04-18,hrp,0.0,135.0
2024-04-19,hrp,0.0,136.0
2024-04-22,hrp,0.0,137.0
2024-04-23,hrp,0.0,138.0
2024-04-24,hrp,0.0,139.0
2024-04-25,hrp,0.0,140.0
2024-04-26,hrp,0.0,141.0
2024-04-29,hrp,0.0,142.0
2024-04-30,hrp,0.0,143.0
2024-05-01,hrp,0.0,144.0
2024-05-02,hrp,0.0,145.0
2024-05-03,hrp,0.0,146.0
2024-05-06,hrp,0.0,147.0
2024-05-07,hrp,0.0,148.0
2024-05-08,hrp,0.0,149.0
2024-05-09,hrp,0.0,150.0
2024-05-10,hrp,0.0,151.0
2024-05-13,hrp,0.0,152.0
2024-05-14,hrp,0.0,153.0
2024-05-15,hrp,0.0,154.0
2024-05-16,hrp,0.0,155.0
2024-05-17,hrp,0.0,156.0
2024-05-20,hrp,0.0,157.0
2024-05-21,hrp,0.0,158.0
2024-05-22,hrp,0.0,159.0
2024-05-23,hrp,0.0,160.0
2024-05-24,hrp,0.0,161.0
2024-05-28,hrp,0.0,162.0
2024-05-29,hrp,0.0,163.0
2024-05-30,hrp,0.0,164.0
2024-05-31,hrp,0.0,165.0
2024-06-03,hrp,0.0,166.0
2024-06-04,hrp,0.0,167.0
2024-06-05,hrp,0.0,168.0
2024-06-06,hrp,0.0,169.0
2024-06-07,hrp,0.0,170.0
2024-06-10,hrp,0.0,171.0
2024-06-11,hrp,0.0,172.0
2024-06-12,hrp,0.0,173.0
2024-06-13,hrp,0.0,174.0
2024-06-14,hrp,0.0,175.0
2024-06-17,hrp,0.0,176.0
2024-06-18,hrp,0.0,177.0
2024-06-20,hrp,0.0,178.0
2024-06-21,hrp,0.0,179.0
2024-06-24,hrp,0.0,180.0
2024-06-25,hrp,0.0,181.0
2024-06-26,hrp,0.0,182.0
2024-06-27,hrp,0.0,183.0
2024-06-28,hrp,0.0,184.0
2024-07-01,hrp,0.0,185.0
2024-07-02,hrp,0.0,186.0
2024-07-03,hrp,0.0,187.0
2024-07-05,hrp,0.0,188.0
2024-07-08,hrp,0.0,189.0
2024-07-09,hrp,0.0,190.0
2024-07-10,hrp,0.0,191.0
2024-07-11,hrp,0.0,192.0
2024-07-12,hrp,0.0,193.0
2024-07-15,hrp,0.0,194.0
2024-07-16,hrp,0.0,195.0
2024-07-17,hrp,0.0,196.0
2024-07-18,hrp,0.0,197.0
2024-07-19,hrp,0.0,198.0
2024-07-22,hrp,0.0,199.0
2024-07-23,hrp,0.0,200.0
2024-07-24,hrp,0.0,201.0
2024-07-25,hrp,0.0,202.0
2024-07-26,hrp,0.0,203.0
2024-07-29,hrp,0.0,204.0
2024-07-30,hrp,0.0,205.0
2024-07-31,hrp,0.0,206.0
2024-08-01,hrp,0.0,207.0
2024-08-02,hrp,0.0,208.0
2024-08-05,hrp,0.0,209.0
2024-08-06,hrp,0.0,210.0
2024-08-07,hrp,0.0,211.0
2024-08-08,hrp,0.0,212.0
2024-08-09,hrp,0.0,213.0
2024-08-12,hrp,0.0,214.0
2024-08-13,hrp,0.0,215.0
2024-08-14,hrp,0.0,216.0
2024-08-15,hrp,0.0,217.0
2024-08-16,hrp,0.0,218.0
2024-08-19,hrp,0.0,219.0
2024-08-20,hrp,0.0,220.0
2024-08-21,hrp,0.0,221.0
2024-08-22,hrp,0.0,222.0
2024-08-23,hrp,0.0,223.0
2024-08-26,hrp,0.0,224.0
2024-08-27,hrp,0.0,225.0
2024-08-28,hrp,0.0,226.0
2024-08-29,hrp,0.0,227.0
2024-08-30,hrp,0.0,228.0
2024-09-03,hrp,0.0,229.0
2024-09-04,hrp,0.0,230.0
2024-09-05,hrp,0.0,231.0
2024-09-06,hrp,0.0,232.0
2024-09-09,hrp,0.0,233.0
2024-09-10,hrp,0.0,234.0
2024-09-11,hrp,0.0,235.0
2024-09-12,hrp,0.0,236.0
2024-09-13,hrp,0.0,237.0
2024-09-16,hrp,0.0,238.0
2024-09-17,hrp,0.0,239.0
2024-09-18,hrp,0.0,240.0
2024-09-19,hrp,0.0,241.0
2024-09-20,hrp,0.0,242.0
2024-09-23,hrp,0.0,243.0
2024-09-24,hrp,0.0,244.0
2024-09-25,hrp,0.0,245.0
2024-09-26,hrp,0.0,246.0
2024-09-27,hrp,0.0,247.0
2024-09-30,hrp,0.0,248.0
2024-10-01,hrp,0.0,249.0
2024-10-02,hrp,0.0,250.0
2024-10-03,hrp,0.0,251.0
2024-10-04,hrp,0.0,252.0
2024-10-07,hrp,0.0,253.0
2024-10-08,hrp,0.0,254.0
2024-10-09,hrp,0.0,255.0
2024-10-10,hrp,0.0,256.0
2024-10-11,hrp,0.0,257.0
2024-10-14,hrp,0.0,258.0
2024-10-15,hrp,0.0,259.0
2024-10-16,hrp,0.0,260.0
2024-10-17,hrp,0.0,261.0
2024-10-18,hrp,0.0,262.0
2024-10-21,hrp,0.0,263.0
2024-10-22,hrp,0.0,264.0
2024-10-23,hrp,0.0,265.0
2024-10-24,hrp,0.0,266.0
2024-10-25,hrp,0.0,267.0
2024-10-28,hrp,0.0,268.0
2024-10-29,hrp,0.0,269.0
2024-10-30,hrp,0.0,270.0
2024-10-31,hrp,0.0,271.0
2024-11-01,hrp,-0.000525396821612345,271.0
2024-11-04,hrp,-0.00030967854566021913,271.0
2024-11-05,hrp,0.0,272.0
2024-11-06,hrp,0.0,273.0
2024-11-07,hrp,0.0,274.0
2024-11-08,hrp,-0.003960781448904993,274.0
2024-11-11,hrp,-0.0031124552699848262,274.0
2024-11-12,hrp,-0.012949252563194236,274.0
2024-11-13,hrp,-0.016243549557327763,274.0
2024-11-14,hrp,-0.0216471534477376,274.0
2024-11-15,hrp,-0.03317051588616371,274.0
2024-11-18,hrp,-0.027589234929318085,274.0
2024-11-19,hrp,-0.02454226333249898,274.0
2024-11-20,hrp,-0.025112832747155034,274.0
2024-11-21,hrp,-0.0212185471506231,274.0
2024-11-22,hrp,-0.01703855122234743,274.0
2024-11-25,hrp,-0.012773380793416833,274.0
2024-11-26,hrp,-0.01251442333531505,274.0
2024-11-27,hrp,-0.0137436648464635,274.0
2024-11-29,hrp,-0.006538163875299263,274.0
2024-12-02,hrp,-0.0029394028853743093,274.0
2024-12-03,hrp,-0.0011725351157505504,274.0
2024-12-04,hrp,0.0,275.0
2024-12-05,hrp,0.0,276.0
2024-12-06,hrp,0.0,277.0
2024-12-09,hrp,0.0,278.0
2024-12-10,hrp,-0.008321239171711015,278.0
2024-12-11,hrp,-0.0014252157457802506,278.0
2024-12-12,hrp,-0.008946425777208833,278.0
2024-12-13,hrp,-0.009882639605606869,278.0
2024-12-16,hrp,-0.009188885628487853,278.0
2024-12-17,hrp,-0.01305605262203624,278.0
2024-12-18,hrp,-0.0417958085405814,278.0
2024-12-19,hrp,-0.04312594711324558,278.0
2024-12-20,hrp,-0.038814542822828035,278.0
2024-12-23,hrp,-0.03365874262701385,278.0
2024-12-24,hrp,-0.027208342726024792,278.0
2024-12-26,hrp,-0.025200927761519498,278.0
2024-12-27,hrp,-0.031944857069474475,278.0
2024-12-30,hrp,-0.04036766724888019,278.0
2024-12-31,hrp,-0.042457971946051054,278.0
2025-01-02,hrp,-0.04446280135066272,278.0
2025-01-03,hrp,-0.035220416161086066,278.0
2025-01-06,hrp,-0.029175373099469604,278.0
2025-01-07,hrp,-0.03581535112407008,278.0
2025-01-08,hrp,-0.03776633824936648,278.0
2025-01-10,hrp,-0.05380507809393331,278.0
2025-01-13,hrp,-0.055952094866384416,278.0
2025-01-14,hrp,-0.05059856524597106,278.0
2025-01-15,hrp,-0.03560622052490914,278.0
2025-01-16,hrp,-0.03485270118158046,278.0
2025-01-17,hrp,-0.027847468784195972,278.0
2025-01-21,hrp,-0.013773602485609104,278.0
2025-01-22,hrp,-0.013171954012059062,278.0
2025-01-23,hrp,-0.007993783816328426,278.0
2025-01-24,hrp,-0.006040477064740868,278.0
2025-01-27,hrp,-0.01682720901774859,278.0
2025-01-28,hrp,-0.012590033870132022,278.0
2025-01-29,hrp,-0.013900398081170384,278.0
2025-01-30,hrp,-0.0034540927921117293,278.0
2025-01-31,hrp,-0.011740883801137247,278.0
2025-02-03,hrp,-0.021080090883441538,278.0
2025-02-04,hrp,-0.008726691005404463,278.0
2025-02-05,hrp,-0.003275530730170617,278.0
2025-02-06,hrp,-7.031053727379888e-05,278.0
2025-02-07,hrp,-0.008054042880645484,278.0
2025-02-10,hrp,0.0,279.0
2025-02-11,hrp,-0.0002376655719998899,279.0
2025-02-12,hrp,0.0,280.0
2025-02-13,hrp,0.0,281.0
2025-02-14,hrp,0.0,282.0
2025-02-18,hrp,0.0,283.0
2025-02-19,hrp,-0.0040221528740193024,283.0
2025-02-20,hrp,-0.0027329051406086435,283.0
2025-02-21,hrp,-0.014599813691238639,283.0
2025-02-24,hrp,-0.021333632369338495,283.0
2025-02-25,hrp,-0.02051349747752451,283.0
2025-02-26,hrp,-0.017224694192484957,283.0
2025-02-27,hrp,-0.03302864371877645,283.0
2025-02-28,hrp,-0.030132538036500622,283.0
2025-03-03,hrp,-0.037326009335827304,283.0
2025-03-04,hrp,-0.04169931513794278,283.0
2025-03-05,hrp,-0.02557219710508818,283.0
2025-03-06,hrp,-0.041090442686220974,283.0
2025-03-07,hrp,-0.034765737674422814,283.0
2025-03-10,hrp,-0.06144491488600068,283.0
2025-03-11,hrp,-0.06377524559819248,283.0
2025-03-12,hrp,-0.057771529505008856,283.0
2025-03-13,hrp,-0.06859235716178258,283.0
2025-03-14,hrp,-0.04914635874783391,283.0
2025-03-17,hrp,-0.03929635316536351,283.0
2025-03-18,hrp,-0.047383436754984354,283.0
2025-03-19,hrp,-0.038974662136567306,283.0
2025-03-20,hrp,-0.04441423849528603,283.0
2025-03-21,hrp,-0.046543502417067506,283.0
2025-03-24,hrp,-0.033706675856734036,283.0
2025-03-25,hrp,-0.031922485241794085,283.0
2025-03-26,hrp,-0.04378052346221428,283.0
2025-03-27,hrp,-0.04498566742948229,283.0
2025-03-28,hrp,-0.06276393743480924,283.0
2025-03-31,hrp,-0.06349873616563839,283.0
2025-04-01,hrp,-0.060506357985715575,283.0
2025-04-02,hrp,-0.05468111665340547,283.0
2025-04-03,hrp,-0.09417754016005186,283.0
2025-04-04,hrp,-0.14715094176800114,283.0
2025-04-07,hrp,-0.15776445455044608,283.0
2025-04-08,hrp,-0.17015333137844646,283.0
2025-04-09,hrp,-0.09253046451248603,283.0
2025-04-10,hrp,-0.12353604242635474,283.0
2025-04-11,hrp,-0.10500685538303145,283.0
2025-04-14,hrp,-0.09644622539756009,283.0
2025-04-15,hrp,-0.095207492962332,283.0
2025-04-16,hrp,-0.1099861373875447,283.0
2025-04-17,hrp,-0.10543074268374042,283.0
2025-04-21,hrp,-0.11946855381665111,283.0
2025-04-22,hrp,-0.09911654942576864,283.0
2025-04-23,hrp,-0.08694899729672256,283.0
2025-04-24,hrp,-0.06957387527084302,283.0
2025-04-25,hrp,-0.06495023103092179,283.0
2025-04-28,hrp,-0.06270660464111044,283.0
2025-04-29,hrp,-0.05821028423921859,283.0
2025-04-30,hrp,-0.058815615720964276,283.0
2025-05-01,hrp,-0.05449337056529491,283.0
2025-05-02,hrp,-0.036095202347748545,283.0
2025-05-05,hrp,-0.03832755925020337,283.0
2025-05-06,hrp,-0.04484898384203373,283.0
2025-05-07,hrp,-0.045140011202625785,283.0
2025-05-08,hrp,-0.039118347891673566,283.0
2025-05-09,hrp,-0.03781271642665496,283.0
2025-05-12,hrp,-0.01166348224666891,283.0
2025-05-13,hrp,-0.005971937136829197,283.0
2025-05-14,hrp,-0.005819829127514331,283.0
2025-05-15,hrp,-0.0010945439903464749,283.0
2025-05-16,hrp,0.0,284.0
2025-05-19,hrp,0.0,285.0
2025-05-20,hrp,-0.0006364323011835982,285.0
2025-05-21,hrp,-0.014350956932106529,285.0
2025-05-22,hrp,-0.014579408390043347,285.0
2025-05-23,hrp,-0.01761866975454096,285.0
2025-05-27,hrp,-0.0010645092130410205,285.0
2025-05-28,hrp,-0.008409000600771876,285.0
2025-05-29,hrp,-0.004984411175459336,285.0
2025-05-30,hrp,-0.008242904858904887,285.0
2025-06-02,hrp,-0.0014125665747035665,285.0
2025-06-03,hrp,0.0,286.0
2025-06-04,hrp,0.0,287.0
2025-06-05,hrp,-0.0017677828335367352,287.0
2025-06-06,hrp,0.0,288.0
2025-06-09,hrp,0.0,289.0
2025-06-10,hrp,0.0,290.0
2025-06-11,hrp,-0.0016863116123024824,290.0
2025-06-12,hrp,0.0,291.0
2025-06-13,hrp,-0.013884718086439207,291.0
2025-06-16,hrp,-0.004001586632242704,291.0
2025-06-17,hrp,-0.014655944821307054,291.0
2025-06-18,hrp,-0.013479235534810563,291.0
2025-06-20,hrp,-0.017995202833555934,291.0
2025-06-23,hrp,-0.00856250758517385,291.0
2025-06-24,hrp,0.0,292.0
2025-06-25,hrp,-0.002458261598547784,292.0
2025-06-26,hrp,0.0,293.0
2025-06-27,hrp,0.0,294.0
2025-06-30,hrp,0.0,295.0
2025-07-01,hrp,0.0,296.0
2025-07-02,hrp,0.0,297.0
2025-07-03,hrp,0.0,298.0
2025-07-07,hrp,-0.0106878761236322,298.0
2025-07-08,hrp,-0.0069245370181482135,298.0
2025-07-09,hrp,-0.0008855764475688144,298.0
2025-07-10,hrp,0.0,299.0
2025-07-11,hrp,-0.0063867165837957485,299.0
2025-07-14,hrp,-0.003784148403639498,299.0
2025-07-15,hrp,-0.009186053462070132,299.0
2025-07-16,hrp,-0.004720413006996105,299.0
2025-07-17,hrp,0.0,300.0
2025-07-18,hrp,-0.002616760520524841,300.0
2025-07-21,hrp,0.0,301.0
2025-07-22,hrp,0.0,302.0
2025-07-23,hrp,0.0,303.0
2025-07-24,hrp,-0.004508098660465976,303.0
2025-07-25,hrp,-0.0030977318161118372,303.0
2025-07-28,hrp,-0.007273976084343103,303.0
2025-07-29,hrp,-0.009717017271076989,303.0
2025-07-30,hrp,-0.013398453951772193,303.0
2025-07-31,hrp,-0.02019990810751482,303.0
2025-08-01,hrp,-0.03331133559878274,303.0
2025-08-04,hrp,-0.017955263764232954,303.0
2025-08-05,hrp,-0.019100760848597353,303.0
2025-08-06,hrp,-0.013011737916154398,303.0
2025-08-07,hrp,-0.009936585698418599,303.0
2025-08-08,hrp,-0.0047496439374717925,303.0
2025-08-11,hrp,-0.007193250003136087,303.0
2025-08-12,hrp,0.0,304.0
2025-08-13,hrp,0.0,305.0
2025-08-14,hrp,-0.0045995998741305,305.0
2025-08-15,hrp,-0.00548593905115935,305.0
2025-08-18,hrp,-0.00418525144365367,305.0
2025-08-19,hrp,-0.010848773905042353,305.0
2025-08-20,hrp,-0.01274241426167555,305.0
2025-08-21,hrp,-0.015806696369919715,305.0
2025-08-22,hrp,0.0,306.0
2025-08-25,hrp,-0.007320698978388052,306.0
2025-08-26,hrp,-0.004678719942055376,306.0
2025-08-27,hrp,-0.00401349620615532,306.0
2025-08-28,hrp,-0.00034734568288774526,306.0
2025-08-29,hrp,-0.006848008114487492,306.0
2025-09-02,hrp,-0.013402719058822066,306.0
2025-09-03,hrp,-0.00978725960012572,306.0
2025-09-04,hrp,-0.0028711390345427246,306.0
2025-09-05,hrp,0.0,307.0
2025-09-08,hrp,0.0,308.0
2025-09-09,hrp,0.0,309.0
2025-09-10,hrp,0.0,310.0
2025-09-11,hrp,0.0,311.0
2025-09-12,hrp,-0.0019711940825953844,311.0
2025-09-15,hrp,0.0,312.0
2025-09-16,hrp,-5.4587911932024724e-05,312.0
2025-09-17,hrp,-0.00029900884754252566,312.0
2025-09-18,hrp,0.0,313.0
2025-09-19,hrp,-2.345074324661134e-05,313.0
2025-09-22,hrp,0.0,314.0
2025-09-23,hrp,-0.003328697198492714,314.0
2025-09-24,hrp,-0.008191651681888845,314.0
2025-09-25,hrp,-0.014300938333155044,314.0
2025-09-26,hrp,-0.009408940767712703,314.0
2025-09-29,hrp,-0.005242312410859151,314.0
2025-09-30,hrp,-0.0020091523218754848,314.0
2025-10-01,hrp,0.0,315.0
2025-10-02,hrp,0.0,316.0
2025-10-03,hrp,0.0,317.0
2025-10-06,hrp,0.0,318.0
2025-10-07,hrp,-0.0070117417467925325,318.0
2025-10-08,hrp,0.0,319.0
2025-10-09,hrp,-0.005659312107395231,319.0
2025-10-10,hrp,-0.03453129519255138,319.0
2025-10-13,hrp,-0.015604623894288294,319.0
2025-10-14,hrp,-0.015385962397287845,319.0
2025-10-15,hrp,-0.007363595978943982,319.0
2025-10-16,hrp,-0.011163160467152378,319.0
2025-10-17,hrp,-0.009405914313709962,319.0
2025-10-20,hrp,0.0,320.0
2025-10-21,hrp,-0.004461369727546405,320.0
2025-10-22,hrp,-0.010597698618234452,320.0
2025-10-23,hrp,-0.0028393067410603656,320.0
2025-10-24,hrp,0.0,321.0
2025-10-27,hrp,0.0,322.0
2025-10-28,hrp,0.0,323.0
2025-10-29,hrp,-0.000578589892288428,323.0
2025-10-30,hrp,-0.010439358134037624,323.0
2025-10-31,hrp,-0.008649725069888037,323.0
2025-11-03,hrp,-0.006589346211889335,323.0
2025-11-04,hrp,-0.021705227373400304,323.0
2025-11-05,hrp,-0.01432600200104317,323.0
2025-11-06,hrp,-0.02519231228528862,323.0
2025-11-07,hrp,-0.024384169945110057,323.0
2025-11-10,hrp,-0.009644495945339449,323.0
2025-11-11,hrp,-0.007681609470652884,323.0
2025-11-12,hrp,-0.0068095082546754115,323.0
2025-11-13,hrp,-0.02380924840858245,323.0
2025-11-14,hrp,-0.023734205465858693,323.0
2025-11-17,hrp,-0.035670251819115206,323.0
2025-11-18,hrp,-0.04294407133920686,323.0
2025-11-19,hrp,-0.04223490583910916,323.0
2025-11-20,hrp,-0.05832003239136441,323.0
2025-11-21,hrp,-0.04704139504326332,323.0
2025-11-24,hrp,-0.03409903225076427,323.0
2025-11-25,hrp,-0.024000701079159636,323.0
2025-11-26,hrp,-0.015669497752574535,323.0
2025-11-28,hrp,-0.0108777921727502,323.0
2025-12-01,hrp,-0.015989216048408084,323.0
2025-12-02,hrp,-0.013693246689400862,323.0
2025-12-03,hrp,-0.007967983302912929,323.0
2025-12-04,hrp,-0.005856504291807396,323.0
2025-12-05,hrp,-0.004047781513506932,323.0
2025-12-08,hrp,-0.0061077607576203174,323.0
2025-12-09,hrp,-0.006299153780812583,323.0
2025-12-10,hrp,0.0,324.0
2025-12-11,hrp,0.0,325.0
2025-12-12,hrp,-0.012130970694720244,325.0
2025-12-15,hrp,-0.014019356852403186,325.0
2025-12-16,hrp,-0.017273671258363543,325.0
2025-12-17,hrp,-0.028082214351931034,325.0
2025-12-18,hrp,-0.019229467402694933,325.0
2025-12-19,hrp,-0.01011682479178777,325.0
2025-12-22,hrp,-0.004254353816443568,325.0
2025-12-23,hrp,-0.0010768983542062127,325.0
2025-12-24,hrp,0.0,326.0
2025-12-26,hrp,0.0,327.0
2025-12-29,hrp,-0.0039529159718438844,327.0
2025-12-30,hrp,-0.004909193616661867,327.0
2025-12-31,hrp,-0.01100412259171435,327.0
2026-01-02,hrp,-0.001733023460257055,327.0
2026-01-05,hrp,0.0,328.0
2026-01-06,hrp,0.0,329.0
2026-01-07,hrp,-0.003185281214254876,329.0
2026-01-08,hrp,-0.0021802196854656675,329.0
2026-01-09,hrp,0.0,330.0
2026-01-12,hrp,0.0,331.0
2026-01-13,hrp,-0.003399620300107653,331.0
2026-01-14,hrp,-0.0035380176880248637,331.0
2026-01-15,hrp,0.0,332.0
2026-01-16,hrp,-0.00030717423734039073,332.0
2026-01-20,hrp,-0.016235937800379907,332.0
2026-01-21,hrp,-0.002343857838985053,332.0
2026-01-22,hrp,0.0,333.0
2026-01-23,hrp,-0.0005478252162876007,333.0
2026-01-26,hrp,0.0,334.0
2026-01-27,hrp,0.0,335.0
2026-01-28,hrp,-0.0013639368731327428,335.0
2026-01-29,hrp,-0.0024417664036757714,335.0
2026-01-30,hrp,-0.01397793220848409,335.0
2026-02-02,hrp,-0.00792851254361926,335.0
2026-02-03,hrp,-0.011484425431453227,335.0
2026-02-04,hrp,-0.01912599160551376,335.0
2026-02-05,hrp,-0.03169650497427312,335.0
2026-02-06,hrp,-0.007937429763761772,335.0
2026-02-09,hrp,-1.702261875280442e-05,335.0
2026-02-10,hrp,-0.0012496316901099425,335.0
2026-02-11,hrp,0.0,336.0
2026-02-12,hrp,-0.014835548855553715,336.0
2026-02-13,hrp,-0.011033669135203206,336.0
2026-02-17,hrp,-0.011543391931515434,336.0
2026-02-18,hrp,-0.0071525852680019986,336.0
2026-02-19,hrp,-0.009103421702200909,336.0
2026-02-20,hrp,-0.00022665385244435843,336.0
2026-02-23,hrp,-0.010615860741505445,336.0
2026-02-24,hrp,-0.0017788873013613316,336.0
2026-02-25,hrp,0.0,337.0
2026-02-26,hrp,-0.004552543979247314,337.0
2026-02-27,hrp,-0.010125270330903269,337.0
2026-03-02,hrp,-0.015435983699824796,337.0
2026-03-03,hrp,-0.0375112447915712,337.0
2026-03-04,hrp,-0.02699354781510499,337.0
2026-03-05,hrp,-0.04058313505496103,337.0
2026-03-06,hrp,-0.053130483597188194,337.0
2026-03-09,hrp,-0.04220613880542823,337.0
2026-03-10,hrp,-0.04168122402409391,337.0
2026-03-11,hrp,-0.042356066319493624,337.0
2026-03-12,hrp,-0.0611432227822325,337.0
2026-03-13,hrp,-0.06685026718943043,337.0
2026-03-16,hrp,-0.052898943953543553,337.0
2026-03-17,hrp,-0.04876058906917158,337.0
2026-03-18,hrp,-0.06402149816636449,337.0
2026-03-19,hrp,-0.06428367131420154,337.0
2026-03-20,hrp,-0.08593664282224511,337.0
2026-03-23,hrp,-0.06886779859942738,337.0
2026-03-24,hrp,-0.07331677410799131,337.0
2026-03-25,hrp,-0.06355455766526363,337.0
2026-03-26,hrp,-0.08437315438723758,337.0
2026-03-27,hrp,-0.09714797229905692,337.0
2026-03-30,hrp,-0.10227101709898911,337.0
2026-03-31,hrp,-0.07252382216300912,337.0
2026-04-01,hrp,-0.06343159801258114,337.0
2026-04-02,hrp,-0.0643648360378909,337.0
2026-04-06,hrp,-0.05912549006033807,337.0
2026-04-07,hrp,-0.05838181235050155,337.0
2026-04-08,hrp,-0.02647711257893448,337.0
2026-04-09,hrp,-0.023331641200008413,337.0
2026-04-10,hrp,-0.022595808548574015,337.0
2026-04-13,hrp,-0.012932498281013283,337.0
2026-04-14,hrp,0.0,338.0
2026-04-15,hrp,0.0,339.0
2026-04-16,hrp,0.0,340.0
2026-04-17,hrp,0.0,341.0
2026-04-20,hrp,-0.0019359325889408696,341.0
2026-04-21,hrp,-0.012531679233985571,341.0
2026-04-22,hrp,-0.0017090364731473517,341.0
2026-04-23,hrp,-0.008268736828729306,341.0
2026-04-24,hrp,0.0,342.0
2026-04-27,hrp,0.0,343.0
2026-04-28,hrp,-0.00793088585289492,343.0
2026-04-29,hrp,-0.010335299201777337,343.0
2026-04-30,hrp,0.0,344.0
2026-05-01,hrp,0.0,345.0
2026-05-04,hrp,-0.004740448277778753,345.0
2026-05-05,hrp,0.0,346.0
2026-05-06,hrp,0.0,347.0
2026-05-07,hrp,-0.007967885958307774,347.0
2026-05-08,hrp,0.0,348.0
2026-05-11,hrp,0.0,349.0
2026-05-12,hrp,-0.008098724683948899,349.0
2026-05-13,hrp,-0.0003005070250513553,349.0
2026-05-14,hrp,0.0,350.0
2026-05-15,hrp,-0.017514055450301158,350.0
2026-05-18,hrp,-0.018329109841727087,350.0
2026-05-19,hrp,-0.02580156448559423,350.0
2026-05-20,hrp,-0.010425787661427433,350.0
2026-05-21,hrp,-0.006245495753932739,350.0
2026-05-22,hrp,-0.003093420906610911,350.0
2026-05-26,hrp,0.0,351.0
2026-05-27,hrp,-0.0009824278379848561,351.0
2026-05-28,hrp,0.0,352.0
2026-05-29,hrp,0.0,353.0
2026-06-01,hrp,0.0,354.0
2026-06-02,hrp,0.0,355.0
2026-06-03,hrp,-0.007568509911758392,355.0
2026-06-04,hrp,-0.005011131305062588,355.0
2026-06-05,hrp,-0.04076496287778297,355.0
2026-06-08,hrp,-0.03281674086207853,355.0
2026-06-09,hrp,-0.036076018316591574,355.0
2026-06-10,hrp,-0.05124740387432514,355.0
2026-06-11,hrp,-0.02543317515434551,355.0
2026-06-12,hrp,-0.019930009234789048,355.0
2026-06-15,hrp,-0.0010777725693167373,355.0
2026-06-16,hrp,-0.010296810296667291,355.0
2026-06-17,hrp,-0.019339298232810997,355.0
2026-06-18,hrp,-0.0030967928735390338,355.0
2026-06-22,hrp,-0.002856931164481047,355.0
2026-06-23,hrp,-0.02554397622731841,355.0
2026-06-24,hrp,-0.0262252492716446,355.0
2026-06-25,hrp,-0.02057682552981066,355.0
2026-06-26,hrp,-0.027821013345244006,355.0
2026-06-29,hrp,-0.014848866650779113,355.0
2026-06-30,hrp,-0.005360248750981955,355.0
2026-07-01,hrp,-0.013723414276476609,355.0
2026-07-02,hrp,-0.017826550940637564,355.0
2026-07-06,hrp,-0.007147089092198411,355.0
2026-07-07,hrp,-0.018255860331739204,355.0
2026-07-08,hrp,-0.02093862359285026,355.0
2026-07-09,hrp,-0.0106828738576501,355.0
2026-07-10,hrp,-0.008274634864845698,355.0
2026-07-13,hrp,-0.020826258535323827,355.0
2026-07-14,hrp,-0.014256911711200249,355.0
2026-07-15,hrp,-0.011714748976491385,355.0
2026-07-16,hrp,-0.020119515236031615,355.0
2026-07-17,hrp,-0.02965740586100407,355.0
2026-07-20,hrp,-0.0318023154986844,355.0
2026-07-21,hrp,-0.018440601806166024,355.0
2026-07-22,hrp,-0.021555115304439987,355.0
2026-07-23,hrp,-0.03366040406307613,355.0
2026-07-24,hrp,-0.03666423852443901,355.0
2026-07-27,hrp,-0.03526322706519325,355.0
2026-07-28,hrp,-0.03740001783862834,355.0
2026-07-29,hrp,-0.052183021640920924,355.0
2026-07-30,hrp,-0.030359577380190017,355.0
2026-07-31,hrp,-0.02738459162679019,355.0
2026-08-03,hrp,-0.014999790649071088,355.0
2026-08-04,hrp,0.0,356.0
2026-08-05,hrp,-0.0029873720053494868,356.0
2026-08-06,hrp,-0.006456799330125884,356.0
2026-08-07,hrp,0.0,357.0
2026-08-10,hrp,-0.004087162102942021,357.0
2026-08-11,hrp,-0.003634857906740896,357.0
2026-08-12,hrp,0.0,358.0
2026-08-13,hrp,0.0,359.0
2026-08-14,hrp,0.0,360.0
2026-08-17,hrp,-0.0010604458191115773,360.0
2026-08-18,hrp,-0.014545699486406383,360.0
2026-08-19,hrp,-0.010481822585652556,360.0
2026-08-20,hrp,-0.015791402938749588,360.0
2026-08-21,hrp,-0.009244845911851485,360.0
2026-08-24,hrp,-0.014970370020362722,360.0
2026-08-25,hrp,-0.008109205870855063,360.0
2026-08-26,hrp,-0.009963698022843026,360.0
2026-08-27,hrp,-0.0064165418196111546,360.0
2026-08-28,hrp,-0.012296653890798592,360.0
2026-08-31,hrp,-0.015253504889531255,360.0
2026-09-01,hrp,-0.023803165820461825,360.0
2026-09-02,hrp,-0.017567195397753532,360.0
2026-09-03,hrp,-0.009246090614008495,360.0
2026-09-04,hrp,-0.006545000035826587,360.0
2026-09-08,hrp,-0.010374560918082865,360.0
2026-09-09,hrp,-0.019011225203121707,360.0
2026-09-10,hrp,-0.029048658210682032,360.0
2026-09-11,hrp,-0.020795664541757186,360.0
2026-09-14,hrp,-0.029300020835679397,360.0
2026-09-15,hrp,-0.03422925616846351,360.0
2026-09-16,hrp,-0.03730653573373466,360.0
2026-09-17,hrp,-0.026836043701995882,360.0
2026-09-18,hrp,-0.02998914006170439,360.0
2026-09-21,hrp,-0.015928122542404166,360.0
2026-09-22,hrp,-0.012307202021343389,360.0
2026-09-23,hrp,-0.026506611939836167,360.0
2026-09-24,hrp,-0.02867070439142083,360.0
2026-09-25,hrp,-0.02224459839940862,360.0
2026-09-28,hrp,-0.029440373111195184,360.0
2026-09-29,hrp,-0.03156185161226155,360.0
2026-09-30,hrp,-0.03573768426741952,360.0
2026-10-01,hrp,-0.03739493818389639,360.0
2026-10-02,hrp,-0.027847660571455934,360.0
2026-10-05,hrp,-0.021973776064574513,360.0
2026-10-06,hrp,-0.022311685558954908,360.0
2026-10-07,hrp,-0.031092464744010284,360.0
2026-10-08,hrp,-0.036841276669414724,360.0
2026-10-09,hrp,-0.03059510787710029,360.0
2023-10-05,inverse_vol,0.0,1.0
2023-10-06,inverse_vol,0.0,2.0
2023-10-09,inverse_vol,0.0,3.0
2023-10-10,inverse_vol,0.0,4.0
2023-10-11,inverse_vol,0.0,5.0
2023-10-12,inverse_vol,0.0,6.0
2023-10-13,inverse_vol,0.0,7.0
2023-10-16,inverse_vol,0.0,8.0
2023-10-17,inverse_vol,0.0,9.0
2023-10-18,inverse_vol,0.0,10.0
2023-10-19,inverse_vol,0.0,11.0
2023-10-20,inverse_vol,0.0,12.0
2023-10-23,inverse_vol,0.0,13.0
2023-10-24,inverse_vol,0.0,14.0
2023-10-25,inverse_vol,0.0,15.0
2023-10-26,inverse_vol,0.0,16.0
2023-10-27,inverse_vol,0.0,17.0
2023-10-30,inverse_vol,0.0,18.0
2023-10-31,inverse_vol,0.0,19.0
2023-11-01,inverse_vol,0.0,20.0
2023-11-02,inverse_vol,0.0,21.0
2023-11-03,inverse_vol,0.0,22.0
2023-11-06,inverse_vol,0.0,23.0
2023-11-07,inverse_vol,0.0,24.0
2023-11-08,inverse_vol,0.0,25.0
2023-11-09,inverse_vol,0.0,26.0
2023-11-10,inverse_vol,0.0,27.0
2023-11-13,inverse_vol,0.0,28.0
2023-11-14,inverse_vol,0.0,29.0
2023-11-15,inverse_vol,0.0,30.0
2023-11-16,inverse_vol,0.0,31.0
2023-11-17,inverse_vol,0.0,32.0
2023-11-20,inverse_vol,0.0,33.0
2023-11-21,inverse_vol,0.0,34.0
2023-11-22,inverse_vol,0.0,35.0
2023-11-24,inverse_vol,0.0,36.0
2023-11-27,inverse_vol,0.0,37.0
2023-11-28,inverse_vol,0.0,38.0
2023-11-29,inverse_vol,0.0,39.0
2023-11-30,inverse_vol,0.0,40.0
2023-12-01,inverse_vol,0.0,41.0
2023-12-04,inverse_vol,0.0,42.0
2023-12-05,inverse_vol,0.0,43.0
2023-12-06,inverse_vol,0.0,44.0
2023-12-07,inverse_vol,0.0,45.0
2023-12-08,inverse_vol,0.0,46.0
2023-12-11,inverse_vol,0.0,47.0
2023-12-12,inverse_vol,0.0,48.0
2023-12-13,inverse_vol,0.0,49.0
2023-12-14,inverse_vol,0.0,50.0
2023-12-15,inverse_vol,0.0,51.0
2023-12-18,inverse_vol,0.0,52.0
2023-12-19,inverse_vol,0.0,53.0
2023-12-20,inverse_vol,0.0,54.0
2023-12-21,inverse_vol,0.0,55.0
2023-12-22,inverse_vol,0.0,56.0
2023-12-26,inverse_vol,0.0,57.0
2023-12-27,inverse_vol,0.0,58.0
2023-12-28,inverse_vol,0.0,59.0
2023-12-29,inverse_vol,0.0,60.0
2024-01-02,inverse_vol,0.0,61.0
2024-01-03,inverse_vol,0.0,62.0
2024-01-04,inverse_vol,0.0,63.0
2024-01-05,inverse_vol,0.0,64.0
2024-01-08,inverse_vol,0.0,65.0
2024-01-09,inverse_vol,0.0,66.0
2024-01-10,inverse_vol,0.0,67.0
2024-01-11,inverse_vol,0.0,68.0
2024-01-12,inverse_vol,0.0,69.0
2024-01-16,inverse_vol,0.0,70.0
2024-01-17,inverse_vol,0.0,71.0
2024-01-18,inverse_vol,0.0,72.0
2024-01-19,inverse_vol,0.0,73.0
2024-01-22,inverse_vol,0.0,74.0
2024-01-23,inverse_vol,0.0,75.0
2024-01-24,inverse_vol,0.0,76.0
2024-01-25,inverse_vol,0.0,77.0
2024-01-26,inverse_vol,0.0,78.0
2024-01-29,inverse_vol,0.0,79.0
2024-01-30,inverse_vol,0.0,80.0
2024-01-31,inverse_vol,0.0,81.0
2024-02-01,inverse_vol,0.0,82.0
2024-02-02,inverse_vol,0.0,83.0
2024-02-05,inverse_vol,0.0,84.0
2024-02-06,inverse_vol,0.0,85.0
2024-02-07,inverse_vol,0.0,86.0
2024-02-08,inverse_vol,0.0,87.0
2024-02-09,inverse_vol,0.0,88.0
2024-02-12,inverse_vol,0.0,89.0
2024-02-13,inverse_vol,0.0,90.0
2024-02-14,inverse_vol,0.0,91.0
2024-02-15,inverse_vol,0.0,92.0
2024-02-16,inverse_vol,0.0,93.0
2024-02-20,inverse_vol,0.0,94.0
2024-02-21,inverse_vol,0.0,95.0
2024-02-22,inverse_vol,0.0,96.0
2024-02-23,inverse_vol,0.0,97.0
2024-02-26,inverse_vol,0.0,98.0
2024-02-27,inverse_vol,0.0,99.0
2024-02-28,inverse_vol,0.0,100.0
2024-02-29,inverse_vol,0.0,101.0
2024-03-01,inverse_vol,0.0,102.0
2024-03-04,inverse_vol,0.0,103.0
2024-03-05,inverse_vol,0.0,104.0
2024-03-06,inverse_vol,0.0,105.0
2024-03-07,inverse_vol,0.0,106.0
2024-03-08,inverse_vol,0.0,107.0
2024-03-11,inverse_vol,0.0,108.0
2024-03-12,inverse_vol,0.0,109.0
2024-03-13,inverse_vol,0.0,110.0
2024-03-14,inverse_vol,0.0,111.0
2024-03-15,inverse_vol,0.0,112.0
2024-03-18,inverse_vol,0.0,113.0
2024-03-19,inverse_vol,0.0,114.0
2024-03-20,inverse_vol,0.0,115.0
2024-03-21,inverse_vol,0.0,116.0
2024-03-22,inverse_vol,0.0,117.0
2024-03-25,inverse_vol,0.0,118.0
2024-03-26,inverse_vol,0.0,119.0
2024-03-27,inverse_vol,0.0,120.0
2024-03-28,inverse_vol,0.0,121.0
2024-04-01,inverse_vol,0.0,122.0
2024-04-02,inverse_vol,0.0,123.0
2024-04-03,inverse_vol,0.0,124.0
2024-04-04,inverse_vol,0.0,125.0
2024-04-05,inverse_vol,0.0,126.0
2024-04-08,inverse_vol,0.0,127.0
2024-04-09,inverse_vol,0.0,128.0
2024-04-10,inverse_vol,0.0,129.0
2024-04-11,inverse_vol,0.0,130.0
2024-04-12,inverse_vol,0.0,131.0
2024-04-15,inverse_vol,0.0,132.0
2024-04-16,inverse_vol,0.0,133.0
2024-04-17,inverse_vol,0.0,134.0
2024-04-18,inverse_vol,0.0,135.0
2024-04-19,inverse_vol,0.0,136.0
2024-04-22,inverse_vol,0.0,137.0
2024-04-23,inverse_vol,0.0,138.0
2024-04-24,inverse_vol,0.0,139.0
2024-04-25,inverse_vol,0.0,140.0
2024-04-26,inverse_vol,0.0,141.0
2024-04-29,inverse_vol,0.0,142.0
2024-04-30,inverse_vol,0.0,143.0
2024-05-01,inverse_vol,0.0,144.0
2024-05-02,inverse_vol,0.0,145.0
2024-05-03,inverse_vol,0.0,146.0
2024-05-06,inverse_vol,0.0,147.0
2024-05-07,inverse_vol,0.0,148.0
2024-05-08,inverse_vol,0.0,149.0
2024-05-09,inverse_vol,0.0,150.0
2024-05-10,inverse_vol,0.0,151.0
2024-05-13,inverse_vol,0.0,152.0
2024-05-14,inverse_vol,0.0,153.0
2024-05-15,inverse_vol,0.0,154.0
2024-05-16,inverse_vol,0.0,155.0
2024-05-17,inverse_vol,0.0,156.0
2024-05-20,inverse_vol,0.0,157.0
2024-05-21,inverse_vol,0.0,158.0
2024-05-22,inverse_vol,0.0,159.0
2024-05-23,inverse_vol,0.0,160.0
2024-05-24,inverse_vol,0.0,161.0
2024-05-28,inverse_vol,0.0,162.0
2024-05-29,inverse_vol,0.0,163.0
2024-05-30,inverse_vol,0.0,164.0
2024-05-31,inverse_vol,0.0,165.0
2024-06-03,inverse_vol,0.0,166.0
2024-06-04,inverse_vol,0.0,167.0
2024-06-05,inverse_vol,0.0,168.0
2024-06-06,inverse_vol,0.0,169.0
2024-06-07,inverse_vol,0.0,170.0
2024-06-10,inverse_vol,0.0,171.0
2024-06-11,inverse_vol,0.0,172.0
2024-06-12,inverse_vol,0.0,173.0
2024-06-13,inverse_vol,0.0,174.0
2024-06-14,inverse_vol,0.0,175.0
2024-06-17,inverse_vol,0.0,176.0
2024-06-18,inverse_vol,0.0,177.0
2024-06-20,inverse_vol,0.0,178.0
2024-06-21,inverse_vol,0.0,179.0
2024-06-24,inverse_vol,0.0,180.0
2024-06-25,inverse_vol,0.0,181.0
2024-06-26,inverse_vol,0.0,182.0
2024-06-27,inverse_vol,0.0,183.0
2024-06-28,inverse_vol,0.0,184.0
2024-07-01,inverse_vol,0.0,185.0
2024-07-02,inverse_vol,0.0,186.0
2024-07-03,inverse_vol,0.0,187.0
2024-07-05,inverse_vol,0.0,188.0
2024-07-08,inverse_vol,0.0,189.0
2024-07-09,inverse_vol,0.0,190.0
2024-07-10,inverse_vol,0.0,191.0
2024-07-11,inverse_vol,0.0,192.0
2024-07-12,inverse_vol,0.0,193.0
2024-07-15,inverse_vol,0.0,194.0
2024-07-16,inverse_vol,0.0,195.0
2024-07-17,inverse_vol,0.0,196.0
2024-07-18,inverse_vol,0.0,197.0
2024-07-19,inverse_vol,0.0,198.0
2024-07-22,inverse_vol,0.0,199.0
2024-07-23,inverse_vol,0.0,200.0
2024-07-24,inverse_vol,0.0,201.0
2024-07-25,inverse_vol,0.0,202.0
2024-07-26,inverse_vol,0.0,203.0
2024-07-29,inverse_vol,0.0,204.0
2024-07-30,inverse_vol,0.0,205.0
2024-07-31,inverse_vol,0.0,206.0
2024-08-01,inverse_vol,0.0,207.0
2024-08-02,inverse_vol,0.0,208.0
2024-08-05,inverse_vol,0.0,209.0
2024-08-06,inverse_vol,0.0,210.0
2024-08-07,inverse_vol,0.0,211.0
2024-08-08,inverse_vol,0.0,212.0
2024-08-09,inverse_vol,0.0,213.0
2024-08-12,inverse_vol,0.0,214.0
2024-08-13,inverse_vol,0.0,215.0
2024-08-14,inverse_vol,0.0,216.0
2024-08-15,inverse_vol,0.0,217.0
2024-08-16,inverse_vol,0.0,218.0
2024-08-19,inverse_vol,0.0,219.0
2024-08-20,inverse_vol,0.0,220.0
2024-08-21,inverse_vol,0.0,221.0
2024-08-22,inverse_vol,0.0,222.0
2024-08-23,inverse_vol,0.0,223.0
2024-08-26,inverse_vol,0.0,224.0
2024-08-27,inverse_vol,0.0,225.0
2024-08-28,inverse_vol,0.0,226.0
2024-08-29,inverse_vol,0.0,227.0
2024-08-30,inverse_vol,0.0,228.0
2024-09-03,inverse_vol,0.0,229.0
2024-09-04,inverse_vol,0.0,230.0
2024-09-05,inverse_vol,0.0,231.0
2024-09-06,inverse_vol,0.0,232.0
2024-09-09,inverse_vol,0.0,233.0
2024-09-10,inverse_vol,0.0,234.0
2024-09-11,inverse_vol,0.0,235.0
2024-09-12,inverse_vol,0.0,236.0
2024-09-13,inverse_vol,0.0,237.0
2024-09-16,inverse_vol,0.0,238.0
2024-09-17,inverse_vol,0.0,239.0
2024-09-18,inverse_vol,0.0,240.0
2024-09-19,inverse_vol,0.0,241.0
2024-09-20,inverse_vol,0.0,242.0
2024-09-23,inverse_vol,0.0,243.0
2024-09-24,inverse_vol,0.0,244.0
2024-09-25,inverse_vol,0.0,245.0
2024-09-26,inverse_vol,0.0,246.0
2024-09-27,inverse_vol,0.0,247.0
2024-09-30,inverse_vol,0.0,248.0
2024-10-01,inverse_vol,0.0,249.0
2024-10-02,inverse_vol,0.0,250.0
2024-10-03,inverse_vol,0.0,251.0
2024-10-04,inverse_vol,0.0,252.0
2024-10-07,inverse_vol,0.0,253.0
2024-10-08,inverse_vol,0.0,254.0
2024-10-09,inverse_vol,0.0,255.0
2024-10-10,inverse_vol,0.0,256.0
2024-10-11,inverse_vol,0.0,257.0
2024-10-14,inverse_vol,0.0,258.0
2024-10-15,inverse_vol,0.0,259.0
2024-10-16,inverse_vol,0.0,260.0
2024-10-17,inverse_vol,0.0,261.0
2024-10-18,inverse_vol,0.0,262.0
2024-10-21,inverse_vol,0.0,263.0
2024-10-22,inverse_vol,0.0,264.0
2024-10-23,inverse_vol,0.0,265.0
2024-10-24,inverse_vol,0.0,266.0
2024-10-25,inverse_vol,0.0,267.0
2024-10-28,inverse_vol,0.0,268.0
2024-10-29,inverse_vol,0.0,269.0
2024-10-30,inverse_vol,0.0,270.0
2024-10-31,inverse_vol,0.0,271.0
2024-11-01,inverse_vol,-0.000525396821612345,271.0
2024-11-04,inverse_vol,0.0,272.0
2024-11-05,inverse_vol,0.0,273.0
2024-11-06,inverse_vol,0.0,274.0
2024-11-07,inverse_vol,0.0,275.0
2024-11-08,inverse_vol,-0.00558498877257585,275.0
2024-11-11,inverse_vol,-0.004574580110693893,275.0
2024-11-12,inverse_vol,-0.016124387026624665,275.0
2024-11-13,inverse_vol,-0.0202180209212951,275.0
2024-11-14,inverse_vol,-0.02561237330834898,275.0
2024-11-15,inverse_vol,-0.03596085878649302,275.0
2024-11-18,inverse_vol,-0.03020112719203305,275.0
2024-11-19,inverse_vol,-0.02745597727871274,275.0
2024-11-20,inverse_vol,-0.028096912424408926,275.0
2024-11-21,inverse_vol,-0.024253948930498037,275.0
2024-11-22,inverse_vol,-0.019569449600779,275.0
2024-11-25,inverse_vol,-0.014882826165092844,275.0
2024-11-26,inverse_vol,-0.015813175496188214,275.0
2024-11-27,inverse_vol,-0.016291083951328056,275.0
2024-11-29,inverse_vol,-0.009341550277214172,275.0
2024-12-02,inverse_vol,-0.005727633623253903,275.0
2024-12-03,inverse_vol,-0.004355486953193544,275.0
2024-12-04,inverse_vol,0.0,276.0
2024-12-05,inverse_vol,-9.76874168663322e-05,276.0
2024-12-06,inverse_vol,0.0,277.0
2024-12-09,inverse_vol,0.0,278.0
2024-12-10,inverse_vol,-0.007326866627044182,278.0
2024-12-11,inverse_vol,0.0,279.0
2024-12-12,inverse_vol,-0.007303884298401897,279.0
2024-12-13,inverse_vol,-0.007426862144130242,279.0
2024-12-16,inverse_vol,-0.004851243752465928,279.0
2024-12-17,inverse_vol,-0.00908532291920272,279.0
2024-12-18,inverse_vol,-0.039217301229722,279.0
2024-12-19,inverse_vol,-0.04072568881699712,279.0
2024-12-20,inverse_vol,-0.03498703249662838,279.0
2024-12-23,inverse_vol,-0.029581536977636658,279.0
2024-12-24,inverse_vol,-0.021920959552156782,279.0
2024-12-26,inverse_vol,-0.02027065242967263,279.0
2024-12-27,inverse_vol,-0.028364846177064473,279.0
2024-12-30,inverse_vol,-0.037538109979120104,279.0
2024-12-31,inverse_vol,-0.040354436708676666,279.0
2025-01-02,inverse_vol,-0.04224850453785711,279.0
2025-01-03,inverse_vol,-0.03177625885699886,279.0
2025-01-06,inverse_vol,-0.025572144724761436,279.0
2025-01-07,inverse_vol,-0.03394968717999025,279.0
2025-01-08,inverse_vol,-0.03549738781142975,279.0
2025-01-10,inverse_vol,-0.051562080418405265,279.0
2025-01-13,inverse_vol,-0.05336678110243853,279.0
2025-01-14,inverse_vol,-0.04870837845562348,279.0
2025-01-15,inverse_vol,-0.03261718512632328,279.0
2025-01-16,inverse_vol,-0.032978482874647774,279.0
2025-01-17,inverse_vol,-0.02477189592049256,279.0
2025-01-21,inverse_vol,-0.012064092832258844,279.0
2025-01-22,inverse_vol,-0.009937250538132214,279.0
2025-01-23,inverse_vol,-0.005180517677672802,279.0
2025-01-24,inverse_vol,-0.004649036468693302,279.0
2025-01-27,inverse_vol,-0.017956071160623144,279.0
2025-01-28,inverse_vol,-0.012206882488322135,279.0
2025-01-29,inverse_vol,-0.013920868007203824,279.0
2025-01-30,inverse_vol,-0.004525229171289613,279.0
2025-01-31,inverse_vol,-0.01187994423140093,279.0
2025-02-03,inverse_vol,-0.020785615886890763,279.0
2025-02-04,inverse_vol,-0.008895357966114292,279.0
2025-02-05,inverse_vol,-0.0037418000576013855,279.0
2025-02-06,inverse_vol,-0.0005560078062509799,279.0
2025-02-07,inverse_vol,-0.009084601285830995,279.0
2025-02-10,inverse_vol,-0.0007648122750298914,279.0
2025-02-11,inverse_vol,-0.0014918130037451238,279.0
2025-02-12,inverse_vol,-0.0015170253857424987,279.0
2025-02-13,inverse_vol,0.0,280.0
2025-02-14,inverse_vol,0.0,281.0
2025-02-18,inverse_vol,0.0,282.0
2025-02-19,inverse_vol,-0.0027342995733581343,282.0
2025-02-20,inverse_vol,-0.002855016392772969,282.0
2025-02-21,inverse_vol,-0.01666709019796042,282.0
2025-02-24,inverse_vol,-0.023963957132248748,282.0
2025-02-25,inverse_vol,-0.025367186245920714,282.0
2025-02-26,inverse_vol,-0.022365214149864254,282.0
2025-02-27,inverse_vol,-0.039346986723095,282.0
2025-02-28,inverse_vol,-0.034094383737876655,282.0
2025-03-03,inverse_vol,-0.04448546776800999,282.0
2025-03-04,inverse_vol,-0.04783836661936902,282.0
2025-03-05,inverse_vol,-0.030720762924495104,282.0
2025-03-06,inverse_vol,-0.04515057274283285,282.0
2025-03-07,inverse_vol,-0.038880427318699784,282.0
2025-03-10,inverse_vol,-0.06491960201033653,282.0
2025-03-11,inverse_vol,-0.0663178867751546,282.0
2025-03-12,inverse_vol,-0.06050675325233423,282.0
2025-03-13,inverse_vol,-0.07065167382778592,282.0
2025-03-14,inverse_vol,-0.05140895112632182,282.0
2025-03-17,inverse_vol,-0.04092296700636555,282.0
2025-03-18,inverse_vol,-0.04829936790306366,282.0
2025-03-19,inverse_vol,-0.040418071887398765,282.0
2025-03-20,inverse_vol,-0.04633862945611189,282.0
2025-03-21,inverse_vol,-0.049070664469132885,282.0
2025-03-24,inverse_vol,-0.03721054402671853,282.0
2025-03-25,inverse_vol,-0.035895592948639865,282.0
2025-03-26,inverse_vol,-0.04724284487319286,282.0
2025-03-27,inverse_vol,-0.04795891836945987,282.0
2025-03-28,inverse_vol,-0.0652354800790571,282.0
2025-03-31,inverse_vol,-0.0667749581810615,282.0
2025-04-01,inverse_vol,-0.06398408396785815,282.0
2025-04-02,inverse_vol,-0.05832825996797364,282.0
2025-04-03,inverse_vol,-0.09601722871724938,282.0
2025-04-04,inverse_vol,-0.14858602388433084,282.0
2025-04-07,inverse_vol,-0.1612578002414612,282.0
2025-04-08,inverse_vol,-0.1734391330622722,282.0
2025-04-09,inverse_vol,-0.0986555549823136,282.0
2025-04-10,inverse_vol,-0.12782341681551956,282.0
2025-04-11,inverse_vol,-0.10875000246820388,282.0
2025-04-14,inverse_vol,-0.10013333125123092,282.0
2025-04-15,inverse_vol,-0.09858870057276992,282.0
2025-04-16,inverse_vol,-0.11209483447557012,282.0
2025-04-17,inverse_vol,-0.10694727551273164,282.0
2025-04-21,inverse_vol,-0.11950611801148658,282.0
2025-04-22,inverse_vol,-0.09973026999076684,282.0
2025-04-23,inverse_vol,-0.0881348508587747,282.0
2025-04-24,inverse_vol,-0.0715178673705047,282.0
2025-04-25,inverse_vol,-0.06757380126772061,282.0
2025-04-28,inverse_vol,-0.0650539456999587,282.0
2025-04-29,inverse_vol,-0.06083057740615172,282.0
2025-04-30,inverse_vol,-0.06148496434014361,282.0
2025-05-01,inverse_vol,-0.057827044759255375,282.0
2025-05-02,inverse_vol,-0.03882120276947143,282.0
2025-05-05,inverse_vol,-0.04019619972397481,282.0
2025-05-06,inverse_vol,-0.04624620886041331,282.0
2025-05-07,inverse_vol,-0.04746471930549834,282.0
2025-05-08,inverse_vol,-0.042282587694590146,282.0
2025-05-09,inverse_vol,-0.04043612374665706,282.0
2025-05-12,inverse_vol,-0.0159027705906174,282.0
2025-05-13,inverse_vol,-0.010755002737655506,282.0
2025-05-14,inverse_vol,-0.010509501079959183,282.0
2025-05-15,inverse_vol,-0.005805255518011476,282.0
2025-05-16,inverse_vol,-0.0019432078659198382,282.0
2025-05-19,inverse_vol,0.0,283.0
2025-05-20,inverse_vol,-0.0002955621079423487,283.0
2025-05-21,inverse_vol,-0.012951951426119268,283.0
2025-05-22,inverse_vol,-0.013401789167274303,283.0
2025-05-23,inverse_vol,-0.01566297326415833,283.0
2025-05-27,inverse_vol,-0.0004285528019903895,283.0
2025-05-28,inverse_vol,-0.007896600962026823,283.0
2025-05-29,inverse_vol,-0.004422869485122272,283.0
2025-05-30,inverse_vol,-0.008064020512499215,283.0
2025-06-02,inverse_vol,-0.0010032962587983585,283.0
2025-06-03,inverse_vol,0.0,284.0
2025-06-04,inverse_vol,0.0,285.0
2025-06-05,inverse_vol,-0.001188446279150046,285.0
2025-06-06,inverse_vol,0.0,286.0
2025-06-09,inverse_vol,0.0,287.0
2025-06-10,inverse_vol,0.0,288.0
2025-06-11,inverse_vol,-0.0013191855219002457,288.0
2025-06-12,inverse_vol,0.0,289.0
2025-06-13,inverse_vol,-0.014072099651413317,289.0
2025-06-16,inverse_vol,-0.004327650127292082,289.0
2025-06-17,inverse_vol,-0.015257741094549804,289.0
2025-06-18,inverse_vol,-0.014065151260454045,289.0
2025-06-20,inverse_vol,-0.01889337361596699,289.0
2025-06-23,inverse_vol,-0.009632462069745329,289.0
2025-06-24,inverse_vol,0.0,290.0
2025-06-25,inverse_vol,-0.0025743385558354426,290.0
2025-06-26,inverse_vol,0.0,291.0
2025-06-27,inverse_vol,0.0,292.0
2025-06-30,inverse_vol,0.0,293.0
2025-07-01,inverse_vol,0.0,294.0
2025-07-02,inverse_vol,0.0,295.0
2025-07-03,inverse_vol,0.0,296.0
2025-07-07,inverse_vol,-0.011037428526332271,296.0
2025-07-08,inverse_vol,-0.006809911067023888,296.0
2025-07-09,inverse_vol,-0.0011227513157229252,296.0
2025-07-10,inverse_vol,0.0,297.0
2025-07-11,inverse_vol,-0.00650841185262474,297.0
2025-07-14,inverse_vol,-0.0040472729944251995,297.0
2025-07-15,inverse_vol,-0.009098710732618476,297.0
2025-07-16,inverse_vol,-0.004552971515145665,297.0
2025-07-17,inverse_vol,0.0,298.0
2025-07-18,inverse_vol,-0.0026981647945270026,298.0
2025-07-21,inverse_vol,0.0,299.0
2025-07-22,inverse_vol,0.0,300.0
2025-07-23,inverse_vol,0.0,301.0
2025-07-24,inverse_vol,-0.004930660593333136,301.0
2025-07-25,inverse_vol,-0.003973792166540591,301.0
2025-07-28,inverse_vol,-0.008960396111240887,301.0
2025-07-29,inverse_vol,-0.011237784023327202,301.0
2025-07-30,inverse_vol,-0.015380286966682033,301.0
2025-07-31,inverse_vol,-0.022392860093824907,301.0
2025-08-01,inverse_vol,-0.0345907421626539,301.0
2025-08-04,inverse_vol,-0.01963085540782261,301.0
2025-08-05,inverse_vol,-0.020313036237928572,301.0
2025-08-06,inverse_vol,-0.014433883365965405,301.0
2025-08-07,inverse_vol,-0.010736959025283488,301.0
2025-08-08,inverse_vol,-0.005974921060744487,301.0
2025-08-11,inverse_vol,-0.008512669306053433,301.0
2025-08-12,inverse_vol,0.0,302.0
2025-08-13,inverse_vol,0.0,303.0
2025-08-14,inverse_vol,-0.0050324726292650945,303.0
2025-08-15,inverse_vol,-0.005448678271352314,303.0
2025-08-18,inverse_vol,-0.003936478536422983,303.0
2025-08-19,inverse_vol,-0.01036142687967223,303.0
2025-08-20,inverse_vol,-0.011933948408458295,303.0
2025-08-21,inverse_vol,-0.015025690789942425,303.0
2025-08-22,inverse_vol,0.0,304.0
2025-08-25,inverse_vol,-0.007640018685043826,304.0
2025-08-26,inverse_vol,-0.005480274174355926,304.0
2025-08-27,inverse_vol,-0.005336043691011261,304.0
2025-08-28,inverse_vol,-0.0016981415015961954,304.0
2025-08-29,inverse_vol,-0.008029549947623726,304.0
2025-09-02,inverse_vol,-0.014355179974430143,304.0
2025-09-03,inverse_vol,-0.010947459481390642,304.0
2025-09-04,inverse_vol,-0.004592870972880969,304.0
2025-09-05,inverse_vol,-0.0004517292971578657,304.0
2025-09-08,inverse_vol,0.0,305.0
2025-09-09,inverse_vol,0.0,306.0
2025-09-10,inverse_vol,0.0,307.0
2025-09-11,inverse_vol,0.0,308.0
2025-09-12,inverse_vol,-0.002147982367768031,308.0
2025-09-15,inverse_vol,0.0,309.0
2025-09-16,inverse_vol,0.0,310.0
2025-09-17,inverse_vol,-7.311123379993845e-05,310.0
2025-09-18,inverse_vol,0.0,311.0
2025-09-19,inverse_vol,-0.000568947007315912,311.0
2025-09-22,inverse_vol,0.0,312.0
2025-09-23,inverse_vol,-0.0029551642525539323,312.0
2025-09-24,inverse_vol,-0.007866990322896839,312.0
2025-09-25,inverse_vol,-0.014086074189926023,312.0
2025-09-26,inverse_vol,-0.00944109183548214,312.0
2025-09-29,inverse_vol,-0.005008018433682149,312.0
2025-09-30,inverse_vol,-0.001722876277314378,312.0
2025-10-01,inverse_vol,0.0,313.0
2025-10-02,inverse_vol,0.0,314.0
2025-10-03,inverse_vol,0.0,315.0
2025-10-06,inverse_vol,0.0,316.0
2025-10-07,inverse_vol,-0.007251344489524136,316.0
2025-10-08,inverse_vol,0.0,317.0
2025-10-09,inverse_vol,-0.006119539438427801,317.0
2025-10-10,inverse_vol,-0.03493484287520865,317.0
2025-10-13,inverse_vol,-0.015870024482175116,317.0
2025-10-14,inverse_vol,-0.015703692909902256,317.0
2025-10-15,inverse_vol,-0.007297540710112793,317.0
2025-10-16,inverse_vol,-0.01029415880532969,317.0
2025-10-17,inverse_vol,-0.00885116908026351,317.0
2025-10-20,inverse_vol,0.0,318.0
2025-10-21,inverse_vol,-0.005072739011414695,318.0
2025-10-22,inverse_vol,-0.010816096096047723,318.0
2025-10-23,inverse_vol,-0.0030561249954408343,318.0
2025-10-24,inverse_vol,0.0,319.0
2025-10-27,inverse_vol,0.0,320.0
2025-10-28,inverse_vol,0.0,321.0
2025-10-29,inverse_vol,-0.000615609824286989,321.0
2025-10-30,inverse_vol,-0.010178508023862665,321.0
2025-10-31,inverse_vol,-0.008794862843670703,321.0
2025-11-03,inverse_vol,-0.006653668298921889,321.0
2025-11-04,inverse_vol,-0.021789380018671145,321.0
2025-11-05,inverse_vol,-0.014209294560698638,321.0
2025-11-06,inverse_vol,-0.024522884010035773,321.0
2025-11-07,inverse_vol,-0.023722406614489544,321.0
2025-11-10,inverse_vol,-0.009150460601346166,321.0
2025-11-11,inverse_vol,-0.0069859384692125825,321.0
2025-11-12,inverse_vol,-0.005940415113832254,321.0
2025-11-13,inverse_vol,-0.022472767197076804,321.0
2025-11-14,inverse_vol,-0.022472017601832595,321.0
2025-11-17,inverse_vol,-0.03460637724057147,321.0
2025-11-18,inverse_vol,-0.0418363228473706,321.0
2025-11-19,inverse_vol,-0.04162954301945698,321.0
2025-11-20,inverse_vol,-0.05744599652931426,321.0
2025-11-21,inverse_vol,-0.04641143094926048,321.0
2025-11-24,inverse_vol,-0.034222625135812645,321.0
2025-11-25,inverse_vol,-0.024257631557361492,321.0
2025-11-26,inverse_vol,-0.015849677434806808,321.0
2025-11-28,inverse_vol,-0.011330321635471097,321.0
2025-12-01,inverse_vol,-0.016294532094933034,321.0
2025-12-02,inverse_vol,-0.014087867897950357,321.0
2025-12-03,inverse_vol,-0.008508498859450708,321.0
2025-12-04,inverse_vol,-0.006407512935202364,321.0
2025-12-05,inverse_vol,-0.004423306040930219,321.0
2025-12-08,inverse_vol,-0.006498277784640183,321.0
2025-12-09,inverse_vol,-0.006793871372077986,321.0
2025-12-10,inverse_vol,0.0,322.0
2025-12-11,inverse_vol,0.0,323.0
2025-12-12,inverse_vol,-0.011824425485287615,323.0
2025-12-15,inverse_vol,-0.01343868863751252,323.0
2025-12-16,inverse_vol,-0.016956204943550768,323.0
2025-12-17,inverse_vol,-0.027409031403190065,323.0
2025-12-18,inverse_vol,-0.0185169695181433,323.0
2025-12-19,inverse_vol,-0.009499787178918306,323.0
2025-12-22,inverse_vol,-0.003789997066461659,323.0
2025-12-23,inverse_vol,-0.00044530636367023924,323.0
2025-12-24,inverse_vol,0.0,324.0
2025-12-26,inverse_vol,0.0,325.0
2025-12-29,inverse_vol,-0.003853875976039367,325.0
2025-12-30,inverse_vol,-0.004448172789537241,325.0
2025-12-31,inverse_vol,-0.010263347972977677,325.0
2026-01-02,inverse_vol,0.0,326.0
2026-01-05,inverse_vol,0.0,327.0
2026-01-06,inverse_vol,0.0,328.0
2026-01-07,inverse_vol,-0.0034579503131850764,328.0
2026-01-08,inverse_vol,-0.0024273871726142593,328.0
2026-01-09,inverse_vol,0.0,329.0
2026-01-12,inverse_vol,0.0,330.0
2026-01-13,inverse_vol,-0.0037580959073491016,330.0
2026-01-14,inverse_vol,-0.003240178355746526,330.0
2026-01-15,inverse_vol,0.0,331.0
2026-01-16,inverse_vol,-0.0003372848219269642,331.0
2026-01-20,inverse_vol,-0.015729191791971187,331.0
2026-01-21,inverse_vol,-0.001769741000393843,331.0
2026-01-22,inverse_vol,0.0,332.0
2026-01-23,inverse_vol,-2.0914045422260052e-05,332.0
2026-01-26,inverse_vol,0.0,333.0
2026-01-27,inverse_vol,0.0,334.0
2026-01-28,inverse_vol,-0.0014025036707653316,334.0
2026-01-29,inverse_vol,-0.002302340133558678,334.0
2026-01-30,inverse_vol,-0.014574785474604224,334.0
2026-02-02,inverse_vol,-0.008627952873974665,334.0
2026-02-03,inverse_vol,-0.011233272791091542,334.0
2026-02-04,inverse_vol,-0.018713076987466715,334.0
2026-02-05,inverse_vol,-0.030926884869208915,334.0
2026-02-06,inverse_vol,-0.0068946216026067875,334.0
2026-02-09,inverse_vol,0.0,335.0
2026-02-10,inverse_vol,-0.0008510926525331364,335.0
2026-02-11,inverse_vol,0.0,336.0
2026-02-12,inverse_vol,-0.01426722680326531,336.0
2026-02-13,inverse_vol,-0.010425956315223361,336.0
2026-02-17,inverse_vol,-0.011177918335411152,336.0
2026-02-18,inverse_vol,-0.006935388718215085,336.0
2026-02-19,inverse_vol,-0.008896186931260375,336.0
2026-02-20,inverse_vol,0.0,337.0
2026-02-23,inverse_vol,-0.010157449561208898,337.0
2026-02-24,inverse_vol,-0.0012111074775762454,337.0
2026-02-25,inverse_vol,0.0,338.0
2026-02-26,inverse_vol,-0.004531092000807924,338.0
2026-02-27,inverse_vol,-0.009825600283324687,338.0
2026-03-02,inverse_vol,-0.016636714048013257,338.0
2026-03-03,inverse_vol,-0.041101656578450774,338.0
2026-03-04,inverse_vol,-0.03046462834010466,338.0
2026-03-05,inverse_vol,-0.045257553877695145,338.0
2026-03-06,inverse_vol,-0.05719039442695506,338.0
2026-03-09,inverse_vol,-0.045999891597853004,338.0
2026-03-10,inverse_vol,-0.04515856462666146,338.0
2026-03-11,inverse_vol,-0.0457101879793671,338.0
2026-03-12,inverse_vol,-0.06508609295723033,338.0
2026-03-13,inverse_vol,-0.07083562085370654,338.0
2026-03-16,inverse_vol,-0.05597846376550997,338.0
2026-03-17,inverse_vol,-0.05175949116516332,338.0
2026-03-18,inverse_vol,-0.06732031272105321,338.0
2026-03-19,inverse_vol,-0.06745754365926027,338.0
2026-03-20,inverse_vol,-0.09021490367714224,338.0
2026-03-23,inverse_vol,-0.07213234394412682,338.0
2026-03-24,inverse_vol,-0.07706633296519727,338.0
2026-03-25,inverse_vol,-0.06671812390597875,338.0
2026-03-26,inverse_vol,-0.08811228011255512,338.0
2026-03-27,inverse_vol,-0.1000648422056144,338.0
2026-03-30,inverse_vol,-0.1050428378487187,338.0
2026-03-31,inverse_vol,-0.07508676172002715,338.0
2026-04-01,inverse_vol,-0.06583804475415445,338.0
2026-04-02,inverse_vol,-0.06775996008936813,338.0
2026-04-06,inverse_vol,-0.06232630410529594,338.0
2026-04-07,inverse_vol,-0.06149861714393645,338.0
2026-04-08,inverse_vol,-0.027744855784668787,338.0
2026-04-09,inverse_vol,-0.025448940361911032,338.0
2026-04-10,inverse_vol,-0.02434639568653285,338.0
2026-04-13,inverse_vol,-0.014983817263945598,338.0
2026-04-14,inverse_vol,-0.0011687129123806317,338.0
2026-04-15,inverse_vol,0.0,339.0
2026-04-16,inverse_vol,0.0,340.0
2026-04-17,inverse_vol,0.0,341.0
2026-04-20,inverse_vol,-0.0023487698591151407,341.0
2026-04-21,inverse_vol,-0.014119396354703273,341.0
2026-04-22,inverse_vol,-0.00332291160999465,341.0
2026-04-23,inverse_vol,-0.010679389275962126,341.0
2026-04-24,inverse_vol,0.0,342.0
2026-04-27,inverse_vol,-0.000372946413586539,342.0
2026-04-28,inverse_vol,-0.00835649983856701,342.0
2026-04-29,inverse_vol,-0.011599975486696112,342.0
2026-04-30,inverse_vol,0.0,343.0
2026-05-01,inverse_vol,0.0,344.0
2026-05-04,inverse_vol,-0.00517898635376568,344.0
2026-05-05,inverse_vol,0.0,345.0
2026-05-06,inverse_vol,0.0,346.0
2026-05-07,inverse_vol,-0.00987144562424258,346.0
2026-05-08,inverse_vol,0.0,347.0
2026-05-11,inverse_vol,0.0,348.0
2026-05-12,inverse_vol,-0.01017826680073719,348.0
2026-05-13,inverse_vol,-0.0016390243672512739,348.0
2026-05-14,inverse_vol,0.0,349.0
2026-05-15,inverse_vol,-0.019430077921362643,349.0
2026-05-18,inverse_vol,-0.019698711729594698,349.0
2026-05-19,inverse_vol,-0.02759279657036251,349.0
2026-05-20,inverse_vol,-0.011367725087716218,349.0
2026-05-21,inverse_vol,-0.006383889350068839,349.0
2026-05-22,inverse_vol,-0.003882808311504782,349.0
2026-05-26,inverse_vol,0.0,350.0
2026-05-27,inverse_vol,-0.0011048359990485368,350.0
2026-05-28,inverse_vol,0.0,351.0
2026-05-29,inverse_vol,0.0,352.0
2026-06-01,inverse_vol,0.0,353.0
2026-06-02,inverse_vol,0.0,354.0
2026-06-03,inverse_vol,-0.008441305383922515,354.0
2026-06-04,inverse_vol,-0.006120633746742987,354.0
2026-06-05,inverse_vol,-0.04385596115730228,354.0
2026-06-08,inverse_vol,-0.03509179526653883,354.0
2026-06-09,inverse_vol,-0.037323713410002846,354.0
2026-06-10,inverse_vol,-0.05211707574680868,354.0
2026-06-11,inverse_vol,-0.024093100289393266,354.0
2026-06-12,inverse_vol,-0.01869225465218194,354.0
2026-06-15,inverse_vol,-0.0002802283653395854,354.0
2026-06-16,inverse_vol,-0.009120869189350067,354.0
2026-06-17,inverse_vol,-0.01686882502938547,354.0
2026-06-18,inverse_vol,0.0,355.0
2026-06-22,inverse_vol,0.0,356.0
2026-06-23,inverse_vol,-0.025315910410252385,356.0
2026-06-24,inverse_vol,-0.025683544425486815,356.0
2026-06-25,inverse_vol,-0.019107713433725526,356.0
2026-06-26,inverse_vol,-0.026043743567082167,356.0
2026-06-29,inverse_vol,-0.015272347851920887,356.0
2026-06-30,inverse_vol,-0.006046046385054127,356.0
2026-07-01,inverse_vol,-0.01615882513440592,356.0
2026-07-02,inverse_vol,-0.019609820667629174,356.0
2026-07-06,inverse_vol,-0.007517700401912797,356.0
2026-07-07,inverse_vol,-0.020553433966437384,356.0
2026-07-08,inverse_vol,-0.022952152269634096,356.0
2026-07-09,inverse_vol,-0.013156146243012423,356.0
2026-07-10,inverse_vol,-0.01102342887468577,356.0
2026-07-13,inverse_vol,-0.02561377696772016,356.0
2026-07-14,inverse_vol,-0.017960466073818848,356.0
2026-07-15,inverse_vol,-0.015454374895608747,356.0
2026-07-16,inverse_vol,-0.024827716111501363,356.0
2026-07-17,inverse_vol,-0.03406031383192998,356.0
2026-07-20,inverse_vol,-0.03627674781817003,356.0
2026-07-21,inverse_vol,-0.02131774846662493,356.0
2026-07-22,inverse_vol,-0.024497353195234273,356.0
2026-07-23,inverse_vol,-0.03584806431802179,356.0
2026-07-24,inverse_vol,-0.03982078993575222,356.0
2026-07-27,inverse_vol,-0.03762134394585326,356.0
2026-07-28,inverse_vol,-0.041245210008421074,356.0
2026-07-29,inverse_vol,-0.0555001588267765,356.0
2026-07-30,inverse_vol,-0.03172031368520911,356.0
2026-07-31,inverse_vol,-0.02974297029347739,356.0
2026-08-03,inverse_vol,-0.0185925808178784,356.0
2026-08-04,inverse_vol,0.0,357.0
2026-08-05,inverse_vol,-0.0037480272959211636,357.0
2026-08-06,inverse_vol,-0.007435088560009517,357.0
2026-08-07,inverse_vol,0.0,358.0
2026-08-10,inverse_vol,-0.003701566052816463,358.0
2026-08-11,inverse_vol,-0.0038472596253570357,358.0
2026-08-12,inverse_vol,0.0,359.0
2026-08-13,inverse_vol,0.0,360.0
2026-08-14,inverse_vol,-9.915385048786529e-05,360.0
2026-08-17,inverse_vol,-0.0011394473049251008,360.0
2026-08-18,inverse_vol,-0.015014444253078851,360.0
2026-08-19,inverse_vol,-0.011469808781597979,360.0
2026-08-20,inverse_vol,-0.01693951727576737,360.0
2026-08-21,inverse_vol,-0.010973403526953085,360.0
2026-08-24,inverse_vol,-0.01733617233375473,360.0
2026-08-25,inverse_vol,-0.010581469816326683,360.0
2026-08-26,inverse_vol,-0.011808216749184197,360.0
2026-08-27,inverse_vol,-0.006649173917972928,360.0
2026-08-28,inverse_vol,-0.01246574245610843,360.0
2026-08-31,inverse_vol,-0.01507157395340375,360.0
2026-09-01,inverse_vol,-0.023696642170092486,360.0
2026-09-02,inverse_vol,-0.01802666030404343,360.0
2026-09-03,inverse_vol,-0.009413788261456446,360.0
2026-09-04,inverse_vol,-0.006812172658499538,360.0
2026-09-08,inverse_vol,-0.01021356370305182,360.0
2026-09-09,inverse_vol,-0.017651737287677216,360.0
2026-09-10,inverse_vol,-0.02783690674135819,360.0
2026-09-11,inverse_vol,-0.01946564321001354,360.0
2026-09-14,inverse_vol,-0.028206663634536167,360.0
2026-09-15,inverse_vol,-0.03322333445605086,360.0
2026-09-16,inverse_vol,-0.035969416945391686,360.0
2026-09-17,inverse_vol,-0.02451195931602901,360.0
2026-09-18,inverse_vol,-0.02583112747610361,360.0
2026-09-21,inverse_vol,-0.009594820550147265,360.0
2026-09-22,inverse_vol,-0.005832000052341524,360.0
2026-09-23,inverse_vol,-0.018964702056994964,360.0
2026-09-24,inverse_vol,-0.020933500947583616,360.0
2026-09-25,inverse_vol,-0.014777388419552007,360.0
2026-09-28,inverse_vol,-0.022633601318370777,360.0
2026-09-29,inverse_vol,-0.02402742247849532,360.0
2026-09-30,inverse_vol,-0.027408745642470866,360.0
2026-10-01,inverse_vol,-0.02783388538075593,360.0
2026-10-02,inverse_vol,-0.0183394923607908,360.0
2026-10-05,inverse_vol,-0.01148702484637576,360.0
2026-10-06,inverse_vol,-0.01108621656526143,360.0
2026-10-07,inverse_vol,-0.0187582271795802,360.0
2026-10-08,inverse_vol,-0.025748992341382504,360.0
2026-10-09,inverse_vol,-0.019494753189278957,360.0
2023-10-05,max_sharpe,0.0,1.0
2023-10-06,max_sharpe,0.0,2.0
2023-10-09,max_sharpe,0.0,3.0
2023-10-10,max_sharpe,0.0,4.0
2023-10-11,max_sharpe,0.0,5.0
2023-10-12,max_sharpe,0.0,6.0
2023-10-13,max_sharpe,0.0,7.0
2023-10-16,max_sharpe,0.0,8.0
2023-10-17,max_sharpe,0.0,9.0
2023-10-18,max_sharpe,0.0,10.0
2023-10-19,max_sharpe,0.0,11.0
2023-10-20,max_sharpe,0.0,12.0
2023-10-23,max_sharpe,0.0,13.0
2023-10-24,max_sharpe,0.0,14.0
2023-10-25,max_sharpe,0.0,15.0
2023-10-26,max_sharpe,0.0,16.0
2023-10-27,max_sharpe,0.0,17.0
2023-10-30,max_sharpe,0.0,18.0
2023-10-31,max_sharpe,0.0,19.0
2023-11-01,max_sharpe,0.0,20.0
2023-11-02,max_sharpe,0.0,21.0
2023-11-03,max_sharpe,0.0,22.0
2023-11-06,max_sharpe,0.0,23.0
2023-11-07,max_sharpe,0.0,24.0
2023-11-08,max_sharpe,0.0,25.0
2023-11-09,max_sharpe,0.0,26.0
2023-11-10,max_sharpe,0.0,27.0
2023-11-13,max_sharpe,0.0,28.0
2023-11-14,max_sharpe,0.0,29.0
2023-11-15,max_sharpe,0.0,30.0
2023-11-16,max_sharpe,0.0,31.0
2023-11-17,max_sharpe,0.0,32.0
2023-11-20,max_sharpe,0.0,33.0
2023-11-21,max_sharpe,0.0,34.0
2023-11-22,max_sharpe,0.0,35.0
2023-11-24,max_sharpe,0.0,36.0
2023-11-27,max_sharpe,0.0,37.0
2023-11-28,max_sharpe,0.0,38.0
2023-11-29,max_sharpe,0.0,39.0
2023-11-30,max_sharpe,0.0,40.0
2023-12-01,max_sharpe,0.0,41.0
2023-12-04,max_sharpe,0.0,42.0
2023-12-05,max_sharpe,0.0,43.0
2023-12-06,max_sharpe,0.0,44.0
2023-12-07,max_sharpe,0.0,45.0
2023-12-08,max_sharpe,0.0,46.0
2023-12-11,max_sharpe,0.0,47.0
2023-12-12,max_sharpe,0.0,48.0
2023-12-13,max_sharpe,0.0,49.0
2023-12-14,max_sharpe,0.0,50.0
2023-12-15,max_sharpe,0.0,51.0
2023-12-18,max_sharpe,0.0,52.0
2023-12-19,max_sharpe,0.0,53.0
2023-12-20,max_sharpe,0.0,54.0
2023-12-21,max_sharpe,0.0,55.0
2023-12-22,max_sharpe,0.0,56.0
2023-12-26,max_sharpe,0.0,57.0
2023-12-27,max_sharpe,0.0,58.0
2023-12-28,max_sharpe,0.0,59.0
2023-12-29,max_sharpe,0.0,60.0
2024-01-02,max_sharpe,0.0,61.0
2024-01-03,max_sharpe,0.0,62.0
2024-01-04,max_sharpe,0.0,63.0
2024-01-05,max_sharpe,0.0,64.0
2024-01-08,max_sharpe,0.0,65.0
2024-01-09,max_sharpe,0.0,66.0
2024-01-10,max_sharpe,0.0,67.0
2024-01-11,max_sharpe,0.0,68.0
2024-01-12,max_sharpe,0.0,69.0
2024-01-16,max_sharpe,0.0,70.0
2024-01-17,max_sharpe,0.0,71.0
2024-01-18,max_sharpe,0.0,72.0
2024-01-19,max_sharpe,0.0,73.0
2024-01-22,max_sharpe,0.0,74.0
2024-01-23,max_sharpe,0.0,75.0
2024-01-24,max_sharpe,0.0,76.0
2024-01-25,max_sharpe,0.0,77.0
2024-01-26,max_sharpe,0.0,78.0
2024-01-29,max_sharpe,0.0,79.0
2024-01-30,max_sharpe,0.0,80.0
2024-01-31,max_sharpe,0.0,81.0
2024-02-01,max_sharpe,0.0,82.0
2024-02-02,max_sharpe,0.0,83.0
2024-02-05,max_sharpe,0.0,84.0
2024-02-06,max_sharpe,0.0,85.0
2024-02-07,max_sharpe,0.0,86.0
2024-02-08,max_sharpe,0.0,87.0
2024-02-09,max_sharpe,0.0,88.0
2024-02-12,max_sharpe,0.0,89.0
2024-02-13,max_sharpe,0.0,90.0
2024-02-14,max_sharpe,0.0,91.0
2024-02-15,max_sharpe,0.0,92.0
2024-02-16,max_sharpe,0.0,93.0
2024-02-20,max_sharpe,0.0,94.0
2024-02-21,max_sharpe,0.0,95.0
2024-02-22,max_sharpe,0.0,96.0
2024-02-23,max_sharpe,0.0,97.0
2024-02-26,max_sharpe,0.0,98.0
2024-02-27,max_sharpe,0.0,99.0
2024-02-28,max_sharpe,0.0,100.0
2024-02-29,max_sharpe,0.0,101.0
2024-03-01,max_sharpe,0.0,102.0
2024-03-04,max_sharpe,0.0,103.0
2024-03-05,max_sharpe,0.0,104.0
2024-03-06,max_sharpe,0.0,105.0
2024-03-07,max_sharpe,0.0,106.0
2024-03-08,max_sharpe,0.0,107.0
2024-03-11,max_sharpe,0.0,108.0
2024-03-12,max_sharpe,0.0,109.0
2024-03-13,max_sharpe,0.0,110.0
2024-03-14,max_sharpe,0.0,111.0
2024-03-15,max_sharpe,0.0,112.0
2024-03-18,max_sharpe,0.0,113.0
2024-03-19,max_sharpe,0.0,114.0
2024-03-20,max_sharpe,0.0,115.0
2024-03-21,max_sharpe,0.0,116.0
2024-03-22,max_sharpe,0.0,117.0
2024-03-25,max_sharpe,0.0,118.0
2024-03-26,max_sharpe,0.0,119.0
2024-03-27,max_sharpe,0.0,120.0
2024-03-28,max_sharpe,0.0,121.0
2024-04-01,max_sharpe,0.0,122.0
2024-04-02,max_sharpe,0.0,123.0
2024-04-03,max_sharpe,0.0,124.0
2024-04-04,max_sharpe,0.0,125.0
2024-04-05,max_sharpe,0.0,126.0
2024-04-08,max_sharpe,0.0,127.0
2024-04-09,max_sharpe,0.0,128.0
2024-04-10,max_sharpe,0.0,129.0
2024-04-11,max_sharpe,0.0,130.0
2024-04-12,max_sharpe,0.0,131.0
2024-04-15,max_sharpe,0.0,132.0
2024-04-16,max_sharpe,0.0,133.0
2024-04-17,max_sharpe,0.0,134.0
2024-04-18,max_sharpe,0.0,135.0
2024-04-19,max_sharpe,0.0,136.0
2024-04-22,max_sharpe,0.0,137.0
2024-04-23,max_sharpe,0.0,138.0
2024-04-24,max_sharpe,0.0,139.0
2024-04-25,max_sharpe,0.0,140.0
2024-04-26,max_sharpe,0.0,141.0
2024-04-29,max_sharpe,0.0,142.0
2024-04-30,max_sharpe,0.0,143.0
2024-05-01,max_sharpe,0.0,144.0
2024-05-02,max_sharpe,0.0,145.0
2024-05-03,max_sharpe,0.0,146.0
2024-05-06,max_sharpe,0.0,147.0
2024-05-07,max_sharpe,0.0,148.0
2024-05-08,max_sharpe,0.0,149.0
2024-05-09,max_sharpe,0.0,150.0
2024-05-10,max_sharpe,0.0,151.0
2024-05-13,max_sharpe,0.0,152.0
2024-05-14,max_sharpe,0.0,153.0
2024-05-15,max_sharpe,0.0,154.0
2024-05-16,max_sharpe,0.0,155.0
2024-05-17,max_sharpe,0.0,156.0
2024-05-20,max_sharpe,0.0,157.0
2024-05-21,max_sharpe,0.0,158.0
2024-05-22,max_sharpe,0.0,159.0
2024-05-23,max_sharpe,0.0,160.0
2024-05-24,max_sharpe,0.0,161.0
2024-05-28,max_sharpe,0.0,162.0
2024-05-29,max_sharpe,0.0,163.0
2024-05-30,max_sharpe,0.0,164.0
2024-05-31,max_sharpe,0.0,165.0
2024-06-03,max_sharpe,0.0,166.0
2024-06-04,max_sharpe,0.0,167.0
2024-06-05,max_sharpe,0.0,168.0
2024-06-06,max_sharpe,0.0,169.0
2024-06-07,max_sharpe,0.0,170.0
2024-06-10,max_sharpe,0.0,171.0
2024-06-11,max_sharpe,0.0,172.0
2024-06-12,max_sharpe,0.0,173.0
2024-06-13,max_sharpe,0.0,174.0
2024-06-14,max_sharpe,0.0,175.0
2024-06-17,max_sharpe,0.0,176.0
2024-06-18,max_sharpe,0.0,177.0
2024-06-20,max_sharpe,0.0,178.0
2024-06-21,max_sharpe,0.0,179.0
2024-06-24,max_sharpe,0.0,180.0
2024-06-25,max_sharpe,0.0,181.0
2024-06-26,max_sharpe,0.0,182.0
2024-06-27,max_sharpe,0.0,183.0
2024-06-28,max_sharpe,0.0,184.0
2024-07-01,max_sharpe,0.0,185.0
2024-07-02,max_sharpe,0.0,186.0
2024-07-03,max_sharpe,0.0,187.0
2024-07-05,max_sharpe,0.0,188.0
2024-07-08,max_sharpe,0.0,189.0
2024-07-09,max_sharpe,0.0,190.0
2024-07-10,max_sharpe,0.0,191.0
2024-07-11,max_sharpe,0.0,192.0
2024-07-12,max_sharpe,0.0,193.0
2024-07-15,max_sharpe,0.0,194.0
2024-07-16,max_sharpe,0.0,195.0
2024-07-17,max_sharpe,0.0,196.0
2024-07-18,max_sharpe,0.0,197.0
2024-07-19,max_sharpe,0.0,198.0
2024-07-22,max_sharpe,0.0,199.0
2024-07-23,max_sharpe,0.0,200.0
2024-07-24,max_sharpe,0.0,201.0
2024-07-25,max_sharpe,0.0,202.0
2024-07-26,max_sharpe,0.0,203.0
2024-07-29,max_sharpe,0.0,204.0
2024-07-30,max_sharpe,0.0,205.0
2024-07-31,max_sharpe,0.0,206.0
2024-08-01,max_sharpe,0.0,207.0
2024-08-02,max_sharpe,0.0,208.0
2024-08-05,max_sharpe,0.0,209.0
2024-08-06,max_sharpe,0.0,210.0
2024-08-07,max_sharpe,0.0,211.0
2024-08-08,max_sharpe,0.0,212.0
2024-08-09,max_sharpe,0.0,213.0
2024-08-12,max_sharpe,0.0,214.0
2024-08-13,max_sharpe,0.0,215.0
2024-08-14,max_sharpe,0.0,216.0
2024-08-15,max_sharpe,0.0,217.0
2024-08-16,max_sharpe,0.0,218.0
2024-08-19,max_sharpe,0.0,219.0
2024-08-20,max_sharpe,0.0,220.0
2024-08-21,max_sharpe,0.0,221.0
2024-08-22,max_sharpe,0.0,222.0
2024-08-23,max_sharpe,0.0,223.0
2024-08-26,max_sharpe,0.0,224.0
2024-08-27,max_sharpe,0.0,225.0
2024-08-28,max_sharpe,0.0,226.0
2024-08-29,max_sharpe,0.0,227.0
2024-08-30,max_sharpe,0.0,228.0
2024-09-03,max_sharpe,0.0,229.0
2024-09-04,max_sharpe,0.0,230.0
2024-09-05,max_sharpe,0.0,231.0
2024-09-06,max_sharpe,0.0,232.0
2024-09-09,max_sharpe,0.0,233.0
2024-09-10,max_sharpe,0.0,234.0
2024-09-11,max_sharpe,0.0,235.0
2024-09-12,max_sharpe,0.0,236.0
2024-09-13,max_sharpe,0.0,237.0
2024-09-16,max_sharpe,0.0,238.0
2024-09-17,max_sharpe,0.0,239.0
2024-09-18,max_sharpe,0.0,240.0
2024-09-19,max_sharpe,0.0,241.0
2024-09-20,max_sharpe,0.0,242.0
2024-09-23,max_sharpe,0.0,243.0
2024-09-24,max_sharpe,0.0,244.0
2024-09-25,max_sharpe,0.0,245.0
2024-09-26,max_sharpe,0.0,246.0
2024-09-27,max_sharpe,0.0,247.0
2024-09-30,max_sharpe,0.0,248.0
2024-10-01,max_sharpe,0.0,249.0
2024-10-02,max_sharpe,0.0,250.0
2024-10-03,max_sharpe,0.0,251.0
2024-10-04,max_sharpe,0.0,252.0
2024-10-07,max_sharpe,0.0,253.0
2024-10-08,max_sharpe,0.0,254.0
2024-10-09,max_sharpe,0.0,255.0
2024-10-10,max_sharpe,0.0,256.0
2024-10-11,max_sharpe,0.0,257.0
2024-10-14,max_sharpe,0.0,258.0
2024-10-15,max_sharpe,0.0,259.0
2024-10-16,max_sharpe,0.0,260.0
2024-10-17,max_sharpe,0.0,261.0
2024-10-18,max_sharpe,0.0,262.0
2024-10-21,max_sharpe,0.0,263.0
2024-10-22,max_sharpe,0.0,264.0
2024-10-23,max_sharpe,0.0,265.0
2024-10-24,max_sharpe,0.0,266.0
2024-10-25,max_sharpe,0.0,267.0
2024-10-28,max_sharpe,0.0,268.0
2024-10-29,max_sharpe,0.0,269.0
2024-10-30,max_sharpe,0.0,270.0
2024-10-31,max_sharpe,0.0,271.0
2024-11-01,max_sharpe,-0.000525396821612345,271.0
2024-11-04,max_sharpe,-0.0006723962202239697,271.0
2024-11-05,max_sharpe,0.0,272.0
2024-11-06,max_sharpe,0.0,273.0
2024-11-07,max_sharpe,0.0,274.0
2024-11-08,max_sharpe,-0.006453678482865155,274.0
2024-11-11,max_sharpe,-0.006883308796404641,274.0
2024-11-12,max_sharpe,-0.017636193034107017,274.0
2024-11-13,max_sharpe,-0.020512693107313185,274.0
2024-11-14,max_sharpe,-0.023544917363663265,274.0
2024-11-15,max_sharpe,-0.03210094340335268,274.0
2024-11-18,max_sharpe,-0.026591594688466502,274.0
2024-11-19,max_sharpe,-0.02512286525765739,274.0
2024-11-20,max_sharpe,-0.026189997871538973,274.0
2024-11-21,max_sharpe,-0.023863461175936074,274.0
2024-11-22,max_sharpe,-0.02098325762220199,274.0
2024-11-25,max_sharpe,-0.017441786103196466,274.0
2024-11-26,max_sharpe,-0.01752750947076631,274.0
2024-11-27,max_sharpe,-0.017223945248542316,274.0
2024-11-29,max_sharpe,-0.008686552159542282,274.0
2024-12-02,max_sharpe,-0.005740460105113532,274.0
2024-12-03,max_sharpe,-0.003976961950674984,274.0
2024-12-04,max_sharpe,0.0,275.0
2024-12-05,max_sharpe,-0.0003956172452083129,275.0
2024-12-06,max_sharpe,0.0,276.0
2024-12-09,max_sharpe,-0.0029381632704686966,276.0
2024-12-10,max_sharpe,-0.008635788681798595,276.0
2024-12-11,max_sharpe,-0.0004141084042781351,276.0
2024-12-12,max_sharpe,-0.007630128578016815,276.0
2024-12-13,max_sharpe,-0.008055134621403282,276.0
2024-12-16,max_sharpe,-0.004930615625132417,276.0
2024-12-17,max_sharpe,-0.008924201508703211,276.0
2024-12-18,max_sharpe,-0.03886715989832201,276.0
2024-12-19,max_sharpe,-0.04082127910539213,276.0
2024-12-20,max_sharpe,-0.03474363980573836,276.0
2024-12-23,max_sharpe,-0.02903116455728505,276.0
2024-12-24,max_sharpe,-0.020684243024494897,276.0
2024-12-26,max_sharpe,-0.01856524783348279,276.0
2024-12-27,max_sharpe,-0.026686843565714935,276.0
2024-12-30,max_sharpe,-0.03613002663267895,276.0
2024-12-31,max_sharpe,-0.03879739307156327,276.0
2025-01-02,max_sharpe,-0.04150964417370351,276.0
2025-01-03,max_sharpe,-0.028910755924832054,276.0
2025-01-06,max_sharpe,-0.021203940153456724,276.0
2025-01-07,max_sharpe,-0.033692453972836045,276.0
2025-01-08,max_sharpe,-0.033816456481060575,276.0
2025-01-10,max_sharpe,-0.04896695995180855,276.0
2025-01-13,max_sharpe,-0.05068642355246311,276.0
2025-01-14,max_sharpe,-0.048788362734056734,276.0
2025-01-15,max_sharpe,-0.03064796786343693,276.0
2025-01-16,max_sharpe,-0.034013467968117106,276.0
2025-01-17,max_sharpe,-0.022295967926314164,276.0
2025-01-21,max_sharpe,-0.013836067173244926,276.0
2025-01-22,max_sharpe,-0.006599850226716386,276.0
2025-01-23,max_sharpe,-0.0028063302701939463,276.0
2025-01-24,max_sharpe,-0.004988284185244329,276.0
2025-01-27,max_sharpe,-0.02482582556708135,276.0
2025-01-28,max_sharpe,-0.014769958666718819,276.0
2025-01-29,max_sharpe,-0.017255782906975048,276.0
2025-01-30,max_sharpe,-0.010451650650182609,276.0
2025-01-31,max_sharpe,-0.015296989943927364,276.0
2025-02-03,max_sharpe,-0.02314484174499798,276.0
2025-02-04,max_sharpe,-0.012200509820569416,276.0
2025-02-05,max_sharpe,-0.00831569033013968,276.0
2025-02-06,max_sharpe,-0.004180450142545533,276.0
2025-02-07,max_sharpe,-0.011902281039080531,276.0
2025-02-10,max_sharpe,-0.003313978545596896,276.0
2025-02-11,max_sharpe,-0.003086584205225229,276.0
2025-02-12,max_sharpe,-0.002102149118168306,276.0
2025-02-13,max_sharpe,0.0,277.0
2025-02-14,max_sharpe,0.0,278.0
2025-02-18,max_sharpe,0.0,279.0
2025-02-19,max_sharpe,-0.001915886048410198,279.0
2025-02-20,max_sharpe,-0.000813889945690538,279.0
2025-02-21,max_sharpe,-0.012354295026714146,279.0
2025-02-24,max_sharpe,-0.01936252798692273,279.0
2025-02-25,max_sharpe,-0.020477193358163115,279.0
2025-02-26,max_sharpe,-0.01734689087498653,279.0
2025-02-27,max_sharpe,-0.03415853916250455,279.0
2025-02-28,max_sharpe,-0.029080654576713827,279.0
2025-03-03,max_sharpe,-0.037966270208326436,279.0
2025-03-04,max_sharpe,-0.04175415738033006,279.0
2025-03-05,max_sharpe,-0.02381531905295109,279.0
2025-03-06,max_sharpe,-0.037362399412565805,279.0
2025-03-07,max_sharpe,-0.030060958436427532,279.0
2025-03-10,max_sharpe,-0.05511994255241326,279.0
2025-03-11,max_sharpe,-0.05858829805170662,279.0
2025-03-12,max_sharpe,-0.05247508638965703,279.0
2025-03-13,max_sharpe,-0.06162589709684618,279.0
2025-03-14,max_sharpe,-0.04320762679356405,279.0
2025-03-17,max_sharpe,-0.033307983554651366,279.0
2025-03-18,max_sharpe,-0.0391698528003257,279.0
2025-03-19,max_sharpe,-0.03280547690714464,279.0
2025-03-20,max_sharpe,-0.03865342357108026,279.0
2025-03-21,max_sharpe,-0.041393942417920715,279.0
2025-03-24,max_sharpe,-0.03276723535520287,279.0
2025-03-25,max_sharpe,-0.029717845208136473,279.0
2025-03-26,max_sharpe,-0.04135289771493511,279.0
2025-03-27,max_sharpe,-0.041231878858628446,279.0
2025-03-28,max_sharpe,-0.0563723713706733,279.0
2025-03-31,max_sharpe,-0.05752080037842766,279.0
2025-04-01,max_sharpe,-0.05535701223254563,279.0
2025-04-02,max_sharpe,-0.05201005530549441,279.0
2025-04-03,max_sharpe,-0.08273476341771369,279.0
2025-04-04,max_sharpe,-0.13673167191958202,279.0
2025-04-07,max_sharpe,-0.1545305061773251,279.0
2025-04-08,max_sharpe,-0.16516929108710088,279.0
2025-04-09,max_sharpe,-0.09404084255254597,279.0
2025-04-10,max_sharpe,-0.11993085790922686,279.0
2025-04-11,max_sharpe,-0.098225134779368,279.0
2025-04-14,max_sharpe,-0.08949883522333102,279.0
2025-04-15,max_sharpe,-0.0891987519399251,279.0
2025-04-16,max_sharpe,-0.10218689602690989,279.0
2025-04-17,max_sharpe,-0.09691554920201506,279.0
2025-04-21,max_sharpe,-0.10645720183682394,279.0
2025-04-22,max_sharpe,-0.08816670407093852,279.0
2025-04-23,max_sharpe,-0.07767852105317241,279.0
2025-04-24,max_sharpe,-0.06323881037844126,279.0
2025-04-25,max_sharpe,-0.06043667679378584,279.0
2025-04-28,max_sharpe,-0.058313150935485836,279.0
2025-04-29,max_sharpe,-0.054549209056932724,279.0
2025-04-30,max_sharpe,-0.053683674919423496,279.0
2025-05-01,max_sharpe,-0.05200206075104474,279.0
2025-05-02,max_sharpe,-0.03305185406902056,279.0
2025-05-05,max_sharpe,-0.032485576957482776,279.0
2025-05-06,max_sharpe,-0.03675832808705659,279.0
2025-05-07,max_sharpe,-0.03945960499501666,279.0
2025-05-08,max_sharpe,-0.03863550374696678,279.0
2025-05-09,max_sharpe,-0.03556362572723726,279.0
2025-05-12,max_sharpe,-0.017238913623257135,279.0
2025-05-13,max_sharpe,-0.014017804934575273,279.0
2025-05-14,max_sharpe,-0.013570159509135316,279.0
2025-05-15,max_sharpe,-0.0077467188112356755,279.0
2025-05-16,max_sharpe,-0.004779772678361827,279.0
2025-05-19,max_sharpe,-0.00012776990360952034,279.0
2025-05-20,max_sharpe,0.0,280.0
2025-05-21,max_sharpe,-0.008936697984497255,280.0
2025-05-22,max_sharpe,-0.009831724896503746,280.0
2025-05-23,max_sharpe,-0.010643256623096509,280.0
2025-05-27,max_sharpe,0.0,281.0
2025-05-28,max_sharpe,-0.0077791891705338845,281.0
2025-05-29,max_sharpe,-0.0037369001857179285,281.0
2025-05-30,max_sharpe,-0.006558244114994394,281.0
2025-06-02,max_sharpe,0.0,282.0
2025-06-03,max_sharpe,-0.0002695199920482727,282.0
2025-06-04,max_sharpe,0.0,283.0
2025-06-05,max_sharpe,-0.0011597451268812176,283.0
2025-06-06,max_sharpe,0.0,284.0
2025-06-09,max_sharpe,0.0,285.0
2025-06-10,max_sharpe,0.0,286.0
2025-06-11,max_sharpe,-0.0009427628123376275,286.0
2025-06-12,max_sharpe,0.0,287.0
2025-06-13,max_sharpe,-0.012795783760623736,287.0
2025-06-16,max_sharpe,-0.005098525516408325,287.0
2025-06-17,max_sharpe,-0.015993205919441644,287.0
2025-06-18,max_sharpe,-0.015428763401032164,287.0
2025-06-20,max_sharpe,-0.02099477697481511,287.0
2025-06-23,max_sharpe,-0.012562035322361775,287.0
2025-06-24,max_sharpe,0.0,288.0
2025-06-25,max_sharpe,-0.0017335341361666146,288.0
2025-06-26,max_sharpe,0.0,289.0
2025-06-27,max_sharpe,0.0,290.0
2025-06-30,max_sharpe,0.0,291.0
2025-07-01,max_sharpe,-0.0006556081826836202,291.0
2025-07-02,max_sharpe,0.0,292.0
2025-07-03,max_sharpe,0.0,293.0
2025-07-07,max_sharpe,-0.011320230715823665,293.0
2025-07-08,max_sharpe,-0.006235702003726362,293.0
2025-07-09,max_sharpe,-0.002530865036119767,293.0
2025-07-10,max_sharpe,-0.0011602525288951782,293.0
2025-07-11,max_sharpe,-0.007014474666205417,293.0
2025-07-14,max_sharpe,-0.006045332678982662,293.0
2025-07-15,max_sharpe,-0.008444984257773513,293.0
2025-07-16,max_sharpe,-0.004318583171672663,293.0
2025-07-17,max_sharpe,0.0,294.0
2025-07-18,max_sharpe,-0.0021264621031149566,294.0
2025-07-21,max_sharpe,0.0,295.0
2025-07-22,max_sharpe,0.0,296.0
2025-07-23,max_sharpe,0.0,297.0
2025-07-24,max_sharpe,-0.004928777009568841,297.0
2025-07-25,max_sharpe,-0.005595562237514451,297.0
2025-07-28,max_sharpe,-0.014506743177460146,297.0
2025-07-29,max_sharpe,-0.015732890991695836,297.0
2025-07-30,max_sharpe,-0.021524010257301218,297.0
2025-07-31,max_sharpe,-0.02861902655668358,297.0
2025-08-01,max_sharpe,-0.0361652411559058,297.0
2025-08-04,max_sharpe,-0.023809469803131256,297.0
2025-08-05,max_sharpe,-0.024391353534517046,297.0
2025-08-06,max_sharpe,-0.01826408717366057,297.0
2025-08-07,max_sharpe,-0.012786807607467643,297.0
2025-08-08,max_sharpe,-0.00891237759342589,297.0
2025-08-11,max_sharpe,-0.011829975576857277,297.0
2025-08-12,max_sharpe,-0.00024670673784499275,297.0
2025-08-13,max_sharpe,0.0,298.0
2025-08-14,max_sharpe,-0.004880951826648494,298.0
2025-08-15,max_sharpe,-0.003615796200634902,298.0
2025-08-18,max_sharpe,-0.001683707173376292,298.0
2025-08-19,max_sharpe,-0.006848228048798255,298.0
2025-08-20,max_sharpe,-0.00735651263449133,298.0
2025-08-21,max_sharpe,-0.011258705683362513,298.0
2025-08-22,max_sharpe,0.0,299.0
2025-08-25,max_sharpe,-0.007313358056071806,299.0
2025-08-26,max_sharpe,-0.007279060187761033,299.0
2025-08-27,max_sharpe,-0.009567849492661318,299.0
2025-08-28,max_sharpe,-0.005856269717963936,299.0
2025-08-29,max_sharpe,-0.011407907295958863,299.0
2025-09-02,max_sharpe,-0.016850032976235885,299.0
2025-09-03,max_sharpe,-0.013291963680201357,299.0
2025-09-04,max_sharpe,-0.009926344996762926,299.0
2025-09-05,max_sharpe,-0.004668724064592844,299.0
2025-09-08,max_sharpe,0.0,300.0
2025-09-09,max_sharpe,0.0,301.0
2025-09-10,max_sharpe,0.0,302.0
2025-09-11,max_sharpe,0.0,303.0
2025-09-12,max_sharpe,-0.0014930205694890786,303.0
2025-09-15,max_sharpe,0.0,304.0
2025-09-16,max_sharpe,0.0,305.0
2025-09-17,max_sharpe,0.0,306.0
2025-09-18,max_sharpe,0.0,307.0
2025-09-19,max_sharpe,-0.0006065868846106826,307.0
2025-09-22,max_sharpe,0.0,308.0
2025-09-23,max_sharpe,-0.0019601225654609644,308.0
2025-09-24,max_sharpe,-0.005994260299168941,308.0
2025-09-25,max_sharpe,-0.011816862735928302,308.0
2025-09-26,max_sharpe,-0.008659537499004166,308.0
2025-09-29,max_sharpe,-0.0030062109428894424,308.0
2025-09-30,max_sharpe,0.0,309.0
2025-10-01,max_sharpe,0.0,310.0
2025-10-02,max_sharpe,0.0,311.0
2025-10-03,max_sharpe,0.0,312.0
2025-10-06,max_sharpe,0.0,313.0
2025-10-07,max_sharpe,-0.006862085714045674,313.0
2025-10-08,max_sharpe,-0.0004399873885564398,313.0
2025-10-09,max_sharpe,-0.00760921761715827,313.0
2025-10-10,max_sharpe,-0.036735127331263495,313.0
2025-10-13,max_sharpe,-0.018126848007620988,313.0
2025-10-14,max_sharpe,-0.02134387016520012,313.0
2025-10-15,max_sharpe,-0.011971092279883244,313.0
2025-10-16,max_sharpe,-0.009814220368863369,313.0
2025-10-17,max_sharpe,-0.007515201722127052,313.0
2025-10-20,max_sharpe,0.0,314.0
2025-10-21,max_sharpe,-0.006544739089568763,314.0
2025-10-22,max_sharpe,-0.00941666969308852,314.0
2025-10-23,max_sharpe,-0.002491322410229757,314.0
2025-10-24,max_sharpe,0.0,315.0
2025-10-27,max_sharpe,0.0,316.0
2025-10-28,max_sharpe,0.0,317.0
2025-10-29,max_sharpe,0.0,318.0
2025-10-30,max_sharpe,-0.009372959434177375,318.0
2025-10-31,max_sharpe,-0.009713835020142336,318.0
2025-11-03,max_sharpe,-0.006358771334666891,318.0
2025-11-04,max_sharpe,-0.020691046016701797,318.0
2025-11-05,max_sharpe,-0.013773828546418732,318.0
2025-11-06,max_sharpe,-0.020260629739645375,318.0
2025-11-07,max_sharpe,-0.020031674834366298,318.0
2025-11-10,max_sharpe,-0.005530741907903147,318.0
2025-11-11,max_sharpe,-0.002061836937593098,318.0
2025-11-12,max_sharpe,0.0,319.0
2025-11-13,max_sharpe,-0.012517358522781574,319.0
2025-11-14,max_sharpe,-0.013405378993251782,319.0
2025-11-17,max_sharpe,-0.025009176964737256,319.0
2025-11-18,max_sharpe,-0.03393945929199105,319.0
2025-11-19,max_sharpe,-0.035593469614500606,319.0
2025-11-20,max_sharpe,-0.04974982157663166,319.0
2025-11-21,max_sharpe,-0.04219090049587115,319.0
2025-11-24,max_sharpe,-0.03433447357418551,319.0
2025-11-25,max_sharpe,-0.026724327407383286,319.0
2025-11-26,max_sharpe,-0.01813364060377276,319.0
2025-11-28,max_sharpe,-0.014961353899995089,319.0
2025-12-01,max_sharpe,-0.018095471550519937,319.0
2025-12-02,max_sharpe,-0.016050676514235196,319.0
2025-12-03,max_sharpe,-0.013000454508184878,319.0
2025-12-04,max_sharpe,-0.011909111329819977,319.0
2025-12-05,max_sharpe,-0.00848986078241698,319.0
2025-12-08,max_sharpe,-0.011158827708770303,319.0
2025-12-09,max_sharpe,-0.01244527468724399,319.0
2025-12-10,max_sharpe,-0.002416381488616559,319.0
2025-12-11,max_sharpe,-0.0016700336962399698,319.0
2025-12-12,max_sharpe,-0.010852296774397918,319.0
2025-12-15,max_sharpe,-0.009982805716941212,319.0
2025-12-16,max_sharpe,-0.014694518277452273,319.0
2025-12-17,max_sharpe,-0.02314982023010448,319.0
2025-12-18,max_sharpe,-0.014221137168305864,319.0
2025-12-19,max_sharpe,-0.005797776928284537,319.0
2025-12-22,max_sharpe,-0.0014796774462515483,319.0
2025-12-23,max_sharpe,0.0,320.0
2025-12-24,max_sharpe,0.0,321.0
2025-12-26,max_sharpe,0.0,322.0
2025-12-29,max_sharpe,-0.0029801947960789166,322.0
2025-12-30,max_sharpe,-0.0009907605311474388,322.0
2025-12-31,max_sharpe,-0.005428802165263535,322.0
2026-01-02,max_sharpe,0.0,323.0
2026-01-05,max_sharpe,0.0,324.0
2026-01-06,max_sharpe,0.0,325.0
2026-01-07,max_sharpe,-0.005158333277847094,325.0
2026-01-08,max_sharpe,-0.004997757824117821,325.0
2026-01-09,max_sharpe,0.0,326.0
2026-01-12,max_sharpe,0.0,327.0
2026-01-13,max_sharpe,-0.005670940816011494,327.0
2026-01-14,max_sharpe,-0.0031305193711714807,327.0
2026-01-15,max_sharpe,-0.00039621808273848647,327.0
2026-01-16,max_sharpe,-0.0010024497771220497,327.0
2026-01-20,max_sharpe,-0.014977040767586658,327.0
2026-01-21,max_sharpe,-0.0020945230332872766,327.0
2026-01-22,max_sharpe,0.0,328.0
2026-01-23,max_sharpe,0.0,329.0
2026-01-26,max_sharpe,0.0,330.0
2026-01-27,max_sharpe,0.0,331.0
2026-01-28,max_sharpe,-0.0014770358268142436,331.0
2026-01-29,max_sharpe,-0.0012927388262167216,331.0
2026-01-30,max_sharpe,-0.014630595241020061,331.0
2026-02-02,max_sharpe,-0.009884152555397874,331.0
2026-02-03,max_sharpe,-0.009225371008532268,331.0
2026-02-04,max_sharpe,-0.01423227818203332,331.0
2026-02-05,max_sharpe,-0.02413987463916545,331.0
2026-02-06,max_sharpe,-0.0012442261693197398,331.0
2026-02-09,max_sharpe,0.0,332.0
2026-02-10,max_sharpe,0.0,333.0
2026-02-11,max_sharpe,0.0,334.0
2026-02-12,max_sharpe,-0.010613202130892119,334.0
2026-02-13,max_sharpe,-0.00842775719269484,334.0
2026-02-17,max_sharpe,-0.009837208037217882,334.0
2026-02-18,max_sharpe,-0.006315151038411959,334.0
2026-02-19,max_sharpe,-0.008918012197124292,334.0
2026-02-20,max_sharpe,0.0,335.0
2026-02-23,max_sharpe,-0.008111316402191093,335.0
2026-02-24,max_sharpe,0.0,336.0
2026-02-25,max_sharpe,0.0,337.0
2026-02-26,max_sharpe,-0.00528197419830867,337.0
2026-02-27,max_sharpe,-0.007753478341646192,337.0
2026-03-02,max_sharpe,-0.022587275589455946,337.0
2026-03-03,max_sharpe,-0.056592707418879895,337.0
2026-03-04,max_sharpe,-0.04617191206112614,337.0
2026-03-05,max_sharpe,-0.06555963130283671,337.0
2026-03-06,max_sharpe,-0.0740051334768752,337.0
2026-03-09,max_sharpe,-0.06234195561044942,337.0
2026-03-10,max_sharpe,-0.06028059346138481,337.0
2026-03-11,max_sharpe,-0.06040904315445916,337.0
2026-03-12,max_sharpe,-0.08151973456957018,337.0
2026-03-13,max_sharpe,-0.08778229207122856,337.0
2026-03-16,max_sharpe,-0.06907006592687148,337.0
2026-03-17,max_sharpe,-0.06497337134165193,337.0
2026-03-18,max_sharpe,-0.08167086848880756,337.0
2026-03-19,max_sharpe,-0.08184516975213008,337.0
2026-03-20,max_sharpe,-0.10865527502490724,337.0
2026-03-23,max_sharpe,-0.08693388504323762,337.0
2026-03-24,max_sharpe,-0.09420423358368768,337.0
2026-03-25,max_sharpe,-0.08177760172332049,337.0
2026-03-26,max_sharpe,-0.10506059547634117,337.0
2026-03-27,max_sharpe,-0.11320000402045294,337.0
2026-03-30,max_sharpe,-0.11630466972047004,337.0
2026-03-31,max_sharpe,-0.08618202242641027,337.0
2026-04-01,max_sharpe,-0.07647532196342188,337.0
2026-04-02,max_sharpe,-0.0823315932509775,337.0
2026-04-06,max_sharpe,-0.07629451130545262,337.0
2026-04-07,max_sharpe,-0.0753313592028696,337.0
2026-04-08,max_sharpe,-0.03570473114809547,337.0
2026-04-09,max_sharpe,-0.03653605097073964,337.0
2026-04-10,max_sharpe,-0.03412169296621392,337.0
2026-04-13,max_sharpe,-0.026273326730292812,337.0
2026-04-14,max_sharpe,-0.01313337655336222,337.0
2026-04-15,max_sharpe,-0.013453706134961219,337.0
2026-04-16,max_sharpe,-0.012503885137732929,337.0
2026-04-17,max_sharpe,0.0,338.0
2026-04-20,max_sharpe,-0.004339655063475001,338.0
2026-04-21,max_sharpe,-0.020421741345325928,338.0
2026-04-22,max_sharpe,-0.010071866426290987,338.0
2026-04-23,max_sharpe,-0.020177318294633872,338.0
2026-04-24,max_sharpe,-0.007961974002607564,338.0
2026-04-27,max_sharpe,-0.009710568761048588,338.0
2026-04-28,max_sharpe,-0.01693590374794718,338.0
2026-04-29,max_sharpe,-0.02320979681803481,338.0
2026-04-30,max_sharpe,-0.003097607806730962,338.0
2026-05-01,max_sharpe,-0.002975839942191416,338.0
2026-05-04,max_sharpe,-0.007550097667012978,338.0
2026-05-05,max_sharpe,0.0,339.0
2026-05-06,max_sharpe,0.0,340.0
2026-05-07,max_sharpe,-0.007743565248618078,340.0
2026-05-08,max_sharpe,0.0,341.0
2026-05-11,max_sharpe,0.0,342.0
2026-05-12,max_sharpe,-0.0097750882563723,342.0
2026-05-13,max_sharpe,0.0,343.0
2026-05-14,max_sharpe,0.0,344.0
2026-05-15,max_sharpe,-0.018121494618202227,344.0
2026-05-18,max_sharpe,-0.017886457342382478,344.0
2026-05-19,max_sharpe,-0.02526968734176327,344.0
2026-05-20,max_sharpe,-0.011159402361418103,344.0
2026-05-21,max_sharpe,-0.0072168709037889744,344.0
2026-05-22,max_sharpe,-0.005616059538501417,344.0
2026-05-26,max_sharpe,0.0,345.0
2026-05-27,max_sharpe,-0.0009829467463228214,345.0
2026-05-28,max_sharpe,0.0,346.0
2026-05-29,max_sharpe,0.0,347.0
2026-06-01,max_sharpe,0.0,348.0
2026-06-02,max_sharpe,0.0,349.0
2026-06-03,max_sharpe,-0.006514570311828893,349.0
2026-06-04,max_sharpe,-0.006889521542659649,349.0
2026-06-05,max_sharpe,-0.04520366901623163,349.0
2026-06-08,max_sharpe,-0.036333318488831035,349.0
2026-06-09,max_sharpe,-0.041068864047037135,349.0
2026-06-10,max_sharpe,-0.05735137139417945,349.0
2026-06-11,max_sharpe,-0.031133864101378417,349.0
2026-06-12,max_sharpe,-0.02587523372206879,349.0
2026-06-15,max_sharpe,-0.00364404326724288,349.0
2026-06-16,max_sharpe,-0.01457067718670868,349.0
2026-06-17,max_sharpe,-0.0237889345636898,349.0
2026-06-18,max_sharpe,-0.00620495242817487,349.0
2026-06-22,max_sharpe,-0.007137393231442579,349.0
2026-06-23,max_sharpe,-0.03360156434412109,349.0
2026-06-24,max_sharpe,-0.035104741096675496,349.0
2026-06-25,max_sharpe,-0.029523787205395613,349.0
2026-06-26,max_sharpe,-0.038762626662729116,349.0
2026-06-29,max_sharpe,-0.023047552388354653,349.0
2026-06-30,max_sharpe,-0.011982393913191447,349.0
2026-07-01,max_sharpe,-0.02249301010118221,349.0
2026-07-02,max_sharpe,-0.02479373542253971,349.0
2026-07-06,max_sharpe,-0.015906300488492953,349.0
2026-07-07,max_sharpe,-0.025422743902931533,349.0
2026-07-08,max_sharpe,-0.02964095044955395,349.0
2026-07-09,max_sharpe,-0.01969690720673467,349.0
2026-07-10,max_sharpe,-0.01765286808874722,349.0
2026-07-13,max_sharpe,-0.027909882218334903,349.0
2026-07-14,max_sharpe,-0.022501549099233076,349.0
2026-07-15,max_sharpe,-0.019184213822711738,349.0
2026-07-16,max_sharpe,-0.025835217155168455,349.0
2026-07-17,max_sharpe,-0.034296683855872256,349.0
2026-07-20,max_sharpe,-0.03743664502922206,349.0
2026-07-21,max_sharpe,-0.025173889347238076,349.0
2026-07-22,max_sharpe,-0.02820183943866439,349.0
2026-07-23,max_sharpe,-0.039941964005423825,349.0
2026-07-24,max_sharpe,-0.04116824754860471,349.0
2026-07-27,max_sharpe,-0.03933597615236195,349.0
2026-07-28,max_sharpe,-0.03971368421548438,349.0
2026-07-29,max_sharpe,-0.05351916122063505,349.0
2026-07-30,max_sharpe,-0.033588485224814835,349.0
2026-07-31,max_sharpe,-0.0319837941458625,349.0
2026-08-03,max_sharpe,-0.019278382252122084,349.0
2026-08-04,max_sharpe,-0.003760406945584327,349.0
2026-08-05,max_sharpe,-0.005435318237655862,349.0
2026-08-06,max_sharpe,-0.0073376217801987,349.0
2026-08-07,max_sharpe,0.0,350.0
2026-08-10,max_sharpe,-0.0031580205360973723,350.0
2026-08-11,max_sharpe,-0.003471582371011528,350.0
2026-08-12,max_sharpe,0.0,351.0
2026-08-13,max_sharpe,0.0,352.0
2026-08-14,max_sharpe,0.0,353.0
2026-08-17,max_sharpe,-0.003265792351449859,353.0
2026-08-18,max_sharpe,-0.012813812615396714,353.0
2026-08-19,max_sharpe,-0.009569901542777592,353.0
2026-08-20,max_sharpe,-0.016700909351516136,353.0
2026-08-21,max_sharpe,-0.01031410547258682,353.0
2026-08-24,max_sharpe,-0.013554498750922184,353.0
2026-08-25,max_sharpe,-0.008600237869736294,353.0
2026-08-26,max_sharpe,-0.010696444461692933,353.0
2026-08-27,max_sharpe,-0.008453016756954645,353.0
2026-08-28,max_sharpe,-0.013129612162317672,353.0
2026-08-31,max_sharpe,-0.016504548236459304,353.0
2026-09-01,max_sharpe,-0.02497033086991951,353.0
2026-09-02,max_sharpe,-0.018915718739098475,353.0
2026-09-03,max_sharpe,-0.009752007037869381,353.0
2026-09-04,max_sharpe,-0.010222137553781319,353.0
2026-09-08,max_sharpe,-0.015419604685678934,353.0
2026-09-09,max_sharpe,-0.02425919668682308,353.0
2026-09-10,max_sharpe,-0.03187307029719544,353.0
2026-09-11,max_sharpe,-0.023923195303611755,353.0
2026-09-14,max_sharpe,-0.029475020444494127,353.0
2026-09-15,max_sharpe,-0.03426595528476373,353.0
2026-09-16,max_sharpe,-0.03815500816893769,353.0
2026-09-17,max_sharpe,-0.028935425420878125,353.0
2026-09-18,max_sharpe,-0.033163976959135644,353.0
2026-09-21,max_sharpe,-0.02167568983860224,353.0
2026-09-22,max_sharpe,-0.01926395602603237,353.0
2026-09-23,max_sharpe,-0.031837508780168555,353.0
2026-09-24,max_sharpe,-0.03342896965854425,353.0
2026-09-25,max_sharpe,-0.027169856716761087,353.0
2026-09-28,max_sharpe,-0.03336663077597679,353.0
2026-09-29,max_sharpe,-0.03655997546231693,353.0
2026-09-30,max_sharpe,-0.04045131407235392,353.0
2026-10-01,max_sharpe,-0.0431555862110512,353.0
2026-10-02,max_sharpe,-0.03415498920879667,353.0
2026-10-05,max_sharpe,-0.029625295528136752,353.0
2026-10-06,max_sharpe,-0.02609444722369847,353.0
2026-10-07,max_sharpe,-0.03187511120239073,353.0
2026-10-08,max_sharpe,-0.03740606268073687,353.0
2026-10-09,max_sharpe,-0.031525259207497824,353.0
2023-10-05,min_variance,0.0,1.0
2023-10-06,min_variance,0.0,2.0
2023-10-09,min_variance,0.0,3.0
2023-10-10,min_variance,0.0,4.0
2023-10-11,min_variance,0.0,5.0
2023-10-12,min_variance,0.0,6.0
2023-10-13,min_variance,0.0,7.0
2023-10-16,min_variance,0.0,8.0
2023-10-17,min_variance,0.0,9.0
2023-10-18,min_variance,0.0,10.0
2023-10-19,min_variance,0.0,11.0
2023-10-20,min_variance,0.0,12.0
2023-10-23,min_variance,0.0,13.0
2023-10-24,min_variance,0.0,14.0
2023-10-25,min_variance,0.0,15.0
2023-10-26,min_variance,0.0,16.0
2023-10-27,min_variance,0.0,17.0
2023-10-30,min_variance,0.0,18.0
2023-10-31,min_variance,0.0,19.0
2023-11-01,min_variance,0.0,20.0
2023-11-02,min_variance,0.0,21.0
2023-11-03,min_variance,0.0,22.0
2023-11-06,min_variance,0.0,23.0
2023-11-07,min_variance,0.0,24.0
2023-11-08,min_variance,0.0,25.0
2023-11-09,min_variance,0.0,26.0
2023-11-10,min_variance,0.0,27.0
2023-11-13,min_variance,0.0,28.0
2023-11-14,min_variance,0.0,29.0
2023-11-15,min_variance,0.0,30.0
2023-11-16,min_variance,0.0,31.0
2023-11-17,min_variance,0.0,32.0
2023-11-20,min_variance,0.0,33.0
2023-11-21,min_variance,0.0,34.0
2023-11-22,min_variance,0.0,35.0
2023-11-24,min_variance,0.0,36.0
2023-11-27,min_variance,0.0,37.0
2023-11-28,min_variance,0.0,38.0
2023-11-29,min_variance,0.0,39.0
2023-11-30,min_variance,0.0,40.0
2023-12-01,min_variance,0.0,41.0
2023-12-04,min_variance,0.0,42.0
2023-12-05,min_variance,0.0,43.0
2023-12-06,min_variance,0.0,44.0
2023-12-07,min_variance,0.0,45.0
2023-12-08,min_variance,0.0,46.0
2023-12-11,min_variance,0.0,47.0
2023-12-12,min_variance,0.0,48.0
2023-12-13,min_variance,0.0,49.0
2023-12-14,min_variance,0.0,50.0
2023-12-15,min_variance,0.0,51.0
2023-12-18,min_variance,0.0,52.0
2023-12-19,min_variance,0.0,53.0
2023-12-20,min_variance,0.0,54.0
2023-12-21,min_variance,0.0,55.0
2023-12-22,min_variance,0.0,56.0
2023-12-26,min_variance,0.0,57.0
2023-12-27,min_variance,0.0,58.0
2023-12-28,min_variance,0.0,59.0
2023-12-29,min_variance,0.0,60.0
2024-01-02,min_variance,0.0,61.0
2024-01-03,min_variance,0.0,62.0
2024-01-04,min_variance,0.0,63.0
2024-01-05,min_variance,0.0,64.0
2024-01-08,min_variance,0.0,65.0
2024-01-09,min_variance,0.0,66.0
2024-01-10,min_variance,0.0,67.0
2024-01-11,min_variance,0.0,68.0
2024-01-12,min_variance,0.0,69.0
2024-01-16,min_variance,0.0,70.0
2024-01-17,min_variance,0.0,71.0
2024-01-18,min_variance,0.0,72.0
2024-01-19,min_variance,0.0,73.0
2024-01-22,min_variance,0.0,74.0
2024-01-23,min_variance,0.0,75.0
2024-01-24,min_variance,0.0,76.0
2024-01-25,min_variance,0.0,77.0
2024-01-26,min_variance,0.0,78.0
2024-01-29,min_variance,0.0,79.0
2024-01-30,min_variance,0.0,80.0
2024-01-31,min_variance,0.0,81.0
2024-02-01,min_variance,0.0,82.0
2024-02-02,min_variance,0.0,83.0
2024-02-05,min_variance,0.0,84.0
2024-02-06,min_variance,0.0,85.0
2024-02-07,min_variance,0.0,86.0
2024-02-08,min_variance,0.0,87.0
2024-02-09,min_variance,0.0,88.0
2024-02-12,min_variance,0.0,89.0
2024-02-13,min_variance,0.0,90.0
2024-02-14,min_variance,0.0,91.0
2024-02-15,min_variance,0.0,92.0
2024-02-16,min_variance,0.0,93.0
2024-02-20,min_variance,0.0,94.0
2024-02-21,min_variance,0.0,95.0
2024-02-22,min_variance,0.0,96.0
2024-02-23,min_variance,0.0,97.0
2024-02-26,min_variance,0.0,98.0
2024-02-27,min_variance,0.0,99.0
2024-02-28,min_variance,0.0,100.0
2024-02-29,min_variance,0.0,101.0
2024-03-01,min_variance,0.0,102.0
2024-03-04,min_variance,0.0,103.0
2024-03-05,min_variance,0.0,104.0
2024-03-06,min_variance,0.0,105.0
2024-03-07,min_variance,0.0,106.0
2024-03-08,min_variance,0.0,107.0
2024-03-11,min_variance,0.0,108.0
2024-03-12,min_variance,0.0,109.0
2024-03-13,min_variance,0.0,110.0
2024-03-14,min_variance,0.0,111.0
2024-03-15,min_variance,0.0,112.0
2024-03-18,min_variance,0.0,113.0
2024-03-19,min_variance,0.0,114.0
2024-03-20,min_variance,0.0,115.0
2024-03-21,min_variance,0.0,116.0
2024-03-22,min_variance,0.0,117.0
2024-03-25,min_variance,0.0,118.0
2024-03-26,min_variance,0.0,119.0
2024-03-27,min_variance,0.0,120.0
2024-03-28,min_variance,0.0,121.0
2024-04-01,min_variance,0.0,122.0
2024-04-02,min_variance,0.0,123.0
2024-04-03,min_variance,0.0,124.0
2024-04-04,min_variance,0.0,125.0
2024-04-05,min_variance,0.0,126.0
2024-04-08,min_variance,0.0,127.0
2024-04-09,min_variance,0.0,128.0
2024-04-10,min_variance,0.0,129.0
2024-04-11,min_variance,0.0,130.0
2024-04-12,min_variance,0.0,131.0
2024-04-15,min_variance,0.0,132.0
2024-04-16,min_variance,0.0,133.0
2024-04-17,min_variance,0.0,134.0
2024-04-18,min_variance,0.0,135.0
2024-04-19,min_variance,0.0,136.0
2024-04-22,min_variance,0.0,137.0
2024-04-23,min_variance,0.0,138.0
2024-04-24,min_variance,0.0,139.0
2024-04-25,min_variance,0.0,140.0
2024-04-26,min_variance,0.0,141.0
2024-04-29,min_variance,0.0,142.0
2024-04-30,min_variance,0.0,143.0
2024-05-01,min_variance,0.0,144.0
2024-05-02,min_variance,0.0,145.0
2024-05-03,min_variance,0.0,146.0
2024-05-06,min_variance,0.0,147.0
2024-05-07,min_variance,0.0,148.0
2024-05-08,min_variance,0.0,149.0
2024-05-09,min_variance,0.0,150.0
2024-05-10,min_variance,0.0,151.0
2024-05-13,min_variance,0.0,152.0
2024-05-14,min_variance,0.0,153.0
2024-05-15,min_variance,0.0,154.0
2024-05-16,min_variance,0.0,155.0
2024-05-17,min_variance,0.0,156.0
2024-05-20,min_variance,0.0,157.0
2024-05-21,min_variance,0.0,158.0
2024-05-22,min_variance,0.0,159.0
2024-05-23,min_variance,0.0,160.0
2024-05-24,min_variance,0.0,161.0
2024-05-28,min_variance,0.0,162.0
2024-05-29,min_variance,0.0,163.0
2024-05-30,min_variance,0.0,164.0
2024-05-31,min_variance,0.0,165.0
2024-06-03,min_variance,0.0,166.0
2024-06-04,min_variance,0.0,167.0
2024-06-05,min_variance,0.0,168.0
2024-06-06,min_variance,0.0,169.0
2024-06-07,min_variance,0.0,170.0
2024-06-10,min_variance,0.0,171.0
2024-06-11,min_variance,0.0,172.0
2024-06-12,min_variance,0.0,173.0
2024-06-13,min_variance,0.0,174.0
2024-06-14,min_variance,0.0,175.0
2024-06-17,min_variance,0.0,176.0
2024-06-18,min_variance,0.0,177.0
2024-06-20,min_variance,0.0,178.0
2024-06-21,min_variance,0.0,179.0
2024-06-24,min_variance,0.0,180.0
2024-06-25,min_variance,0.0,181.0
2024-06-26,min_variance,0.0,182.0
2024-06-27,min_variance,0.0,183.0
2024-06-28,min_variance,0.0,184.0
2024-07-01,min_variance,0.0,185.0
2024-07-02,min_variance,0.0,186.0
2024-07-03,min_variance,0.0,187.0
2024-07-05,min_variance,0.0,188.0
2024-07-08,min_variance,0.0,189.0
2024-07-09,min_variance,0.0,190.0
2024-07-10,min_variance,0.0,191.0
2024-07-11,min_variance,0.0,192.0
2024-07-12,min_variance,0.0,193.0
2024-07-15,min_variance,0.0,194.0
2024-07-16,min_variance,0.0,195.0
2024-07-17,min_variance,0.0,196.0
2024-07-18,min_variance,0.0,197.0
2024-07-19,min_variance,0.0,198.0
2024-07-22,min_variance,0.0,199.0
2024-07-23,min_variance,0.0,200.0
2024-07-24,min_variance,0.0,201.0
2024-07-25,min_variance,0.0,202.0
2024-07-26,min_variance,0.0,203.0
2024-07-29,min_variance,0.0,204.0
2024-07-30,min_variance,0.0,205.0
2024-07-31,min_variance,0.0,206.0
2024-08-01,min_variance,0.0,207.0
2024-08-02,min_variance,0.0,208.0
2024-08-05,min_variance,0.0,209.0
2024-08-06,min_variance,0.0,210.0
2024-08-07,min_variance,0.0,211.0
2024-08-08,min_variance,0.0,212.0
2024-08-09,min_variance,0.0,213.0
2024-08-12,min_variance,0.0,214.0
2024-08-13,min_variance,0.0,215.0
2024-08-14,min_variance,0.0,216.0
2024-08-15,min_variance,0.0,217.0
2024-08-16,min_variance,0.0,218.0
2024-08-19,min_variance,0.0,219.0
2024-08-20,min_variance,0.0,220.0
2024-08-21,min_variance,0.0,221.0
2024-08-22,min_variance,0.0,222.0
2024-08-23,min_variance,0.0,223.0
2024-08-26,min_variance,0.0,224.0
2024-08-27,min_variance,0.0,225.0
2024-08-28,min_variance,0.0,226.0
2024-08-29,min_variance,0.0,227.0
2024-08-30,min_variance,0.0,228.0
2024-09-03,min_variance,0.0,229.0
2024-09-04,min_variance,0.0,230.0
2024-09-05,min_variance,0.0,231.0
2024-09-06,min_variance,0.0,232.0
2024-09-09,min_variance,0.0,233.0
2024-09-10,min_variance,0.0,234.0
2024-09-11,min_variance,0.0,235.0
2024-09-12,min_variance,0.0,236.0
2024-09-13,min_variance,0.0,237.0
2024-09-16,min_variance,0.0,238.0
2024-09-17,min_variance,0.0,239.0
2024-09-18,min_variance,0.0,240.0
2024-09-19,min_variance,0.0,241.0
2024-09-20,min_variance,0.0,242.0
2024-09-23,min_variance,0.0,243.0
2024-09-24,min_variance,0.0,244.0
2024-09-25,min_variance,0.0,245.0
2024-09-26,min_variance,0.0,246.0
2024-09-27,min_variance,0.0,247.0
2024-09-30,min_variance,0.0,248.0
2024-10-01,min_variance,0.0,249.0
2024-10-02,min_variance,0.0,250.0
2024-10-03,min_variance,0.0,251.0
2024-10-04,min_variance,0.0,252.0
2024-10-07,min_variance,0.0,253.0
2024-10-08,min_variance,0.0,254.0
2024-10-09,min_variance,0.0,255.0
2024-10-10,min_variance,0.0,256.0
2024-10-11,min_variance,0.0,257.0
2024-10-14,min_variance,0.0,258.0
2024-10-15,min_variance,0.0,259.0
2024-10-16,min_variance,0.0,260.0
2024-10-17,min_variance,0.0,261.0
2024-10-18,min_variance,0.0,262.0
2024-10-21,min_variance,0.0,263.0
2024-10-22,min_variance,0.0,264.0
2024-10-23,min_variance,0.0,265.0
2024-10-24,min_variance,0.0,266.0
2024-10-25,min_variance,0.0,267.0
2024-10-28,min_variance,0.0,268.0
2024-10-29,min_variance,0.0,269.0
2024-10-30,min_variance,0.0,270.0
2024-10-31,min_variance,0.0,271.0
2024-11-01,min_variance,-0.000525396821612345,271.0
2024-11-04,min_variance,0.0,272.0
2024-11-05,min_variance,0.0,273.0
2024-11-06,min_variance,0.0,274.0
2024-11-07,min_variance,0.0,275.0
2024-11-08,min_variance,-0.008628555001247262,275.0
2024-11-11,min_variance,-0.009629511063274365,275.0
2024-11-12,min_variance,-0.02178178181941448,275.0
2024-11-13,min_variance,-0.0250650749588186,275.0
2024-11-14,min_variance,-0.027948343572739898,275.0
2024-11-15,min_variance,-0.03450272601509019,275.0
2024-11-18,min_variance,-0.02866285120887757,275.0
2024-11-19,min_variance,-0.027818892754916336,275.0
2024-11-20,min_variance,-0.02893110490841455,275.0
2024-11-21,min_variance,-0.027065635417622635,275.0
2024-11-22,min_variance,-0.02429635762795923,275.0
2024-11-25,min_variance,-0.020826319279004246,275.0
2024-11-26,min_variance,-0.02169372930207014,275.0
2024-11-27,min_variance,-0.020612157737124215,275.0
2024-11-29,min_variance,-0.012669529723158934,275.0
2024-12-02,min_variance,-0.010132721175793002,275.0
2024-12-03,min_variance,-0.007288792146184941,275.0
2024-12-04,min_variance,-0.004027679900945769,275.0
2024-12-05,min_variance,-0.0014116370078209872,275.0
2024-12-06,min_variance,-0.0010263759367850067,275.0
2024-12-09,min_variance,0.0,276.0
2024-12-10,min_variance,-0.008108954636584453,276.0
2024-12-11,min_variance,-0.001736680585322059,276.0
2024-12-12,min_variance,-0.008287573982070029,276.0
2024-12-13,min_variance,-0.009283178075854215,276.0
2024-12-16,min_variance,-0.009984302812918955,276.0
2024-12-17,min_variance,-0.012722923440770972,276.0
2024-12-18,min_variance,-0.03878101268218004,276.0
2024-12-19,min_variance,-0.03946598090178566,276.0
2024-12-20,min_variance,-0.03512798820833607,276.0
2024-12-23,min_variance,-0.02920684096253201,276.0
2024-12-24,min_variance,-0.022890361104885404,276.0
2024-12-26,min_variance,-0.021735709806655623,276.0
2024-12-27,min_variance,-0.027335672511737297,276.0
2024-12-30,min_variance,-0.03590798018293284,276.0
2024-12-31,min_variance,-0.03796378275273393,276.0
2025-01-02,min_variance,-0.04050808189647093,276.0
2025-01-03,min_variance,-0.03223633311936325,276.0
2025-01-06,min_variance,-0.025641176675979538,276.0
2025-01-07,min_variance,-0.031743378351789975,276.0
2025-01-08,min_variance,-0.03270906892760539,276.0
2025-01-10,min_variance,-0.0477884589326143,276.0
2025-01-13,min_variance,-0.04955387612739948,276.0
2025-01-14,min_variance,-0.04553966508957019,276.0
2025-01-15,min_variance,-0.031216387171574267,276.0
2025-01-16,min_variance,-0.030208100306443608,276.0
2025-01-17,min_variance,-0.02321323675204867,276.0
2025-01-21,min_variance,-0.009659575336595894,276.0
2025-01-22,min_variance,-0.008213047804646822,276.0
2025-01-23,min_variance,-0.002320865503858238,276.0
2025-01-24,min_variance,0.0,277.0
2025-01-27,min_variance,-0.009229642894993284,277.0
2025-01-28,min_variance,-0.004933777147848817,277.0
2025-01-29,min_variance,-0.006717708263560995,277.0
2025-01-30,min_variance,0.0,278.0
2025-01-31,min_variance,-0.008159646122929964,278.0
2025-02-03,min_variance,-0.016959722108034647,278.0
2025-02-04,min_variance,-0.006229327222386671,278.0
2025-02-05,min_variance,-0.0012678318153094281,278.0
2025-02-06,min_variance,0.0,279.0
2025-02-07,min_variance,-0.007630626881461766,279.0
2025-02-10,min_variance,0.0,280.0
2025-02-11,min_variance,0.0,281.0
2025-02-12,min_variance,0.0,282.0
2025-02-13,min_variance,0.0,283.0
2025-02-14,min_variance,0.0,284.0
2025-02-18,min_variance,0.0,285.0
2025-02-19,min_variance,-0.003560784220910662,285.0
2025-02-20,min_variance,-0.0014788616923001596,285.0
2025-02-21,min_variance,-0.011276800147303256,285.0
2025-02-24,min_variance,-0.01640073794038277,285.0
2025-02-25,min_variance,-0.014543692230320593,285.0
2025-02-26,min_variance,-0.01181908374752827,285.0
2025-02-27,min_variance,-0.02641755972310189,285.0
2025-02-28,min_variance,-0.022434379473778132,285.0
2025-03-03,min_variance,-0.02644255674649376,285.0
2025-03-04,min_variance,-0.029509966447767044,285.0
2025-03-05,min_variance,-0.010208265839061093,285.0
2025-03-06,min_variance,-0.02249313502152417,285.0
2025-03-07,min_variance,-0.015244103440404388,285.0
2025-03-10,min_variance,-0.03969162678467886,285.0
2025-03-11,min_variance,-0.04248555647625274,285.0
2025-03-12,min_variance,-0.0366410320866315,285.0
2025-03-13,min_variance,-0.04502589264386736,285.0
2025-03-14,min_variance,-0.02666160615792934,285.0
2025-03-17,min_variance,-0.015873190023867445,285.0
2025-03-18,min_variance,-0.021055196902674322,285.0
2025-03-19,min_variance,-0.015298922632446477,285.0
2025-03-20,min_variance,-0.021654506064112122,285.0
2025-03-21,min_variance,-0.024985364706472946,285.0
2025-03-24,min_variance,-0.017365533244006803,285.0
2025-03-25,min_variance,-0.014861351628887576,285.0
2025-03-26,min_variance,-0.025831835602369013,285.0
2025-03-27,min_variance,-0.02499214049596865,285.0
2025-03-28,min_variance,-0.03990034773055928,285.0
2025-03-31,min_variance,-0.04116941194872947,285.0
2025-04-01,min_variance,-0.038922270221229405,285.0
2025-04-02,min_variance,-0.03533395850293197,285.0
2025-04-03,min_variance,-0.06655489127992975,285.0
2025-04-04,min_variance,-0.12345877770036562,285.0
2025-04-07,min_variance,-0.1391972712571744,285.0
2025-04-08,min_variance,-0.14819678452700924,285.0
2025-04-09,min_variance,-0.07431600006902506,285.0
2025-04-10,min_variance,-0.10118344281519365,285.0
2025-04-11,min_variance,-0.08013599554811912,285.0
2025-04-14,min_variance,-0.07092784504868865,285.0
2025-04-15,min_variance,-0.06875633417664606,285.0
2025-04-16,min_variance,-0.0805500684025906,285.0
2025-04-17,min_variance,-0.07454692751626446,285.0
2025-04-21,min_variance,-0.08524398932031318,285.0
2025-04-22,min_variance,-0.06547572220174058,285.0
2025-04-23,min_variance,-0.05617848345959142,285.0
2025-04-24,min_variance,-0.04109659902464857,285.0
2025-04-25,min_variance,-0.03704949655417433,285.0
2025-04-28,min_variance,-0.03392471091226412,285.0
2025-04-29,min_variance,-0.030222213052836455,285.0
2025-04-30,min_variance,-0.030058746237207612,285.0
2025-05-01,min_variance,-0.028844714693761153,285.0
2025-05-02,min_variance,-0.008467746743307414,285.0
2025-05-05,min_variance,-0.0069333518654973725,285.0
2025-05-06,min_variance,-0.011007193717560426,285.0
2025-05-07,min_variance,-0.014904465137749123,285.0
2025-05-08,min_variance,-0.014599969388298994,285.0
2025-05-09,min_variance,-0.010881062952726062,285.0
2025-05-12,min_variance,0.0,286.0
2025-05-13,min_variance,0.0,287.0
2025-05-14,min_variance,0.0,288.0
2025-05-15,min_variance,0.0,289.0
2025-05-16,min_variance,0.0,290.0
2025-05-19,min_variance,0.0,291.0
2025-05-20,min_variance,0.0,292.0
2025-05-21,min_variance,-0.00790059783451691,292.0
2025-05-22,min_variance,-0.00905901142673382,292.0
2025-05-23,min_variance,-0.009084660909278175,292.0
2025-05-27,min_variance,0.0,293.0
2025-05-28,min_variance,-0.0076909016884004755,293.0
2025-05-29,min_variance,-0.003665787493682182,293.0
2025-05-30,min_variance,-0.007282948776751286,293.0
2025-06-02,min_variance,0.0,294.0
2025-06-03,min_variance,-0.0007055478913045032,294.0
2025-06-04,min_variance,0.0,295.0
2025-06-05,min_variance,0.0,296.0
2025-06-06,min_variance,0.0,297.0
2025-06-09,min_variance,0.0,298.0
2025-06-10,min_variance,0.0,299.0
2025-06-11,min_variance,0.0,300.0
2025-06-12,min_variance,0.0,301.0
2025-06-13,min_variance,-0.013423472289931793,301.0
2025-06-16,min_variance,-0.005362493980464622,301.0
2025-06-17,min_variance,-0.01686231459825238,301.0
2025-06-18,min_variance,-0.016308555241089873,301.0
2025-06-20,min_variance,-0.02231827946782383,301.0
2025-06-23,min_variance,-0.014115245152266476,301.0
2025-06-24,min_variance,0.0,302.0
2025-06-25,min_variance,-0.0016878176999131078,302.0
2025-06-26,min_variance,0.0,303.0
2025-06-27,min_variance,0.0,304.0
2025-06-30,min_variance,0.0,305.0
2025-07-01,min_variance,-0.00012204076393529384,305.0
2025-07-02,min_variance,0.0,306.0
2025-07-03,min_variance,0.0,307.0
2025-07-07,min_variance,-0.011040336008754759,307.0
2025-07-08,min_variance,-0.006235847020161334,307.0
2025-07-09,min_variance,-0.002214230350214952,307.0
2025-07-10,min_variance,-0.0008372170142509905,307.0
2025-07-11,min_variance,-0.006700969624703013,307.0
2025-07-14,min_variance,-0.005712206557405786,307.0
2025-07-15,min_variance,-0.008589450360189321,307.0
2025-07-16,min_variance,-0.004521168214530413,307.0
2025-07-17,min_variance,0.0,308.0
2025-07-18,min_variance,-0.002063266847789458,308.0
2025-07-21,min_variance,0.0,309.0
2025-07-22,min_variance,0.0,310.0
2025-07-23,min_variance,0.0,311.0
2025-07-24,min_variance,-0.004690089569030498,311.0
2025-07-25,min_variance,-0.005055716307423963,311.0
2025-07-28,min_variance,-0.013703209817204742,311.0
2025-07-29,min_variance,-0.015056549594343105,311.0
2025-07-30,min_variance,-0.020600004351704504,311.0
2025-07-31,min_variance,-0.027618278810357944,311.0
2025-08-01,min_variance,-0.03538770151047732,311.0
2025-08-04,min_variance,-0.02299738687435504,311.0
2025-08-05,min_variance,-0.023460893881244838,311.0
2025-08-06,min_variance,-0.017361965857339512,311.0
2025-08-07,min_variance,-0.011344052683577854,311.0
2025-08-08,min_variance,-0.0071080927681336226,311.0
2025-08-11,min_variance,-0.010239871109140708,311.0
2025-08-12,min_variance,0.0,312.0
2025-08-13,min_variance,0.0,313.0
2025-08-14,min_variance,-0.003984947636585412,313.0
2025-08-15,min_variance,-0.001854481383201101,313.0
2025-08-18,min_variance,-0.00045486244842152246,313.0
2025-08-19,min_variance,-0.004543401549255255,313.0
2025-08-20,min_variance,-0.004262158837148644,313.0
2025-08-21,min_variance,-0.00858778986304043,313.0
2025-08-22,min_variance,0.0,314.0
2025-08-25,min_variance,-0.008400229215970945,314.0
2025-08-26,min_variance,-0.008568134353296952,314.0
2025-08-27,min_variance,-0.010863909465378407,314.0
2025-08-28,min_variance,-0.007208422170416839,314.0
2025-08-29,min_variance,-0.01270962799446207,314.0
2025-09-02,min_variance,-0.018858203856801925,314.0
2025-09-03,min_variance,-0.015581911426868378,314.0
2025-09-04,min_variance,-0.011541980395532447,314.0
2025-09-05,min_variance,-0.006636624762038745,314.0
2025-09-08,min_variance,0.0,315.0
2025-09-09,min_variance,0.0,316.0
2025-09-10,min_variance,0.0,317.0
2025-09-11,min_variance,0.0,318.0
2025-09-12,min_variance,-0.0018587268909633359,318.0
2025-09-15,min_variance,0.0,319.0
2025-09-16,min_variance,0.0,320.0
2025-09-17,min_variance,-0.00035025580995029504,320.0
2025-09-18,min_variance,0.0,321.0
2025-09-19,min_variance,-0.0009633244853312073,321.0
2025-09-22,min_variance,0.0,322.0
2025-09-23,min_variance,-0.002032757649172434,322.0
2025-09-24,min_variance,-0.00630204653640809,322.0
2025-09-25,min_variance,-0.012280355374647889,322.0
2025-09-26,min_variance,-0.008398985555630123,322.0
2025-09-29,min_variance,-0.0030887345127853516,322.0
2025-09-30,min_variance,0.0,323.0
2025-10-01,min_variance,0.0,324.0
2025-10-02,min_variance,0.0,325.0
2025-10-03,min_variance,0.0,326.0
2025-10-06,min_variance,0.0,327.0
2025-10-07,min_variance,-0.007170159342131166,327.0
2025-10-08,min_variance,-0.0017212155226294934,327.0
2025-10-09,min_variance,-0.00942882435874659,327.0
2025-10-10,min_variance,-0.036358070967899336,327.0
2025-10-13,min_variance,-0.019641867070417707,327.0
2025-10-14,min_variance,-0.02136989052541527,327.0
2025-10-15,min_variance,-0.012630029602980986,327.0
2025-10-16,min_variance,-0.009812551735245423,327.0
2025-10-17,min_variance,-0.007853289097512706,327.0
2025-10-20,min_variance,0.0,328.0
2025-10-21,min_variance,-0.007007706412979542,328.0
2025-10-22,min_variance,-0.009145296424260874,328.0
2025-10-23,min_variance,-0.0027175211677638034,328.0
2025-10-24,min_variance,0.0,329.0
2025-10-27,min_variance,0.0,330.0
2025-10-28,min_variance,0.0,331.0
2025-10-29,min_variance,-1.4359232801908206e-05,331.0
2025-10-30,min_variance,-0.008181220964507352,331.0
2025-10-31,min_variance,-0.009139679441613313,331.0
2025-11-03,min_variance,-0.006233179406966216,331.0
2025-11-04,min_variance,-0.019722947656507284,331.0
2025-11-05,min_variance,-0.013211148306910836,331.0
2025-11-06,min_variance,-0.019254076016428368,331.0
2025-11-07,min_variance,-0.01859617680054748,331.0
2025-11-10,min_variance,-0.00459947780840575,331.0
2025-11-11,min_variance,-0.0007306129798658745,331.0
2025-11-12,min_variance,0.0,332.0
2025-11-13,min_variance,-0.012424648381803793,332.0
2025-11-14,min_variance,-0.013400870393829423,332.0
2025-11-17,min_variance,-0.024967458923555008,332.0
2025-11-18,min_variance,-0.03375455523251314,332.0
2025-11-19,min_variance,-0.035289766000374145,332.0
2025-11-20,min_variance,-0.048923175737077385,332.0
2025-11-21,min_variance,-0.04084418865635531,332.0
2025-11-24,min_variance,-0.03355264847287087,332.0
2025-11-25,min_variance,-0.025506823530356826,332.0
2025-11-26,min_variance,-0.017056806503225164,332.0
2025-11-28,min_variance,-0.013924151108004823,332.0
2025-12-01,min_variance,-0.017283498274000997,332.0
2025-12-02,min_variance,-0.015446598886232121,332.0
2025-12-03,min_variance,-0.012358547823737354,332.0
2025-12-04,min_variance,-0.011207542517143287,332.0
2025-12-05,min_variance,-0.007862814424028808,332.0
2025-12-08,min_variance,-0.010572011900357503,332.0
2025-12-09,min_variance,-0.011933730642936347,332.0
2025-12-10,min_variance,-0.00180843276443865,332.0
2025-12-11,min_variance,-0.00086355303030905,332.0
2025-12-12,min_variance,-0.00975567128913113,332.0
2025-12-15,min_variance,-0.008763499964056898,332.0
2025-12-16,min_variance,-0.013643823870986949,332.0
2025-12-17,min_variance,-0.021846722787718598,332.0
2025-12-18,min_variance,-0.013143750800274079,332.0
2025-12-19,min_variance,-0.004848583654643801,332.0
2025-12-22,min_variance,-0.0004757376935389246,332.0
2025-12-23,min_variance,0.0,333.0
2025-12-24,min_variance,0.0,334.0
2025-12-26,min_variance,0.0,335.0
2025-12-29,min_variance,-0.0029354321328173283,335.0
2025-12-30,min_variance,-0.0009082707996854733,335.0
2025-12-31,min_variance,-0.005317605443874607,335.0
2026-01-02,min_variance,0.0,336.0
2026-01-05,min_variance,0.0,337.0
2026-01-06,min_variance,0.0,338.0
2026-01-07,min_variance,-0.005158333277847205,338.0
2026-01-08,min_variance,-0.004997757824118043,338.0
2026-01-09,min_variance,0.0,339.0
2026-01-12,min_variance,0.0,340.0
2026-01-13,min_variance,-0.005670940816011494,340.0
2026-01-14,min_variance,-0.0031305193711713697,340.0
2026-01-15,min_variance,-0.00039621808273837544,340.0
2026-01-16,min_variance,-0.0010024497771219387,340.0
2026-01-20,min_variance,-0.014977040767586436,340.0
2026-01-21,min_variance,-0.0020945230332871656,340.0
2026-01-22,min_variance,0.0,341.0
2026-01-23,min_variance,0.0,342.0
2026-01-26,min_variance,0.0,343.0
2026-01-27,min_variance,0.0,344.0
2026-01-28,min_variance,-0.0014770358268141326,344.0
2026-01-29,min_variance,-0.0012927388262166106,344.0
2026-01-30,min_variance,-0.014630595241020172,344.0
2026-02-02,min_variance,-0.009918352155188659,344.0
2026-02-03,min_variance,-0.009599631370001083,344.0
2026-02-04,min_variance,-0.01439301108217328,344.0
2026-02-05,min_variance,-0.02449095699676951,344.0
2026-02-06,min_variance,-0.0017748959608202552,344.0
2026-02-09,min_variance,0.0,345.0
2026-02-10,min_variance,0.0,346.0
2026-02-11,min_variance,0.0,347.0
2026-02-12,min_variance,-0.010710327780611206,347.0
2026-02-13,min_variance,-0.008611783232055581,347.0
2026-02-17,min_variance,-0.009882763640934211,347.0
2026-02-18,min_variance,-0.00636790891117156,347.0
2026-02-19,min_variance,-0.008975247334930492,347.0
2026-02-20,min_variance,0.0,348.0
2026-02-23,min_variance,-0.008086611849770886,348.0
2026-02-24,min_variance,0.0,349.0
2026-02-25,min_variance,0.0,350.0
2026-02-26,min_variance,-0.005181799979049551,350.0
2026-02-27,min_variance,-0.0077185867150679766,350.0
2026-03-02,min_variance,-0.02205631932599239,350.0
2026-03-03,min_variance,-0.054406870303727706,350.0
2026-03-04,min_variance,-0.044235122603338395,350.0
2026-03-05,min_variance,-0.062286862805022936,350.0
2026-03-06,min_variance,-0.07035203970297232,350.0
2026-03-09,min_variance,-0.05906320846990076,350.0
2026-03-10,min_variance,-0.057184501734646176,350.0
2026-03-11,min_variance,-0.05736760565416721,350.0
2026-03-12,min_variance,-0.07769815526350243,350.0
2026-03-13,min_variance,-0.08420208771760662,350.0
2026-03-16,min_variance,-0.06584612423132097,350.0
2026-03-17,min_variance,-0.06206242803750317,350.0
2026-03-18,min_variance,-0.07850555669288917,350.0
2026-03-19,min_variance,-0.07932310782190621,350.0
2026-03-20,min_variance,-0.1052081030363633,350.0
2026-03-23,min_variance,-0.0845866239396299,350.0
2026-03-24,min_variance,-0.09213724317458816,350.0
2026-03-25,min_variance,-0.0803617448886178,350.0
2026-03-26,min_variance,-0.10329478012447058,350.0
2026-03-27,min_variance,-0.11172882984424304,350.0
2026-03-30,min_variance,-0.11405995114976764,350.0
2026-03-31,min_variance,-0.0844196134632127,350.0
2026-04-01,min_variance,-0.07481709948271786,350.0
2026-04-02,min_variance,-0.0789784078124105,350.0
2026-04-06,min_variance,-0.07365831470776796,350.0
2026-04-07,min_variance,-0.07333901760120864,350.0
2026-04-08,min_variance,-0.038997897133437376,350.0
2026-04-09,min_variance,-0.03831175021525479,350.0
2026-04-10,min_variance,-0.03673458680144326,350.0
2026-04-13,min_variance,-0.028984890418447318,350.0
2026-04-14,min_variance,-0.017278979789745685,350.0
2026-04-15,min_variance,-0.015653708114709564,350.0
2026-04-16,min_variance,-0.01498022941653454,350.0
2026-04-17,min_variance,-0.0013385844383677625,350.0
2026-04-20,min_variance,-0.005232670056911526,350.0
2026-04-21,min_variance,-0.019519971835636696,350.0
2026-04-22,min_variance,-0.010463731954843292,350.0
2026-04-23,min_variance,-0.01824752593938206,350.0
2026-04-24,min_variance,-0.008484595270735973,350.0
2026-04-27,min_variance,-0.009617652087434814,350.0
2026-04-28,min_variance,-0.015328983966929277,350.0
2026-04-29,min_variance,-0.02028366465348963,350.0
2026-04-30,min_variance,-0.002978298716493799,350.0
2026-05-01,min_variance,-0.0025412654414429525,350.0
2026-05-04,min_variance,-0.00984962528908151,350.0
2026-05-05,min_variance,0.0,351.0
2026-05-06,min_variance,0.0,352.0
2026-05-07,min_variance,-0.008802799008586604,352.0
2026-05-08,min_variance,0.0,353.0
2026-05-11,min_variance,0.0,354.0
2026-05-12,min_variance,-0.004635543556307908,354.0
2026-05-13,min_variance,0.0,355.0
2026-05-14,min_variance,0.0,356.0
2026-05-15,min_variance,-0.014537795016458244,356.0
2026-05-18,min_variance,-0.012130768302772155,356.0
2026-05-19,min_variance,-0.01882278377158908,356.0
2026-05-20,min_variance,-0.005012869699625999,356.0
2026-05-21,min_variance,-0.0016743532590907106,356.0
2026-05-22,min_variance,-3.3402753721767375e-05,356.0
2026-05-26,min_variance,0.0,357.0
2026-05-27,min_variance,-0.001654110915898177,357.0
2026-05-28,min_variance,0.0,358.0
2026-05-29,min_variance,0.0,359.0
2026-06-01,min_variance,0.0,360.0
2026-06-02,min_variance,0.0,361.0
2026-06-03,min_variance,-0.006757750496466097,361.0
2026-06-04,min_variance,-0.0030590630667109986,361.0
2026-06-05,min_variance,-0.033127471053286284,361.0
2026-06-08,min_variance,-0.02693040728367413,361.0
2026-06-09,min_variance,-0.030204848147988517,361.0
2026-06-10,min_variance,-0.04517856964682021,361.0
2026-06-11,min_variance,-0.020356327836213883,361.0
2026-06-12,min_variance,-0.016021311824148787,361.0
2026-06-15,min_variance,-0.00037193966232484943,361.0
2026-06-16,min_variance,-0.005638217815227664,361.0
2026-06-17,min_variance,-0.014587462232101722,361.0
2026-06-18,min_variance,-0.003239269280390644,361.0
2026-06-22,min_variance,-0.004316891759943431,361.0
2026-06-23,min_variance,-0.024755209642704945,361.0
2026-06-24,min_variance,-0.026523351386762317,361.0
2026-06-25,min_variance,-0.02096811500490514,361.0
2026-06-26,min_variance,-0.02877782167748144,361.0
2026-06-29,min_variance,-0.014207979618359956,361.0
2026-06-30,min_variance,-0.0061929399015141495,361.0
2026-07-01,min_variance,-0.01314602864548764,361.0
2026-07-02,min_variance,-0.011378060132884227,361.0
2026-07-06,min_variance,-0.0014290991841428013,361.0
2026-07-07,min_variance,-0.011507265363444708,361.0
2026-07-08,min_variance,-0.015797485658889165,361.0
2026-07-09,min_variance,-0.007264129419007115,361.0
2026-07-10,min_variance,-0.0037079968079068992,361.0
2026-07-13,min_variance,-0.014199381870966366,361.0
2026-07-14,min_variance,-0.008218121939732814,361.0
2026-07-15,min_variance,-0.004207251130599943,361.0
2026-07-16,min_variance,-0.012074632297278454,361.0
2026-07-17,min_variance,-0.020295380152038578,361.0
2026-07-20,min_variance,-0.023959116750903342,361.0
2026-07-21,min_variance,-0.01163017060238003,361.0
2026-07-22,min_variance,-0.01254281015472658,361.0
2026-07-23,min_variance,-0.025651732542138372,361.0
2026-07-24,min_variance,-0.025052165688418282,361.0
2026-07-27,min_variance,-0.023220759530093726,361.0
2026-07-28,min_variance,-0.02366906278311498,361.0
2026-07-29,min_variance,-0.03530430556464237,361.0
2026-07-30,min_variance,-0.01266877140806777,361.0
2026-07-31,min_variance,-0.011662680689183857,361.0
2026-08-03,min_variance,-0.0011754099754556213,361.0
2026-08-04,min_variance,0.0,362.0
2026-08-05,min_variance,-0.0018588346180963278,362.0
2026-08-06,min_variance,-0.00368048238554175,362.0
2026-08-07,min_variance,0.0,363.0
2026-08-10,min_variance,-0.0030122492786920363,363.0
2026-08-11,min_variance,-0.003761644628997751,363.0
2026-08-12,min_variance,-8.492264827908436e-06,363.0
2026-08-13,min_variance,0.0,364.0
2026-08-14,min_variance,-0.00035972537583084385,364.0
2026-08-17,min_variance,-0.003509916941184854,364.0
2026-08-18,min_variance,-0.013344643144847623,364.0
2026-08-19,min_variance,-0.010552014555549882,364.0
2026-08-20,min_variance,-0.017274669724301805,364.0
2026-08-21,min_variance,-0.011158043575599241,364.0
2026-08-24,min_variance,-0.01461261681177417,364.0
2026-08-25,min_variance,-0.009536194182478419,364.0
2026-08-26,min_variance,-0.011507004993846937,364.0
2026-08-27,min_variance,-0.008574582583072532,364.0
2026-08-28,min_variance,-0.012801346913133393,364.0
2026-08-31,min_variance,-0.015753734567599875,364.0
2026-09-01,min_variance,-0.02437044049671655,364.0
2026-09-02,min_variance,-0.018424108650995086,364.0
2026-09-03,min_variance,-0.009162937623294676,364.0
2026-09-04,min_variance,-0.009645040598042276,364.0
2026-09-08,min_variance,-0.014801690572146087,364.0
2026-09-09,min_variance,-0.023518406691515614,364.0
2026-09-10,min_variance,-0.031144567597327644,364.0
2026-09-11,min_variance,-0.023135400687636976,364.0
2026-09-14,min_variance,-0.028745396755806563,364.0
2026-09-15,min_variance,-0.03353445025391044,364.0
2026-09-16,min_variance,-0.03737369262071799,364.0
2026-09-17,min_variance,-0.028007751683884807,364.0
2026-09-18,min_variance,-0.03211037534202499,364.0
2026-09-21,min_variance,-0.020331124429368574,364.0
2026-09-22,min_variance,-0.01788458589294517,364.0
2026-09-23,min_variance,-0.03035581103137719,364.0
2026-09-24,min_variance,-0.031939579825612796,364.0
2026-09-25,min_variance,-0.025632877958761235,364.0
2026-09-28,min_variance,-0.03188662670014375,364.0
2026-09-29,min_variance,-0.03501802242395691,364.0
2026-09-30,min_variance,-0.038836122232935644,364.0
2026-10-01,min_variance,-0.04134982407978394,364.0
2026-10-02,min_variance,-0.032544540242511966,364.0
2026-10-05,min_variance,-0.028400407762393276,364.0
2026-10-06,min_variance,-0.026955435137214767,364.0
2026-10-07,min_variance,-0.03457225606153269,364.0
2026-10-08,min_variance,-0.037804665672301896,364.0
2026-10-09,min_variance,-0.031923742492017015,364.0
2023-10-05,risk_parity,0.0,1.0
2023-10-06,risk_parity,0.0,2.0
2023-10-09,risk_parity,0.0,3.0
2023-10-10,risk_parity,0.0,4.0
2023-10-11,risk_parity,0.0,5.0
2023-10-12,risk_parity,0.0,6.0
2023-10-13,risk_parity,0.0,7.0
2023-10-16,risk_parity,0.0,8.0
2023-10-17,risk_parity,0.0,9.0
2023-10-18,risk_parity,0.0,10.0
2023-10-19,risk_parity,0.0,11.0
2023-10-20,risk_parity,0.0,12.0
2023-10-23,risk_parity,0.0,13.0
2023-10-24,risk_parity,0.0,14.0
2023-10-25,risk_parity,0.0,15.0
2023-10-26,risk_parity,0.0,16.0
2023-10-27,risk_parity,0.0,17.0
2023-10-30,risk_parity,0.0,18.0
2023-10-31,risk_parity,0.0,19.0
2023-11-01,risk_parity,0.0,20.0
2023-11-02,risk_parity,0.0,21.0
2023-11-03,risk_parity,0.0,22.0
2023-11-06,risk_parity,0.0,23.0
2023-11-07,risk_parity,0.0,24.0
2023-11-08,risk_parity,0.0,25.0
2023-11-09,risk_parity,0.0,26.0
2023-11-10,risk_parity,0.0,27.0
2023-11-13,risk_parity,0.0,28.0
2023-11-14,risk_parity,0.0,29.0
2023-11-15,risk_parity,0.0,30.0
2023-11-16,risk_parity,0.0,31.0
2023-11-17,risk_parity,0.0,32.0
2023-11-20,risk_parity,0.0,33.0
2023-11-21,risk_parity,0.0,34.0
2023-11-22,risk_parity,0.0,35.0
2023-11-24,risk_parity,0.0,36.0
2023-11-27,risk_parity,0.0,37.0
2023-11-28,risk_parity,0.0,38.0
2023-11-29,risk_parity,0.0,39.0
2023-11-30,risk_parity,0.0,40.0
2023-12-01,risk_parity,0.0,41.0
2023-12-04,risk_parity,0.0,42.0
2023-12-05,risk_parity,0.0,43.0
2023-12-06,risk_parity,0.0,44.0
2023-12-07,risk_parity,0.0,45.0
2023-12-08,risk_parity,0.0,46.0
2023-12-11,risk_parity,0.0,47.0
2023-12-12,risk_parity,0.0,48.0
2023-12-13,risk_parity,0.0,49.0
2023-12-14,risk_parity,0.0,50.0
2023-12-15,risk_parity,0.0,51.0
2023-12-18,risk_parity,0.0,52.0
2023-12-19,risk_parity,0.0,53.0
2023-12-20,risk_parity,0.0,54.0
2023-12-21,risk_parity,0.0,55.0
2023-12-22,risk_parity,0.0,56.0
2023-12-26,risk_parity,0.0,57.0
2023-12-27,risk_parity,0.0,58.0
2023-12-28,risk_parity,0.0,59.0
2023-12-29,risk_parity,0.0,60.0
2024-01-02,risk_parity,0.0,61.0
2024-01-03,risk_parity,0.0,62.0
2024-01-04,risk_parity,0.0,63.0
2024-01-05,risk_parity,0.0,64.0
2024-01-08,risk_parity,0.0,65.0
2024-01-09,risk_parity,0.0,66.0
2024-01-10,risk_parity,0.0,67.0
2024-01-11,risk_parity,0.0,68.0
2024-01-12,risk_parity,0.0,69.0
2024-01-16,risk_parity,0.0,70.0
2024-01-17,risk_parity,0.0,71.0
2024-01-18,risk_parity,0.0,72.0
2024-01-19,risk_parity,0.0,73.0
2024-01-22,risk_parity,0.0,74.0
2024-01-23,risk_parity,0.0,75.0
2024-01-24,risk_parity,0.0,76.0
2024-01-25,risk_parity,0.0,77.0
2024-01-26,risk_parity,0.0,78.0
2024-01-29,risk_parity,0.0,79.0
2024-01-30,risk_parity,0.0,80.0
2024-01-31,risk_parity,0.0,81.0
2024-02-01,risk_parity,0.0,82.0
2024-02-02,risk_parity,0.0,83.0
2024-02-05,risk_parity,0.0,84.0
2024-02-06,risk_parity,0.0,85.0
2024-02-07,risk_parity,0.0,86.0
2024-02-08,risk_parity,0.0,87.0
2024-02-09,risk_parity,0.0,88.0
2024-02-12,risk_parity,0.0,89.0
2024-02-13,risk_parity,0.0,90.0
2024-02-14,risk_parity,0.0,91.0
2024-02-15,risk_parity,0.0,92.0
2024-02-16,risk_parity,0.0,93.0
2024-02-20,risk_parity,0.0,94.0
2024-02-21,risk_parity,0.0,95.0
2024-02-22,risk_parity,0.0,96.0
2024-02-23,risk_parity,0.0,97.0
2024-02-26,risk_parity,0.0,98.0
2024-02-27,risk_parity,0.0,99.0
2024-02-28,risk_parity,0.0,100.0
2024-02-29,risk_parity,0.0,101.0
2024-03-01,risk_parity,0.0,102.0
2024-03-04,risk_parity,0.0,103.0
2024-03-05,risk_parity,0.0,104.0
2024-03-06,risk_parity,0.0,105.0
2024-03-07,risk_parity,0.0,106.0
2024-03-08,risk_parity,0.0,107.0
2024-03-11,risk_parity,0.0,108.0
2024-03-12,risk_parity,0.0,109.0
2024-03-13,risk_parity,0.0,110.0
2024-03-14,risk_parity,0.0,111.0
2024-03-15,risk_parity,0.0,112.0
2024-03-18,risk_parity,0.0,113.0
2024-03-19,risk_parity,0.0,114.0
2024-03-20,risk_parity,0.0,115.0
2024-03-21,risk_parity,0.0,116.0
2024-03-22,risk_parity,0.0,117.0
2024-03-25,risk_parity,0.0,118.0
2024-03-26,risk_parity,0.0,119.0
2024-03-27,risk_parity,0.0,120.0
2024-03-28,risk_parity,0.0,121.0
2024-04-01,risk_parity,0.0,122.0
2024-04-02,risk_parity,0.0,123.0
2024-04-03,risk_parity,0.0,124.0
2024-04-04,risk_parity,0.0,125.0
2024-04-05,risk_parity,0.0,126.0
2024-04-08,risk_parity,0.0,127.0
2024-04-09,risk_parity,0.0,128.0
2024-04-10,risk_parity,0.0,129.0
2024-04-11,risk_parity,0.0,130.0
2024-04-12,risk_parity,0.0,131.0
2024-04-15,risk_parity,0.0,132.0
2024-04-16,risk_parity,0.0,133.0
2024-04-17,risk_parity,0.0,134.0
2024-04-18,risk_parity,0.0,135.0
2024-04-19,risk_parity,0.0,136.0
2024-04-22,risk_parity,0.0,137.0
2024-04-23,risk_parity,0.0,138.0
2024-04-24,risk_parity,0.0,139.0
2024-04-25,risk_parity,0.0,140.0
2024-04-26,risk_parity,0.0,141.0
2024-04-29,risk_parity,0.0,142.0
2024-04-30,risk_parity,0.0,143.0
2024-05-01,risk_parity,0.0,144.0
2024-05-02,risk_parity,0.0,145.0
2024-05-03,risk_parity,0.0,146.0
2024-05-06,risk_parity,0.0,147.0
2024-05-07,risk_parity,0.0,148.0
2024-05-08,risk_parity,0.0,149.0
2024-05-09,risk_parity,0.0,150.0
2024-05-10,risk_parity,0.0,151.0
2024-05-13,risk_parity,0.0,152.0
2024-05-14,risk_parity,0.0,153.0
2024-05-15,risk_parity,0.0,154.0
2024-05-16,risk_parity,0.0,155.0
2024-05-17,risk_parity,0.0,156.0
2024-05-20,risk_parity,0.0,157.0
2024-05-21,risk_parity,0.0,158.0
2024-05-22,risk_parity,0.0,159.0
2024-05-23,risk_parity,0.0,160.0
2024-05-24,risk_parity,0.0,161.0
2024-05-28,risk_parity,0.0,162.0
2024-05-29,risk_parity,0.0,163.0
2024-05-30,risk_parity,0.0,164.0
2024-05-31,risk_parity,0.0,165.0
2024-06-03,risk_parity,0.0,166.0
2024-06-04,risk_parity,0.0,167.0
2024-06-05,risk_parity,0.0,168.0
2024-06-06,risk_parity,0.0,169.0
2024-06-07,risk_parity,0.0,170.0
2024-06-10,risk_parity,0.0,171.0
2024-06-11,risk_parity,0.0,172.0
2024-06-12,risk_parity,0.0,173.0
2024-06-13,risk_parity,0.0,174.0
2024-06-14,risk_parity,0.0,175.0
2024-06-17,risk_parity,0.0,176.0
2024-06-18,risk_parity,0.0,177.0
2024-06-20,risk_parity,0.0,178.0
2024-06-21,risk_parity,0.0,179.0
2024-06-24,risk_parity,0.0,180.0
2024-06-25,risk_parity,0.0,181.0
2024-06-26,risk_parity,0.0,182.0
2024-06-27,risk_parity,0.0,183.0
2024-06-28,risk_parity,0.0,184.0
2024-07-01,risk_parity,0.0,185.0
2024-07-02,risk_parity,0.0,186.0
2024-07-03,risk_parity,0.0,187.0
2024-07-05,risk_parity,0.0,188.0
2024-07-08,risk_parity,0.0,189.0
2024-07-09,risk_parity,0.0,190.0
2024-07-10,risk_parity,0.0,191.0
2024-07-11,risk_parity,0.0,192.0
2024-07-12,risk_parity,0.0,193.0
2024-07-15,risk_parity,0.0,194.0
2024-07-16,risk_parity,0.0,195.0
2024-07-17,risk_parity,0.0,196.0
2024-07-18,risk_parity,0.0,197.0
2024-07-19,risk_parity,0.0,198.0
2024-07-22,risk_parity,0.0,199.0
2024-07-23,risk_parity,0.0,200.0
2024-07-24,risk_parity,0.0,201.0
2024-07-25,risk_parity,0.0,202.0
2024-07-26,risk_parity,0.0,203.0
2024-07-29,risk_parity,0.0,204.0
2024-07-30,risk_parity,0.0,205.0
2024-07-31,risk_parity,0.0,206.0
2024-08-01,risk_parity,0.0,207.0
2024-08-02,risk_parity,0.0,208.0
2024-08-05,risk_parity,0.0,209.0
2024-08-06,risk_parity,0.0,210.0
2024-08-07,risk_parity,0.0,211.0
2024-08-08,risk_parity,0.0,212.0
2024-08-09,risk_parity,0.0,213.0
2024-08-12,risk_parity,0.0,214.0
2024-08-13,risk_parity,0.0,215.0
2024-08-14,risk_parity,0.0,216.0
2024-08-15,risk_parity,0.0,217.0
2024-08-16,risk_parity,0.0,218.0
2024-08-19,risk_parity,0.0,219.0
2024-08-20,risk_parity,0.0,220.0
2024-08-21,risk_parity,0.0,221.0
2024-08-22,risk_parity,0.0,222.0
2024-08-23,risk_parity,0.0,223.0
2024-08-26,risk_parity,0.0,224.0
2024-08-27,risk_parity,0.0,225.0
2024-08-28,risk_parity,0.0,226.0
2024-08-29,risk_parity,0.0,227.0
2024-08-30,risk_parity,0.0,228.0
2024-09-03,risk_parity,0.0,229.0
2024-09-04,risk_parity,0.0,230.0
2024-09-05,risk_parity,0.0,231.0
2024-09-06,risk_parity,0.0,232.0
2024-09-09,risk_parity,0.0,233.0
2024-09-10,risk_parity,0.0,234.0
2024-09-11,risk_parity,0.0,235.0
2024-09-12,risk_parity,0.0,236.0
2024-09-13,risk_parity,0.0,237.0
2024-09-16,risk_parity,0.0,238.0
2024-09-17,risk_parity,0.0,239.0
2024-09-18,risk_parity,0.0,240.0
2024-09-19,risk_parity,0.0,241.0
2024-09-20,risk_parity,0.0,242.0
2024-09-23,risk_parity,0.0,243.0
2024-09-24,risk_parity,0.0,244.0
2024-09-25,risk_parity,0.0,245.0
2024-09-26,risk_parity,0.0,246.0
2024-09-27,risk_parity,0.0,247.0
2024-09-30,risk_parity,0.0,248.0
2024-10-01,risk_parity,0.0,249.0
2024-10-02,risk_parity,0.0,250.0
2024-10-03,risk_parity,0.0,251.0
2024-10-04,risk_parity,0.0,252.0
2024-10-07,risk_parity,0.0,253.0
2024-10-08,risk_parity,0.0,254.0
2024-10-09,risk_parity,0.0,255.0
2024-10-10,risk_parity,0.0,256.0
2024-10-11,risk_parity,0.0,257.0
2024-10-14,risk_parity,0.0,258.0
2024-10-15,risk_parity,0.0,259.0
2024-10-16,risk_parity,0.0,260.0
2024-10-17,risk_parity,0.0,261.0
2024-10-18,risk_parity,0.0,262.0
2024-10-21,risk_parity,0.0,263.0
2024-10-22,risk_parity,0.0,264.0
2024-10-23,risk_parity,0.0,265.0
2024-10-24,risk_parity,0.0,266.0
2024-10-25,risk_parity,0.0,267.0
2024-10-28,risk_parity,0.0,268.0
2024-10-29,risk_parity,0.0,269.0
2024-10-30,risk_parity,0.0,270.0
2024-10-31,risk_parity,0.0,271.0
2024-11-01,risk_parity,-0.000525396821612345,271.0
2024-11-04,risk_parity,0.0,272.0
2024-11-05,risk_parity,0.0,273.0
2024-11-06,risk_parity,0.0,274.0
2024-11-07,risk_parity,0.0,275.0
2024-11-08,risk_parity,-0.005740529474367206,275.0
2024-11-11,risk_parity,-0.004692109554001234,275.0
2024-11-12,risk_parity,-0.01641892575222792,275.0
2024-11-13,risk_parity,-0.020632398912831085,275.0
2024-11-14,risk_parity,-0.026127710381299685,275.0
2024-11-15,risk_parity,-0.03645601524690356,275.0
2024-11-18,risk_parity,-0.030648488869918777,275.0
2024-11-19,risk_parity,-0.027875694480008706,275.0
2024-11-20,risk_parity,-0.028507053221790035,275.0
2024-11-21,risk_parity,-0.024628565957504178,275.0
2024-11-22,risk_parity,-0.019851480164739366,275.0
2024-11-25,risk_parity,-0.015105416673670491,275.0
2024-11-26,risk_parity,-0.016166621275245263,275.0
2024-11-27,risk_parity,-0.016629159622171152,275.0
2024-11-29,risk_parity,-0.009780434349743738,275.0
2024-12-02,risk_parity,-0.006152571880093993,275.0
2024-12-03,risk_parity,-0.004860808689162832,275.0
2024-12-04,risk_parity,-4.061719336689862e-05,275.0
2024-12-05,risk_parity,-0.00016651575482184988,275.0
2024-12-06,risk_parity,0.0,276.0
2024-12-09,risk_parity,0.0,277.0
2024-12-10,risk_parity,-0.007471588362230386,277.0
2024-12-11,risk_parity,0.0,278.0
2024-12-12,risk_parity,-0.007359332346622893,278.0
2024-12-13,risk_parity,-0.007518240184039016,278.0
2024-12-16,risk_parity,-0.005009930158203613,278.0
2024-12-17,risk_parity,-0.009303752740365323,278.0
2024-12-18,risk_parity,-0.039510817167742074,278.0
2024-12-19,risk_parity,-0.040999423019254855,278.0
2024-12-20,risk_parity,-0.035314097777659814,278.0
2024-12-23,risk_parity,-0.02999079427578122,278.0
2024-12-24,risk_parity,-0.022415996540240735,278.0
2024-12-26,risk_parity,-0.020739418419557953,278.0
2024-12-27,risk_parity,-0.028835854017777995,278.0
2024-12-30,risk_parity,-0.03795277323032242,278.0
2024-12-31,risk_parity,-0.04073786884274755,278.0
2025-01-02,risk_parity,-0.04258631851764194,278.0
2025-01-03,risk_parity,-0.03210664129646723,278.0
2025-01-06,risk_parity,-0.026004357576333126,278.0
2025-01-07,risk_parity,-0.03433440088721329,278.0
2025-01-08,risk_parity,-0.03600182431612753,278.0
2025-01-10,risk_parity,-0.05213885480300984,278.0
2025-01-13,risk_parity,-0.054026085978901905,278.0
2025-01-14,risk_parity,-0.04916373220742254,278.0
2025-01-15,risk_parity,-0.03311595376149923,278.0
2025-01-16,risk_parity,-0.033460693350484294,278.0
2025-01-17,risk_parity,-0.025315663865328908,278.0
2025-01-21,risk_parity,-0.01255457487362066,278.0
2025-01-22,risk_parity,-0.010573781485984646,278.0
2025-01-23,risk_parity,-0.005880452157446925,278.0
2025-01-24,risk_parity,-0.0052545838678331735,278.0
2025-01-27,risk_parity,-0.018621482672171008,278.0
2025-01-28,risk_parity,-0.012917771590877036,278.0
2025-01-29,risk_parity,-0.014569631402670535,278.0
2025-01-30,risk_parity,-0.005004505012245475,278.0
2025-01-31,risk_parity,-0.012456171390410997,278.0
2025-02-03,risk_parity,-0.021377707941474977,278.0
2025-02-04,risk_parity,-0.00932661965487136,278.0
2025-02-05,risk_parity,-0.004211097143937637,278.0
2025-02-06,risk_parity,-0.0010771849945823142,278.0
2025-02-07,risk_parity,-0.009524973546686577,278.0
2025-02-10,risk_parity,-0.0011689019031546621,278.0
2025-02-11,risk_parity,-0.0020112264266419766,278.0
2025-02-12,risk_parity,-0.002003190185478787,278.0
2025-02-13,risk_parity,0.0,279.0
2025-02-14,risk_parity,0.0,280.0
2025-02-18,risk_parity,0.0,281.0
2025-02-19,risk_parity,-0.0027903702149734144,281.0
2025-02-20,risk_parity,-0.0028222284016635735,281.0
2025-02-21,risk_parity,-0.01658741323574242,281.0
2025-02-24,risk_parity,-0.02403880971541128,281.0
2025-02-25,risk_parity,-0.025402935749548328,281.0
2025-02-26,risk_parity,-0.022289852918528585,281.0
2025-02-27,risk_parity,-0.039316964800900855,281.0
2025-02-28,risk_parity,-0.03439761816653508,281.0
2025-03-03,risk_parity,-0.044829896776674816,281.0
2025-03-04,risk_parity,-0.047958539874827344,281.0
2025-03-05,risk_parity,-0.03063302792800071,281.0
2025-03-06,risk_parity,-0.044891298401515844,281.0
2025-03-07,risk_parity,-0.03865587862112918,281.0
2025-03-10,risk_parity,-0.06463606739207439,281.0
2025-03-11,risk_parity,-0.06579014369226799,281.0
2025-03-12,risk_parity,-0.06001239296750027,281.0
2025-03-13,risk_parity,-0.07005810869320439,281.0
2025-03-14,risk_parity,-0.05081314167665718,281.0
2025-03-17,risk_parity,-0.04017104028650431,281.0
2025-03-18,risk_parity,-0.04747173697073315,281.0
2025-03-19,risk_parity,-0.039652228139679835,281.0
2025-03-20,risk_parity,-0.04567289944512376,281.0
2025-03-21,risk_parity,-0.04851243788919413,281.0
2025-03-24,risk_parity,-0.036746293193357205,281.0
2025-03-25,risk_parity,-0.03556762901080712,281.0
2025-03-26,risk_parity,-0.0468144439152165,281.0
2025-03-27,risk_parity,-0.04744950019303862,281.0
2025-03-28,risk_parity,-0.06472547059092693,281.0
2025-03-31,risk_parity,-0.06640520516871762,281.0
2025-04-01,risk_parity,-0.06363090995666121,281.0
2025-04-02,risk_parity,-0.057988989639072286,281.0
2025-04-03,risk_parity,-0.09539937497496076,281.0
2025-04-04,risk_parity,-0.14790008735084592,281.0
2025-04-07,risk_parity,-0.16102476362859552,281.0
2025-04-08,risk_parity,-0.17322368322092163,281.0
2025-04-09,risk_parity,-0.09894465100400529,281.0
2025-04-10,risk_parity,-0.1277770720636593,281.0
2025-04-11,risk_parity,-0.10856678907738992,281.0
2025-04-14,risk_parity,-0.09993493210369608,281.0
2025-04-15,risk_parity,-0.09834860282998381,281.0
2025-04-16,risk_parity,-0.11163444816297952,281.0
2025-04-17,risk_parity,-0.10636878530459248,281.0
2025-04-21,risk_parity,-0.11863680344614314,281.0
2025-04-22,risk_parity,-0.09896790440051473,281.0
2025-04-23,risk_parity,-0.0874438755800151,281.0
2025-04-24,risk_parity,-0.07095573999647053,281.0
2025-04-25,risk_parity,-0.0671629948154514,281.0
2025-04-28,risk_parity,-0.0645967360953208,281.0
2025-04-29,risk_parity,-0.06041966821354283,281.0
2025-04-30,risk_parity,-0.061083831219055806,281.0
2025-05-01,risk_parity,-0.05754101291736824,281.0
2025-05-02,risk_parity,-0.03837617081358935,281.0
2025-05-05,risk_parity,-0.03966228117445281,281.0
2025-05-06,risk_parity,-0.04570605811763062,281.0
2025-05-07,risk_parity,-0.04705158687068667,281.0
2025-05-08,risk_parity,-0.041848063642609734,281.0
2025-05-09,risk_parity,-0.03994963772601989,281.0
2025-05-12,risk_parity,-0.015444264539770547,281.0
2025-05-13,risk_parity,-0.010364654543634,281.0
2025-05-14,risk_parity,-0.0101202548445537,281.0
2025-05-15,risk_parity,-0.005457910140764022,281.0
2025-05-16,risk_parity,-0.0016322386359419738,281.0
2025-05-19,risk_parity,0.0,282.0
2025-05-20,risk_parity,-0.0002703737859468536,282.0
2025-05-21,risk_parity,-0.012898713004892981,282.0
2025-05-22,risk_parity,-0.013385935854705044,282.0
2025-05-23,risk_parity,-0.015538799241913481,282.0
2025-05-27,risk_parity,-0.00047910537736117753,282.0
2025-05-28,risk_parity,-0.007953882117343714,282.0
2025-05-29,risk_parity,-0.004484695671629679,282.0
2025-05-30,risk_parity,-0.008255985844525582,282.0
2025-06-02,risk_parity,-0.001217004793161891,282.0
2025-06-03,risk_parity,0.0,283.0
2025-06-04,risk_parity,0.0,284.0
2025-06-05,risk_parity,-0.001059378403570732,284.0
2025-06-06,risk_parity,0.0,285.0
2025-06-09,risk_parity,0.0,286.0
2025-06-10,risk_parity,0.0,287.0
2025-06-11,risk_parity,-0.0012571384853143908,287.0
2025-06-12,risk_parity,0.0,288.0
2025-06-13,risk_parity,-0.014150814405859746,288.0
2025-06-16,risk_parity,-0.004373569036593694,288.0
2025-06-17,risk_parity,-0.015350203131110463,288.0
2025-06-18,risk_parity,-0.014131413362756584,288.0
2025-06-20,risk_parity,-0.018977208430691395,288.0
2025-06-23,risk_parity,-0.009718490985521133,288.0
2025-06-24,risk_parity,0.0,289.0
2025-06-25,risk_parity,-0.0026367923182225583,289.0
2025-06-26,risk_parity,0.0,290.0
2025-06-27,risk_parity,0.0,291.0
2025-06-30,risk_parity,0.0,292.0
2025-07-01,risk_parity,0.0,293.0
2025-07-02,risk_parity,0.0,294.0
2025-07-03,risk_parity,0.0,295.0
2025-07-07,risk_parity,-0.011143841804624022,295.0
2025-07-08,risk_parity,-0.006821994234014861,295.0
2025-07-09,risk_parity,-0.0011882967077763151,295.0
2025-07-10,risk_parity,0.0,296.0
2025-07-11,risk_parity,-0.006563019292594063,296.0
2025-07-14,risk_parity,-0.004081021092102954,296.0
2025-07-15,risk_parity,-0.009118628702125875,296.0
2025-07-16,risk_parity,-0.004512629504937582,296.0
2025-07-17,risk_parity,0.0,297.0
2025-07-18,risk_parity,-0.0027471448811826615,297.0
2025-07-21,risk_parity,0.0,298.0
2025-07-22,risk_parity,0.0,299.0
2025-07-23,risk_parity,0.0,300.0
2025-07-24,risk_parity,-0.0050659858648148814,300.0
2025-07-25,risk_parity,-0.00416949384086629,300.0
2025-07-28,risk_parity,-0.009211558426648558,300.0
2025-07-29,risk_parity,-0.011485178613856784,300.0
2025-07-30,risk_parity,-0.01570943798476332,300.0
2025-07-31,risk_parity,-0.02275861502776877,300.0
2025-08-01,risk_parity,-0.03489583978782107,300.0
2025-08-04,risk_parity,-0.01998238717855716,300.0
2025-08-05,risk_parity,-0.02054153997000685,300.0
2025-08-06,risk_parity,-0.01474091222329188,300.0
2025-08-07,risk_parity,-0.010969131526413434,300.0
2025-08-08,risk_parity,-0.0063250041089617515,300.0
2025-08-11,risk_parity,-0.008862000199157727,300.0
2025-08-12,risk_parity,0.0,301.0
2025-08-13,risk_parity,0.0,302.0
2025-08-14,risk_parity,-0.005205855037670681,302.0
2025-08-15,risk_parity,-0.005584414229004797,302.0
2025-08-18,risk_parity,-0.003993970202380237,302.0
2025-08-19,risk_parity,-0.010425883029721583,302.0
2025-08-20,risk_parity,-0.011976157074781169,302.0
2025-08-21,risk_parity,-0.01502581821621618,302.0
2025-08-22,risk_parity,0.0,303.0
2025-08-25,risk_parity,-0.007677822261513256,303.0
2025-08-26,risk_parity,-0.005577672628238828,303.0
2025-08-27,risk_parity,-0.005504605331615453,303.0
2025-08-28,risk_parity,-0.0018819824500657667,303.0
2025-08-29,risk_parity,-0.008173855979779154,303.0
2025-09-02,risk_parity,-0.014416774220194495,303.0
2025-09-03,risk_parity,-0.011057163804861325,303.0
2025-09-04,risk_parity,-0.004823067294156602,303.0
2025-09-05,risk_parity,-0.000503829988102944,303.0
2025-09-08,risk_parity,0.0,304.0
2025-09-09,risk_parity,0.0,305.0
2025-09-10,risk_parity,0.0,306.0
2025-09-11,risk_parity,0.0,307.0
2025-09-12,risk_parity,-0.00220044909486794,307.0
2025-09-15,risk_parity,0.0,308.0
2025-09-16,risk_parity,0.0,309.0
2025-09-17,risk_parity,0.0,310.0
2025-09-18,risk_parity,0.0,311.0
2025-09-19,risk_parity,-0.00069937570324341,311.0
2025-09-22,risk_parity,0.0,312.0
2025-09-23,risk_parity,-0.0028708306277384077,312.0
2025-09-24,risk_parity,-0.00780330915407379,312.0
2025-09-25,risk_parity,-0.014053735963722391,312.0
2025-09-26,risk_parity,-0.009480971855836184,312.0
2025-09-29,risk_parity,-0.004988132667049561,312.0
2025-09-30,risk_parity,-0.0017045095140989508,312.0
2025-10-01,risk_parity,0.0,313.0
2025-10-02,risk_parity,0.0,314.0
2025-10-03,risk_parity,0.0,315.0
2025-10-06,risk_parity,0.0,316.0
2025-10-07,risk_parity,-0.007314798639445175,316.0
2025-10-08,risk_parity,0.0,317.0
2025-10-09,risk_parity,-0.00622030975887522,317.0
2025-10-10,risk_parity,-0.03512340580085471,317.0
2025-10-13,risk_parity,-0.015894572712234156,317.0
2025-10-14,risk_parity,-0.01573909726780731,317.0
2025-10-15,risk_parity,-0.00719403391107154,317.0
2025-10-16,risk_parity,-0.010106977078929602,317.0
2025-10-17,risk_parity,-0.008774312817626195,317.0
2025-10-20,risk_parity,0.0,318.0
2025-10-21,risk_parity,-0.005211630487166663,318.0
2025-10-22,risk_parity,-0.01092432437930968,318.0
2025-10-23,risk_parity,-0.0031188211077713968,318.0
2025-10-24,risk_parity,0.0,319.0
2025-10-27,risk_parity,0.0,320.0
2025-10-28,risk_parity,0.0,321.0
2025-10-29,risk_parity,-0.0006033855232012719,321.0
2025-10-30,risk_parity,-0.010132810877265808,321.0
2025-10-31,risk_parity,-0.008809298792940012,321.0
2025-11-03,risk_parity,-0.006651577857329172,321.0
2025-11-04,risk_parity,-0.021822714640062357,321.0
2025-11-05,risk_parity,-0.014162925010388294,321.0
2025-11-06,risk_parity,-0.024429799255055173,321.0
2025-11-07,risk_parity,-0.02362055695984855,321.0
2025-11-10,risk_parity,-0.00908977409545153,321.0
2025-11-11,risk_parity,-0.006909346222041202,321.0
2025-11-12,risk_parity,-0.005860527133954685,321.0
2025-11-13,risk_parity,-0.022373268900054644,321.0
2025-11-14,risk_parity,-0.022365151421099294,321.0
2025-11-17,risk_parity,-0.034571732318843695,321.0
2025-11-18,risk_parity,-0.041730424107792374,321.0
2025-11-19,risk_parity,-0.04161709861207896,321.0
2025-11-20,risk_parity,-0.05740126227320441,321.0
2025-11-21,risk_parity,-0.04635152876166271,321.0
2025-11-24,risk_parity,-0.0342497406955099,321.0
2025-11-25,risk_parity,-0.024262696497636904,321.0
2025-11-26,risk_parity,-0.015841987524108148,321.0
2025-11-28,risk_parity,-0.01136554405942325,321.0
2025-12-01,risk_parity,-0.016338596174656272,321.0
2025-12-02,risk_parity,-0.014158528128903503,321.0
2025-12-03,risk_parity,-0.00855875873182721,321.0
2025-12-04,risk_parity,-0.006437467210801073,321.0
2025-12-05,risk_parity,-0.00444129817568284,321.0
2025-12-08,risk_parity,-0.006506968185931439,321.0
2025-12-09,risk_parity,-0.006807640287872174,321.0
2025-12-10,risk_parity,0.0,322.0
2025-12-11,risk_parity,0.0,323.0
2025-12-12,risk_parity,-0.011804931006784702,323.0
2025-12-15,risk_parity,-0.013411746405842306,323.0
2025-12-16,risk_parity,-0.016971595602032874,323.0
2025-12-17,risk_parity,-0.027374844059135928,323.0
2025-12-18,risk_parity,-0.01847936140398465,323.0
2025-12-19,risk_parity,-0.009474382896164313,323.0
2025-12-22,risk_parity,-0.003766331038388304,323.0
2025-12-23,risk_parity,-0.00043323101414738385,323.0
2025-12-24,risk_parity,0.0,324.0
2025-12-26,risk_parity,0.0,325.0
2025-12-29,risk_parity,-0.0038482651318930694,325.0
2025-12-30,risk_parity,-0.004411852720156095,325.0
2025-12-31,risk_parity,-0.010189707094124367,325.0
2026-01-02,risk_parity,0.0,326.0
2026-01-05,risk_parity,0.0,327.0
2026-01-06,risk_parity,0.0,328.0
2026-01-07,risk_parity,-0.0034903073935098616,328.0
2026-01-08,risk_parity,-0.002411260616832389,328.0
2026-01-09,risk_parity,0.0,329.0
2026-01-12,risk_parity,0.0,330.0
2026-01-13,risk_parity,-0.003794888541083008,330.0
2026-01-14,risk_parity,-0.0031527216314392037,330.0
2026-01-15,risk_parity,0.0,331.0
2026-01-16,risk_parity,-0.00033803854396163846,331.0
2026-01-20,risk_parity,-0.015631645382609194,331.0
2026-01-21,risk_parity,-0.0016285024635441792,331.0
2026-01-22,risk_parity,0.0,332.0
2026-01-23,risk_parity,-3.697975139893561e-05,332.0
2026-01-26,risk_parity,0.0,333.0
2026-01-27,risk_parity,0.0,334.0
2026-01-28,risk_parity,-0.001417361098640102,334.0
2026-01-29,risk_parity,-0.0022942107245524923,334.0
2026-01-30,risk_parity,-0.014697622609041727,334.0
2026-02-02,risk_parity,-0.008747506438589459,334.0
2026-02-03,risk_parity,-0.011186019932895475,334.0
2026-02-04,risk_parity,-0.01868518075320358,334.0
2026-02-05,risk_parity,-0.03085999838987874,334.0
2026-02-06,risk_parity,-0.006726292851341076,334.0
2026-02-09,risk_parity,0.0,335.0
2026-02-10,risk_parity,-0.0008078543519471904,335.0
2026-02-11,risk_parity,0.0,336.0
2026-02-12,risk_parity,-0.014225808110676641,336.0
2026-02-13,risk_parity,-0.010325725134347596,336.0
2026-02-17,risk_parity,-0.011116457833079796,336.0
2026-02-18,risk_parity,-0.006890231805564806,336.0
2026-02-19,risk_parity,-0.008831154545189679,336.0
2026-02-20,risk_parity,0.0,337.0
2026-02-23,risk_parity,-0.01016407815589282,337.0
2026-02-24,risk_parity,-0.0011668188487603537,337.0
2026-02-25,risk_parity,0.0,338.0
2026-02-26,risk_parity,-0.004498224487233027,338.0
2026-02-27,risk_parity,-0.009811644637659156,338.0
2026-03-02,risk_parity,-0.016758508665244864,338.0
2026-03-03,risk_parity,-0.04154567606465742,338.0
2026-03-04,risk_parity,-0.0308951064830868,338.0
2026-03-05,risk_parity,-0.045878286108380295,338.0
2026-03-06,risk_parity,-0.05777814667932535,338.0
2026-03-09,risk_parity,-0.046535119814317016,338.0
2026-03-10,risk_parity,-0.04565621220521221,338.0
2026-03-11,risk_parity,-0.04619077874086652,338.0
2026-03-12,risk_parity,-0.06567924927320046,338.0
2026-03-13,risk_parity,-0.07140736630939759,338.0
2026-03-16,risk_parity,-0.0564446610838546,338.0
2026-03-17,risk_parity,-0.05219821187519558,338.0
2026-03-18,risk_parity,-0.06780338909797134,338.0
2026-03-19,risk_parity,-0.06788561118609127,338.0
2026-03-20,risk_parity,-0.09079285634660883,338.0
2026-03-23,risk_parity,-0.07255129034189056,338.0
2026-03-24,risk_parity,-0.07751133653013309,338.0
2026-03-25,risk_parity,-0.06707276497669734,338.0
2026-03-26,risk_parity,-0.08854295383326438,338.0
2026-03-27,risk_parity,-0.1004013613364777,338.0
2026-03-30,risk_parity,-0.10542210791064355,338.0
2026-03-31,risk_parity,-0.07541914466746014,338.0
2026-04-01,risk_parity,-0.06617946538352049,338.0
2026-04-02,risk_parity,-0.06816304228334957,338.0
2026-04-06,risk_parity,-0.06270714549510759,338.0
2026-04-07,risk_parity,-0.06185366071631726,338.0
2026-04-08,risk_parity,-0.027910402350276864,338.0
2026-04-09,risk_parity,-0.02567841809276994,338.0
2026-04-10,risk_parity,-0.02455025078430506,338.0
2026-04-13,risk_parity,-0.015185290779353378,338.0
2026-04-14,risk_parity,-0.0013350469773881768,338.0
2026-04-15,risk_parity,0.0,339.0
2026-04-16,risk_parity,0.0,340.0
2026-04-17,risk_parity,0.0,341.0
2026-04-20,risk_parity,-0.002355792614958996,341.0
2026-04-21,risk_parity,-0.014210014058268272,341.0
2026-04-22,risk_parity,-0.0033882838930838766,341.0
2026-04-23,risk_parity,-0.01082752477562765,341.0
2026-04-24,risk_parity,0.0,342.0
2026-04-27,risk_parity,-0.00039507994018772585,342.0
2026-04-28,risk_parity,-0.008427630368034622,342.0
2026-04-29,risk_parity,-0.011747247559542373,342.0
2026-04-30,risk_parity,0.0,343.0
2026-05-01,risk_parity,0.0,344.0
2026-05-04,risk_parity,-0.005239426961407889,344.0
2026-05-05,risk_parity,0.0,345.0
2026-05-06,risk_parity,0.0,346.0
2026-05-07,risk_parity,-0.010075424809928957,346.0
2026-05-08,risk_parity,0.0,347.0
2026-05-11,risk_parity,0.0,348.0
2026-05-12,risk_parity,-0.0103666916672297,348.0
2026-05-13,risk_parity,-0.0017782345934149735,348.0
2026-05-14,risk_parity,0.0,349.0
2026-05-15,risk_parity,-0.01961198417081389,349.0
2026-05-18,risk_parity,-0.019835305011748572,349.0
2026-05-19,risk_parity,-0.027768554942856127,349.0
2026-05-20,risk_parity,-0.011416247777832345,349.0
2026-05-21,risk_parity,-0.006348590643518448,349.0
2026-05-22,risk_parity,-0.0038943845018818424,349.0
2026-05-26,risk_parity,0.0,350.0
2026-05-27,risk_parity,-0.001125796062306783,350.0
2026-05-28,risk_parity,0.0,351.0
2026-05-29,risk_parity,0.0,352.0
2026-06-01,risk_parity,0.0,353.0
2026-06-02,risk_parity,0.0,354.0
2026-06-03,risk_parity,-0.008506933831430086,354.0
2026-06-04,risk_parity,-0.0061409246832166975,354.0
2026-06-05,risk_parity,-0.04402616933973191,354.0
2026-06-08,risk_parity,-0.03517505778677288,354.0
2026-06-09,risk_parity,-0.03733850792569271,354.0
2026-06-10,risk_parity,-0.052089274971229615,354.0
2026-06-11,risk_parity,-0.02386157730163907,354.0
2026-06-12,risk_parity,-0.018455109482240384,354.0
2026-06-15,risk_parity,-0.00011826235467149449,354.0
2026-06-16,risk_parity,-0.008949065273478718,354.0
2026-06-17,risk_parity,-0.016599479112330506,354.0
2026-06-18,risk_parity,0.0,355.0
2026-06-22,risk_parity,0.0,356.0
2026-06-23,risk_parity,-0.025427727416130086,356.0
2026-06-24,risk_parity,-0.025766792793475046,356.0
2026-06-25,risk_parity,-0.019099576397848872,356.0
2026-06-26,risk_parity,-0.025976478944928827,356.0
2026-06-29,risk_parity,-0.015396889108452716,356.0
2026-06-30,risk_parity,-0.006196355447714463,356.0
2026-07-01,risk_parity,-0.016424758365755854,356.0
2026-07-02,risk_parity,-0.019845707622408115,356.0
2026-07-06,risk_parity,-0.007744301438209256,356.0
2026-07-07,risk_parity,-0.020873316315152324,356.0
2026-07-08,risk_parity,-0.02331715790471578,356.0
2026-07-09,risk_parity,-0.013517588721127516,356.0
2026-07-10,risk_parity,-0.011448885410059284,356.0
2026-07-13,risk_parity,-0.026097892554032387,356.0
2026-07-14,risk_parity,-0.01841137195639464,356.0
2026-07-15,risk_parity,-0.01589678150037155,356.0
2026-07-16,risk_parity,-0.025266266231127488,356.0
2026-07-17,risk_parity,-0.034442530640311886,356.0
2026-07-20,risk_parity,-0.036703918634292676,356.0
2026-07-21,risk_parity,-0.021654029173554412,356.0
2026-07-22,risk_parity,-0.02487824193623067,356.0
2026-07-23,risk_parity,-0.03616462401100362,356.0
2026-07-24,risk_parity,-0.040174992746775384,356.0
2026-07-27,risk_parity,-0.03790585614803499,356.0
2026-07-28,risk_parity,-0.04157724450109834,356.0
2026-07-29,risk_parity,-0.055792022567702326,356.0
2026-07-30,risk_parity,-0.03195780111690749,356.0
2026-07-31,risk_parity,-0.030120553840426112,356.0
2026-08-03,risk_parity,-0.01902424499877986,356.0
2026-08-04,risk_parity,0.0,357.0
2026-08-05,risk_parity,-0.003755402062555979,357.0
2026-08-06,risk_parity,-0.007476323272925467,357.0
2026-08-07,risk_parity,0.0,358.0
2026-08-10,risk_parity,-0.003766198073564375,358.0
2026-08-11,risk_parity,-0.003832135179401952,358.0
2026-08-12,risk_parity,0.0,359.0
2026-08-13,risk_parity,0.0,360.0
2026-08-14,risk_parity,-3.931795086842271e-05,360.0
2026-08-17,risk_parity,-0.0010333400707077667,360.0
2026-08-18,risk_parity,-0.014992358842928932,360.0
2026-08-19,risk_parity,-0.011392702360270901,360.0
2026-08-20,risk_parity,-0.016845963457343793,360.0
2026-08-21,risk_parity,-0.010827074412239068,360.0
2026-08-24,risk_parity,-0.01722084239121291,360.0
2026-08-25,risk_parity,-0.01041955092905178,360.0
2026-08-26,risk_parity,-0.011682885097600182,360.0
2026-08-27,risk_parity,-0.0066044054616483105,360.0
2026-08-28,risk_parity,-0.012504343668923057,360.0
2026-08-31,risk_parity,-0.015135464933089038,360.0
2026-09-01,risk_parity,-0.023782227353120966,360.0
2026-09-02,risk_parity,-0.018054694435741703,360.0
2026-09-03,risk_parity,-0.009497028154365816,360.0
2026-09-04,risk_parity,-0.006795317300617221,360.0
2026-09-08,risk_parity,-0.01018446012647145,360.0
2026-09-09,risk_parity,-0.017714124954226418,360.0
2026-09-10,risk_parity,-0.027959112229983263,360.0
2026-09-11,risk_parity,-0.019602767348158467,360.0
2026-09-14,risk_parity,-0.0283923648747213,360.0
2026-09-15,risk_parity,-0.033415763019728484,360.0
2026-09-16,risk_parity,-0.036158568705380034,360.0
2026-09-17,risk_parity,-0.024746129305724507,360.0
2026-09-18,risk_parity,-0.026161724424645594,360.0
2026-09-21,risk_parity,-0.010018153582896594,360.0
2026-09-22,risk_parity,-0.006212018659956464,360.0
2026-09-23,risk_parity,-0.019475726021820905,360.0
2026-09-24,risk_parity,-0.021467501127489963,360.0
2026-09-25,risk_parity,-0.015307610513727643,360.0
2026-09-28,risk_parity,-0.02314710348327731,360.0
2026-09-29,risk_parity,-0.024561412830355067,360.0
2026-09-30,risk_parity,-0.027995875856086427,360.0
2026-10-01,risk_parity,-0.028465524216229166,360.0
2026-10-02,risk_parity,-0.01894715565734084,360.0
2026-10-05,risk_parity,-0.01211566943505027,360.0
2026-10-06,risk_parity,-0.011828916567776737,360.0
2026-10-07,risk_parity,-0.019615587258919542,360.0
2026-10-08,risk_parity,-0.02658491006841046,360.0
2026-10-09,risk_parity,-0.020329503744444977,360.0
2023-10-05,sixty_forty,0.0,1.0
2023-10-06,sixty_forty,0.0,2.0
2023-10-09,sixty_forty,0.0,3.0
2023-10-10,sixty_forty,0.0,4.0
2023-10-11,sixty_forty,0.0,5.0
2023-10-12,sixty_forty,0.0,6.0
2023-10-13,sixty_forty,0.0,7.0
2023-10-16,sixty_forty,0.0,8.0
2023-10-17,sixty_forty,0.0,9.0
2023-10-18,sixty_forty,0.0,10.0
2023-10-19,sixty_forty,0.0,11.0
2023-10-20,sixty_forty,0.0,12.0
2023-10-23,sixty_forty,0.0,13.0
2023-10-24,sixty_forty,0.0,14.0
2023-10-25,sixty_forty,0.0,15.0
2023-10-26,sixty_forty,0.0,16.0
2023-10-27,sixty_forty,0.0,17.0
2023-10-30,sixty_forty,0.0,18.0
2023-10-31,sixty_forty,0.0,19.0
2023-11-01,sixty_forty,0.0,20.0
2023-11-02,sixty_forty,0.0,21.0
2023-11-03,sixty_forty,0.0,22.0
2023-11-06,sixty_forty,0.0,23.0
2023-11-07,sixty_forty,0.0,24.0
2023-11-08,sixty_forty,0.0,25.0
2023-11-09,sixty_forty,0.0,26.0
2023-11-10,sixty_forty,0.0,27.0
2023-11-13,sixty_forty,0.0,28.0
2023-11-14,sixty_forty,0.0,29.0
2023-11-15,sixty_forty,0.0,30.0
2023-11-16,sixty_forty,0.0,31.0
2023-11-17,sixty_forty,0.0,32.0
2023-11-20,sixty_forty,0.0,33.0
2023-11-21,sixty_forty,0.0,34.0
2023-11-22,sixty_forty,0.0,35.0
2023-11-24,sixty_forty,0.0,36.0
2023-11-27,sixty_forty,0.0,37.0
2023-11-28,sixty_forty,0.0,38.0
2023-11-29,sixty_forty,0.0,39.0
2023-11-30,sixty_forty,0.0,40.0
2023-12-01,sixty_forty,0.0,41.0
2023-12-04,sixty_forty,0.0,42.0
2023-12-05,sixty_forty,0.0,43.0
2023-12-06,sixty_forty,0.0,44.0
2023-12-07,sixty_forty,0.0,45.0
2023-12-08,sixty_forty,0.0,46.0
2023-12-11,sixty_forty,0.0,47.0
2023-12-12,sixty_forty,0.0,48.0
2023-12-13,sixty_forty,0.0,49.0
2023-12-14,sixty_forty,0.0,50.0
2023-12-15,sixty_forty,0.0,51.0
2023-12-18,sixty_forty,0.0,52.0
2023-12-19,sixty_forty,0.0,53.0
2023-12-20,sixty_forty,0.0,54.0
2023-12-21,sixty_forty,0.0,55.0
2023-12-22,sixty_forty,0.0,56.0
2023-12-26,sixty_forty,0.0,57.0
2023-12-27,sixty_forty,0.0,58.0
2023-12-28,sixty_forty,0.0,59.0
2023-12-29,sixty_forty,0.0,60.0
2024-01-02,sixty_forty,0.0,61.0
2024-01-03,sixty_forty,0.0,62.0
2024-01-04,sixty_forty,0.0,63.0
2024-01-05,sixty_forty,0.0,64.0
2024-01-08,sixty_forty,0.0,65.0
2024-01-09,sixty_forty,0.0,66.0
2024-01-10,sixty_forty,0.0,67.0
2024-01-11,sixty_forty,0.0,68.0
2024-01-12,sixty_forty,0.0,69.0
2024-01-16,sixty_forty,0.0,70.0
2024-01-17,sixty_forty,0.0,71.0
2024-01-18,sixty_forty,0.0,72.0
2024-01-19,sixty_forty,0.0,73.0
2024-01-22,sixty_forty,0.0,74.0
2024-01-23,sixty_forty,0.0,75.0
2024-01-24,sixty_forty,0.0,76.0
2024-01-25,sixty_forty,0.0,77.0
2024-01-26,sixty_forty,0.0,78.0
2024-01-29,sixty_forty,0.0,79.0
2024-01-30,sixty_forty,0.0,80.0
2024-01-31,sixty_forty,0.0,81.0
2024-02-01,sixty_forty,0.0,82.0
2024-02-02,sixty_forty,0.0,83.0
2024-02-05,sixty_forty,0.0,84.0
2024-02-06,sixty_forty,0.0,85.0
2024-02-07,sixty_forty,0.0,86.0
2024-02-08,sixty_forty,0.0,87.0
2024-02-09,sixty_forty,0.0,88.0
2024-02-12,sixty_forty,0.0,89.0
2024-02-13,sixty_forty,0.0,90.0
2024-02-14,sixty_forty,0.0,91.0
2024-02-15,sixty_forty,0.0,92.0
2024-02-16,sixty_forty,0.0,93.0
2024-02-20,sixty_forty,0.0,94.0
2024-02-21,sixty_forty,0.0,95.0
2024-02-22,sixty_forty,0.0,96.0
2024-02-23,sixty_forty,0.0,97.0
2024-02-26,sixty_forty,0.0,98.0
2024-02-27,sixty_forty,0.0,99.0
2024-02-28,sixty_forty,0.0,100.0
2024-02-29,sixty_forty,0.0,101.0
2024-03-01,sixty_forty,0.0,102.0
2024-03-04,sixty_forty,0.0,103.0
2024-03-05,sixty_forty,0.0,104.0
2024-03-06,sixty_forty,0.0,105.0
2024-03-07,sixty_forty,0.0,106.0
2024-03-08,sixty_forty,0.0,107.0
2024-03-11,sixty_forty,0.0,108.0
2024-03-12,sixty_forty,0.0,109.0
2024-03-13,sixty_forty,0.0,110.0
2024-03-14,sixty_forty,0.0,111.0
2024-03-15,sixty_forty,0.0,112.0
2024-03-18,sixty_forty,0.0,113.0
2024-03-19,sixty_forty,0.0,114.0
2024-03-20,sixty_forty,0.0,115.0
2024-03-21,sixty_forty,0.0,116.0
2024-03-22,sixty_forty,0.0,117.0
2024-03-25,sixty_forty,0.0,118.0
2024-03-26,sixty_forty,0.0,119.0
2024-03-27,sixty_forty,0.0,120.0
2024-03-28,sixty_forty,0.0,121.0
2024-04-01,sixty_forty,0.0,122.0
2024-04-02,sixty_forty,0.0,123.0
2024-04-03,sixty_forty,0.0,124.0
2024-04-04,sixty_forty,0.0,125.0
2024-04-05,sixty_forty,0.0,126.0
2024-04-08,sixty_forty,0.0,127.0
2024-04-09,sixty_forty,0.0,128.0
2024-04-10,sixty_forty,0.0,129.0
2024-04-11,sixty_forty,0.0,130.0
2024-04-12,sixty_forty,0.0,131.0
2024-04-15,sixty_forty,0.0,132.0
2024-04-16,sixty_forty,0.0,133.0
2024-04-17,sixty_forty,0.0,134.0
2024-04-18,sixty_forty,0.0,135.0
2024-04-19,sixty_forty,0.0,136.0
2024-04-22,sixty_forty,0.0,137.0
2024-04-23,sixty_forty,0.0,138.0
2024-04-24,sixty_forty,0.0,139.0
2024-04-25,sixty_forty,0.0,140.0
2024-04-26,sixty_forty,0.0,141.0
2024-04-29,sixty_forty,0.0,142.0
2024-04-30,sixty_forty,0.0,143.0
2024-05-01,sixty_forty,0.0,144.0
2024-05-02,sixty_forty,0.0,145.0
2024-05-03,sixty_forty,0.0,146.0
2024-05-06,sixty_forty,0.0,147.0
2024-05-07,sixty_forty,0.0,148.0
2024-05-08,sixty_forty,0.0,149.0
2024-05-09,sixty_forty,0.0,150.0
2024-05-10,sixty_forty,0.0,151.0
2024-05-13,sixty_forty,0.0,152.0
2024-05-14,sixty_forty,0.0,153.0
2024-05-15,sixty_forty,0.0,154.0
2024-05-16,sixty_forty,0.0,155.0
2024-05-17,sixty_forty,0.0,156.0
2024-05-20,sixty_forty,0.0,157.0
2024-05-21,sixty_forty,0.0,158.0
2024-05-22,sixty_forty,0.0,159.0
2024-05-23,sixty_forty,0.0,160.0
2024-05-24,sixty_forty,0.0,161.0
2024-05-28,sixty_forty,0.0,162.0
2024-05-29,sixty_forty,0.0,163.0
2024-05-30,sixty_forty,0.0,164.0
2024-05-31,sixty_forty,0.0,165.0
2024-06-03,sixty_forty,0.0,166.0
2024-06-04,sixty_forty,0.0,167.0
2024-06-05,sixty_forty,0.0,168.0
2024-06-06,sixty_forty,0.0,169.0
2024-06-07,sixty_forty,0.0,170.0
2024-06-10,sixty_forty,0.0,171.0
2024-06-11,sixty_forty,0.0,172.0
2024-06-12,sixty_forty,0.0,173.0
2024-06-13,sixty_forty,0.0,174.0
2024-06-14,sixty_forty,0.0,175.0
2024-06-17,sixty_forty,0.0,176.0
2024-06-18,sixty_forty,0.0,177.0
2024-06-20,sixty_forty,0.0,178.0
2024-06-21,sixty_forty,0.0,179.0
2024-06-24,sixty_forty,0.0,180.0
2024-06-25,sixty_forty,0.0,181.0
2024-06-26,sixty_forty,0.0,182.0
2024-06-27,sixty_forty,0.0,183.0
2024-06-28,sixty_forty,0.0,184.0
2024-07-01,sixty_forty,0.0,185.0
2024-07-02,sixty_forty,0.0,186.0
2024-07-03,sixty_forty,0.0,187.0
2024-07-05,sixty_forty,0.0,188.0
2024-07-08,sixty_forty,0.0,189.0
2024-07-09,sixty_forty,0.0,190.0
2024-07-10,sixty_forty,0.0,191.0
2024-07-11,sixty_forty,0.0,192.0
2024-07-12,sixty_forty,0.0,193.0
2024-07-15,sixty_forty,0.0,194.0
2024-07-16,sixty_forty,0.0,195.0
2024-07-17,sixty_forty,0.0,196.0
2024-07-18,sixty_forty,0.0,197.0
2024-07-19,sixty_forty,0.0,198.0
2024-07-22,sixty_forty,0.0,199.0
2024-07-23,sixty_forty,0.0,200.0
2024-07-24,sixty_forty,0.0,201.0
2024-07-25,sixty_forty,0.0,202.0
2024-07-26,sixty_forty,0.0,203.0
2024-07-29,sixty_forty,0.0,204.0
2024-07-30,sixty_forty,0.0,205.0
2024-07-31,sixty_forty,0.0,206.0
2024-08-01,sixty_forty,0.0,207.0
2024-08-02,sixty_forty,0.0,208.0
2024-08-05,sixty_forty,0.0,209.0
2024-08-06,sixty_forty,0.0,210.0
2024-08-07,sixty_forty,0.0,211.0
2024-08-08,sixty_forty,0.0,212.0
2024-08-09,sixty_forty,0.0,213.0
2024-08-12,sixty_forty,0.0,214.0
2024-08-13,sixty_forty,0.0,215.0
2024-08-14,sixty_forty,0.0,216.0
2024-08-15,sixty_forty,0.0,217.0
2024-08-16,sixty_forty,0.0,218.0
2024-08-19,sixty_forty,0.0,219.0
2024-08-20,sixty_forty,0.0,220.0
2024-08-21,sixty_forty,0.0,221.0
2024-08-22,sixty_forty,0.0,222.0
2024-08-23,sixty_forty,0.0,223.0
2024-08-26,sixty_forty,0.0,224.0
2024-08-27,sixty_forty,0.0,225.0
2024-08-28,sixty_forty,0.0,226.0
2024-08-29,sixty_forty,0.0,227.0
2024-08-30,sixty_forty,0.0,228.0
2024-09-03,sixty_forty,0.0,229.0
2024-09-04,sixty_forty,0.0,230.0
2024-09-05,sixty_forty,0.0,231.0
2024-09-06,sixty_forty,0.0,232.0
2024-09-09,sixty_forty,0.0,233.0
2024-09-10,sixty_forty,0.0,234.0
2024-09-11,sixty_forty,0.0,235.0
2024-09-12,sixty_forty,0.0,236.0
2024-09-13,sixty_forty,0.0,237.0
2024-09-16,sixty_forty,0.0,238.0
2024-09-17,sixty_forty,0.0,239.0
2024-09-18,sixty_forty,0.0,240.0
2024-09-19,sixty_forty,0.0,241.0
2024-09-20,sixty_forty,0.0,242.0
2024-09-23,sixty_forty,0.0,243.0
2024-09-24,sixty_forty,0.0,244.0
2024-09-25,sixty_forty,0.0,245.0
2024-09-26,sixty_forty,0.0,246.0
2024-09-27,sixty_forty,0.0,247.0
2024-09-30,sixty_forty,0.0,248.0
2024-10-01,sixty_forty,0.0,249.0
2024-10-02,sixty_forty,0.0,250.0
2024-10-03,sixty_forty,0.0,251.0
2024-10-04,sixty_forty,0.0,252.0
2024-10-07,sixty_forty,0.0,253.0
2024-10-08,sixty_forty,0.0,254.0
2024-10-09,sixty_forty,0.0,255.0
2024-10-10,sixty_forty,0.0,256.0
2024-10-11,sixty_forty,0.0,257.0
2024-10-14,sixty_forty,0.0,258.0
2024-10-15,sixty_forty,0.0,259.0
2024-10-16,sixty_forty,0.0,260.0
2024-10-17,sixty_forty,0.0,261.0
2024-10-18,sixty_forty,0.0,262.0
2024-10-21,sixty_forty,0.0,263.0
2024-10-22,sixty_forty,0.0,264.0
2024-10-23,sixty_forty,0.0,265.0
2024-10-24,sixty_forty,0.0,266.0
2024-10-25,sixty_forty,0.0,267.0
2024-10-28,sixty_forty,0.0,268.0
2024-10-29,sixty_forty,0.0,269.0
2024-10-30,sixty_forty,0.0,270.0
2024-10-31,sixty_forty,0.0,271.0
2024-11-01,sixty_forty,-0.000525396821612345,271.0
2024-11-04,sixty_forty,0.0,272.0
2024-11-05,sixty_forty,0.0,273.0
2024-11-06,sixty_forty,0.0,274.0
2024-11-07,sixty_forty,0.0,275.0
2024-11-08,sixty_forty,-0.00492439646571885,275.0
2024-11-11,sixty_forty,-0.0031337230667943805,275.0
2024-11-12,sixty_forty,-0.015005594437152547,275.0
2024-11-13,sixty_forty,-0.019542619284225515,275.0
2024-11-14,sixty_forty,-0.02565493003043362,275.0
2024-11-15,sixty_forty,-0.03667853906665486,275.0
2024-11-18,sixty_forty,-0.030996178860367207,275.0
2024-11-19,sixty_forty,-0.02780393949610993,275.0
2024-11-20,sixty_forty,-0.02831080988834267,275.0
2024-11-21,sixty_forty,-0.02380131441223088,275.0
2024-11-22,sixty_forty,-0.018306706232233072,275.0
2024-11-25,sixty_forty,-0.013040722991716547,275.0
2024-11-26,sixty_forty,-0.014344224972395847,275.0
2024-11-27,sixty_forty,-0.01497060640015857,275.0
2024-11-29,sixty_forty,-0.008356737544002124,275.0
2024-12-02,sixty_forty,-0.004679858374804113,275.0
2024-12-03,sixty_forty,-0.003849717217385362,275.0
2024-12-04,sixty_forty,0.0,276.0
2024-12-05,sixty_forty,-0.0008930343531432516,276.0
2024-12-06,sixty_forty,0.0,277.0
2024-12-09,sixty_forty,0.0,278.0
2024-12-10,sixty_forty,-0.007242197798602468,278.0
2024-12-11,sixty_forty,0.0,279.0
2024-12-12,sixty_forty,-0.007634609526734559,279.0
2024-12-13,sixty_forty,-0.007811988624746302,279.0
2024-12-16,sixty_forty,-0.004648225158528696,279.0
2024-12-17,sixty_forty,-0.009372457892113939,279.0
2024-12-18,sixty_forty,-0.0406022435651604,279.0
2024-12-19,sixty_forty,-0.042311496058321074,279.0
2024-12-20,sixty_forty,-0.036321351526397705,279.0
2024-12-23,sixty_forty,-0.03127258311255399,279.0
2024-12-24,sixty_forty,-0.02344495687594783,279.0
2024-12-26,sixty_forty,-0.021469691778975064,279.0
2024-12-27,sixty_forty,-0.030135785534292636,279.0
2024-12-30,sixty_forty,-0.0393052290180238,279.0
2024-12-31,sixty_forty,-0.04211782838067235,279.0
2025-01-02,sixty_forty,-0.04378176935565359,279.0
2025-01-03,sixty_forty,-0.03279202301476891,279.0
2025-01-06,sixty_forty,-0.02685046851369044,279.0
2025-01-07,sixty_forty,-0.035643081706675295,279.0
2025-01-08,sixty_forty,-0.037421924441991994,279.0
2025-01-10,sixty_forty,-0.053810475312701556,279.0
2025-01-13,sixty_forty,-0.05557899910641706,279.0
2025-01-14,sixty_forty,-0.05056930966644935,279.0
2025-01-15,sixty_forty,-0.03410421913534989,279.0
2025-01-16,sixty_forty,-0.03468397880380225,279.0
2025-01-17,sixty_forty,-0.026358033367612,279.0
2025-01-21,sixty_forty,-0.013682425346120186,279.0
2025-01-22,sixty_forty,-0.011675085390212336,279.0
2025-01-23,sixty_forty,-0.007187122816316283,279.0
2025-01-24,sixty_forty,-0.007051993017752167,279.0
2025-01-27,sixty_forty,-0.02111090329988563,279.0
2025-01-28,sixty_forty,-0.01519554596424011,279.0
2025-01-29,sixty_forty,-0.016878647416756154,279.0
2025-01-30,sixty_forty,-0.007495518019254965,279.0
2025-01-31,sixty_forty,-0.01475408163538483,279.0
2025-02-03,sixty_forty,-0.023723134826413528,279.0
2025-02-04,sixty_forty,-0.011544323305905047,279.0
2025-02-05,sixty_forty,-0.006282226177884875,279.0
2025-02-06,sixty_forty,-0.0034379339940128206,279.0
2025-02-07,sixty_forty,-0.012159037224450664,279.0
2025-02-10,sixty_forty,-0.0038104966081434766,279.0
2025-02-11,sixty_forty,-0.005121809572201652,279.0
2025-02-12,sixty_forty,-0.00560345055940803,279.0
2025-02-13,sixty_forty,0.0,280.0
2025-02-14,sixty_forty,0.0,281.0
2025-02-18,sixty_forty,0.0,282.0
2025-02-19,sixty_forty,-0.0025626058860673817,282.0
2025-02-20,sixty_forty,-0.003306989637804403,282.0
2025-02-21,sixty_forty,-0.018234689217757172,282.0
2025-02-24,sixty_forty,-0.026038562092841055,282.0
2025-02-25,sixty_forty,-0.028181935339172792,282.0
2025-02-26,sixty_forty,-0.025120055518333406,282.0
2025-02-27,sixty_forty,-0.042577545157712504,282.0
2025-02-28,sixty_forty,-0.037055359808648825,282.0
2025-03-03,sixty_forty,-0.049136065752463876,282.0
2025-03-04,sixty_forty,-0.052558334801659945,282.0
2025-03-05,sixty_forty,-0.03592962571508329,282.0
2025-03-06,sixty_forty,-0.05073996277189052,282.0
2025-03-07,sixty_forty,-0.044727674618365354,282.0
2025-03-10,sixty_forty,-0.07103052717210157,282.0
2025-03-11,sixty_forty,-0.07204627760200621,282.0
2025-03-12,sixty_forty,-0.0663050557939524,282.0
2025-03-13,sixty_forty,-0.07681475543221561,282.0
2025-03-14,sixty_forty,-0.05737641163864837,282.0
2025-03-17,sixty_forty,-0.046898919308197784,282.0
2025-03-18,sixty_forty,-0.05471396788080718,282.0
2025-03-19,sixty_forty,-0.04634437576581951,282.0
2025-03-20,sixty_forty,-0.05220008253267139,282.0
2025-03-21,sixty_forty,-0.054870019363589595,282.0
2025-03-24,sixty_forty,-0.04203927528358664,282.0
2025-03-25,sixty_forty,-0.041091054840698416,282.0
2025-03-26,sixty_forty,-0.05245336033129311,282.0
2025-03-27,sixty_forty,-0.053507098428291155,282.0
2025-03-28,sixty_forty,-0.07128652206488317,282.0
2025-03-31,sixty_forty,-0.07294572236898,282.0
2025-04-01,sixty_forty,-0.07008087377850236,282.0
2025-04-02,sixty_forty,-0.06392377411212002,282.0
2025-04-03,sixty_forty,-0.10315781753232378,282.0
2025-04-04,sixty_forty,-0.1546560321192434,282.0
2025-04-07,sixty_forty,-0.16660060189870507,282.0
2025-04-08,sixty_forty,-0.1795324654205841,282.0
2025-04-09,sixty_forty,-0.10462479247100831,282.0
2025-04-10,sixty_forty,-0.13435680238947334,282.0
2025-04-11,sixty_forty,-0.11577589742188821,282.0
2025-04-14,sixty_forty,-0.10728034096985828,282.0
2025-04-15,sixty_forty,-0.10589958323882942,282.0
2025-04-16,sixty_forty,-0.1197468039180527,282.0
2025-04-17,sixty_forty,-0.11478765734578833,282.0
2025-04-21,sixty_forty,-0.12779445580629023,282.0
2025-04-22,sixty_forty,-0.10801156684045865,282.0
2025-04-23,sixty_forty,-0.09591678873869103,282.0
2025-04-24,sixty_forty,-0.07897580386177616,282.0
2025-04-25,sixty_forty,-0.07508176829819246,282.0
2025-04-28,sixty_forty,-0.07269490602598816,282.0
2025-04-29,sixty_forty,-0.06834954399023718,282.0
2025-04-30,sixty_forty,-0.06920734941689155,282.0
2025-05-01,sixty_forty,-0.0649993322242296,282.0
2025-05-02,sixty_forty,-0.04631289848707054,282.0
2025-05-05,sixty_forty,-0.04821045042909877,282.0
2025-05-06,sixty_forty,-0.054624786157893235,282.0
2025-05-07,sixty_forty,-0.05534880523724128,282.0
2025-05-08,sixty_forty,-0.049308532805794725,282.0
2025-05-09,sixty_forty,-0.04781473175588158,282.0
2025-05-12,sixty_forty,-0.021998607219890776,282.0
2025-05-13,sixty_forty,-0.016394305661001862,282.0
2025-05-14,sixty_forty,-0.016141667332517873,282.0
2025-05-15,sixty_forty,-0.011676623372417594,282.0
2025-05-16,sixty_forty,-0.007591996221760322,282.0
2025-05-19,sixty_forty,-0.005754860916496796,282.0
2025-05-20,sixty_forty,-0.006279124490740973,282.0
2025-05-21,sixty_forty,-0.019693543373063727,282.0
2025-05-22,sixty_forty,-0.02000515750411136,282.0
2025-05-23,sixty_forty,-0.022718442421721052,282.0
2025-05-27,sixty_forty,-0.006770598639715963,282.0
2025-05-28,sixty_forty,-0.014078896525894113,282.0
2025-05-29,sixty_forty,-0.01073430561022437,282.0
2025-05-30,sixty_forty,-0.014380914174798587,282.0
2025-06-02,sixty_forty,-0.007560193442935015,282.0
2025-06-03,sixty_forty,-0.0027008001873758403,282.0
2025-06-04,sixty_forty,0.0,283.0
2025-06-05,sixty_forty,-0.0014804466592157617,283.0
2025-06-06,sixty_forty,0.0,284.0
2025-06-09,sixty_forty,0.0,285.0
2025-06-10,sixty_forty,0.0,286.0
2025-06-11,sixty_forty,-0.0015486453857302962,286.0
2025-06-12,sixty_forty,0.0,287.0
2025-06-13,sixty_forty,-0.01416905630441112,287.0
2025-06-16,sixty_forty,-0.004042342892030093,287.0
2025-06-17,sixty_forty,-0.014846693220658236,287.0
2025-06-18,sixty_forty,-0.013574681898979257,287.0
2025-06-20,sixty_forty,-0.018146508184799903,287.0
2025-06-23,sixty_forty,-0.008681226942410025,287.0
2025-06-24,sixty_forty,0.0,288.0
2025-06-25,sixty_forty,-0.0026230310783690314,288.0
2025-06-26,sixty_forty,0.0,289.0
2025-06-27,sixty_forty,0.0,290.0
2025-06-30,sixty_forty,0.0,291.0
2025-07-01,sixty_forty,0.0,292.0
2025-07-02,sixty_forty,0.0,293.0
2025-07-03,sixty_forty,0.0,294.0
2025-07-07,sixty_forty,-0.011001326948448353,294.0
2025-07-08,sixty_forty,-0.0069576705595535415,294.0
2025-07-09,sixty_forty,-0.0010278574624550396,294.0
2025-07-10,sixty_forty,0.0,295.0
2025-07-11,sixty_forty,-0.006514136297107065,295.0
2025-07-14,sixty_forty,-0.00377458443301093,295.0
2025-07-15,sixty_forty,-0.009026028080221682,295.0
2025-07-16,sixty_forty,-0.00442984912429889,295.0
2025-07-17,sixty_forty,0.0,296.0
2025-07-18,sixty_forty,-0.002775169795939836,296.0
2025-07-21,sixty_forty,0.0,297.0
2025-07-22,sixty_forty,0.0,298.0
2025-07-23,sixty_forty,0.0,299.0
2025-07-24,sixty_forty,-0.004854306884489512,299.0
2025-07-25,sixty_forty,-0.0036332980478800403,299.0
2025-07-28,sixty_forty,-0.00778440543141623,299.0
2025-07-29,sixty_forty,-0.010206953881694347,299.0
2025-07-30,sixty_forty,-0.01402944184839583,299.0
2025-07-31,sixty_forty,-0.020962581740663788,299.0
2025-08-01,sixty_forty,-0.034092921951950794,299.0
2025-08-04,sixty_forty,-0.018697472583385832,299.0
2025-08-05,sixty_forty,-0.019481901389566514,299.0
2025-08-06,sixty_forty,-0.013583676306261228,299.0
2025-08-07,sixty_forty,-0.01031215600729396,299.0
2025-08-08,sixty_forty,-0.005439978515962118,299.0
2025-08-11,sixty_forty,-0.00787144954847041,299.0
2025-08-12,sixty_forty,0.0,300.0
2025-08-13,sixty_forty,0.0,301.0
2025-08-14,sixty_forty,-0.005197336281572595,301.0
2025-08-15,sixty_forty,-0.00610372552069105,301.0
2025-08-18,sixty_forty,-0.004564826574191216,301.0
2025-08-19,sixty_forty,-0.011465003946649621,301.0
2025-08-20,sixty_forty,-0.013410632541904444,301.0
2025-08-21,sixty_forty,-0.01629532881167728,301.0
2025-08-22,sixty_forty,0.0,302.0
2025-08-25,sixty_forty,-0.007411899124982191,302.0
2025-08-26,sixty_forty,-0.004846062134634677,302.0
2025-08-27,sixty_forty,-0.00429086643614407,302.0
2025-08-28,sixty_forty,-0.0006358440071537741,302.0
2025-08-29,sixty_forty,-0.007136718841516232,302.0
2025-09-02,sixty_forty,-0.013466445026597773,302.0
2025-09-03,sixty_forty,-0.009981363386405873,302.0
2025-09-04,sixty_forty,-0.0032563937175659197,302.0
2025-09-05,sixty_forty,0.0,303.0
2025-09-08,sixty_forty,0.0,304.0
2025-09-09,sixty_forty,0.0,305.0
2025-09-10,sixty_forty,0.0,306.0
2025-09-11,sixty_forty,0.0,307.0
2025-09-12,sixty_forty,-0.0021252964523164053,307.0
2025-09-15,sixty_forty,0.0,308.0
2025-09-16,sixty_forty,0.0,309.0
2025-09-17,sixty_forty,0.0,310.0
2025-09-18,sixty_forty,0.0,311.0
2025-09-19,sixty_forty,-0.0004031747524243512,311.0
2025-09-22,sixty_forty,0.0,312.0
2025-09-23,sixty_forty,-0.0031400515459142353,312.0
2025-09-24,sixty_forty,-0.008123565849592618,312.0
2025-09-25,sixty_forty,-0.01435075752511461,312.0
2025-09-26,sixty_forty,-0.009625246121630626,312.0
2025-09-29,sixty_forty,-0.005325035522229293,312.0
2025-09-30,sixty_forty,-0.0021510978416263704,312.0
2025-10-01,sixty_forty,0.0,313.0
2025-10-02,sixty_forty,0.0,314.0
2025-10-03,sixty_forty,0.0,315.0
2025-10-06,sixty_forty,0.0,316.0
2025-10-07,sixty_forty,-0.0072367376596284005,316.0
2025-10-08,sixty_forty,0.0,317.0
2025-10-09,sixty_forty,-0.0058120791210255485,317.0
2025-10-10,sixty_forty,-0.03505949666671937,317.0
2025-10-13,sixty_forty,-0.015493260036968381,317.0
2025-10-14,sixty_forty,-0.015082734367429795,317.0
2025-10-15,sixty_forty,-0.006706132776891804,317.0
2025-10-16,sixty_forty,-0.010759654838407906,317.0
2025-10-17,sixty_forty,-0.009383921072620316,317.0
2025-10-20,sixty_forty,0.0,318.0
2025-10-21,sixty_forty,-0.004705259587444832,318.0
2025-10-22,sixty_forty,-0.011101216180810392,318.0
2025-10-23,sixty_forty,-0.003088678611702811,318.0
2025-10-24,sixty_forty,0.0,319.0
2025-10-27,sixty_forty,0.0,320.0
2025-10-28,sixty_forty,0.0,321.0
2025-10-29,sixty_forty,-0.0006430651307762769,321.0
2025-10-30,sixty_forty,-0.010511375203189788,321.0
2025-10-31,sixty_forty,-0.008690327723534952,321.0
2025-11-03,sixty_forty,-0.006645880143458904,321.0
2025-11-04,sixty_forty,-0.022145617883118307,321.0
2025-11-05,sixty_forty,-0.014371410957338293,321.0
2025-11-06,sixty_forty,-0.025544208119890777,321.0
2025-11-07,sixty_forty,-0.024774657059836835,321.0
2025-11-10,sixty_forty,-0.010023883955368462,321.0
2025-11-11,sixty_forty,-0.008236712289776404,321.0
2025-11-12,sixty_forty,-0.00753222700313827,321.0
2025-11-13,sixty_forty,-0.024844590528871002,321.0
2025-11-14,sixty_forty,-0.02463382392628577,321.0
2025-11-17,sixty_forty,-0.03683543394856281,321.0
2025-11-18,sixty_forty,-0.0437240880167441,321.0
2025-11-19,sixty_forty,-0.043162908569784664,321.0
2025-11-20,sixty_forty,-0.059391299660220054,321.0
2025-11-21,sixty_forty,-0.04793754290017205,321.0
2025-11-24,sixty_forty,-0.034726546419624804,321.0
2025-11-25,sixty_forty,-0.024480847399897754,321.0
2025-11-26,sixty_forty,-0.01612142553424223,321.0
2025-11-28,sixty_forty,-0.011345761110701846,321.0
2025-12-01,sixty_forty,-0.01658046426187343,321.0
2025-12-02,sixty_forty,-0.014300255215109359,321.0
2025-12-03,sixty_forty,-0.008358158478509403,321.0
2025-12-04,sixty_forty,-0.006141135931249986,321.0
2025-12-05,sixty_forty,-0.004310960313603451,321.0
2025-12-08,sixty_forty,-0.006266667618308075,321.0
2025-12-09,sixty_forty,-0.006371539769635337,321.0
2025-12-10,sixty_forty,0.0,322.0
2025-12-11,sixty_forty,0.0,323.0
2025-12-12,sixty_forty,-0.012428429384673811,323.0
2025-12-15,sixty_forty,-0.01458836332547464,323.0
2025-12-16,sixty_forty,-0.017850544199462637,323.0
2025-12-17,sixty_forty,-0.02872765814733258,323.0
2025-12-18,sixty_forty,-0.019734664040929495,323.0
2025-12-19,sixty_forty,-0.010545418992081834,323.0
2025-12-22,sixty_forty,-0.0045902979097475205,323.0
2025-12-23,sixty_forty,-0.0016284157322282722,323.0
2025-12-24,sixty_forty,0.0,324.0
2025-12-26,sixty_forty,0.0,325.0
2025-12-29,sixty_forty,-0.004014578217209741,325.0
2025-12-30,sixty_forty,-0.005050123131524531,325.0
2025-12-31,sixty_forty,-0.011112568862778005,325.0
2026-01-02,sixty_forty,-0.0013411349142429252,325.0
2026-01-05,sixty_forty,0.0,326.0
2026-01-06,sixty_forty,0.0,327.0
2026-01-07,sixty_forty,-0.003173869611503455,327.0
2026-01-08,sixty_forty,-0.002038231677343405,327.0
2026-01-09,sixty_forty,0.0,328.0
2026-01-12,sixty_forty,0.0,329.0
2026-01-13,sixty_forty,-0.0034343605024126367,329.0
2026-01-14,sixty_forty,-0.0033369967491787556,329.0
2026-01-15,sixty_forty,0.0,330.0
2026-01-16,sixty_forty,-0.000353714745865763,330.0
2026-01-20,sixty_forty,-0.01597175354946656,330.0
2026-01-21,sixty_forty,-0.0017795446638524393,330.0
2026-01-22,sixty_forty,0.0,331.0
2026-01-23,sixty_forty,-0.0008133776672039073,331.0
2026-01-26,sixty_forty,0.0,332.0
2026-01-27,sixty_forty,0.0,333.0
2026-01-28,sixty_forty,-0.001199499360566736,333.0
2026-01-29,sixty_forty,-0.0024263609745576176,333.0
2026-01-30,sixty_forty,-0.01463496305136125,333.0
2026-02-02,sixty_forty,-0.008501061756989614,333.0
2026-02-03,sixty_forty,-0.011602442083522457,333.0
2026-02-04,sixty_forty,-0.019705841062558127,333.0
2026-02-05,sixty_forty,-0.03219734255594364,333.0
2026-02-06,sixty_forty,-0.007932399349096064,333.0
2026-02-09,sixty_forty,0.0,334.0
2026-02-10,sixty_forty,-0.001178976060768444,334.0
2026-02-11,sixty_forty,0.0,335.0
2026-02-12,sixty_forty,-0.01493068733338443,335.0
2026-02-13,sixty_forty,-0.010768653384243043,335.0
2026-02-17,sixty_forty,-0.011464104221343696,335.0
2026-02-18,sixty_forty,-0.0070509401493281665,335.0
2026-02-19,sixty_forty,-0.008903676841237496,335.0
2026-02-20,sixty_forty,0.0,336.0
2026-02-23,sixty_forty,-0.010582251775795637,336.0
2026-02-24,sixty_forty,-0.0013872447263350018,336.0
2026-02-25,sixty_forty,0.0,337.0
2026-02-26,sixty_forty,-0.004518854309413012,337.0
2026-02-27,sixty_forty,-0.01028455150226526,337.0
2026-03-02,sixty_forty,-0.015743487037784387,337.0
2026-03-03,sixty_forty,-0.03897170502844427,337.0
2026-03-04,sixty_forty,-0.028271384266416955,337.0
2026-03-05,sixty_forty,-0.04246918848622716,337.0
2026-03-06,sixty_forty,-0.05504493130757304,337.0
2026-03-09,sixty_forty,-0.04375564012798594,337.0
2026-03-10,sixty_forty,-0.04308454249363547,337.0
2026-03-11,sixty_forty,-0.0436547878175505,337.0
2026-03-12,sixty_forty,-0.0630071448314633,337.0
2026-03-13,sixty_forty,-0.06853690884572516,337.0
2026-03-16,sixty_forty,-0.05422182122350927,337.0
2026-03-17,sixty_forty,-0.04989466816623933,337.0
2026-03-18,sixty_forty,-0.0653244953997908,337.0
2026-03-19,sixty_forty,-0.06532898839227275,337.0
2026-03-20,sixty_forty,-0.08755486209384333,337.0
2026-03-23,sixty_forty,-0.06989101619511817,337.0
2026-03-24,sixty_forty,-0.07444737648866506,337.0
2026-03-25,sixty_forty,-0.06435388416467291,337.0
2026-03-26,sixty_forty,-0.08560169518520344,337.0
2026-03-27,sixty_forty,-0.09814583268070287,337.0
2026-03-30,sixty_forty,-0.10368393594571901,337.0
2026-03-31,sixty_forty,-0.07364254630897082,337.0
2026-04-01,sixty_forty,-0.06453265672619579,337.0
2026-04-02,sixty_forty,-0.06610233868817561,337.0
2026-04-06,sixty_forty,-0.06065823343247323,337.0
2026-04-07,sixty_forty,-0.059746112865403544,337.0
2026-04-08,sixty_forty,-0.02616275508698307,337.0
2026-04-09,sixty_forty,-0.02359781029158803,337.0
2026-04-10,sixty_forty,-0.022587544595633613,337.0
2026-04-13,sixty_forty,-0.012979033258251671,337.0
2026-04-14,sixty_forty,0.0,338.0
2026-04-15,sixty_forty,0.0,339.0
2026-04-16,sixty_forty,0.0,340.0
2026-04-17,sixty_forty,0.0,341.0
2026-04-20,sixty_forty,-0.0021204383118121894,341.0
2026-04-21,sixty_forty,-0.013464457642045735,341.0
2026-04-22,sixty_forty,-0.0024176909381520284,341.0
2026-04-23,sixty_forty,-0.009690142071053565,341.0
2026-04-24,sixty_forty,0.0,342.0
2026-04-27,sixty_forty,-0.00023038443734035852,342.0
2026-04-28,sixty_forty,-0.008497191750016397,342.0
2026-04-29,sixty_forty,-0.011473070887384695,342.0
2026-04-30,sixty_forty,0.0,343.0
2026-05-01,sixty_forty,0.0,344.0
2026-05-04,sixty_forty,-0.0049479994482856116,344.0
2026-05-05,sixty_forty,0.0,345.0
2026-05-06,sixty_forty,0.0,346.0
2026-05-07,sixty_forty,-0.010365802725816331,346.0
2026-05-08,sixty_forty,0.0,347.0
2026-05-11,sixty_forty,0.0,348.0
2026-05-12,sixty_forty,-0.011305463462434662,348.0
2026-05-13,sixty_forty,-0.002502370930004383,348.0
2026-05-14,sixty_forty,0.0,349.0
2026-05-15,sixty_forty,-0.020466448704386853,349.0
2026-05-18,sixty_forty,-0.021128454192383295,349.0
2026-05-19,sixty_forty,-0.029268379976085224,349.0
2026-05-20,sixty_forty,-0.01237826101084294,349.0
2026-05-21,sixty_forty,-0.006999065066505938,349.0
2026-05-22,sixty_forty,-0.004384051033275882,349.0
2026-05-26,sixty_forty,0.0,350.0
2026-05-27,sixty_forty,-0.001063394781882554,350.0
2026-05-28,sixty_forty,0.0,351.0
2026-05-29,sixty_forty,0.0,352.0
2026-06-01,sixty_forty,0.0,353.0
2026-06-02,sixty_forty,0.0,354.0
2026-06-03,sixty_forty,-0.008871607542766835,354.0
2026-06-04,sixty_forty,-0.006849221787582294,354.0
2026-06-05,sixty_forty,-0.04651976085351828,354.0
2026-06-08,sixty_forty,-0.03697372981087976,354.0
2026-06-09,sixty_forty,-0.03888493003815874,354.0
2026-06-10,sixty_forty,-0.05357786226972594,354.0
2026-06-11,sixty_forty,-0.024257737329064555,354.0
2026-06-12,sixty_forty,-0.018706175670184955,354.0
2026-06-15,sixty_forty,0.0,355.0
2026-06-16,sixty_forty,-0.009447163885199616,355.0
2026-06-17,sixty_forty,-0.016638098743454566,355.0
2026-06-18,sixty_forty,0.0,356.0
2026-06-22,sixty_forty,0.0,357.0
2026-06-23,sixty_forty,-0.02682996065690535,357.0
2026-06-24,sixty_forty,-0.026944594727486115,357.0
2026-06-25,sixty_forty,-0.019876179807365113,357.0
2026-06-26,sixty_forty,-0.026625673143983675,357.0
2026-06-29,sixty_forty,-0.01695463281469689,357.0
2026-06-30,sixty_forty,-0.007530579455659603,357.0
2026-07-01,sixty_forty,-0.018716572027557832,357.0
2026-07-02,sixty_forty,-0.023248081992382597,357.0
2026-07-06,sixty_forty,-0.010309180314220234,357.0
2026-07-07,sixty_forty,-0.024587319244339878,357.0
2026-07-08,sixty_forty,-0.02644654603390517,357.0
2026-07-09,sixty_forty,-0.016425865954801,357.0
2026-07-10,sixty_forty,-0.01465398992336786,357.0
2026-07-13,sixty_forty,-0.030709038604072814,357.0
2026-07-14,sixty_forty,-0.022356510391081108,357.0
2026-07-15,sixty_forty,-0.020254636750201227,357.0
2026-07-16,sixty_forty,-0.03031663340474422,357.0
2026-07-17,sixty_forty,-0.039730993022441874,357.0
2026-07-20,sixty_forty,-0.04163428182661233,357.0
2026-07-21,sixty_forty,-0.025644633514394166,357.0
2026-07-22,sixty_forty,-0.029327712846717646,357.0
2026-07-23,sixty_forty,-0.040218259601562,357.0
2026-07-24,sixty_forty,-0.04549372265771767,357.0
2026-07-27,sixty_forty,-0.04307315477060902,357.0
2026-07-28,sixty_forty,-0.04785784460019471,357.0
2026-07-29,sixty_forty,-0.06252792004142294,357.0
2026-07-30,sixty_forty,-0.03786159454497262,357.0
2026-07-31,sixty_forty,-0.03594730951281244,357.0
2026-08-03,sixty_forty,-0.025086236512603,357.0
2026-08-04,sixty_forty,-0.003850348491342137,357.0
2026-08-05,sixty_forty,-0.007994423038334642,357.0
2026-08-06,sixty_forty,-0.01230029138439781,357.0
2026-08-07,sixty_forty,-0.0025099747880732437,357.0
2026-08-10,sixty_forty,-0.006628680941189402,357.0
2026-08-11,sixty_forty,-0.0063382249235763855,357.0
2026-08-12,sixty_forty,0.0,358.0
2026-08-13,sixty_forty,0.0,359.0
2026-08-14,sixty_forty,0.0,360.0
2026-08-17,sixty_forty,-0.0001528829452254188,360.0
2026-08-18,sixty_forty,-0.0155405870531663,360.0
2026-08-19,sixty_forty,-0.011516268642362104,360.0
2026-08-20,sixty_forty,-0.016274700176179713,360.0
2026-08-21,sixty_forty,-0.010149257508395015,360.0
2026-08-24,sixty_forty,-0.017425924929086123,360.0
2026-08-25,sixty_forty,-0.009897582714900044,360.0
2026-08-26,sixty_forty,-0.011098749098159555,360.0
2026-08-27,sixty_forty,-0.005673093054342715,360.0
2026-08-28,sixty_forty,-0.012037968741101857,360.0
2026-08-31,sixty_forty,-0.014581171806032134,360.0
2026-09-01,sixty_forty,-0.023170219595762487,360.0
2026-09-02,sixty_forty,-0.01739118176843557,360.0
2026-09-03,sixty_forty,-0.009170099338472126,360.0
2026-09-04,sixty_forty,-0.005171099700390314,360.0
2026-09-08,sixty_forty,-0.008024551566886529,360.0
2026-09-09,sixty_forty,-0.01543868940753479,360.0
2026-09-10,sixty_forty,-0.026672723029453116,360.0
2026-09-11,sixty_forty,-0.018141193512352105,360.0
2026-09-14,sixty_forty,-0.028220730612356748,360.0
2026-09-15,sixty_forty,-0.03325700336384796,360.0
2026-09-16,sixty_forty,-0.035700496183934005,360.0
2026-09-17,sixty_forty,-0.023768496128661498,360.0
2026-09-18,sixty_forty,-0.024774610910011985,360.0
2026-09-21,sixty_forty,-0.007605345442907252,360.0
2026-09-22,sixty_forty,-0.003413127471317834,360.0
2026-09-23,sixty_forty,-0.01732436967024331,360.0
2026-09-24,sixty_forty,-0.019588350628890527,360.0
2026-09-25,sixty_forty,-0.01328700719646303,360.0
2026-09-28,sixty_forty,-0.021516158868932767,360.0
2026-09-29,sixty_forty,-0.022504682484137617,360.0
2026-09-30,sixty_forty,-0.026132123499725934,360.0
2026-10-01,sixty_forty,-0.026316930560526752,360.0
2026-10-02,sixty_forty,-0.01648472029311865,360.0
2026-10-05,sixty_forty,-0.00890405971357966,360.0
2026-10-06,sixty_forty,-0.009314931686203232,360.0
2026-10-07,sixty_forty,-0.01758308056878055,360.0
2026-10-08,sixty_forty,-0.025635515548840804,360.0
2026-10-09,sixty_forty,-0.01916210617139802,360.0
