date,strategy,zone
2025-10-03,equal_weight,
2025-10-03,equal_weight,
2025-10-03,equal_weight,
2025-10-03,equal_weight,
2025-10-06,equal_weight,
2025-10-06,equal_weight,
2025-10-06,equal_weight,
2025-10-06,equal_weight,
2025-10-07,equal_weight,
2025-10-07,equal_weight,
2025-10-07,equal_weight,
2025-10-07,equal_weight,
2025-10-08,equal_weight,
2025-10-08,equal_weight,
2025-10-08,equal_weight,
2025-10-08,equal_weight,
2025-10-09,equal_weight,
2025-10-09,equal_weight,
2025-10-09,equal_weight,
2025-10-09,equal_weight,
2025-10-10,equal_weight,
2025-10-10,equal_weight,
2025-10-10,equal_weight,
2025-10-10,equal_weight,
2025-10-13,equal_weight,
2025-10-13,equal_weight,
2025-10-13,equal_weight,
2025-10-13,equal_weight,
2025-10-14,equal_weight,
2025-10-14,equal_weight,
2025-10-14,equal_weight,
2025-10-14,equal_weight,
2025-10-15,equal_weight,
2025-10-15,equal_weight,
2025-10-15,equal_weight,
2025-10-15,equal_weight,
2025-10-16,equal_weight,
2025-10-16,equal_weight,
2025-10-16,equal_weight,
2025-10-16,equal_weight,
2025-10-17,equal_weight,
2025-10-17,equal_weight,
2025-10-17,equal_weight,
2025-10-17,equal_weight,
2025-10-20,equal_weight,
2025-10-20,equal_weight,
2025-10-20,equal_weight,
2025-10-20,equal_weight,
2025-10-21,equal_weight,
2025-10-21,equal_weight,
2025-10-21,equal_weight,
2025-10-21,equal_weight,
2025-10-22,equal_weight,
2025-10-22,equal_weight,
2025-10-22,equal_weight,
2025-10-22,equal_weight,
2025-10-23,equal_weight,
2025-10-23,equal_weight,
2025-10-23,equal_weight,
2025-10-23,equal_weight,
2025-10-24,equal_weight,
2025-10-24,equal_weight,
2025-10-24,equal_weight,
2025-10-24,equal_weight,
2025-10-27,equal_weight,
2025-10-27,equal_weight,
2025-10-27,equal_weight,
2025-10-27,equal_weight,
2025-10-28,equal_weight,
2025-10-28,equal_weight,
2025-10-28,equal_weight,
2025-10-28,equal_weight,
2025-10-29,equal_weight,
2025-10-29,equal_weight,
2025-10-29,equal_weight,
2025-10-29,equal_weight,
2025-10-30,equal_weight,
2025-10-30,equal_weight,
2025-10-30,equal_weight,
2025-10-30,equal_weight,
2025-10-31,equal_weight,
2025-10-31,equal_weight,
2025-10-31,equal_weight,
2025-10-31,equal_weight,
2025-11-03,equal_weight,
2025-11-03,equal_weight,
2025-11-03,equal_weight,
2025-11-03,equal_weight,
2025-11-04,equal_weight,
2025-11-04,equal_weight,
2025-11-04,equal_weight,
2025-11-04,equal_weight,
2025-11-05,equal_weight,
2025-11-05,equal_weight,
2025-11-05,equal_weight,
2025-11-05,equal_weight,
2025-11-06,equal_weight,
2025-11-06,equal_weight,
2025-11-06,equal_weight,
2025-11-06,equal_weight,
2025-11-07,equal_weight,
2025-11-07,equal_weight,
2025-11-07,equal_weight,
2025-11-07,equal_weight,
2025-11-10,equal_weight,
2025-11-10,equal_weight,
2025-11-10,equal_weight,
2025-11-10,equal_weight,
2025-11-11,equal_weight,
2025-11-11,equal_weight,
2025-11-11,equal_weight,
2025-11-11,equal_weight,
2025-11-12,equal_weight,
2025-11-12,equal_weight,
2025-11-12,equal_weight,
2025-11-12,equal_weight,
2025-11-13,equal_weight,
2025-11-13,equal_weight,
2025-11-13,equal_weight,
2025-11-13,equal_weight,
2025-11-14,equal_weight,
2025-11-14,equal_weight,
2025-11-14,equal_weight,
2025-11-14,equal_weight,
2025-11-17,equal_weight,
2025-11-17,equal_weight,
2025-11-17,equal_weight,
2025-11-17,equal_weight,
2025-11-18,equal_weight,
2025-11-18,equal_weight,
2025-11-18,equal_weight,
2025-11-18,equal_weight,
2025-11-19,equal_weight,
2025-11-19,equal_weight,
2025-11-19,equal_weight,
2025-11-19,equal_weight,
2025-11-20,equal_weight,
2025-11-20,equal_weight,
2025-11-20,equal_weight,
2025-11-20,equal_weight,
2025-11-21,equal_weight,
2025-11-21,equal_weight,
2025-11-21,equal_weight,
2025-11-21,equal_weight,
2025-11-24,equal_weight,
2025-11-24,equal_weight,
2025-11-24,equal_weight,
2025-11-24,equal_weight,
2025-11-25,equal_weight,
2025-11-25,equal_weight,
2025-11-25,equal_weight,
2025-11-25,equal_weight,
2025-11-26,equal_weight,
2025-11-26,equal_weight,
2025-11-26,equal_weight,
2025-11-26,equal_weight,
2025-11-28,equal_weight,
2025-11-28,equal_weight,
2025-11-28,equal_weight,
2025-11-28,equal_weight,
2025-12-01,equal_weight,
2025-12-01,equal_weight,
2025-12-01,equal_weight,
2025-12-01,equal_weight,
2025-12-02,equal_weight,
2025-12-02,equal_weight,
2025-12-02,equal_weight,
2025-12-02,equal_weight,
2025-12-03,equal_weight,
2025-12-03,equal_weight,
2025-12-03,equal_weight,
2025-12-03,equal_weight,
2025-12-04,equal_weight,
2025-12-04,equal_weight,
2025-12-04,equal_weight,
2025-12-04,equal_weight,
2025-12-05,equal_weight,
2025-12-05,equal_weight,
2025-12-05,equal_weight,
2025-12-05,equal_weight,
2025-12-08,equal_weight,
2025-12-08,equal_weight,
2025-12-08,equal_weight,
2025-12-08,equal_weight,
2025-12-09,equal_weight,
2025-12-09,equal_weight,
2025-12-09,equal_weight,
2025-12-09,equal_weight,
2025-12-10,equal_weight,
2025-12-10,equal_weight,
2025-12-10,equal_weight,
2025-12-10,equal_weight,
2025-12-11,equal_weight,
2025-12-11,equal_weight,
2025-12-11,equal_weight,
2025-12-11,equal_weight,
2025-12-12,equal_weight,
2025-12-12,equal_weight,
2025-12-12,equal_weight,
2025-12-12,equal_weight,
2025-12-15,equal_weight,
2025-12-15,equal_weight,
2025-12-15,equal_weight,
2025-12-15,equal_weight,
2025-12-16,equal_weight,
2025-12-16,equal_weight,
2025-12-16,equal_weight,
2025-12-16,equal_weight,
2025-12-17,equal_weight,
2025-12-17,equal_weight,
2025-12-17,equal_weight,
2025-12-17,equal_weight,
2025-12-18,equal_weight,
2025-12-18,equal_weight,
2025-12-18,equal_weight,
2025-12-18,equal_weight,
2025-12-19,equal_weight,
2025-12-19,equal_weight,
2025-12-19,equal_weight,
2025-12-19,equal_weight,
2025-12-22,equal_weight,
2025-12-22,equal_weight,
2025-12-22,equal_weight,
2025-12-22,equal_weight,
2025-12-23,equal_weight,
2025-12-23,equal_weight,
2025-12-23,equal_weight,
2025-12-23,equal_weight,
2025-12-24,equal_weight,
2025-12-24,equal_weight,
2025-12-24,equal_weight,
2025-12-24,equal_weight,
2025-12-26,equal_weight,
2025-12-26,equal_weight,
2025-12-26,equal_weight,
2025-12-26,equal_weight,
2025-12-29,equal_weight,
2025-12-29,equal_weight,
2025-12-29,equal_weight,
2025-12-29,equal_weight,
2025-12-30,equal_weight,
2025-12-30,equal_weight,
2025-12-30,equal_weight,
2025-12-30,equal_weight,
2025-12-31,equal_weight,
2025-12-31,equal_weight,
2025-12-31,equal_weight,
2025-12-31,equal_weight,
2026-01-02,equal_weight,
2026-01-02,equal_weight,green
2026-01-02,equal_weight,green
2026-01-02,equal_weight,green
2026-01-05,equal_weight,green
2026-01-05,equal_weight,green
2026-01-05,equal_weight,green
2026-01-05,equal_weight,green
2026-01-06,equal_weight,green
2026-01-06,equal_weight,green
2026-01-06,equal_weight,green
2026-01-06,equal_weight,green
2026-01-07,equal_weight,green
2026-01-07,equal_weight,green
2026-01-07,equal_weight,green
2026-01-07,equal_weight,green
2026-01-08,equal_weight,green
2026-01-08,equal_weight,green
2026-01-08,equal_weight,green
2026-01-08,equal_weight,green
2026-01-09,equal_weight,green
2026-01-09,equal_weight,green
2026-01-09,equal_weight,green
2026-01-09,equal_weight,green
2026-01-12,equal_weight,green
2026-01-12,equal_weight,green
2026-01-12,equal_weight,green
2026-01-12,equal_weight,green
2026-01-13,equal_weight,green
2026-01-13,equal_weight,green
2026-01-13,equal_weight,green
2026-01-13,equal_weight,green
2026-01-14,equal_weight,green
2026-01-14,equal_weight,green
2026-01-14,equal_weight,green
2026-01-14,equal_weight,green
2026-01-15,equal_weight,green
2026-01-15,equal_weight,green
2026-01-15,equal_weight,green
2026-01-15,equal_weight,green
2026-01-16,equal_weight,green
2026-01-16,equal_weight,green
2026-01-16,equal_weight,green
2026-01-16,equal_weight,green
2026-01-20,equal_weight,green
2026-01-20,equal_weight,green
2026-01-20,equal_weight,green
2026-01-20,equal_weight,green
2026-01-21,equal_weight,green
2026-01-21,equal_weight,green
2026-01-21,equal_weight,green
2026-01-21,equal_weight,green
2026-01-22,equal_weight,green
2026-01-22,equal_weight,green
2026-01-22,equal_weight,green
2026-01-22,equal_weight,green
2026-01-23,equal_weight,green
2026-01-23,equal_weight,green
2026-01-23,equal_weight,green
2026-01-23,equal_weight,green
2026-01-26,equal_weight,green
2026-01-26,equal_weight,green
2026-01-26,equal_weight,green
2026-01-26,equal_weight,green
2026-01-27,equal_weight,green
2026-01-27,equal_weight,green
2026-01-27,equal_weight,green
2026-01-27,equal_weight,green
2026-01-28,equal_weight,green
2026-01-28,equal_weight,green
2026-01-28,equal_weight,green
2026-01-28,equal_weight,green
2026-01-29,equal_weight,green
2026-01-29,equal_weight,green
2026-01-29,equal_weight,green
2026-01-29,equal_weight,green
2026-01-30,equal_weight,green
2026-01-30,equal_weight,green
2026-01-30,equal_weight,green
2026-01-30,equal_weight,green
2026-02-02,equal_weight,green
2026-02-02,equal_weight,green
2026-02-02,equal_weight,green
2026-02-02,equal_weight,green
2026-02-03,equal_weight,green
2026-02-03,equal_weight,green
2026-02-03,equal_weight,green
2026-02-03,equal_weight,green
2026-02-04,equal_weight,green
2026-02-04,equal_weight,green
2026-02-04,equal_weight,green
2026-02-04,equal_weight,green
2026-02-05,equal_weight,green
2026-02-05,equal_weight,green
2026-02-05,equal_weight,green
2026-02-05,equal_weight,green
2026-02-06,equal_weight,green
2026-02-06,equal_weight,green
2026-02-06,equal_weight,green
2026-02-06,equal_weight,green
2026-02-09,equal_weight,green
2026-02-09,equal_weight,green
2026-02-09,equal_weight,green
2026-02-09,equal_weight,green
2026-02-10,equal_weight,green
2026-02-10,equal_weight,green
2026-02-10,equal_weight,green
2026-02-10,equal_weight,green
2026-02-11,equal_weight,green
2026-02-11,equal_weight,green
2026-02-11,equal_weight,green
2026-02-11,equal_weight,green
2026-02-12,equal_weight,green
2026-02-12,equal_weight,green
2026-02-12,equal_weight,green
2026-02-12,equal_weight,green
2026-02-13,equal_weight,green
2026-02-13,equal_weight,green
2026-02-13,equal_weight,green
2026-02-13,equal_weight,green
2026-02-17,equal_weight,green
2026-02-17,equal_weight,green
2026-02-17,equal_weight,green
2026-02-17,equal_weight,green
2026-02-18,equal_weight,green
2026-02-18,equal_weight,green
2026-02-18,equal_weight,green
2026-02-18,equal_weight,green
2026-02-19,equal_weight,green
2026-02-19,equal_weight,green
2026-02-19,equal_weight,green
2026-02-19,equal_weight,green
2026-02-20,equal_weight,green
2026-02-20,equal_weight,green
2026-02-20,equal_weight,green
2026-02-20,equal_weight,green
2026-02-23,equal_weight,green
2026-02-23,equal_weight,green
2026-02-23,equal_weight,green
2026-02-23,equal_weight,green
2026-02-24,equal_weight,green
2026-02-24,equal_weight,green
2026-02-24,equal_weight,green
2026-02-24,equal_weight,green
2026-02-25,equal_weight,green
2026-02-25,equal_weight,green
2026-02-25,equal_weight,green
2026-02-25,equal_weight,green
2026-02-26,equal_weight,green
2026-02-26,equal_weight,green
2026-02-26,equal_weight,green
2026-02-26,equal_weight,green
2026-02-27,equal_weight,green
2026-02-27,equal_weight,green
2026-02-27,equal_weight,green
2026-02-27,equal_weight,green
2026-03-02,equal_weight,green
2026-03-02,equal_weight,green
2026-03-02,equal_weight,green
2026-03-02,equal_weight,green
2026-03-03,equal_weight,green
2026-03-03,equal_weight,green
2026-03-03,equal_weight,green
2026-03-03,equal_weight,green
2026-03-04,equal_weight,green
2026-03-04,equal_weight,green
2026-03-04,equal_weight,green
2026-03-04,equal_weight,green
2026-03-05,equal_weight,green
2026-03-05,equal_weight,green
2026-03-05,equal_weight,green
2026-03-05,equal_weight,green
2026-03-06,equal_weight,green
2026-03-06,equal_weight,green
2026-03-06,equal_weight,green
2026-03-06,equal_weight,green
2026-03-09,equal_weight,green
2026-03-09,equal_weight,green
2026-03-09,equal_weight,green
2026-03-09,equal_weight,green
2026-03-10,equal_weight,green
2026-03-10,equal_weight,green
2026-03-10,equal_weight,green
2026-03-10,equal_weight,green
2026-03-11,equal_weight,green
2026-03-11,equal_weight,green
2026-03-11,equal_weight,green
2026-03-11,equal_weight,green
2026-03-12,equal_weight,green
2026-03-12,equal_weight,green
2026-03-12,equal_weight,green
2026-03-12,equal_weight,green
2026-03-13,equal_weight,green
2026-03-13,equal_weight,green
2026-03-13,equal_weight,green
2026-03-13,equal_weight,green
2026-03-16,equal_weight,green
2026-03-16,equal_weight,green
2026-03-16,equal_weight,green
2026-03-16,equal_weight,green
2026-03-17,equal_weight,green
2026-03-17,equal_weight,green
2026-03-17,equal_weight,green
2026-03-17,equal_weight,green
2026-03-18,equal_weight,green
2026-03-18,equal_weight,green
2026-03-18,equal_weight,green
2026-03-18,equal_weight,green
2026-03-19,equal_weight,green
2026-03-19,equal_weight,green
2026-03-19,equal_weight,green
2026-03-19,equal_weight,green
2026-03-20,equal_weight,green
2026-03-20,equal_weight,green
2026-03-20,equal_weight,green
2026-03-20,equal_weight,green
2026-03-23,equal_weight,green
2026-03-23,equal_weight,green
2026-03-23,equal_weight,green
2026-03-23,equal_weight,green
2026-03-24,equal_weight,green
2026-03-24,equal_weight,green
2026-03-24,equal_weight,green
2026-03-24,equal_weight,green
2026-03-25,equal_weight,green
2026-03-25,equal_weight,green
2026-03-25,equal_weight,green
2026-03-25,equal_weight,green
2026-03-26,equal_weight,green
2026-03-26,equal_weight,green
2026-03-26,equal_weight,green
2026-03-26,equal_weight,green
2026-03-27,equal_weight,green
2026-03-27,equal_weight,green
2026-03-27,equal_weight,green
2026-03-27,equal_weight,green
2026-03-30,equal_weight,green
2026-03-30,equal_weight,green
2026-03-30,equal_weight,green
2026-03-30,equal_weight,green
2026-03-31,equal_weight,green
2026-03-31,equal_weight,green
2026-03-31,equal_weight,green
2026-03-31,equal_weight,green
2026-04-01,equal_weight,green
2026-04-01,equal_weight,green
2026-04-01,equal_weight,green
2026-04-01,equal_weight,green
2026-04-02,equal_weight,green
2026-04-02,equal_weight,green
2026-04-02,equal_weight,green
2026-04-02,equal_weight,green
2026-04-06,equal_weight,green
2026-04-06,equal_weight,green
2026-04-06,equal_weight,green
2026-04-06,equal_weight,green
2026-04-07,equal_weight,green
2026-04-07,equal_weight,green
2026-04-07,equal_weight,green
2026-04-07,equal_weight,green
2026-04-08,equal_weight,green
2026-04-08,equal_weight,green
2026-04-08,equal_weight,green
2026-04-08,equal_weight,green
2026-04-09,equal_weight,green
2026-04-09,equal_weight,green
2026-04-09,equal_weight,green
2026-04-09,equal_weight,green
2026-04-10,equal_weight,green
2026-04-10,equal_weight,green
2026-04-10,equal_weight,green
2026-04-10,equal_weight,green
2026-04-13,equal_weight,green
2026-04-13,equal_weight,green
2026-04-13,equal_weight,green
2026-04-13,equal_weight,green
2026-04-14,equal_weight,green
2026-04-14,equal_weight,green
2026-04-14,equal_weight,green
2026-04-14,equal_weight,green
2026-04-15,equal_weight,green
2026-04-15,equal_weight,green
2026-04-15,equal_weight,green
2026-04-15,equal_weight,green
2026-04-16,equal_weight,green
2026-04-16,equal_weight,green
2026-04-16,equal_weight,green
2026-04-16,equal_weight,green
2026-04-17,equal_weight,green
2026-04-17,equal_weight,green
2026-04-17,equal_weight,green
2026-04-17,equal_weight,green
2026-04-20,equal_weight,green
2026-04-20,equal_weight,green
2026-04-20,equal_weight,green
2026-04-20,equal_weight,green
2026-04-21,equal_weight,green
2026-04-21,equal_weight,green
2026-04-21,equal_weight,green
2026-04-21,equal_weight,green
2026-04-22,equal_weight,green
2026-04-22,equal_weight,green
2026-04-22,equal_weight,green
2026-04-22,equal_weight,green
2026-04-23,equal_weight,green
2026-04-23,equal_weight,green
2026-04-23,equal_weight,green
2026-04-23,equal_weight,green
2026-04-24,equal_weight,green
2026-04-24,equal_weight,green
2026-04-24,equal_weight,green
2026-04-24,equal_weight,green
2026-04-27,equal_weight,green
2026-04-27,equal_weight,green
2026-04-27,equal_weight,green
2026-04-27,equal_weight,green
2026-04-28,equal_weight,green
2026-04-28,equal_weight,green
2026-04-28,equal_weight,green
2026-04-28,equal_weight,green
2026-04-29,equal_weight,green
2026-04-29,equal_weight,green
2026-04-29,equal_weight,green
2026-04-29,equal_weight,green
2026-04-30,equal_weight,green
2026-04-30,equal_weight,green
2026-04-30,equal_weight,green
2026-04-30,equal_weight,green
2026-05-01,equal_weight,green
2026-05-01,equal_weight,green
2026-05-01,equal_weight,green
2026-05-01,equal_weight,green
2026-05-04,equal_weight,green
2026-05-04,equal_weight,green
2026-05-04,equal_weight,green
2026-05-04,equal_weight,green
2026-05-05,equal_weight,green
2026-05-05,equal_weight,green
2026-05-05,equal_weight,green
2026-05-05,equal_weight,green
2026-05-06,equal_weight,green
2026-05-06,equal_weight,green
2026-05-06,equal_weight,green
2026-05-06,equal_weight,green
2026-05-07,equal_weight,green
2026-05-07,equal_weight,green
2026-05-07,equal_weight,green
2026-05-07,equal_weight,green
2026-05-08,equal_weight,green
2026-05-08,equal_weight,green
2026-05-08,equal_weight,green
2026-05-08,equal_weight,green
2026-05-11,equal_weight,green
2026-05-11,equal_weight,green
2026-05-11,equal_weight,green
2026-05-11,equal_weight,green
2026-05-12,equal_weight,green
2026-05-12,equal_weight,green
2026-05-12,equal_weight,green
2026-05-12,equal_weight,green
2026-05-13,equal_weight,green
2026-05-13,equal_weight,green
2026-05-13,equal_weight,green
2026-05-13,equal_weight,green
2026-05-14,equal_weight,green
2026-05-14,equal_weight,green
2026-05-14,equal_weight,green
2026-05-14,equal_weight,green
2026-05-15,equal_weight,green
2026-05-15,equal_weight,green
2026-05-15,equal_weight,green
2026-05-15,equal_weight,green
2026-05-18,equal_weight,green
2026-05-18,equal_weight,green
2026-05-18,equal_weight,green
2026-05-18,equal_weight,green
2026-05-19,equal_weight,green
2026-05-19,equal_weight,green
2026-05-19,equal_weight,green
2026-05-19,equal_weight,green
2026-05-20,equal_weight,green
2026-05-20,equal_weight,green
2026-05-20,equal_weight,green
2026-05-20,equal_weight,green
2026-05-21,equal_weight,green
2026-05-21,equal_weight,green
2026-05-21,equal_weight,green
2026-05-21,equal_weight,green
2026-05-22,equal_weight,green
2026-05-22,equal_weight,green
2026-05-22,equal_weight,green
2026-05-22,equal_weight,green
2026-05-26,equal_weight,green
2026-05-26,equal_weight,green
2026-05-26,equal_weight,green
2026-05-26,equal_weight,green
2026-05-27,equal_weight,green
2026-05-27,equal_weight,green
2026-05-27,equal_weight,green
2026-05-27,equal_weight,green
2026-05-28,equal_weight,green
2026-05-28,equal_weight,green
2026-05-28,equal_weight,green
2026-05-28,equal_weight,green
2026-05-29,equal_weight,green
2026-05-29,equal_weight,green
2026-05-29,equal_weight,green
2026-05-29,equal_weight,green
2026-06-01,equal_weight,green
2026-06-01,equal_weight,green
2026-06-01,equal_weight,green
2026-06-01,equal_weight,green
2026-06-02,equal_weight,green
2026-06-02,equal_weight,green
2026-06-02,equal_weight,green
2026-06-02,equal_weight,green
2026-06-03,equal_weight,green
2026-06-03,equal_weight,green
2026-06-03,equal_weight,green
2026-06-03,equal_weight,green
2026-06-04,equal_weight,green
2026-06-04,equal_weight,green
2026-06-04,equal_weight,green
2026-06-04,equal_weight,green
2026-06-05,equal_weight,green
2026-06-05,equal_weight,green
2026-06-05,equal_weight,green
2026-06-05,equal_weight,green
2026-06-08,equal_weight,green
2026-06-08,equal_weight,green
2026-06-08,equal_weight,green
2026-06-08,equal_weight,green
2026-06-09,equal_weight,green
2026-06-09,equal_weight,green
2026-06-09,equal_weight,green
2026-06-09,equal_weight,green
2026-06-10,equal_weight,green
2026-06-10,equal_weight,green
2026-06-10,equal_weight,green
2026-06-10,equal_weight,green
2026-06-11,equal_weight,green
2026-06-11,equal_weight,green
2026-06-11,equal_weight,green
2026-06-11,equal_weight,green
2026-06-12,equal_weight,green
2026-06-12,equal_weight,green
2026-06-12,equal_weight,green
2026-06-12,equal_weight,green
2026-06-15,equal_weight,green
2026-06-15,equal_weight,green
2026-06-15,equal_weight,green
2026-06-15,equal_weight,green
2026-06-16,equal_weight,green
2026-06-16,equal_weight,green
2026-06-16,equal_weight,green
2026-06-16,equal_weight,green
2026-06-17,equal_weight,green
2026-06-17,equal_weight,green
2026-06-17,equal_weight,green
2026-06-17,equal_weight,green
2026-06-18,equal_weight,green
2026-06-18,equal_weight,green
2026-06-18,equal_weight,green
2026-06-18,equal_weight,green
2026-06-22,equal_weight,green
2026-06-22,equal_weight,green
2026-06-22,equal_weight,green
2026-06-22,equal_weight,green
2026-06-23,equal_weight,green
2026-06-23,equal_weight,green
2026-06-23,equal_weight,green
2026-06-23,equal_weight,green
2026-06-24,equal_weight,green
2026-06-24,equal_weight,green
2026-06-24,equal_weight,green
2026-06-24,equal_weight,green
2026-06-25,equal_weight,green
2026-06-25,equal_weight,green
2026-06-25,equal_weight,green
2026-06-25,equal_weight,green
2026-06-26,equal_weight,green
2026-06-26,equal_weight,green
2026-06-26,equal_weight,green
2026-06-26,equal_weight,green
2026-06-29,equal_weight,green
2026-06-29,equal_weight,green
2026-06-29,equal_weight,green
2026-06-29,equal_weight,green
2026-06-30,equal_weight,green
2026-06-30,equal_weight,green
2026-06-30,equal_weight,green
2026-06-30,equal_weight,green
2026-07-01,equal_weight,green
2026-07-01,equal_weight,green
2026-07-01,equal_weight,green
2026-07-01,equal_weight,green
2026-07-02,equal_weight,green
2026-07-02,equal_weight,green
2026-07-02,equal_weight,green
2026-07-02,equal_weight,green
2026-07-06,equal_weight,green
2026-07-06,equal_weight,green
2026-07-06,equal_weight,green
2026-07-06,equal_weight,green
2026-07-07,equal_weight,green
2026-07-07,equal_weight,green
2026-07-07,equal_weight,green
2026-07-07,equal_weight,green
2026-07-08,equal_weight,green
2026-07-08,equal_weight,green
2026-07-08,equal_weight,green
2026-07-08,equal_weight,green
2026-07-09,equal_weight,green
2026-07-09,equal_weight,green
2026-07-09,equal_weight,green
2026-07-09,equal_weight,green
2026-07-10,equal_weight,green
2026-07-10,equal_weight,green
2026-07-10,equal_weight,green
2026-07-10,equal_weight,green
2026-07-13,equal_weight,green
2026-07-13,equal_weight,green
2026-07-13,equal_weight,green
2026-07-13,equal_weight,green
2026-07-14,equal_weight,green
2026-07-14,equal_weight,green
2026-07-14,equal_weight,green
2026-07-14,equal_weight,green
2026-07-15,equal_weight,green
2026-07-15,equal_weight,green
2026-07-15,equal_weight,green
2026-07-15,equal_weight,green
2026-07-16,equal_weight,green
2026-07-16,equal_weight,green
2026-07-16,equal_weight,green
2026-07-16,equal_weight,green
2026-07-17,equal_weight,green
2026-07-17,equal_weight,green
2026-07-17,equal_weight,green
2026-07-17,equal_weight,green
2026-07-20,equal_weight,green
2026-07-20,equal_weight,green
2026-07-20,equal_weight,green
2026-07-20,equal_weight,green
2026-07-21,equal_weight,green
2026-07-21,equal_weight,green
2026-07-21,equal_weight,green
2026-07-21,equal_weight,green
2026-07-22,equal_weight,green
2026-07-22,equal_weight,green
2026-07-22,equal_weight,green
2026-07-22,equal_weight,green
2026-07-23,equal_weight,green
2026-07-23,equal_weight,green
2026-07-23,equal_weight,green
2026-07-23,equal_weight,green
2026-07-24,equal_weight,green
2026-07-24,equal_weight,green
2026-07-24,equal_weight,green
2026-07-24,equal_weight,green
2026-07-27,equal_weight,green
2026-07-27,equal_weight,green
2026-07-27,equal_weight,green
2026-07-27,equal_weight,green
2026-07-28,equal_weight,green
2026-07-28,equal_weight,green
2026-07-28,equal_weight,green
2026-07-28,equal_weight,green
2026-07-29,equal_weight,green
2026-07-29,equal_weight,green
2026-07-29,equal_weight,green
2026-07-29,equal_weight,green
2026-07-30,equal_weight,green
2026-07-30,equal_weight,green
2026-07-30,equal_weight,green
2026-07-30,equal_weight,green
2026-07-31,equal_weight,green
2026-07-31,equal_weight,green
2026-07-31,equal_weight,green
2026-07-31,equal_weight,green
2026-08-03,equal_weight,green
2026-08-03,equal_weight,green
2026-08-03,equal_weight,green
2026-08-03,equal_weight,green
2026-08-04,equal_weight,green
2026-08-04,equal_weight,green
2026-08-04,equal_weight,green
2026-08-04,equal_weight,green
2026-08-05,equal_weight,green
2026-08-05,equal_weight,green
2026-08-05,equal_weight,green
2026-08-05,equal_weight,green
2026-08-06,equal_weight,green
2026-08-06,equal_weight,green
2026-08-06,equal_weight,green
2026-08-06,equal_weight,green
2026-08-07,equal_weight,green
2026-08-07,equal_weight,green
2026-08-07,equal_weight,green
2026-08-07,equal_weight,green
2026-08-10,equal_weight,green
2026-08-10,equal_weight,green
2026-08-10,equal_weight,green
2026-08-10,equal_weight,green
2026-08-11,equal_weight,green
2026-08-11,equal_weight,green
2026-08-11,equal_weight,green
2026-08-11,equal_weight,green
2026-08-12,equal_weight,green
2026-08-12,equal_weight,green
2026-08-12,equal_weight,green
2026-08-12,equal_weight,green
2026-08-13,equal_weight,green
2026-08-13,equal_weight,green
2026-08-13,equal_weight,green
2026-08-13,equal_weight,green
2026-08-14,equal_weight,green
2026-08-14,equal_weight,green
2026-08-14,equal_weight,green
2026-08-14,equal_weight,green
2026-08-17,equal_weight,green
2026-08-17,equal_weight,green
2026-08-17,equal_weight,green
2026-08-17,equal_weight,green
2026-08-18,equal_weight,green
2026-08-18,equal_weight,green
2026-08-18,equal_weight,green
2026-08-18,equal_weight,green
2026-08-19,equal_weight,green
2026-08-19,equal_weight,green
2026-08-19,equal_weight,green
2026-08-19,equal_weight,green
2026-08-20,equal_weight,green
2026-08-20,equal_weight,green
2026-08-20,equal_weight,green
2026-08-20,equal_weight,green
2026-08-21,equal_weight,green
2026-08-21,equal_weight,green
2026-08-21,equal_weight,green
2026-08-21,equal_weight,green
2026-08-24,equal_weight,green
2026-08-24,equal_weight,green
2026-08-24,equal_weight,green
2026-08-24,equal_weight,green
2026-08-25,equal_weight,green
2026-08-25,equal_weight,green
2026-08-25,equal_weight,green
2026-08-25,equal_weight,green
2026-08-26,equal_weight,green
2026-08-26,equal_weight,green
2026-08-26,equal_weight,green
2026-08-26,equal_weight,green
2026-08-27,equal_weight,green
2026-08-27,equal_weight,green
2026-08-27,equal_weight,green
2026-08-27,equal_weight,green
2026-08-28,equal_weight,green
2026-08-28,equal_weight,green
2026-08-28,equal_weight,green
2026-08-28,equal_weight,green
2026-08-31,equal_weight,green
2026-08-31,equal_weight,green
2026-08-31,equal_weight,green
2026-08-31,equal_weight,green
2026-09-01,equal_weight,green
2026-09-01,equal_weight,green
2026-09-01,equal_weight,green
2026-09-01,equal_weight,green
2026-09-02,equal_weight,green
2026-09-02,equal_weight,green
2026-09-02,equal_weight,green
2026-09-02,equal_weight,green
2026-09-03,equal_weight,green
2026-09-03,equal_weight,green
2026-09-03,equal_weight,green
2026-09-03,equal_weight,green
2026-09-04,equal_weight,green
2026-09-04,equal_weight,green
2026-09-04,equal_weight,green
2026-09-04,equal_weight,green
2026-09-08,equal_weight,green
2026-09-08,equal_weight,green
2026-09-08,equal_weight,green
2026-09-08,equal_weight,green
2026-09-09,equal_weight,green
2026-09-09,equal_weight,green
2026-09-09,equal_weight,green
2026-09-09,equal_weight,green
2026-09-10,equal_weight,green
2026-09-10,equal_weight,green
2026-09-10,equal_weight,green
2026-09-10,equal_weight,green
2026-09-11,equal_weight,green
2026-09-11,equal_weight,green
2026-09-11,equal_weight,green
2026-09-11,equal_weight,green
2026-09-14,equal_weight,green
2026-09-14,equal_weight,green
2026-09-14,equal_weight,green
2026-09-14,equal_weight,green
2026-09-15,equal_weight,green
2026-09-15,equal_weight,green
2026-09-15,equal_weight,green
2026-09-15,equal_weight,green
2026-09-16,equal_weight,green
2026-09-16,equal_weight,green
2026-09-16,equal_weight,green
2026-09-16,equal_weight,green
2026-09-17,equal_weight,green
2026-09-17,equal_weight,green
2026-09-17,equal_weight,green
2026-09-17,equal_weight,green
2026-09-18,equal_weight,green
2026-09-18,equal_weight,green
2026-09-18,equal_weight,green
2026-09-18,equal_weight,green
2026-09-21,equal_weight,green
2026-09-21,equal_weight,green
2026-09-21,equal_weight,green
2026-09-21,equal_weight,green
2026-09-22,equal_weight,green
2026-09-22,equal_weight,green
2026-09-22,equal_weight,green
2026-09-22,equal_weight,green
2026-09-23,equal_weight,green
2026-09-23,equal_weight,green
2026-09-23,equal_weight,green
2026-09-23,equal_weight,green
2026-09-24,equal_weight,green
2026-09-24,equal_weight,green
2026-09-24,equal_weight,green
2026-09-24,equal_weight,green
2026-09-25,equal_weight,green
2026-09-25,equal_weight,green
2026-09-25,equal_weight,green
2026-09-25,equal_weight,green
2026-09-28,equal_weight,green
2026-09-28,equal_weight,green
2026-09-28,equal_weight,green
2026-09-28,equal_weight,green
2026-09-29,equal_weight,green
2026-09-29,equal_weight,green
2026-09-29,equal_weight,green
2026-09-29,equal_weight,green
2026-09-30,equal_weight,green
2026-09-30,equal_weight,green
2026-09-30,equal_weight,green
2026-09-30,equal_weight,green
2026-10-01,equal_weight,green
2026-10-01,equal_weight,green
2026-10-01,equal_weight,green
2026-10-01,equal_weight,green
2026-10-02,equal_weight,green
2026-10-02,equal_weight,green
2026-10-02,equal_weight,green
2026-10-02,equal_weight,green
2026-10-05,equal_weight,green
2026-10-05,equal_weight,green
2026-10-05,equal_weight,green
2026-10-05,equal_weight,green
2026-10-06,equal_weight,green
2026-10-06,equal_weight,green
2026-10-06,equal_weight,green
2026-10-06,equal_weight,green
2026-10-07,equal_weight,green
2026-10-07,equal_weight,green
2026-10-07,equal_weight,green
2026-10-07,equal_weight,green
2026-10-08,equal_weight,green
2026-10-08,equal_weight,green
2026-10-08,equal_weight,green
2026-10-08,equal_weight,green
2026-10-09,equal_weight,green
2026-10-09,equal_weight,green
2026-10-09,equal_weight,green
2026-10-09,equal_weight,green
2025-10-03,sixty_forty,
2025-10-03,sixty_forty,
2025-10-03,sixty_forty,
2025-10-03,sixty_forty,
2025-10-06,sixty_forty,
2025-10-06,sixty_forty,
2025-10-06,sixty_forty,
2025-10-06,sixty_forty,
2025-10-07,sixty_forty,
2025-10-07,sixty_forty,
2025-10-07,sixty_forty,
2025-10-07,sixty_forty,
2025-10-08,sixty_forty,
2025-10-08,sixty_forty,
2025-10-08,sixty_forty,
2025-10-08,sixty_forty,
2025-10-09,sixty_forty,
2025-10-09,sixty_forty,
2025-10-09,sixty_forty,
2025-10-09,sixty_forty,
2025-10-10,sixty_forty,
2025-10-10,sixty_forty,
2025-10-10,sixty_forty,
2025-10-10,sixty_forty,
2025-10-13,sixty_forty,
2025-10-13,sixty_forty,
2025-10-13,sixty_forty,
2025-10-13,sixty_forty,
2025-10-14,sixty_forty,
2025-10-14,sixty_forty,
2025-10-14,sixty_forty,
2025-10-14,sixty_forty,
2025-10-15,sixty_forty,
2025-10-15,sixty_forty,
2025-10-15,sixty_forty,
2025-10-15,sixty_forty,
2025-10-16,sixty_forty,
2025-10-16,sixty_forty,
2025-10-16,sixty_forty,
2025-10-16,sixty_forty,
2025-10-17,sixty_forty,
2025-10-17,sixty_forty,
2025-10-17,sixty_forty,
2025-10-17,sixty_forty,
2025-10-20,sixty_forty,
2025-10-20,sixty_forty,
2025-10-20,sixty_forty,
2025-10-20,sixty_forty,
2025-10-21,sixty_forty,
2025-10-21,sixty_forty,
2025-10-21,sixty_forty,
2025-10-21,sixty_forty,
2025-10-22,sixty_forty,
2025-10-22,sixty_forty,
2025-10-22,sixty_forty,
2025-10-22,sixty_forty,
2025-10-23,sixty_forty,
2025-10-23,sixty_forty,
2025-10-23,sixty_forty,
2025-10-23,sixty_forty,
2025-10-24,sixty_forty,
2025-10-24,sixty_forty,
2025-10-24,sixty_forty,
2025-10-24,sixty_forty,
2025-10-27,sixty_forty,
2025-10-27,sixty_forty,
2025-10-27,sixty_forty,
2025-10-27,sixty_forty,
2025-10-28,sixty_forty,
2025-10-28,sixty_forty,
2025-10-28,sixty_forty,
2025-10-28,sixty_forty,
2025-10-29,sixty_forty,
2025-10-29,sixty_forty,
2025-10-29,sixty_forty,
2025-10-29,sixty_forty,
2025-10-30,sixty_forty,
2025-10-30,sixty_forty,
2025-10-30,sixty_forty,
2025-10-30,sixty_forty,
2025-10-31,sixty_forty,
2025-10-31,sixty_forty,
2025-10-31,sixty_forty,
2025-10-31,sixty_forty,
2025-11-03,sixty_forty,
2025-11-03,sixty_forty,
2025-11-03,sixty_forty,
2025-11-03,sixty_forty,
2025-11-04,sixty_forty,
2025-11-04,sixty_forty,
2025-11-04,sixty_forty,
2025-11-04,sixty_forty,
2025-11-05,sixty_forty,
2025-11-05,sixty_forty,
2025-11-05,sixty_forty,
2025-11-05,sixty_forty,
2025-11-06,sixty_forty,
2025-11-06,sixty_forty,
2025-11-06,sixty_forty,
2025-11-06,sixty_forty,
2025-11-07,sixty_forty,
2025-11-07,sixty_forty,
2025-11-07,sixty_forty,
2025-11-07,sixty_forty,
2025-11-10,sixty_forty,
2025-11-10,sixty_forty,
2025-11-10,sixty_forty,
2025-11-10,sixty_forty,
2025-11-11,sixty_forty,
2025-11-11,sixty_forty,
2025-11-11,sixty_forty,
2025-11-11,sixty_forty,
2025-11-12,sixty_forty,
2025-11-12,sixty_forty,
2025-11-12,sixty_forty,
2025-11-12,sixty_forty,
2025-11-13,sixty_forty,
2025-11-13,sixty_forty,
2025-11-13,sixty_forty,
2025-11-13,sixty_forty,
2025-11-14,sixty_forty,
2025-11-14,sixty_forty,
2025-11-14,sixty_forty,
2025-11-14,sixty_forty,
2025-11-17,sixty_forty,
2025-11-17,sixty_forty,
2025-11-17,sixty_forty,
2025-11-17,sixty_forty,
2025-11-18,sixty_forty,
2025-11-18,sixty_forty,
2025-11-18,sixty_forty,
2025-11-18,sixty_forty,
2025-11-19,sixty_forty,
2025-11-19,sixty_forty,
2025-11-19,sixty_forty,
2025-11-19,sixty_forty,
2025-11-20,sixty_forty,
2025-11-20,sixty_forty,
2025-11-20,sixty_forty,
2025-11-20,sixty_forty,
2025-11-21,sixty_forty,
2025-11-21,sixty_forty,
2025-11-21,sixty_forty,
2025-11-21,sixty_forty,
2025-11-24,sixty_forty,
2025-11-24,sixty_forty,
2025-11-24,sixty_forty,
2025-11-24,sixty_forty,
2025-11-25,sixty_forty,
2025-11-25,sixty_forty,
2025-11-25,sixty_forty,
2025-11-25,sixty_forty,
2025-11-26,sixty_forty,
2025-11-26,sixty_forty,
2025-11-26,sixty_forty,
2025-11-26,sixty_forty,
2025-11-28,sixty_forty,
2025-11-28,sixty_forty,
2025-11-28,sixty_forty,
2025-11-28,sixty_forty,
2025-12-01,sixty_forty,
2025-12-01,sixty_forty,
2025-12-01,sixty_forty,
2025-12-01,sixty_forty,
2025-12-02,sixty_forty,
2025-12-02,sixty_forty,
2025-12-02,sixty_forty,
2025-12-02,sixty_forty,
2025-12-03,sixty_forty,
2025-12-03,sixty_forty,
2025-12-03,sixty_forty,
2025-12-03,sixty_forty,
2025-12-04,sixty_forty,
2025-12-04,sixty_forty,
2025-12-04,sixty_forty,
2025-12-04,sixty_forty,
2025-12-05,sixty_forty,
2025-12-05,sixty_forty,
2025-12-05,sixty_forty,
2025-12-05,sixty_forty,
2025-12-08,sixty_forty,
2025-12-08,sixty_forty,
2025-12-08,sixty_forty,
2025-12-08,sixty_forty,
2025-12-09,sixty_forty,
2025-12-09,sixty_forty,
2025-12-09,sixty_forty,
2025-12-09,sixty_forty,
2025-12-10,sixty_forty,
2025-12-10,sixty_forty,
2025-12-10,sixty_forty,
2025-12-10,sixty_forty,
2025-12-11,sixty_forty,
2025-12-11,sixty_forty,
2025-12-11,sixty_forty,
2025-12-11,sixty_forty,
2025-12-12,sixty_forty,
2025-12-12,sixty_forty,
2025-12-12,sixty_forty,
2025-12-12,sixty_forty,
2025-12-15,sixty_forty,
2025-12-15,sixty_forty,
2025-12-15,sixty_forty,
2025-12-15,sixty_forty,
2025-12-16,sixty_forty,
2025-12-16,sixty_forty,
2025-12-16,sixty_forty,
2025-12-16,sixty_forty,
2025-12-17,sixty_forty,
2025-12-17,sixty_forty,
2025-12-17,sixty_forty,
2025-12-17,sixty_forty,
2025-12-18,sixty_forty,
2025-12-18,sixty_forty,
2025-12-18,sixty_forty,
2025-12-18,sixty_forty,
2025-12-19,sixty_forty,
2025-12-19,sixty_forty,
2025-12-19,sixty_forty,
2025-12-19,sixty_forty,
2025-12-22,sixty_forty,
2025-12-22,sixty_forty,
2025-12-22,sixty_forty,
2025-12-22,sixty_forty,
2025-12-23,sixty_forty,
2025-12-23,sixty_forty,
2025-12-23,sixty_forty,
2025-12-23,sixty_forty,
2025-12-24,sixty_forty,
2025-12-24,sixty_forty,
2025-12-24,sixty_forty,
2025-12-24,sixty_forty,
2025-12-26,sixty_forty,
2025-12-26,sixty_forty,
2025-12-26,sixty_forty,
2025-12-26,sixty_forty,
2025-12-29,sixty_forty,
2025-12-29,sixty_forty,
2025-12-29,sixty_forty,
2025-12-29,sixty_forty,
2025-12-30,sixty_forty,
2025-12-30,sixty_forty,
2025-12-30,sixty_forty,
2025-12-30,sixty_forty,
2025-12-31,sixty_forty,
2025-12-31,sixty_forty,
2025-12-31,sixty_forty,
2025-12-31,sixty_forty,
2026-01-02,sixty_forty,
2026-01-02,sixty_forty,green
2026-01-02,sixty_forty,green
2026-01-02,sixty_forty,green
2026-01-05,sixty_forty,green
2026-01-05,sixty_forty,green
2026-01-05,sixty_forty,green
2026-01-05,sixty_forty,green
2026-01-06,sixty_forty,green
2026-01-06,sixty_forty,green
2026-01-06,sixty_forty,green
2026-01-06,sixty_forty,green
2026-01-07,sixty_forty,green
2026-01-07,sixty_forty,green
2026-01-07,sixty_forty,green
2026-01-07,sixty_forty,green
2026-01-08,sixty_forty,green
2026-01-08,sixty_forty,green
2026-01-08,sixty_forty,green
2026-01-08,sixty_forty,green
2026-01-09,sixty_forty,green
2026-01-09,sixty_forty,green
2026-01-09,sixty_forty,green
2026-01-09,sixty_forty,green
2026-01-12,sixty_forty,green
2026-01-12,sixty_forty,green
2026-01-12,sixty_forty,green
2026-01-12,sixty_forty,green
2026-01-13,sixty_forty,green
2026-01-13,sixty_forty,green
2026-01-13,sixty_forty,green
2026-01-13,sixty_forty,green
2026-01-14,sixty_forty,green
2026-01-14,sixty_forty,green
2026-01-14,sixty_forty,green
2026-01-14,sixty_forty,green
2026-01-15,sixty_forty,green
2026-01-15,sixty_forty,green
2026-01-15,sixty_forty,green
2026-01-15,sixty_forty,green
2026-01-16,sixty_forty,green
2026-01-16,sixty_forty,green
2026-01-16,sixty_forty,green
2026-01-16,sixty_forty,green
2026-01-20,sixty_forty,green
2026-01-20,sixty_forty,green
2026-01-20,sixty_forty,green
2026-01-20,sixty_forty,green
2026-01-21,sixty_forty,green
2026-01-21,sixty_forty,green
2026-01-21,sixty_forty,green
2026-01-21,sixty_forty,green
2026-01-22,sixty_forty,green
2026-01-22,sixty_forty,green
2026-01-22,sixty_forty,green
2026-01-22,sixty_forty,green
2026-01-23,sixty_forty,green
2026-01-23,sixty_forty,green
2026-01-23,sixty_forty,green
2026-01-23,sixty_forty,green
2026-01-26,sixty_forty,green
2026-01-26,sixty_forty,green
2026-01-26,sixty_forty,green
2026-01-26,sixty_forty,green
2026-01-27,sixty_forty,green
2026-01-27,sixty_forty,green
2026-01-27,sixty_forty,green
2026-01-27,sixty_forty,green
2026-01-28,sixty_forty,green
2026-01-28,sixty_forty,green
2026-01-28,sixty_forty,green
2026-01-28,sixty_forty,green
2026-01-29,sixty_forty,green
2026-01-29,sixty_forty,green
2026-01-29,sixty_forty,green
2026-01-29,sixty_forty,green
2026-01-30,sixty_forty,green
2026-01-30,sixty_forty,green
2026-01-30,sixty_forty,green
2026-01-30,sixty_forty,green
2026-02-02,sixty_forty,green
2026-02-02,sixty_forty,green
2026-02-02,sixty_forty,green
2026-02-02,sixty_forty,green
2026-02-03,sixty_forty,green
2026-02-03,sixty_forty,green
2026-02-03,sixty_forty,green
2026-02-03,sixty_forty,green
2026-02-04,sixty_forty,green
2026-02-04,sixty_forty,green
2026-02-04,sixty_forty,green
2026-02-04,sixty_forty,green
2026-02-05,sixty_forty,green
2026-02-05,sixty_forty,green
2026-02-05,sixty_forty,green
2026-02-05,sixty_forty,green
2026-02-06,sixty_forty,green
2026-02-06,sixty_forty,green
2026-02-06,sixty_forty,green
2026-02-06,sixty_forty,green
2026-02-09,sixty_forty,green
2026-02-09,sixty_forty,green
2026-02-09,sixty_forty,green
2026-02-09,sixty_forty,green
2026-02-10,sixty_forty,green
2026-02-10,sixty_forty,green
2026-02-10,sixty_forty,green
2026-02-10,sixty_forty,green
2026-02-11,sixty_forty,green
2026-02-11,sixty_forty,green
2026-02-11,sixty_forty,green
2026-02-11,sixty_forty,green
2026-02-12,sixty_forty,green
2026-02-12,sixty_forty,green
2026-02-12,sixty_forty,green
2026-02-12,sixty_forty,green
2026-02-13,sixty_forty,green
2026-02-13,sixty_forty,green
2026-02-13,sixty_forty,green
2026-02-13,sixty_forty,green
2026-02-17,sixty_forty,green
2026-02-17,sixty_forty,green
2026-02-17,sixty_forty,green
2026-02-17,sixty_forty,green
2026-02-18,sixty_forty,green
2026-02-18,sixty_forty,green
2026-02-18,sixty_forty,green
2026-02-18,sixty_forty,green
2026-02-19,sixty_forty,green
2026-02-19,sixty_forty,green
2026-02-19,sixty_forty,green
2026-02-19,sixty_forty,green
2026-02-20,sixty_forty,green
2026-02-20,sixty_forty,green
2026-02-20,sixty_forty,green
2026-02-20,sixty_forty,green
2026-02-23,sixty_forty,green
2026-02-23,sixty_forty,green
2026-02-23,sixty_forty,green
2026-02-23,sixty_forty,green
2026-02-24,sixty_forty,green
2026-02-24,sixty_forty,green
2026-02-24,sixty_forty,green
2026-02-24,sixty_forty,green
2026-02-25,sixty_forty,green
2026-02-25,sixty_forty,green
2026-02-25,sixty_forty,green
2026-02-25,sixty_forty,green
2026-02-26,sixty_forty,green
2026-02-26,sixty_forty,green
2026-02-26,sixty_forty,green
2026-02-26,sixty_forty,green
2026-02-27,sixty_forty,green
2026-02-27,sixty_forty,green
2026-02-27,sixty_forty,green
2026-02-27,sixty_forty,green
2026-03-02,sixty_forty,green
2026-03-02,sixty_forty,green
2026-03-02,sixty_forty,green
2026-03-02,sixty_forty,green
2026-03-03,sixty_forty,green
2026-03-03,sixty_forty,green
2026-03-03,sixty_forty,green
2026-03-03,sixty_forty,green
2026-03-04,sixty_forty,green
2026-03-04,sixty_forty,green
2026-03-04,sixty_forty,green
2026-03-04,sixty_forty,green
2026-03-05,sixty_forty,green
2026-03-05,sixty_forty,green
2026-03-05,sixty_forty,green
2026-03-05,sixty_forty,green
2026-03-06,sixty_forty,green
2026-03-06,sixty_forty,green
2026-03-06,sixty_forty,green
2026-03-06,sixty_forty,green
2026-03-09,sixty_forty,green
2026-03-09,sixty_forty,green
2026-03-09,sixty_forty,green
2026-03-09,sixty_forty,green
2026-03-10,sixty_forty,green
2026-03-10,sixty_forty,green
2026-03-10,sixty_forty,green
2026-03-10,sixty_forty,green
2026-03-11,sixty_forty,green
2026-03-11,sixty_forty,green
2026-03-11,sixty_forty,green
2026-03-11,sixty_forty,green
2026-03-12,sixty_forty,green
2026-03-12,sixty_forty,green
2026-03-12,sixty_forty,green
2026-03-12,sixty_forty,green
2026-03-13,sixty_forty,green
2026-03-13,sixty_forty,green
2026-03-13,sixty_forty,green
2026-03-13,sixty_forty,green
2026-03-16,sixty_forty,green
2026-03-16,sixty_forty,green
2026-03-16,sixty_forty,green
2026-03-16,sixty_forty,green
2026-03-17,sixty_forty,green
2026-03-17,sixty_forty,green
2026-03-17,sixty_forty,green
2026-03-17,sixty_forty,green
2026-03-18,sixty_forty,green
2026-03-18,sixty_forty,green
2026-03-18,sixty_forty,green
2026-03-18,sixty_forty,green
2026-03-19,sixty_forty,green
2026-03-19,sixty_forty,green
2026-03-19,sixty_forty,green
2026-03-19,sixty_forty,green
2026-03-20,sixty_forty,green
2026-03-20,sixty_forty,green
2026-03-20,sixty_forty,green
2026-03-20,sixty_forty,green
2026-03-23,sixty_forty,green
2026-03-23,sixty_forty,green
2026-03-23,sixty_forty,green
2026-03-23,sixty_forty,green
2026-03-24,sixty_forty,green
2026-03-24,sixty_forty,green
2026-03-24,sixty_forty,green
2026-03-24,sixty_forty,green
2026-03-25,sixty_forty,green
2026-03-25,sixty_forty,green
2026-03-25,sixty_forty,green
2026-03-25,sixty_forty,green
2026-03-26,sixty_forty,green
2026-03-26,sixty_forty,green
2026-03-26,sixty_forty,green
2026-03-26,sixty_forty,green
2026-03-27,sixty_forty,green
2026-03-27,sixty_forty,green
2026-03-27,sixty_forty,green
2026-03-27,sixty_forty,green
2026-03-30,sixty_forty,green
2026-03-30,sixty_forty,green
2026-03-30,sixty_forty,green
2026-03-30,sixty_forty,green
2026-03-31,sixty_forty,green
2026-03-31,sixty_forty,green
2026-03-31,sixty_forty,green
2026-03-31,sixty_forty,green
2026-04-01,sixty_forty,green
2026-04-01,sixty_forty,green
2026-04-01,sixty_forty,green
2026-04-01,sixty_forty,green
2026-04-02,sixty_forty,green
2026-04-02,sixty_forty,green
2026-04-02,sixty_forty,green
2026-04-02,sixty_forty,green
2026-04-06,sixty_forty,green
2026-04-06,sixty_forty,green
2026-04-06,sixty_forty,green
2026-04-06,sixty_forty,green
2026-04-07,sixty_forty,green
2026-04-07,sixty_forty,green
2026-04-07,sixty_forty,green
2026-04-07,sixty_forty,green
2026-04-08,sixty_forty,green
2026-04-08,sixty_forty,green
2026-04-08,sixty_forty,green
2026-04-08,sixty_forty,green
2026-04-09,sixty_forty,green
2026-04-09,sixty_forty,green
2026-04-09,sixty_forty,green
2026-04-09,sixty_forty,green
2026-04-10,sixty_forty,green
2026-04-10,sixty_forty,green
2026-04-10,sixty_forty,green
2026-04-10,sixty_forty,green
2026-04-13,sixty_forty,green
2026-04-13,sixty_forty,green
2026-04-13,sixty_forty,green
2026-04-13,sixty_forty,green
2026-04-14,sixty_forty,green
2026-04-14,sixty_forty,green
2026-04-14,sixty_forty,green
2026-04-14,sixty_forty,green
2026-04-15,sixty_forty,green
2026-04-15,sixty_forty,green
2026-04-15,sixty_forty,green
2026-04-15,sixty_forty,green
2026-04-16,sixty_forty,green
2026-04-16,sixty_forty,green
2026-04-16,sixty_forty,green
2026-04-16,sixty_forty,green
2026-04-17,sixty_forty,green
2026-04-17,sixty_forty,green
2026-04-17,sixty_forty,green
2026-04-17,sixty_forty,green
2026-04-20,sixty_forty,green
2026-04-20,sixty_forty,green
2026-04-20,sixty_forty,green
2026-04-20,sixty_forty,green
2026-04-21,sixty_forty,green
2026-04-21,sixty_forty,green
2026-04-21,sixty_forty,green
2026-04-21,sixty_forty,green
2026-04-22,sixty_forty,green
2026-04-22,sixty_forty,green
2026-04-22,sixty_forty,green
2026-04-22,sixty_forty,green
2026-04-23,sixty_forty,green
2026-04-23,sixty_forty,green
2026-04-23,sixty_forty,green
2026-04-23,sixty_forty,green
2026-04-24,sixty_forty,green
2026-04-24,sixty_forty,green
2026-04-24,sixty_forty,green
2026-04-24,sixty_forty,green
2026-04-27,sixty_forty,green
2026-04-27,sixty_forty,green
2026-04-27,sixty_forty,green
2026-04-27,sixty_forty,green
2026-04-28,sixty_forty,green
2026-04-28,sixty_forty,green
2026-04-28,sixty_forty,green
2026-04-28,sixty_forty,green
2026-04-29,sixty_forty,green
2026-04-29,sixty_forty,green
2026-04-29,sixty_forty,green
2026-04-29,sixty_forty,green
2026-04-30,sixty_forty,green
2026-04-30,sixty_forty,green
2026-04-30,sixty_forty,green
2026-04-30,sixty_forty,green
2026-05-01,sixty_forty,green
2026-05-01,sixty_forty,green
2026-05-01,sixty_forty,green
2026-05-01,sixty_forty,green
2026-05-04,sixty_forty,green
2026-05-04,sixty_forty,green
2026-05-04,sixty_forty,green
2026-05-04,sixty_forty,green
2026-05-05,sixty_forty,green
2026-05-05,sixty_forty,green
2026-05-05,sixty_forty,green
2026-05-05,sixty_forty,green
2026-05-06,sixty_forty,green
2026-05-06,sixty_forty,green
2026-05-06,sixty_forty,green
2026-05-06,sixty_forty,green
2026-05-07,sixty_forty,green
2026-05-07,sixty_forty,green
2026-05-07,sixty_forty,green
2026-05-07,sixty_forty,green
2026-05-08,sixty_forty,green
2026-05-08,sixty_forty,green
2026-05-08,sixty_forty,green
2026-05-08,sixty_forty,green
2026-05-11,sixty_forty,green
2026-05-11,sixty_forty,green
2026-05-11,sixty_forty,green
2026-05-11,sixty_forty,green
2026-05-12,sixty_forty,green
2026-05-12,sixty_forty,green
2026-05-12,sixty_forty,green
2026-05-12,sixty_forty,green
2026-05-13,sixty_forty,green
2026-05-13,sixty_forty,green
2026-05-13,sixty_forty,green
2026-05-13,sixty_forty,green
2026-05-14,sixty_forty,green
2026-05-14,sixty_forty,green
2026-05-14,sixty_forty,green
2026-05-14,sixty_forty,green
2026-05-15,sixty_forty,green
2026-05-15,sixty_forty,green
2026-05-15,sixty_forty,green
2026-05-15,sixty_forty,green
2026-05-18,sixty_forty,green
2026-05-18,sixty_forty,green
2026-05-18,sixty_forty,green
2026-05-18,sixty_forty,green
2026-05-19,sixty_forty,green
2026-05-19,sixty_forty,green
2026-05-19,sixty_forty,green
2026-05-19,sixty_forty,green
2026-05-20,sixty_forty,green
2026-05-20,sixty_forty,green
2026-05-20,sixty_forty,green
2026-05-20,sixty_forty,green
2026-05-21,sixty_forty,green
2026-05-21,sixty_forty,green
2026-05-21,sixty_forty,green
2026-05-21,sixty_forty,green
2026-05-22,sixty_forty,green
2026-05-22,sixty_forty,green
2026-05-22,sixty_forty,green
2026-05-22,sixty_forty,green
2026-05-26,sixty_forty,green
2026-05-26,sixty_forty,green
2026-05-26,sixty_forty,green
2026-05-26,sixty_forty,green
2026-05-27,sixty_forty,green
2026-05-27,sixty_forty,green
2026-05-27,sixty_forty,green
2026-05-27,sixty_forty,green
2026-05-28,sixty_forty,green
2026-05-28,sixty_forty,green
2026-05-28,sixty_forty,green
2026-05-28,sixty_forty,green
2026-05-29,sixty_forty,green
2026-05-29,sixty_forty,green
2026-05-29,sixty_forty,green
2026-05-29,sixty_forty,green
2026-06-01,sixty_forty,green
2026-06-01,sixty_forty,green
2026-06-01,sixty_forty,green
2026-06-01,sixty_forty,green
2026-06-02,sixty_forty,green
2026-06-02,sixty_forty,green
2026-06-02,sixty_forty,green
2026-06-02,sixty_forty,green
2026-06-03,sixty_forty,green
2026-06-03,sixty_forty,green
2026-06-03,sixty_forty,green
2026-06-03,sixty_forty,green
2026-06-04,sixty_forty,green
2026-06-04,sixty_forty,green
2026-06-04,sixty_forty,green
2026-06-04,sixty_forty,green
2026-06-05,sixty_forty,green
2026-06-05,sixty_forty,green
2026-06-05,sixty_forty,green
2026-06-05,sixty_forty,green
2026-06-08,sixty_forty,green
2026-06-08,sixty_forty,green
2026-06-08,sixty_forty,green
2026-06-08,sixty_forty,green
2026-06-09,sixty_forty,green
2026-06-09,sixty_forty,green
2026-06-09,sixty_forty,green
2026-06-09,sixty_forty,green
2026-06-10,sixty_forty,green
2026-06-10,sixty_forty,green
2026-06-10,sixty_forty,green
2026-06-10,sixty_forty,green
2026-06-11,sixty_forty,green
2026-06-11,sixty_forty,green
2026-06-11,sixty_forty,green
2026-06-11,sixty_forty,green
2026-06-12,sixty_forty,green
2026-06-12,sixty_forty,green
2026-06-12,sixty_forty,green
2026-06-12,sixty_forty,green
2026-06-15,sixty_forty,green
2026-06-15,sixty_forty,green
2026-06-15,sixty_forty,green
2026-06-15,sixty_forty,green
2026-06-16,sixty_forty,green
2026-06-16,sixty_forty,green
2026-06-16,sixty_forty,green
2026-06-16,sixty_forty,green
2026-06-17,sixty_forty,green
2026-06-17,sixty_forty,green
2026-06-17,sixty_forty,green
2026-06-17,sixty_forty,green
2026-06-18,sixty_forty,green
2026-06-18,sixty_forty,green
2026-06-18,sixty_forty,green
2026-06-18,sixty_forty,green
2026-06-22,sixty_forty,green
2026-06-22,sixty_forty,green
2026-06-22,sixty_forty,green
2026-06-22,sixty_forty,green
2026-06-23,sixty_forty,green
2026-06-23,sixty_forty,green
2026-06-23,sixty_forty,green
2026-06-23,sixty_forty,green
2026-06-24,sixty_forty,green
2026-06-24,sixty_forty,green
2026-06-24,sixty_forty,green
2026-06-24,sixty_forty,green
2026-06-25,sixty_forty,green
2026-06-25,sixty_forty,green
2026-06-25,sixty_forty,green
2026-06-25,sixty_forty,green
2026-06-26,sixty_forty,green
2026-06-26,sixty_forty,green
2026-06-26,sixty_forty,green
2026-06-26,sixty_forty,green
2026-06-29,sixty_forty,green
2026-06-29,sixty_forty,green
2026-06-29,sixty_forty,green
2026-06-29,sixty_forty,green
2026-06-30,sixty_forty,green
2026-06-30,sixty_forty,green
2026-06-30,sixty_forty,green
2026-06-30,sixty_forty,green
2026-07-01,sixty_forty,green
2026-07-01,sixty_forty,green
2026-07-01,sixty_forty,green
2026-07-01,sixty_forty,green
2026-07-02,sixty_forty,green
2026-07-02,sixty_forty,green
2026-07-02,sixty_forty,green
2026-07-02,sixty_forty,green
2026-07-06,sixty_forty,green
2026-07-06,sixty_forty,green
2026-07-06,sixty_forty,green
2026-07-06,sixty_forty,green
2026-07-07,sixty_forty,green
2026-07-07,sixty_forty,green
2026-07-07,sixty_forty,green
2026-07-07,sixty_forty,green
2026-07-08,sixty_forty,green
2026-07-08,sixty_forty,green
2026-07-08,sixty_forty,green
2026-07-08,sixty_forty,green
2026-07-09,sixty_forty,green
2026-07-09,sixty_forty,green
2026-07-09,sixty_forty,green
2026-07-09,sixty_forty,green
2026-07-10,sixty_forty,green
2026-07-10,sixty_forty,green
2026-07-10,sixty_forty,green
2026-07-10,sixty_forty,green
2026-07-13,sixty_forty,green
2026-07-13,sixty_forty,green
2026-07-13,sixty_forty,green
2026-07-13,sixty_forty,green
2026-07-14,sixty_forty,green
2026-07-14,sixty_forty,green
2026-07-14,sixty_forty,green
2026-07-14,sixty_forty,green
2026-07-15,sixty_forty,green
2026-07-15,sixty_forty,green
2026-07-15,sixty_forty,green
2026-07-15,sixty_forty,green
2026-07-16,sixty_forty,green
2026-07-16,sixty_forty,green
2026-07-16,sixty_forty,green
2026-07-16,sixty_forty,green
2026-07-17,sixty_forty,green
2026-07-17,sixty_forty,green
2026-07-17,sixty_forty,green
2026-07-17,sixty_forty,green
2026-07-20,sixty_forty,green
2026-07-20,sixty_forty,green
2026-07-20,sixty_forty,green
2026-07-20,sixty_forty,green
2026-07-21,sixty_forty,green
2026-07-21,sixty_forty,green
2026-07-21,sixty_forty,green
2026-07-21,sixty_forty,green
2026-07-22,sixty_forty,green
2026-07-22,sixty_forty,green
2026-07-22,sixty_forty,green
2026-07-22,sixty_forty,green
2026-07-23,sixty_forty,green
2026-07-23,sixty_forty,green
2026-07-23,sixty_forty,green
2026-07-23,sixty_forty,green
2026-07-24,sixty_forty,green
2026-07-24,sixty_forty,green
2026-07-24,sixty_forty,green
2026-07-24,sixty_forty,green
2026-07-27,sixty_forty,green
2026-07-27,sixty_forty,green
2026-07-27,sixty_forty,green
2026-07-27,sixty_forty,green
2026-07-28,sixty_forty,green
2026-07-28,sixty_forty,green
2026-07-28,sixty_forty,green
2026-07-28,sixty_forty,green
2026-07-29,sixty_forty,green
2026-07-29,sixty_forty,green
2026-07-29,sixty_forty,green
2026-07-29,sixty_forty,green
2026-07-30,sixty_forty,green
2026-07-30,sixty_forty,green
2026-07-30,sixty_forty,green
2026-07-30,sixty_forty,green
2026-07-31,sixty_forty,green
2026-07-31,sixty_forty,green
2026-07-31,sixty_forty,green
2026-07-31,sixty_forty,green
2026-08-03,sixty_forty,green
2026-08-03,sixty_forty,green
2026-08-03,sixty_forty,green
2026-08-03,sixty_forty,green
2026-08-04,sixty_forty,green
2026-08-04,sixty_forty,green
2026-08-04,sixty_forty,green
2026-08-04,sixty_forty,green
2026-08-05,sixty_forty,green
2026-08-05,sixty_forty,green
2026-08-05,sixty_forty,green
2026-08-05,sixty_forty,green
2026-08-06,sixty_forty,green
2026-08-06,sixty_forty,green
2026-08-06,sixty_forty,green
2026-08-06,sixty_forty,green
2026-08-07,sixty_forty,green
2026-08-07,sixty_forty,green
2026-08-07,sixty_forty,green
2026-08-07,sixty_forty,green
2026-08-10,sixty_forty,green
2026-08-10,sixty_forty,green
2026-08-10,sixty_forty,green
2026-08-10,sixty_forty,green
2026-08-11,sixty_forty,green
2026-08-11,sixty_forty,green
2026-08-11,sixty_forty,green
2026-08-11,sixty_forty,green
2026-08-12,sixty_forty,green
2026-08-12,sixty_forty,green
2026-08-12,sixty_forty,green
2026-08-12,sixty_forty,green
2026-08-13,sixty_forty,green
2026-08-13,sixty_forty,green
2026-08-13,sixty_forty,green
2026-08-13,sixty_forty,green
2026-08-14,sixty_forty,green
2026-08-14,sixty_forty,green
2026-08-14,sixty_forty,green
2026-08-14,sixty_forty,green
2026-08-17,sixty_forty,green
2026-08-17,sixty_forty,green
2026-08-17,sixty_forty,green
2026-08-17,sixty_forty,green
2026-08-18,sixty_forty,green
2026-08-18,sixty_forty,green
2026-08-18,sixty_forty,green
2026-08-18,sixty_forty,green
2026-08-19,sixty_forty,green
2026-08-19,sixty_forty,green
2026-08-19,sixty_forty,green
2026-08-19,sixty_forty,green
2026-08-20,sixty_forty,green
2026-08-20,sixty_forty,green
2026-08-20,sixty_forty,green
2026-08-20,sixty_forty,green
2026-08-21,sixty_forty,green
2026-08-21,sixty_forty,green
2026-08-21,sixty_forty,green
2026-08-21,sixty_forty,green
2026-08-24,sixty_forty,green
2026-08-24,sixty_forty,green
2026-08-24,sixty_forty,green
2026-08-24,sixty_forty,green
2026-08-25,sixty_forty,green
2026-08-25,sixty_forty,green
2026-08-25,sixty_forty,green
2026-08-25,sixty_forty,green
2026-08-26,sixty_forty,green
2026-08-26,sixty_forty,green
2026-08-26,sixty_forty,green
2026-08-26,sixty_forty,green
2026-08-27,sixty_forty,green
2026-08-27,sixty_forty,green
2026-08-27,sixty_forty,green
2026-08-27,sixty_forty,green
2026-08-28,sixty_forty,green
2026-08-28,sixty_forty,green
2026-08-28,sixty_forty,green
2026-08-28,sixty_forty,green
2026-08-31,sixty_forty,green
2026-08-31,sixty_forty,green
2026-08-31,sixty_forty,green
2026-08-31,sixty_forty,green
2026-09-01,sixty_forty,green
2026-09-01,sixty_forty,green
2026-09-01,sixty_forty,green
2026-09-01,sixty_forty,green
2026-09-02,sixty_forty,green
2026-09-02,sixty_forty,green
2026-09-02,sixty_forty,green
2026-09-02,sixty_forty,green
2026-09-03,sixty_forty,green
2026-09-03,sixty_forty,green
2026-09-03,sixty_forty,green
2026-09-03,sixty_forty,green
2026-09-04,sixty_forty,green
2026-09-04,sixty_forty,green
2026-09-04,sixty_forty,green
2026-09-04,sixty_forty,green
2026-09-08,sixty_forty,green
2026-09-08,sixty_forty,green
2026-09-08,sixty_forty,green
2026-09-08,sixty_forty,green
2026-09-09,sixty_forty,green
2026-09-09,sixty_forty,green
2026-09-09,sixty_forty,green
2026-09-09,sixty_forty,green
2026-09-10,sixty_forty,green
2026-09-10,sixty_forty,green
2026-09-10,sixty_forty,green
2026-09-10,sixty_forty,green
2026-09-11,sixty_forty,green
2026-09-11,sixty_forty,green
2026-09-11,sixty_forty,green
2026-09-11,sixty_forty,green
2026-09-14,sixty_forty,green
2026-09-14,sixty_forty,green
2026-09-14,sixty_forty,green
2026-09-14,sixty_forty,green
2026-09-15,sixty_forty,green
2026-09-15,sixty_forty,green
2026-09-15,sixty_forty,green
2026-09-15,sixty_forty,green
2026-09-16,sixty_forty,green
2026-09-16,sixty_forty,green
2026-09-16,sixty_forty,green
2026-09-16,sixty_forty,green
2026-09-17,sixty_forty,green
2026-09-17,sixty_forty,green
2026-09-17,sixty_forty,green
2026-09-17,sixty_forty,green
2026-09-18,sixty_forty,green
2026-09-18,sixty_forty,green
2026-09-18,sixty_forty,green
2026-09-18,sixty_forty,green
2026-09-21,sixty_forty,green
2026-09-21,sixty_forty,green
2026-09-21,sixty_forty,green
2026-09-21,sixty_forty,green
2026-09-22,sixty_forty,green
2026-09-22,sixty_forty,green
2026-09-22,sixty_forty,green
2026-09-22,sixty_forty,green
2026-09-23,sixty_forty,green
2026-09-23,sixty_forty,green
2026-09-23,sixty_forty,green
2026-09-23,sixty_forty,green
2026-09-24,sixty_forty,green
2026-09-24,sixty_forty,green
2026-09-24,sixty_forty,green
2026-09-24,sixty_forty,green
2026-09-25,sixty_forty,green
2026-09-25,sixty_forty,green
2026-09-25,sixty_forty,green
2026-09-25,sixty_forty,green
2026-09-28,sixty_forty,green
2026-09-28,sixty_forty,green
2026-09-28,sixty_forty,green
2026-09-28,sixty_forty,green
2026-09-29,sixty_forty,green
2026-09-29,sixty_forty,green
2026-09-29,sixty_forty,green
2026-09-29,sixty_forty,green
2026-09-30,sixty_forty,green
2026-09-30,sixty_forty,green
2026-09-30,sixty_forty,green
2026-09-30,sixty_forty,green
2026-10-01,sixty_forty,green
2026-10-01,sixty_forty,green
2026-10-01,sixty_forty,green
2026-10-01,sixty_forty,green
2026-10-02,sixty_forty,green
2026-10-02,sixty_forty,green
2026-10-02,sixty_forty,green
2026-10-02,sixty_forty,green
2026-10-05,sixty_forty,green
2026-10-05,sixty_forty,green
2026-10-05,sixty_forty,green
2026-10-05,sixty_forty,green
2026-10-06,sixty_forty,green
2026-10-06,sixty_forty,green
2026-10-06,sixty_forty,green
2026-10-06,sixty_forty,green
2026-10-07,sixty_forty,green
2026-10-07,sixty_forty,green
2026-10-07,sixty_forty,green
2026-10-07,sixty_forty,green
2026-10-08,sixty_forty,green
2026-10-08,sixty_forty,green
2026-10-08,sixty_forty,green
2026-10-08,sixty_forty,green
2026-10-09,sixty_forty,green
2026-10-09,sixty_forty,green
2026-10-09,sixty_forty,green
2026-10-09,sixty_forty,green
2025-10-03,inverse_vol,
2025-10-03,inverse_vol,
2025-10-03,inverse_vol,
2025-10-03,inverse_vol,
2025-10-06,inverse_vol,
2025-10-06,inverse_vol,
2025-10-06,inverse_vol,
2025-10-06,inverse_vol,
2025-10-07,inverse_vol,
2025-10-07,inverse_vol,
2025-10-07,inverse_vol,
2025-10-07,inverse_vol,
2025-10-08,inverse_vol,
2025-10-08,inverse_vol,
2025-10-08,inverse_vol,
2025-10-08,inverse_vol,
2025-10-09,inverse_vol,
2025-10-09,inverse_vol,
2025-10-09,inverse_vol,
2025-10-09,inverse_vol,
2025-10-10,inverse_vol,
2025-10-10,inverse_vol,
2025-10-10,inverse_vol,
2025-10-10,inverse_vol,
2025-10-13,inverse_vol,
2025-10-13,inverse_vol,
2025-10-13,inverse_vol,
2025-10-13,inverse_vol,
2025-10-14,inverse_vol,
2025-10-14,inverse_vol,
2025-10-14,inverse_vol,
2025-10-14,inverse_vol,
2025-10-15,inverse_vol,
2025-10-15,inverse_vol,
2025-10-15,inverse_vol,
2025-10-15,inverse_vol,
2025-10-16,inverse_vol,
2025-10-16,inverse_vol,
2025-10-16,inverse_vol,
2025-10-16,inverse_vol,
2025-10-17,inverse_vol,
2025-10-17,inverse_vol,
2025-10-17,inverse_vol,
2025-10-17,inverse_vol,
2025-10-20,inverse_vol,
2025-10-20,inverse_vol,
2025-10-20,inverse_vol,
2025-10-20,inverse_vol,
2025-10-21,inverse_vol,
2025-10-21,inverse_vol,
2025-10-21,inverse_vol,
2025-10-21,inverse_vol,
2025-10-22,inverse_vol,
2025-10-22,inverse_vol,
2025-10-22,inverse_vol,
2025-10-22,inverse_vol,
2025-10-23,inverse_vol,
2025-10-23,inverse_vol,
2025-10-23,inverse_vol,
2025-10-23,inverse_vol,
2025-10-24,inverse_vol,
2025-10-24,inverse_vol,
2025-10-24,inverse_vol,
2025-10-24,inverse_vol,
2025-10-27,inverse_vol,
2025-10-27,inverse_vol,
2025-10-27,inverse_vol,
2025-10-27,inverse_vol,
2025-10-28,inverse_vol,
2025-10-28,inverse_vol,
2025-10-28,inverse_vol,
2025-10-28,inverse_vol,
2025-10-29,inverse_vol,
2025-10-29,inverse_vol,
2025-10-29,inverse_vol,
2025-10-29,inverse_vol,
2025-10-30,inverse_vol,
2025-10-30,inverse_vol,
2025-10-30,inverse_vol,
2025-10-30,inverse_vol,
2025-10-31,inverse_vol,
2025-10-31,inverse_vol,
2025-10-31,inverse_vol,
2025-10-31,inverse_vol,
2025-11-03,inverse_vol,
2025-11-03,inverse_vol,
2025-11-03,inverse_vol,
2025-11-03,inverse_vol,
2025-11-04,inverse_vol,
2025-11-04,inverse_vol,
2025-11-04,inverse_vol,
2025-11-04,inverse_vol,
2025-11-05,inverse_vol,
2025-11-05,inverse_vol,
2025-11-05,inverse_vol,
2025-11-05,inverse_vol,
2025-11-06,inverse_vol,
2025-11-06,inverse_vol,
2025-11-06,inverse_vol,
2025-11-06,inverse_vol,
2025-11-07,inverse_vol,
2025-11-07,inverse_vol,
2025-11-07,inverse_vol,
2025-11-07,inverse_vol,
2025-11-10,inverse_vol,
2025-11-10,inverse_vol,
2025-11-10,inverse_vol,
2025-11-10,inverse_vol,
2025-11-11,inverse_vol,
2025-11-11,inverse_vol,
2025-11-11,inverse_vol,
2025-11-11,inverse_vol,
2025-11-12,inverse_vol,
2025-11-12,inverse_vol,
2025-11-12,inverse_vol,
2025-11-12,inverse_vol,
2025-11-13,inverse_vol,
2025-11-13,inverse_vol,
2025-11-13,inverse_vol,
2025-11-13,inverse_vol,
2025-11-14,inverse_vol,
2025-11-14,inverse_vol,
2025-11-14,inverse_vol,
2025-11-14,inverse_vol,
2025-11-17,inverse_vol,
2025-11-17,inverse_vol,
2025-11-17,inverse_vol,
2025-11-17,inverse_vol,
2025-11-18,inverse_vol,
2025-11-18,inverse_vol,
2025-11-18,inverse_vol,
2025-11-18,inverse_vol,
2025-11-19,inverse_vol,
2025-11-19,inverse_vol,
2025-11-19,inverse_vol,
2025-11-19,inverse_vol,
2025-11-20,inverse_vol,
2025-11-20,inverse_vol,
2025-11-20,inverse_vol,
2025-11-20,inverse_vol,
2025-11-21,inverse_vol,
2025-11-21,inverse_vol,
2025-11-21,inverse_vol,
2025-11-21,inverse_vol,
2025-11-24,inverse_vol,
2025-11-24,inverse_vol,
2025-11-24,inverse_vol,
2025-11-24,inverse_vol,
2025-11-25,inverse_vol,
2025-11-25,inverse_vol,
2025-11-25,inverse_vol,
2025-11-25,inverse_vol,
2025-11-26,inverse_vol,
2025-11-26,inverse_vol,
2025-11-26,inverse_vol,
2025-11-26,inverse_vol,
2025-11-28,inverse_vol,
2025-11-28,inverse_vol,
2025-11-28,inverse_vol,
2025-11-28,inverse_vol,
2025-12-01,inverse_vol,
2025-12-01,inverse_vol,
2025-12-01,inverse_vol,
2025-12-01,inverse_vol,
2025-12-02,inverse_vol,
2025-12-02,inverse_vol,
2025-12-02,inverse_vol,
2025-12-02,inverse_vol,
2025-12-03,inverse_vol,
2025-12-03,inverse_vol,
2025-12-03,inverse_vol,
2025-12-03,inverse_vol,
2025-12-04,inverse_vol,
2025-12-04,inverse_vol,
2025-12-04,inverse_vol,
2025-12-04,inverse_vol,
2025-12-05,inverse_vol,
2025-12-05,inverse_vol,
2025-12-05,inverse_vol,
2025-12-05,inverse_vol,
2025-12-08,inverse_vol,
2025-12-08,inverse_vol,
2025-12-08,inverse_vol,
2025-12-08,inverse_vol,
2025-12-09,inverse_vol,
2025-12-09,inverse_vol,
2025-12-09,inverse_vol,
2025-12-09,inverse_vol,
2025-12-10,inverse_vol,
2025-12-10,inverse_vol,
2025-12-10,inverse_vol,
2025-12-10,inverse_vol,
2025-12-11,inverse_vol,
2025-12-11,inverse_vol,
2025-12-11,inverse_vol,
2025-12-11,inverse_vol,
2025-12-12,inverse_vol,
2025-12-12,inverse_vol,
2025-12-12,inverse_vol,
2025-12-12,inverse_vol,
2025-12-15,inverse_vol,
2025-12-15,inverse_vol,
2025-12-15,inverse_vol,
2025-12-15,inverse_vol,
2025-12-16,inverse_vol,
2025-12-16,inverse_vol,
2025-12-16,inverse_vol,
2025-12-16,inverse_vol,
2025-12-17,inverse_vol,
2025-12-17,inverse_vol,
2025-12-17,inverse_vol,
2025-12-17,inverse_vol,
2025-12-18,inverse_vol,
2025-12-18,inverse_vol,
2025-12-18,inverse_vol,
2025-12-18,inverse_vol,
2025-12-19,inverse_vol,
2025-12-19,inverse_vol,
2025-12-19,inverse_vol,
2025-12-19,inverse_vol,
2025-12-22,inverse_vol,
2025-12-22,inverse_vol,
2025-12-22,inverse_vol,
2025-12-22,inverse_vol,
2025-12-23,inverse_vol,
2025-12-23,inverse_vol,
2025-12-23,inverse_vol,
2025-12-23,inverse_vol,
2025-12-24,inverse_vol,
2025-12-24,inverse_vol,
2025-12-24,inverse_vol,
2025-12-24,inverse_vol,
2025-12-26,inverse_vol,
2025-12-26,inverse_vol,
2025-12-26,inverse_vol,
2025-12-26,inverse_vol,
2025-12-29,inverse_vol,
2025-12-29,inverse_vol,
2025-12-29,inverse_vol,
2025-12-29,inverse_vol,
2025-12-30,inverse_vol,
2025-12-30,inverse_vol,
2025-12-30,inverse_vol,
2025-12-30,inverse_vol,
2025-12-31,inverse_vol,
2025-12-31,inverse_vol,
2025-12-31,inverse_vol,
2025-12-31,inverse_vol,
2026-01-02,inverse_vol,
2026-01-02,inverse_vol,green
2026-01-02,inverse_vol,green
2026-01-02,inverse_vol,green
2026-01-05,inverse_vol,green
2026-01-05,inverse_vol,green
2026-01-05,inverse_vol,green
2026-01-05,inverse_vol,green
2026-01-06,inverse_vol,green
2026-01-06,inverse_vol,green
2026-01-06,inverse_vol,green
2026-01-06,inverse_vol,green
2026-01-07,inverse_vol,green
2026-01-07,inverse_vol,green
2026-01-07,inverse_vol,green
2026-01-07,inverse_vol,green
2026-01-08,inverse_vol,green
2026-01-08,inverse_vol,green
2026-01-08,inverse_vol,green
2026-01-08,inverse_vol,green
2026-01-09,inverse_vol,green
2026-01-09,inverse_vol,green
2026-01-09,inverse_vol,green
2026-01-09,inverse_vol,green
2026-01-12,inverse_vol,green
2026-01-12,inverse_vol,green
2026-01-12,inverse_vol,green
2026-01-12,inverse_vol,green
2026-01-13,inverse_vol,green
2026-01-13,inverse_vol,green
2026-01-13,inverse_vol,green
2026-01-13,inverse_vol,green
2026-01-14,inverse_vol,green
2026-01-14,inverse_vol,green
2026-01-14,inverse_vol,green
2026-01-14,inverse_vol,green
2026-01-15,inverse_vol,green
2026-01-15,inverse_vol,green
2026-01-15,inverse_vol,green
2026-01-15,inverse_vol,green
2026-01-16,inverse_vol,green
2026-01-16,inverse_vol,green
2026-01-16,inverse_vol,green
2026-01-16,inverse_vol,green
2026-01-20,inverse_vol,green
2026-01-20,inverse_vol,green
2026-01-20,inverse_vol,green
2026-01-20,inverse_vol,green
2026-01-21,inverse_vol,green
2026-01-21,inverse_vol,green
2026-01-21,inverse_vol,green
2026-01-21,inverse_vol,green
2026-01-22,inverse_vol,green
2026-01-22,inverse_vol,green
2026-01-22,inverse_vol,green
2026-01-22,inverse_vol,green
2026-01-23,inverse_vol,green
2026-01-23,inverse_vol,green
2026-01-23,inverse_vol,green
2026-01-23,inverse_vol,green
2026-01-26,inverse_vol,green
2026-01-26,inverse_vol,green
2026-01-26,inverse_vol,green
2026-01-26,inverse_vol,green
2026-01-27,inverse_vol,green
2026-01-27,inverse_vol,green
2026-01-27,inverse_vol,green
2026-01-27,inverse_vol,green
2026-01-28,inverse_vol,green
2026-01-28,inverse_vol,green
2026-01-28,inverse_vol,green
2026-01-28,inverse_vol,green
2026-01-29,inverse_vol,green
2026-01-29,inverse_vol,green
2026-01-29,inverse_vol,green
2026-01-29,inverse_vol,green
2026-01-30,inverse_vol,green
2026-01-30,inverse_vol,green
2026-01-30,inverse_vol,green
2026-01-30,inverse_vol,green
2026-02-02,inverse_vol,green
2026-02-02,inverse_vol,green
2026-02-02,inverse_vol,green
2026-02-02,inverse_vol,green
2026-02-03,inverse_vol,green
2026-02-03,inverse_vol,green
2026-02-03,inverse_vol,green
2026-02-03,inverse_vol,green
2026-02-04,inverse_vol,green
2026-02-04,inverse_vol,green
2026-02-04,inverse_vol,green
2026-02-04,inverse_vol,green
2026-02-05,inverse_vol,green
2026-02-05,inverse_vol,green
2026-02-05,inverse_vol,green
2026-02-05,inverse_vol,green
2026-02-06,inverse_vol,green
2026-02-06,inverse_vol,green
2026-02-06,inverse_vol,green
2026-02-06,inverse_vol,green
2026-02-09,inverse_vol,green
2026-02-09,inverse_vol,green
2026-02-09,inverse_vol,green
2026-02-09,inverse_vol,green
2026-02-10,inverse_vol,green
2026-02-10,inverse_vol,green
2026-02-10,inverse_vol,green
2026-02-10,inverse_vol,green
2026-02-11,inverse_vol,green
2026-02-11,inverse_vol,green
2026-02-11,inverse_vol,green
2026-02-11,inverse_vol,green
2026-02-12,inverse_vol,green
2026-02-12,inverse_vol,green
2026-02-12,inverse_vol,green
2026-02-12,inverse_vol,green
2026-02-13,inverse_vol,green
2026-02-13,inverse_vol,green
2026-02-13,inverse_vol,green
2026-02-13,inverse_vol,green
2026-02-17,inverse_vol,green
2026-02-17,inverse_vol,green
2026-02-17,inverse_vol,green
2026-02-17,inverse_vol,green
2026-02-18,inverse_vol,green
2026-02-18,inverse_vol,green
2026-02-18,inverse_vol,green
2026-02-18,inverse_vol,green
2026-02-19,inverse_vol,green
2026-02-19,inverse_vol,green
2026-02-19,inverse_vol,green
2026-02-19,inverse_vol,green
2026-02-20,inverse_vol,green
2026-02-20,inverse_vol,green
2026-02-20,inverse_vol,green
2026-02-20,inverse_vol,green
2026-02-23,inverse_vol,green
2026-02-23,inverse_vol,green
2026-02-23,inverse_vol,green
2026-02-23,inverse_vol,green
2026-02-24,inverse_vol,green
2026-02-24,inverse_vol,green
2026-02-24,inverse_vol,green
2026-02-24,inverse_vol,green
2026-02-25,inverse_vol,green
2026-02-25,inverse_vol,green
2026-02-25,inverse_vol,green
2026-02-25,inverse_vol,green
2026-02-26,inverse_vol,green
2026-02-26,inverse_vol,green
2026-02-26,inverse_vol,green
2026-02-26,inverse_vol,green
2026-02-27,inverse_vol,green
2026-02-27,inverse_vol,green
2026-02-27,inverse_vol,green
2026-02-27,inverse_vol,green
2026-03-02,inverse_vol,green
2026-03-02,inverse_vol,green
2026-03-02,inverse_vol,green
2026-03-02,inverse_vol,green
2026-03-03,inverse_vol,green
2026-03-03,inverse_vol,green
2026-03-03,inverse_vol,green
2026-03-03,inverse_vol,green
2026-03-04,inverse_vol,green
2026-03-04,inverse_vol,green
2026-03-04,inverse_vol,green
2026-03-04,inverse_vol,green
2026-03-05,inverse_vol,green
2026-03-05,inverse_vol,green
2026-03-05,inverse_vol,green
2026-03-05,inverse_vol,green
2026-03-06,inverse_vol,green
2026-03-06,inverse_vol,green
2026-03-06,inverse_vol,green
2026-03-06,inverse_vol,green
2026-03-09,inverse_vol,green
2026-03-09,inverse_vol,green
2026-03-09,inverse_vol,green
2026-03-09,inverse_vol,green
2026-03-10,inverse_vol,green
2026-03-10,inverse_vol,green
2026-03-10,inverse_vol,green
2026-03-10,inverse_vol,green
2026-03-11,inverse_vol,green
2026-03-11,inverse_vol,green
2026-03-11,inverse_vol,green
2026-03-11,inverse_vol,green
2026-03-12,inverse_vol,green
2026-03-12,inverse_vol,green
2026-03-12,inverse_vol,green
2026-03-12,inverse_vol,green
2026-03-13,inverse_vol,green
2026-03-13,inverse_vol,green
2026-03-13,inverse_vol,green
2026-03-13,inverse_vol,green
2026-03-16,inverse_vol,green
2026-03-16,inverse_vol,green
2026-03-16,inverse_vol,green
2026-03-16,inverse_vol,green
2026-03-17,inverse_vol,green
2026-03-17,inverse_vol,green
2026-03-17,inverse_vol,green
2026-03-17,inverse_vol,green
2026-03-18,inverse_vol,green
2026-03-18,inverse_vol,green
2026-03-18,inverse_vol,green
2026-03-18,inverse_vol,green
2026-03-19,inverse_vol,green
2026-03-19,inverse_vol,green
2026-03-19,inverse_vol,green
2026-03-19,inverse_vol,green
2026-03-20,inverse_vol,green
2026-03-20,inverse_vol,green
2026-03-20,inverse_vol,green
2026-03-20,inverse_vol,green
2026-03-23,inverse_vol,green
2026-03-23,inverse_vol,green
2026-03-23,inverse_vol,green
2026-03-23,inverse_vol,green
2026-03-24,inverse_vol,green
2026-03-24,inverse_vol,green
2026-03-24,inverse_vol,green
2026-03-24,inverse_vol,green
2026-03-25,inverse_vol,green
2026-03-25,inverse_vol,green
2026-03-25,inverse_vol,green
2026-03-25,inverse_vol,green
2026-03-26,inverse_vol,green
2026-03-26,inverse_vol,green
2026-03-26,inverse_vol,green
2026-03-26,inverse_vol,green
2026-03-27,inverse_vol,green
2026-03-27,inverse_vol,green
2026-03-27,inverse_vol,green
2026-03-27,inverse_vol,green
2026-03-30,inverse_vol,green
2026-03-30,inverse_vol,green
2026-03-30,inverse_vol,green
2026-03-30,inverse_vol,green
2026-03-31,inverse_vol,green
2026-03-31,inverse_vol,green
2026-03-31,inverse_vol,green
2026-03-31,inverse_vol,green
2026-04-01,inverse_vol,green
2026-04-01,inverse_vol,green
2026-04-01,inverse_vol,green
2026-04-01,inverse_vol,green
2026-04-02,inverse_vol,green
2026-04-02,inverse_vol,green
2026-04-02,inverse_vol,green
2026-04-02,inverse_vol,green
2026-04-06,inverse_vol,green
2026-04-06,inverse_vol,green
2026-04-06,inverse_vol,green
2026-04-06,inverse_vol,green
2026-04-07,inverse_vol,green
2026-04-07,inverse_vol,green
2026-04-07,inverse_vol,green
2026-04-07,inverse_vol,green
2026-04-08,inverse_vol,green
2026-04-08,inverse_vol,green
2026-04-08,inverse_vol,green
2026-04-08,inverse_vol,green
2026-04-09,inverse_vol,green
2026-04-09,inverse_vol,green
2026-04-09,inverse_vol,green
2026-04-09,inverse_vol,green
2026-04-10,inverse_vol,green
2026-04-10,inverse_vol,green
2026-04-10,inverse_vol,green
2026-04-10,inverse_vol,green
2026-04-13,inverse_vol,green
2026-04-13,inverse_vol,green
2026-04-13,inverse_vol,green
2026-04-13,inverse_vol,green
2026-04-14,inverse_vol,green
2026-04-14,inverse_vol,green
2026-04-14,inverse_vol,green
2026-04-14,inverse_vol,green
2026-04-15,inverse_vol,green
2026-04-15,inverse_vol,green
2026-04-15,inverse_vol,green
2026-04-15,inverse_vol,green
2026-04-16,inverse_vol,green
2026-04-16,inverse_vol,green
2026-04-16,inverse_vol,green
2026-04-16,inverse_vol,green
2026-04-17,inverse_vol,green
2026-04-17,inverse_vol,green
2026-04-17,inverse_vol,green
2026-04-17,inverse_vol,green
2026-04-20,inverse_vol,green
2026-04-20,inverse_vol,green
2026-04-20,inverse_vol,green
2026-04-20,inverse_vol,green
2026-04-21,inverse_vol,green
2026-04-21,inverse_vol,green
2026-04-21,inverse_vol,green
2026-04-21,inverse_vol,green
2026-04-22,inverse_vol,green
2026-04-22,inverse_vol,green
2026-04-22,inverse_vol,green
2026-04-22,inverse_vol,green
2026-04-23,inverse_vol,green
2026-04-23,inverse_vol,green
2026-04-23,inverse_vol,green
2026-04-23,inverse_vol,green
2026-04-24,inverse_vol,green
2026-04-24,inverse_vol,green
2026-04-24,inverse_vol,green
2026-04-24,inverse_vol,green
2026-04-27,inverse_vol,green
2026-04-27,inverse_vol,green
2026-04-27,inverse_vol,green
2026-04-27,inverse_vol,green
2026-04-28,inverse_vol,green
2026-04-28,inverse_vol,green
2026-04-28,inverse_vol,green
2026-04-28,inverse_vol,green
2026-04-29,inverse_vol,green
2026-04-29,inverse_vol,green
2026-04-29,inverse_vol,green
2026-04-29,inverse_vol,green
2026-04-30,inverse_vol,green
2026-04-30,inverse_vol,green
2026-04-30,inverse_vol,green
2026-04-30,inverse_vol,green
2026-05-01,inverse_vol,green
2026-05-01,inverse_vol,green
2026-05-01,inverse_vol,green
2026-05-01,inverse_vol,green
2026-05-04,inverse_vol,green
2026-05-04,inverse_vol,green
2026-05-04,inverse_vol,green
2026-05-04,inverse_vol,green
2026-05-05,inverse_vol,green
2026-05-05,inverse_vol,green
2026-05-05,inverse_vol,green
2026-05-05,inverse_vol,green
2026-05-06,inverse_vol,green
2026-05-06,inverse_vol,green
2026-05-06,inverse_vol,green
2026-05-06,inverse_vol,green
2026-05-07,inverse_vol,green
2026-05-07,inverse_vol,green
2026-05-07,inverse_vol,green
2026-05-07,inverse_vol,green
2026-05-08,inverse_vol,green
2026-05-08,inverse_vol,green
2026-05-08,inverse_vol,green
2026-05-08,inverse_vol,green
2026-05-11,inverse_vol,green
2026-05-11,inverse_vol,green
2026-05-11,inverse_vol,green
2026-05-11,inverse_vol,green
2026-05-12,inverse_vol,green
2026-05-12,inverse_vol,green
2026-05-12,inverse_vol,green
2026-05-12,inverse_vol,green
2026-05-13,inverse_vol,green
2026-05-13,inverse_vol,green
2026-05-13,inverse_vol,green
2026-05-13,inverse_vol,green
2026-05-14,inverse_vol,green
2026-05-14,inverse_vol,green
2026-05-14,inverse_vol,green
2026-05-14,inverse_vol,green
2026-05-15,inverse_vol,green
2026-05-15,inverse_vol,green
2026-05-15,inverse_vol,green
2026-05-15,inverse_vol,green
2026-05-18,inverse_vol,green
2026-05-18,inverse_vol,green
2026-05-18,inverse_vol,green
2026-05-18,inverse_vol,green
2026-05-19,inverse_vol,green
2026-05-19,inverse_vol,green
2026-05-19,inverse_vol,green
2026-05-19,inverse_vol,green
2026-05-20,inverse_vol,green
2026-05-20,inverse_vol,green
2026-05-20,inverse_vol,green
2026-05-20,inverse_vol,green
2026-05-21,inverse_vol,green
2026-05-21,inverse_vol,green
2026-05-21,inverse_vol,green
2026-05-21,inverse_vol,green
2026-05-22,inverse_vol,green
2026-05-22,inverse_vol,green
2026-05-22,inverse_vol,green
2026-05-22,inverse_vol,green
2026-05-26,inverse_vol,green
2026-05-26,inverse_vol,green
2026-05-26,inverse_vol,green
2026-05-26,inverse_vol,green
2026-05-27,inverse_vol,green
2026-05-27,inverse_vol,green
2026-05-27,inverse_vol,green
2026-05-27,inverse_vol,green
2026-05-28,inverse_vol,green
2026-05-28,inverse_vol,green
2026-05-28,inverse_vol,green
2026-05-28,inverse_vol,green
2026-05-29,inverse_vol,green
2026-05-29,inverse_vol,green
2026-05-29,inverse_vol,green
2026-05-29,inverse_vol,green
2026-06-01,inverse_vol,green
2026-06-01,inverse_vol,green
2026-06-01,inverse_vol,green
2026-06-01,inverse_vol,green
2026-06-02,inverse_vol,green
2026-06-02,inverse_vol,green
2026-06-02,inverse_vol,green
2026-06-02,inverse_vol,green
2026-06-03,inverse_vol,green
2026-06-03,inverse_vol,green
2026-06-03,inverse_vol,green
2026-06-03,inverse_vol,green
2026-06-04,inverse_vol,green
2026-06-04,inverse_vol,green
2026-06-04,inverse_vol,green
2026-06-04,inverse_vol,green
2026-06-05,inverse_vol,green
2026-06-05,inverse_vol,green
2026-06-05,inverse_vol,green
2026-06-05,inverse_vol,green
2026-06-08,inverse_vol,green
2026-06-08,inverse_vol,green
2026-06-08,inverse_vol,green
2026-06-08,inverse_vol,green
2026-06-09,inverse_vol,green
2026-06-09,inverse_vol,green
2026-06-09,inverse_vol,green
2026-06-09,inverse_vol,green
2026-06-10,inverse_vol,green
2026-06-10,inverse_vol,green
2026-06-10,inverse_vol,green
2026-06-10,inverse_vol,green
2026-06-11,inverse_vol,green
2026-06-11,inverse_vol,green
2026-06-11,inverse_vol,green
2026-06-11,inverse_vol,green
2026-06-12,inverse_vol,green
2026-06-12,inverse_vol,green
2026-06-12,inverse_vol,green
2026-06-12,inverse_vol,green
2026-06-15,inverse_vol,green
2026-06-15,inverse_vol,green
2026-06-15,inverse_vol,green
2026-06-15,inverse_vol,green
2026-06-16,inverse_vol,green
2026-06-16,inverse_vol,green
2026-06-16,inverse_vol,green
2026-06-16,inverse_vol,green
2026-06-17,inverse_vol,green
2026-06-17,inverse_vol,green
2026-06-17,inverse_vol,green
2026-06-17,inverse_vol,green
2026-06-18,inverse_vol,green
2026-06-18,inverse_vol,green
2026-06-18,inverse_vol,green
2026-06-18,inverse_vol,green
2026-06-22,inverse_vol,green
2026-06-22,inverse_vol,green
2026-06-22,inverse_vol,green
2026-06-22,inverse_vol,green
2026-06-23,inverse_vol,green
2026-06-23,inverse_vol,green
2026-06-23,inverse_vol,green
2026-06-23,inverse_vol,green
2026-06-24,inverse_vol,green
2026-06-24,inverse_vol,green
2026-06-24,inverse_vol,green
2026-06-24,inverse_vol,green
2026-06-25,inverse_vol,green
2026-06-25,inverse_vol,green
2026-06-25,inverse_vol,green
2026-06-25,inverse_vol,green
2026-06-26,inverse_vol,green
2026-06-26,inverse_vol,green
2026-06-26,inverse_vol,green
2026-06-26,inverse_vol,green
2026-06-29,inverse_vol,green
2026-06-29,inverse_vol,green
2026-06-29,inverse_vol,green
2026-06-29,inverse_vol,green
2026-06-30,inverse_vol,green
2026-06-30,inverse_vol,green
2026-06-30,inverse_vol,green
2026-06-30,inverse_vol,green
2026-07-01,inverse_vol,green
2026-07-01,inverse_vol,green
2026-07-01,inverse_vol,green
2026-07-01,inverse_vol,green
2026-07-02,inverse_vol,green
2026-07-02,inverse_vol,green
2026-07-02,inverse_vol,green
2026-07-02,inverse_vol,green
2026-07-06,inverse_vol,green
2026-07-06,inverse_vol,green
2026-07-06,inverse_vol,green
2026-07-06,inverse_vol,green
2026-07-07,inverse_vol,green
2026-07-07,inverse_vol,green
2026-07-07,inverse_vol,green
2026-07-07,inverse_vol,green
2026-07-08,inverse_vol,green
2026-07-08,inverse_vol,green
2026-07-08,inverse_vol,green
2026-07-08,inverse_vol,green
2026-07-09,inverse_vol,green
2026-07-09,inverse_vol,green
2026-07-09,inverse_vol,green
2026-07-09,inverse_vol,green
2026-07-10,inverse_vol,green
2026-07-10,inverse_vol,green
2026-07-10,inverse_vol,green
2026-07-10,inverse_vol,green
2026-07-13,inverse_vol,green
2026-07-13,inverse_vol,green
2026-07-13,inverse_vol,green
2026-07-13,inverse_vol,green
2026-07-14,inverse_vol,green
2026-07-14,inverse_vol,green
2026-07-14,inverse_vol,green
2026-07-14,inverse_vol,green
2026-07-15,inverse_vol,green
2026-07-15,inverse_vol,green
2026-07-15,inverse_vol,green
2026-07-15,inverse_vol,green
2026-07-16,inverse_vol,green
2026-07-16,inverse_vol,green
2026-07-16,inverse_vol,green
2026-07-16,inverse_vol,green
2026-07-17,inverse_vol,green
2026-07-17,inverse_vol,green
2026-07-17,inverse_vol,green
2026-07-17,inverse_vol,green
2026-07-20,inverse_vol,green
2026-07-20,inverse_vol,green
2026-07-20,inverse_vol,green
2026-07-20,inverse_vol,green
2026-07-21,inverse_vol,green
2026-07-21,inverse_vol,green
2026-07-21,inverse_vol,green
2026-07-21,inverse_vol,green
2026-07-22,inverse_vol,green
2026-07-22,inverse_vol,green
2026-07-22,inverse_vol,green
2026-07-22,inverse_vol,green
2026-07-23,inverse_vol,green
2026-07-23,inverse_vol,green
2026-07-23,inverse_vol,green
2026-07-23,inverse_vol,green
2026-07-24,inverse_vol,green
2026-07-24,inverse_vol,green
2026-07-24,inverse_vol,green
2026-07-24,inverse_vol,green
2026-07-27,inverse_vol,green
2026-07-27,inverse_vol,green
2026-07-27,inverse_vol,green
2026-07-27,inverse_vol,green
2026-07-28,inverse_vol,green
2026-07-28,inverse_vol,green
2026-07-28,inverse_vol,green
2026-07-28,inverse_vol,green
2026-07-29,inverse_vol,green
2026-07-29,inverse_vol,green
2026-07-29,inverse_vol,green
2026-07-29,inverse_vol,green
2026-07-30,inverse_vol,green
2026-07-30,inverse_vol,green
2026-07-30,inverse_vol,green
2026-07-30,inverse_vol,green
2026-07-31,inverse_vol,green
2026-07-31,inverse_vol,green
2026-07-31,inverse_vol,green
2026-07-31,inverse_vol,green
2026-08-03,inverse_vol,green
2026-08-03,inverse_vol,green
2026-08-03,inverse_vol,green
2026-08-03,inverse_vol,green
2026-08-04,inverse_vol,green
2026-08-04,inverse_vol,green
2026-08-04,inverse_vol,green
2026-08-04,inverse_vol,green
2026-08-05,inverse_vol,green
2026-08-05,inverse_vol,green
2026-08-05,inverse_vol,green
2026-08-05,inverse_vol,green
2026-08-06,inverse_vol,green
2026-08-06,inverse_vol,green
2026-08-06,inverse_vol,green
2026-08-06,inverse_vol,green
2026-08-07,inverse_vol,green
2026-08-07,inverse_vol,green
2026-08-07,inverse_vol,green
2026-08-07,inverse_vol,green
2026-08-10,inverse_vol,green
2026-08-10,inverse_vol,green
2026-08-10,inverse_vol,green
2026-08-10,inverse_vol,green
2026-08-11,inverse_vol,green
2026-08-11,inverse_vol,green
2026-08-11,inverse_vol,green
2026-08-11,inverse_vol,green
2026-08-12,inverse_vol,green
2026-08-12,inverse_vol,green
2026-08-12,inverse_vol,green
2026-08-12,inverse_vol,green
2026-08-13,inverse_vol,green
2026-08-13,inverse_vol,green
2026-08-13,inverse_vol,green
2026-08-13,inverse_vol,green
2026-08-14,inverse_vol,green
2026-08-14,inverse_vol,green
2026-08-14,inverse_vol,green
2026-08-14,inverse_vol,green
2026-08-17,inverse_vol,green
2026-08-17,inverse_vol,green
2026-08-17,inverse_vol,green
2026-08-17,inverse_vol,green
2026-08-18,inverse_vol,green
2026-08-18,inverse_vol,green
2026-08-18,inverse_vol,green
2026-08-18,inverse_vol,green
2026-08-19,inverse_vol,green
2026-08-19,inverse_vol,green
2026-08-19,inverse_vol,green
2026-08-19,inverse_vol,green
2026-08-20,inverse_vol,green
2026-08-20,inverse_vol,green
2026-08-20,inverse_vol,green
2026-08-20,inverse_vol,green
2026-08-21,inverse_vol,green
2026-08-21,inverse_vol,green
2026-08-21,inverse_vol,green
2026-08-21,inverse_vol,green
2026-08-24,inverse_vol,green
2026-08-24,inverse_vol,green
2026-08-24,inverse_vol,green
2026-08-24,inverse_vol,green
2026-08-25,inverse_vol,green
2026-08-25,inverse_vol,green
2026-08-25,inverse_vol,green
2026-08-25,inverse_vol,green
2026-08-26,inverse_vol,green
2026-08-26,inverse_vol,green
2026-08-26,inverse_vol,green
2026-08-26,inverse_vol,green
2026-08-27,inverse_vol,green
2026-08-27,inverse_vol,green
2026-08-27,inverse_vol,green
2026-08-27,inverse_vol,green
2026-08-28,inverse_vol,green
2026-08-28,inverse_vol,green
2026-08-28,inverse_vol,green
2026-08-28,inverse_vol,green
2026-08-31,inverse_vol,green
2026-08-31,inverse_vol,green
2026-08-31,inverse_vol,green
2026-08-31,inverse_vol,green
2026-09-01,inverse_vol,green
2026-09-01,inverse_vol,green
2026-09-01,inverse_vol,green
2026-09-01,inverse_vol,green
2026-09-02,inverse_vol,green
2026-09-02,inverse_vol,green
2026-09-02,inverse_vol,green
2026-09-02,inverse_vol,green
2026-09-03,inverse_vol,green
2026-09-03,inverse_vol,green
2026-09-03,inverse_vol,green
2026-09-03,inverse_vol,green
2026-09-04,inverse_vol,green
2026-09-04,inverse_vol,green
2026-09-04,inverse_vol,green
2026-09-04,inverse_vol,green
2026-09-08,inverse_vol,green
2026-09-08,inverse_vol,green
2026-09-08,inverse_vol,green
2026-09-08,inverse_vol,green
2026-09-09,inverse_vol,green
2026-09-09,inverse_vol,green
2026-09-09,inverse_vol,green
2026-09-09,inverse_vol,green
2026-09-10,inverse_vol,green
2026-09-10,inverse_vol,green
2026-09-10,inverse_vol,green
2026-09-10,inverse_vol,green
2026-09-11,inverse_vol,green
2026-09-11,inverse_vol,green
2026-09-11,inverse_vol,green
2026-09-11,inverse_vol,green
2026-09-14,inverse_vol,green
2026-09-14,inverse_vol,green
2026-09-14,inverse_vol,green
2026-09-14,inverse_vol,green
2026-09-15,inverse_vol,green
2026-09-15,inverse_vol,green
2026-09-15,inverse_vol,green
2026-09-15,inverse_vol,green
2026-09-16,inverse_vol,green
2026-09-16,inverse_vol,green
2026-09-16,inverse_vol,green
2026-09-16,inverse_vol,green
2026-09-17,inverse_vol,green
2026-09-17,inverse_vol,green
2026-09-17,inverse_vol,green
2026-09-17,inverse_vol,green
2026-09-18,inverse_vol,green
2026-09-18,inverse_vol,green
2026-09-18,inverse_vol,green
2026-09-18,inverse_vol,green
2026-09-21,inverse_vol,green
2026-09-21,inverse_vol,green
2026-09-21,inverse_vol,green
2026-09-21,inverse_vol,green
2026-09-22,inverse_vol,green
2026-09-22,inverse_vol,green
2026-09-22,inverse_vol,green
2026-09-22,inverse_vol,green
2026-09-23,inverse_vol,green
2026-09-23,inverse_vol,green
2026-09-23,inverse_vol,green
2026-09-23,inverse_vol,green
2026-09-24,inverse_vol,green
2026-09-24,inverse_vol,green
2026-09-24,inverse_vol,green
2026-09-24,inverse_vol,green
2026-09-25,inverse_vol,green
2026-09-25,inverse_vol,green
2026-09-25,inverse_vol,green
2026-09-25,inverse_vol,green
2026-09-28,inverse_vol,green
2026-09-28,inverse_vol,green
2026-09-28,inverse_vol,green
2026-09-28,inverse_vol,green
2026-09-29,inverse_vol,green
2026-09-29,inverse_vol,green
2026-09-29,inverse_vol,green
2026-09-29,inverse_vol,green
2026-09-30,inverse_vol,green
2026-09-30,inverse_vol,green
2026-09-30,inverse_vol,green
2026-09-30,inverse_vol,green
2026-10-01,inverse_vol,green
2026-10-01,inverse_vol,green
2026-10-01,inverse_vol,green
2026-10-01,inverse_vol,green
2026-10-02,inverse_vol,green
2026-10-02,inverse_vol,green
2026-10-02,inverse_vol,green
2026-10-02,inverse_vol,green
2026-10-05,inverse_vol,green
2026-10-05,inverse_vol,green
2026-10-05,inverse_vol,green
2026-10-05,inverse_vol,green
2026-10-06,inverse_vol,green
2026-10-06,inverse_vol,green
2026-10-06,inverse_vol,green
2026-10-06,inverse_vol,green
2026-10-07,inverse_vol,green
2026-10-07,inverse_vol,green
2026-10-07,inverse_vol,green
2026-10-07,inverse_vol,green
2026-10-08,inverse_vol,green
2026-10-08,inverse_vol,green
2026-10-08,inverse_vol,green
2026-10-08,inverse_vol,green
2026-10-09,inverse_vol,green
2026-10-09,inverse_vol,green
2026-10-09,inverse_vol,green
2026-10-09,inverse_vol,green
2025-10-03,min_variance,
2025-10-03,min_variance,
2025-10-03,min_variance,
2025-10-03,min_variance,
2025-10-06,min_variance,
2025-10-06,min_variance,
2025-10-06,min_variance,
2025-10-06,min_variance,
2025-10-07,min_variance,
2025-10-07,min_variance,
2025-10-07,min_variance,
2025-10-07,min_variance,
2025-10-08,min_variance,
2025-10-08,min_variance,
2025-10-08,min_variance,
2025-10-08,min_variance,
2025-10-09,min_variance,
2025-10-09,min_variance,
2025-10-09,min_variance,
2025-10-09,min_variance,
2025-10-10,min_variance,
2025-10-10,min_variance,
2025-10-10,min_variance,
2025-10-10,min_variance,
2025-10-13,min_variance,
2025-10-13,min_variance,
2025-10-13,min_variance,
2025-10-13,min_variance,
2025-10-14,min_variance,
2025-10-14,min_variance,
2025-10-14,min_variance,
2025-10-14,min_variance,
2025-10-15,min_variance,
2025-10-15,min_variance,
2025-10-15,min_variance,
2025-10-15,min_variance,
2025-10-16,min_variance,
2025-10-16,min_variance,
2025-10-16,min_variance,
2025-10-16,min_variance,
2025-10-17,min_variance,
2025-10-17,min_variance,
2025-10-17,min_variance,
2025-10-17,min_variance,
2025-10-20,min_variance,
2025-10-20,min_variance,
2025-10-20,min_variance,
2025-10-20,min_variance,
2025-10-21,min_variance,
2025-10-21,min_variance,
2025-10-21,min_variance,
2025-10-21,min_variance,
2025-10-22,min_variance,
2025-10-22,min_variance,
2025-10-22,min_variance,
2025-10-22,min_variance,
2025-10-23,min_variance,
2025-10-23,min_variance,
2025-10-23,min_variance,
2025-10-23,min_variance,
2025-10-24,min_variance,
2025-10-24,min_variance,
2025-10-24,min_variance,
2025-10-24,min_variance,
2025-10-27,min_variance,
2025-10-27,min_variance,
2025-10-27,min_variance,
2025-10-27,min_variance,
2025-10-28,min_variance,
2025-10-28,min_variance,
2025-10-28,min_variance,
2025-10-28,min_variance,
2025-10-29,min_variance,
2025-10-29,min_variance,
2025-10-29,min_variance,
2025-10-29,min_variance,
2025-10-30,min_variance,
2025-10-30,min_variance,
2025-10-30,min_variance,
2025-10-30,min_variance,
2025-10-31,min_variance,
2025-10-31,min_variance,
2025-10-31,min_variance,
2025-10-31,min_variance,
2025-11-03,min_variance,
2025-11-03,min_variance,
2025-11-03,min_variance,
2025-11-03,min_variance,
2025-11-04,min_variance,
2025-11-04,min_variance,
2025-11-04,min_variance,
2025-11-04,min_variance,
2025-11-05,min_variance,
2025-11-05,min_variance,
2025-11-05,min_variance,
2025-11-05,min_variance,
2025-11-06,min_variance,
2025-11-06,min_variance,
2025-11-06,min_variance,
2025-11-06,min_variance,
2025-11-07,min_variance,
2025-11-07,min_variance,
2025-11-07,min_variance,
2025-11-07,min_variance,
2025-11-10,min_variance,
2025-11-10,min_variance,
2025-11-10,min_variance,
2025-11-10,min_variance,
2025-11-11,min_variance,
2025-11-11,min_variance,
2025-11-11,min_variance,
2025-11-11,min_variance,
2025-11-12,min_variance,
2025-11-12,min_variance,
2025-11-12,min_variance,
2025-11-12,min_variance,
2025-11-13,min_variance,
2025-11-13,min_variance,
2025-11-13,min_variance,
2025-11-13,min_variance,
2025-11-14,min_variance,
2025-11-14,min_variance,
2025-11-14,min_variance,
2025-11-14,min_variance,
2025-11-17,min_variance,
2025-11-17,min_variance,
2025-11-17,min_variance,
2025-11-17,min_variance,
2025-11-18,min_variance,
2025-11-18,min_variance,
2025-11-18,min_variance,
2025-11-18,min_variance,
2025-11-19,min_variance,
2025-11-19,min_variance,
2025-11-19,min_variance,
2025-11-19,min_variance,
2025-11-20,min_variance,
2025-11-20,min_variance,
2025-11-20,min_variance,
2025-11-20,min_variance,
2025-11-21,min_variance,
2025-11-21,min_variance,
2025-11-21,min_variance,
2025-11-21,min_variance,
2025-11-24,min_variance,
2025-11-24,min_variance,
2025-11-24,min_variance,
2025-11-24,min_variance,
2025-11-25,min_variance,
2025-11-25,min_variance,
2025-11-25,min_variance,
2025-11-25,min_variance,
2025-11-26,min_variance,
2025-11-26,min_variance,
2025-11-26,min_variance,
2025-11-26,min_variance,
2025-11-28,min_variance,
2025-11-28,min_variance,
2025-11-28,min_variance,
2025-11-28,min_variance,
2025-12-01,min_variance,
2025-12-01,min_variance,
2025-12-01,min_variance,
2025-12-01,min_variance,
2025-12-02,min_variance,
2025-12-02,min_variance,
2025-12-02,min_variance,
2025-12-02,min_variance,
2025-12-03,min_variance,
2025-12-03,min_variance,
2025-12-03,min_variance,
2025-12-03,min_variance,
2025-12-04,min_variance,
2025-12-04,min_variance,
2025-12-04,min_variance,
2025-12-04,min_variance,
2025-12-05,min_variance,
2025-12-05,min_variance,
2025-12-05,min_variance,
2025-12-05,min_variance,
2025-12-08,min_variance,
2025-12-08,min_variance,
2025-12-08,min_variance,
2025-12-08,min_variance,
2025-12-09,min_variance,
2025-12-09,min_variance,
2025-12-09,min_variance,
2025-12-09,min_variance,
2025-12-10,min_variance,
2025-12-10,min_variance,
2025-12-10,min_variance,
2025-12-10,min_variance,
2025-12-11,min_variance,
2025-12-11,min_variance,
2025-12-11,min_variance,
2025-12-11,min_variance,
2025-12-12,min_variance,
2025-12-12,min_variance,
2025-12-12,min_variance,
2025-12-12,min_variance,
2025-12-15,min_variance,
2025-12-15,min_variance,
2025-12-15,min_variance,
2025-12-15,min_variance,
2025-12-16,min_variance,
2025-12-16,min_variance,
2025-12-16,min_variance,
2025-12-16,min_variance,
2025-12-17,min_variance,
2025-12-17,min_variance,
2025-12-17,min_variance,
2025-12-17,min_variance,
2025-12-18,min_variance,
2025-12-18,min_variance,
2025-12-18,min_variance,
2025-12-18,min_variance,
2025-12-19,min_variance,
2025-12-19,min_variance,
2025-12-19,min_variance,
2025-12-19,min_variance,
2025-12-22,min_variance,
2025-12-22,min_variance,
2025-12-22,min_variance,
2025-12-22,min_variance,
2025-12-23,min_variance,
2025-12-23,min_variance,
2025-12-23,min_variance,
2025-12-23,min_variance,
2025-12-24,min_variance,
2025-12-24,min_variance,
2025-12-24,min_variance,
2025-12-24,min_variance,
2025-12-26,min_variance,
2025-12-26,min_variance,
2025-12-26,min_variance,
2025-12-26,min_variance,
2025-12-29,min_variance,
2025-12-29,min_variance,
2025-12-29,min_variance,
2025-12-29,min_variance,
2025-12-30,min_variance,
2025-12-30,min_variance,
2025-12-30,min_variance,
2025-12-30,min_variance,
2025-12-31,min_variance,
2025-12-31,min_variance,
2025-12-31,min_variance,
2025-12-31,min_variance,
2026-01-02,min_variance,
2026-01-02,min_variance,green
2026-01-02,min_variance,green
2026-01-02,min_variance,green
2026-01-05,min_variance,green
2026-01-05,min_variance,green
2026-01-05,min_variance,green
2026-01-05,min_variance,green
2026-01-06,min_variance,green
2026-01-06,min_variance,green
2026-01-06,min_variance,green
2026-01-06,min_variance,green
2026-01-07,min_variance,green
2026-01-07,min_variance,green
2026-01-07,min_variance,green
2026-01-07,min_variance,green
2026-01-08,min_variance,green
2026-01-08,min_variance,green
2026-01-08,min_variance,green
2026-01-08,min_variance,green
2026-01-09,min_variance,green
2026-01-09,min_variance,green
2026-01-09,min_variance,green
2026-01-09,min_variance,green
2026-01-12,min_variance,green
2026-01-12,min_variance,green
2026-01-12,min_variance,green
2026-01-12,min_variance,green
2026-01-13,min_variance,green
2026-01-13,min_variance,green
2026-01-13,min_variance,green
2026-01-13,min_variance,green
2026-01-14,min_variance,green
2026-01-14,min_variance,green
2026-01-14,min_variance,green
2026-01-14,min_variance,green
2026-01-15,min_variance,green
2026-01-15,min_variance,green
2026-01-15,min_variance,green
2026-01-15,min_variance,green
2026-01-16,min_variance,green
2026-01-16,min_variance,green
2026-01-16,min_variance,green
2026-01-16,min_variance,green
2026-01-20,min_variance,green
2026-01-20,min_variance,green
2026-01-20,min_variance,green
2026-01-20,min_variance,green
2026-01-21,min_variance,green
2026-01-21,min_variance,green
2026-01-21,min_variance,green
2026-01-21,min_variance,green
2026-01-22,min_variance,green
2026-01-22,min_variance,green
2026-01-22,min_variance,green
2026-01-22,min_variance,green
2026-01-23,min_variance,green
2026-01-23,min_variance,green
2026-01-23,min_variance,green
2026-01-23,min_variance,green
2026-01-26,min_variance,green
2026-01-26,min_variance,green
2026-01-26,min_variance,green
2026-01-26,min_variance,green
2026-01-27,min_variance,green
2026-01-27,min_variance,green
2026-01-27,min_variance,green
2026-01-27,min_variance,green
2026-01-28,min_variance,green
2026-01-28,min_variance,green
2026-01-28,min_variance,green
2026-01-28,min_variance,green
2026-01-29,min_variance,green
2026-01-29,min_variance,green
2026-01-29,min_variance,green
2026-01-29,min_variance,green
2026-01-30,min_variance,green
2026-01-30,min_variance,green
2026-01-30,min_variance,green
2026-01-30,min_variance,green
2026-02-02,min_variance,green
2026-02-02,min_variance,green
2026-02-02,min_variance,green
2026-02-02,min_variance,green
2026-02-03,min_variance,green
2026-02-03,min_variance,green
2026-02-03,min_variance,green
2026-02-03,min_variance,green
2026-02-04,min_variance,green
2026-02-04,min_variance,green
2026-02-04,min_variance,green
2026-02-04,min_variance,green
2026-02-05,min_variance,green
2026-02-05,min_variance,green
2026-02-05,min_variance,green
2026-02-05,min_variance,green
2026-02-06,min_variance,green
2026-02-06,min_variance,green
2026-02-06,min_variance,green
2026-02-06,min_variance,green
2026-02-09,min_variance,green
2026-02-09,min_variance,green
2026-02-09,min_variance,green
2026-02-09,min_variance,green
2026-02-10,min_variance,green
2026-02-10,min_variance,green
2026-02-10,min_variance,green
2026-02-10,min_variance,green
2026-02-11,min_variance,green
2026-02-11,min_variance,green
2026-02-11,min_variance,green
2026-02-11,min_variance,green
2026-02-12,min_variance,green
2026-02-12,min_variance,green
2026-02-12,min_variance,green
2026-02-12,min_variance,green
2026-02-13,min_variance,green
2026-02-13,min_variance,green
2026-02-13,min_variance,green
2026-02-13,min_variance,green
2026-02-17,min_variance,green
2026-02-17,min_variance,green
2026-02-17,min_variance,green
2026-02-17,min_variance,green
2026-02-18,min_variance,green
2026-02-18,min_variance,green
2026-02-18,min_variance,green
2026-02-18,min_variance,green
2026-02-19,min_variance,green
2026-02-19,min_variance,green
2026-02-19,min_variance,green
2026-02-19,min_variance,green
2026-02-20,min_variance,green
2026-02-20,min_variance,green
2026-02-20,min_variance,green
2026-02-20,min_variance,green
2026-02-23,min_variance,green
2026-02-23,min_variance,green
2026-02-23,min_variance,green
2026-02-23,min_variance,green
2026-02-24,min_variance,green
2026-02-24,min_variance,green
2026-02-24,min_variance,green
2026-02-24,min_variance,green
2026-02-25,min_variance,green
2026-02-25,min_variance,green
2026-02-25,min_variance,green
2026-02-25,min_variance,green
2026-02-26,min_variance,green
2026-02-26,min_variance,green
2026-02-26,min_variance,green
2026-02-26,min_variance,green
2026-02-27,min_variance,green
2026-02-27,min_variance,green
2026-02-27,min_variance,green
2026-02-27,min_variance,green
2026-03-02,min_variance,green
2026-03-02,min_variance,green
2026-03-02,min_variance,green
2026-03-02,min_variance,green
2026-03-03,min_variance,green
2026-03-03,min_variance,green
2026-03-03,min_variance,green
2026-03-03,min_variance,green
2026-03-04,min_variance,green
2026-03-04,min_variance,green
2026-03-04,min_variance,green
2026-03-04,min_variance,green
2026-03-05,min_variance,green
2026-03-05,min_variance,green
2026-03-05,min_variance,green
2026-03-05,min_variance,green
2026-03-06,min_variance,green
2026-03-06,min_variance,green
2026-03-06,min_variance,green
2026-03-06,min_variance,green
2026-03-09,min_variance,green
2026-03-09,min_variance,green
2026-03-09,min_variance,green
2026-03-09,min_variance,green
2026-03-10,min_variance,green
2026-03-10,min_variance,green
2026-03-10,min_variance,green
2026-03-10,min_variance,green
2026-03-11,min_variance,green
2026-03-11,min_variance,green
2026-03-11,min_variance,green
2026-03-11,min_variance,green
2026-03-12,min_variance,green
2026-03-12,min_variance,green
2026-03-12,min_variance,green
2026-03-12,min_variance,green
2026-03-13,min_variance,green
2026-03-13,min_variance,green
2026-03-13,min_variance,green
2026-03-13,min_variance,green
2026-03-16,min_variance,green
2026-03-16,min_variance,green
2026-03-16,min_variance,green
2026-03-16,min_variance,green
2026-03-17,min_variance,green
2026-03-17,min_variance,green
2026-03-17,min_variance,green
2026-03-17,min_variance,green
2026-03-18,min_variance,green
2026-03-18,min_variance,green
2026-03-18,min_variance,green
2026-03-18,min_variance,green
2026-03-19,min_variance,green
2026-03-19,min_variance,green
2026-03-19,min_variance,green
2026-03-19,min_variance,green
2026-03-20,min_variance,yellow
2026-03-20,min_variance,yellow
2026-03-20,min_variance,yellow
2026-03-20,min_variance,yellow
2026-03-23,min_variance,yellow
2026-03-23,min_variance,yellow
2026-03-23,min_variance,yellow
2026-03-23,min_variance,yellow
2026-03-24,min_variance,yellow
2026-03-24,min_variance,yellow
2026-03-24,min_variance,yellow
2026-03-24,min_variance,yellow
2026-03-25,min_variance,yellow
2026-03-25,min_variance,yellow
2026-03-25,min_variance,yellow
2026-03-25,min_variance,yellow
2026-03-26,min_variance,yellow
2026-03-26,min_variance,yellow
2026-03-26,min_variance,yellow
2026-03-26,min_variance,yellow
2026-03-27,min_variance,yellow
2026-03-27,min_variance,yellow
2026-03-27,min_variance,yellow
2026-03-27,min_variance,yellow
2026-03-30,min_variance,yellow
2026-03-30,min_variance,yellow
2026-03-30,min_variance,yellow
2026-03-30,min_variance,yellow
2026-03-31,min_variance,yellow
2026-03-31,min_variance,yellow
2026-03-31,min_variance,yellow
2026-03-31,min_variance,yellow
2026-04-01,min_variance,yellow
2026-04-01,min_variance,yellow
2026-04-01,min_variance,yellow
2026-04-01,min_variance,yellow
2026-04-02,min_variance,yellow
2026-04-02,min_variance,yellow
2026-04-02,min_variance,yellow
2026-04-02,min_variance,yellow
2026-04-06,min_variance,yellow
2026-04-06,min_variance,yellow
2026-04-06,min_variance,yellow
2026-04-06,min_variance,yellow
2026-04-07,min_variance,yellow
2026-04-07,min_variance,yellow
2026-04-07,min_variance,yellow
2026-04-07,min_variance,yellow
2026-04-08,min_variance,yellow
2026-04-08,min_variance,yellow
2026-04-08,min_variance,yellow
2026-04-08,min_variance,yellow
2026-04-09,min_variance,yellow
2026-04-09,min_variance,yellow
2026-04-09,min_variance,yellow
2026-04-09,min_variance,yellow
2026-04-10,min_variance,yellow
2026-04-10,min_variance,yellow
2026-04-10,min_variance,yellow
2026-04-10,min_variance,yellow
2026-04-13,min_variance,yellow
2026-04-13,min_variance,yellow
2026-04-13,min_variance,yellow
2026-04-13,min_variance,yellow
2026-04-14,min_variance,yellow
2026-04-14,min_variance,yellow
2026-04-14,min_variance,yellow
2026-04-14,min_variance,yellow
2026-04-15,min_variance,yellow
2026-04-15,min_variance,yellow
2026-04-15,min_variance,yellow
2026-04-15,min_variance,yellow
2026-04-16,min_variance,yellow
2026-04-16,min_variance,yellow
2026-04-16,min_variance,yellow
2026-04-16,min_variance,yellow
2026-04-17,min_variance,yellow
2026-04-17,min_variance,yellow
2026-04-17,min_variance,yellow
2026-04-17,min_variance,yellow
2026-04-20,min_variance,yellow
2026-04-20,min_variance,yellow
2026-04-20,min_variance,yellow
2026-04-20,min_variance,yellow
2026-04-21,min_variance,yellow
2026-04-21,min_variance,yellow
2026-04-21,min_variance,yellow
2026-04-21,min_variance,yellow
2026-04-22,min_variance,yellow
2026-04-22,min_variance,yellow
2026-04-22,min_variance,yellow
2026-04-22,min_variance,yellow
2026-04-23,min_variance,yellow
2026-04-23,min_variance,yellow
2026-04-23,min_variance,yellow
2026-04-23,min_variance,yellow
2026-04-24,min_variance,yellow
2026-04-24,min_variance,yellow
2026-04-24,min_variance,yellow
2026-04-24,min_variance,yellow
2026-04-27,min_variance,yellow
2026-04-27,min_variance,yellow
2026-04-27,min_variance,yellow
2026-04-27,min_variance,yellow
2026-04-28,min_variance,yellow
2026-04-28,min_variance,yellow
2026-04-28,min_variance,yellow
2026-04-28,min_variance,yellow
2026-04-29,min_variance,yellow
2026-04-29,min_variance,yellow
2026-04-29,min_variance,yellow
2026-04-29,min_variance,yellow
2026-04-30,min_variance,yellow
2026-04-30,min_variance,yellow
2026-04-30,min_variance,yellow
2026-04-30,min_variance,yellow
2026-05-01,min_variance,yellow
2026-05-01,min_variance,yellow
2026-05-01,min_variance,yellow
2026-05-01,min_variance,yellow
2026-05-04,min_variance,yellow
2026-05-04,min_variance,yellow
2026-05-04,min_variance,yellow
2026-05-04,min_variance,yellow
2026-05-05,min_variance,yellow
2026-05-05,min_variance,yellow
2026-05-05,min_variance,yellow
2026-05-05,min_variance,yellow
2026-05-06,min_variance,yellow
2026-05-06,min_variance,yellow
2026-05-06,min_variance,yellow
2026-05-06,min_variance,yellow
2026-05-07,min_variance,yellow
2026-05-07,min_variance,yellow
2026-05-07,min_variance,yellow
2026-05-07,min_variance,yellow
2026-05-08,min_variance,yellow
2026-05-08,min_variance,yellow
2026-05-08,min_variance,yellow
2026-05-08,min_variance,yellow
2026-05-11,min_variance,yellow
2026-05-11,min_variance,yellow
2026-05-11,min_variance,yellow
2026-05-11,min_variance,yellow
2026-05-12,min_variance,yellow
2026-05-12,min_variance,yellow
2026-05-12,min_variance,yellow
2026-05-12,min_variance,yellow
2026-05-13,min_variance,yellow
2026-05-13,min_variance,yellow
2026-05-13,min_variance,yellow
2026-05-13,min_variance,yellow
2026-05-14,min_variance,yellow
2026-05-14,min_variance,yellow
2026-05-14,min_variance,yellow
2026-05-14,min_variance,yellow
2026-05-15,min_variance,yellow
2026-05-15,min_variance,yellow
2026-05-15,min_variance,yellow
2026-05-15,min_variance,yellow
2026-05-18,min_variance,yellow
2026-05-18,min_variance,yellow
2026-05-18,min_variance,yellow
2026-05-18,min_variance,yellow
2026-05-19,min_variance,yellow
2026-05-19,min_variance,yellow
2026-05-19,min_variance,yellow
2026-05-19,min_variance,yellow
2026-05-20,min_variance,yellow
2026-05-20,min_variance,yellow
2026-05-20,min_variance,yellow
2026-05-20,min_variance,yellow
2026-05-21,min_variance,yellow
2026-05-21,min_variance,yellow
2026-05-21,min_variance,yellow
2026-05-21,min_variance,yellow
2026-05-22,min_variance,yellow
2026-05-22,min_variance,yellow
2026-05-22,min_variance,yellow
2026-05-22,min_variance,yellow
2026-05-26,min_variance,yellow
2026-05-26,min_variance,yellow
2026-05-26,min_variance,yellow
2026-05-26,min_variance,yellow
2026-05-27,min_variance,yellow
2026-05-27,min_variance,yellow
2026-05-27,min_variance,yellow
2026-05-27,min_variance,yellow
2026-05-28,min_variance,yellow
2026-05-28,min_variance,yellow
2026-05-28,min_variance,yellow
2026-05-28,min_variance,yellow
2026-05-29,min_variance,yellow
2026-05-29,min_variance,yellow
2026-05-29,min_variance,yellow
2026-05-29,min_variance,yellow
2026-06-01,min_variance,yellow
2026-06-01,min_variance,yellow
2026-06-01,min_variance,green
2026-06-01,min_variance,green
2026-06-02,min_variance,green
2026-06-02,min_variance,green
2026-06-02,min_variance,green
2026-06-02,min_variance,green
2026-06-03,min_variance,green
2026-06-03,min_variance,green
2026-06-03,min_variance,green
2026-06-03,min_variance,green
2026-06-04,min_variance,green
2026-06-04,min_variance,green
2026-06-04,min_variance,green
2026-06-04,min_variance,green
2026-06-05,min_variance,green
2026-06-05,min_variance,green
2026-06-05,min_variance,green
2026-06-05,min_variance,yellow
2026-06-08,min_variance,yellow
2026-06-08,min_variance,yellow
2026-06-08,min_variance,yellow
2026-06-08,min_variance,yellow
2026-06-09,min_variance,yellow
2026-06-09,min_variance,yellow
2026-06-09,min_variance,yellow
2026-06-09,min_variance,yellow
2026-06-10,min_variance,yellow
2026-06-10,min_variance,yellow
2026-06-10,min_variance,yellow
2026-06-10,min_variance,yellow
2026-06-11,min_variance,yellow
2026-06-11,min_variance,yellow
2026-06-11,min_variance,yellow
2026-06-11,min_variance,yellow
2026-06-12,min_variance,yellow
2026-06-12,min_variance,yellow
2026-06-12,min_variance,yellow
2026-06-12,min_variance,yellow
2026-06-15,min_variance,yellow
2026-06-15,min_variance,yellow
2026-06-15,min_variance,yellow
2026-06-15,min_variance,yellow
2026-06-16,min_variance,yellow
2026-06-16,min_variance,yellow
2026-06-16,min_variance,yellow
2026-06-16,min_variance,yellow
2026-06-17,min_variance,yellow
2026-06-17,min_variance,yellow
2026-06-17,min_variance,yellow
2026-06-17,min_variance,yellow
2026-06-18,min_variance,yellow
2026-06-18,min_variance,yellow
2026-06-18,min_variance,green
2026-06-18,min_variance,green
2026-06-22,min_variance,green
2026-06-22,min_variance,green
2026-06-22,min_variance,green
2026-06-22,min_variance,green
2026-06-23,min_variance,green
2026-06-23,min_variance,green
2026-06-23,min_variance,green
2026-06-23,min_variance,green
2026-06-24,min_variance,green
2026-06-24,min_variance,green
2026-06-24,min_variance,green
2026-06-24,min_variance,green
2026-06-25,min_variance,green
2026-06-25,min_variance,green
2026-06-25,min_variance,green
2026-06-25,min_variance,green
2026-06-26,min_variance,green
2026-06-26,min_variance,green
2026-06-26,min_variance,green
2026-06-26,min_variance,green
2026-06-29,min_variance,green
2026-06-29,min_variance,green
2026-06-29,min_variance,green
2026-06-29,min_variance,green
2026-06-30,min_variance,green
2026-06-30,min_variance,green
2026-06-30,min_variance,green
2026-06-30,min_variance,green
2026-07-01,min_variance,green
2026-07-01,min_variance,green
2026-07-01,min_variance,green
2026-07-01,min_variance,green
2026-07-02,min_variance,green
2026-07-02,min_variance,green
2026-07-02,min_variance,green
2026-07-02,min_variance,green
2026-07-06,min_variance,green
2026-07-06,min_variance,green
2026-07-06,min_variance,green
2026-07-06,min_variance,green
2026-07-07,min_variance,green
2026-07-07,min_variance,green
2026-07-07,min_variance,green
2026-07-07,min_variance,green
2026-07-08,min_variance,green
2026-07-08,min_variance,green
2026-07-08,min_variance,green
2026-07-08,min_variance,green
2026-07-09,min_variance,green
2026-07-09,min_variance,green
2026-07-09,min_variance,green
2026-07-09,min_variance,green
2026-07-10,min_variance,green
2026-07-10,min_variance,green
2026-07-10,min_variance,green
2026-07-10,min_variance,green
2026-07-13,min_variance,green
2026-07-13,min_variance,green
2026-07-13,min_variance,green
2026-07-13,min_variance,green
2026-07-14,min_variance,green
2026-07-14,min_variance,green
2026-07-14,min_variance,green
2026-07-14,min_variance,green
2026-07-15,min_variance,green
2026-07-15,min_variance,green
2026-07-15,min_variance,green
2026-07-15,min_variance,green
2026-07-16,min_variance,green
2026-07-16,min_variance,green
2026-07-16,min_variance,green
2026-07-16,min_variance,green
2026-07-17,min_variance,green
2026-07-17,min_variance,green
2026-07-17,min_variance,green
2026-07-17,min_variance,green
2026-07-20,min_variance,green
2026-07-20,min_variance,green
2026-07-20,min_variance,green
2026-07-20,min_variance,green
2026-07-21,min_variance,green
2026-07-21,min_variance,green
2026-07-21,min_variance,green
2026-07-21,min_variance,green
2026-07-22,min_variance,green
2026-07-22,min_variance,green
2026-07-22,min_variance,green
2026-07-22,min_variance,green
2026-07-23,min_variance,green
2026-07-23,min_variance,green
2026-07-23,min_variance,green
2026-07-23,min_variance,green
2026-07-24,min_variance,green
2026-07-24,min_variance,green
2026-07-24,min_variance,green
2026-07-24,min_variance,green
2026-07-27,min_variance,green
2026-07-27,min_variance,green
2026-07-27,min_variance,green
2026-07-27,min_variance,green
2026-07-28,min_variance,green
2026-07-28,min_variance,green
2026-07-28,min_variance,green
2026-07-28,min_variance,green
2026-07-29,min_variance,green
2026-07-29,min_variance,green
2026-07-29,min_variance,green
2026-07-29,min_variance,green
2026-07-30,min_variance,green
2026-07-30,min_variance,green
2026-07-30,min_variance,green
2026-07-30,min_variance,green
2026-07-31,min_variance,green
2026-07-31,min_variance,green
2026-07-31,min_variance,green
2026-07-31,min_variance,green
2026-08-03,min_variance,green
2026-08-03,min_variance,green
2026-08-03,min_variance,green
2026-08-03,min_variance,green
2026-08-04,min_variance,green
2026-08-04,min_variance,green
2026-08-04,min_variance,green
2026-08-04,min_variance,green
2026-08-05,min_variance,green
2026-08-05,min_variance,green
2026-08-05,min_variance,green
2026-08-05,min_variance,green
2026-08-06,min_variance,green
2026-08-06,min_variance,green
2026-08-06,min_variance,green
2026-08-06,min_variance,green
2026-08-07,min_variance,green
2026-08-07,min_variance,green
2026-08-07,min_variance,green
2026-08-07,min_variance,green
2026-08-10,min_variance,green
2026-08-10,min_variance,green
2026-08-10,min_variance,green
2026-08-10,min_variance,green
2026-08-11,min_variance,green
2026-08-11,min_variance,green
2026-08-11,min_variance,green
2026-08-11,min_variance,green
2026-08-12,min_variance,green
2026-08-12,min_variance,green
2026-08-12,min_variance,green
2026-08-12,min_variance,green
2026-08-13,min_variance,green
2026-08-13,min_variance,green
2026-08-13,min_variance,green
2026-08-13,min_variance,green
2026-08-14,min_variance,green
2026-08-14,min_variance,green
2026-08-14,min_variance,green
2026-08-14,min_variance,green
2026-08-17,min_variance,green
2026-08-17,min_variance,green
2026-08-17,min_variance,green
2026-08-17,min_variance,green
2026-08-18,min_variance,green
2026-08-18,min_variance,green
2026-08-18,min_variance,green
2026-08-18,min_variance,green
2026-08-19,min_variance,green
2026-08-19,min_variance,green
2026-08-19,min_variance,green
2026-08-19,min_variance,green
2026-08-20,min_variance,green
2026-08-20,min_variance,green
2026-08-20,min_variance,green
2026-08-20,min_variance,green
2026-08-21,min_variance,green
2026-08-21,min_variance,green
2026-08-21,min_variance,green
2026-08-21,min_variance,green
2026-08-24,min_variance,green
2026-08-24,min_variance,green
2026-08-24,min_variance,green
2026-08-24,min_variance,green
2026-08-25,min_variance,green
2026-08-25,min_variance,green
2026-08-25,min_variance,green
2026-08-25,min_variance,green
2026-08-26,min_variance,green
2026-08-26,min_variance,green
2026-08-26,min_variance,green
2026-08-26,min_variance,green
2026-08-27,min_variance,green
2026-08-27,min_variance,green
2026-08-27,min_variance,green
2026-08-27,min_variance,green
2026-08-28,min_variance,green
2026-08-28,min_variance,green
2026-08-28,min_variance,green
2026-08-28,min_variance,green
2026-08-31,min_variance,green
2026-08-31,min_variance,green
2026-08-31,min_variance,green
2026-08-31,min_variance,green
2026-09-01,min_variance,green
2026-09-01,min_variance,green
2026-09-01,min_variance,green
2026-09-01,min_variance,green
2026-09-02,min_variance,green
2026-09-02,min_variance,green
2026-09-02,min_variance,green
2026-09-02,min_variance,green
2026-09-03,min_variance,green
2026-09-03,min_variance,green
2026-09-03,min_variance,green
2026-09-03,min_variance,green
2026-09-04,min_variance,green
2026-09-04,min_variance,green
2026-09-04,min_variance,green
2026-09-04,min_variance,green
2026-09-08,min_variance,green
2026-09-08,min_variance,green
2026-09-08,min_variance,green
2026-09-08,min_variance,green
2026-09-09,min_variance,green
2026-09-09,min_variance,green
2026-09-09,min_variance,green
2026-09-09,min_variance,green
2026-09-10,min_variance,green
2026-09-10,min_variance,green
2026-09-10,min_variance,green
2026-09-10,min_variance,green
2026-09-11,min_variance,green
2026-09-11,min_variance,green
2026-09-11,min_variance,green
2026-09-11,min_variance,green
2026-09-14,min_variance,green
2026-09-14,min_variance,green
2026-09-14,min_variance,green
2026-09-14,min_variance,green
2026-09-15,min_variance,green
2026-09-15,min_variance,green
2026-09-15,min_variance,green
2026-09-15,min_variance,green
2026-09-16,min_variance,green
2026-09-16,min_variance,green
2026-09-16,min_variance,green
2026-09-16,min_variance,green
2026-09-17,min_variance,green
2026-09-17,min_variance,green
2026-09-17,min_variance,green
2026-09-17,min_variance,green
2026-09-18,min_variance,green
2026-09-18,min_variance,green
2026-09-18,min_variance,green
2026-09-18,min_variance,green
2026-09-21,min_variance,green
2026-09-21,min_variance,green
2026-09-21,min_variance,green
2026-09-21,min_variance,green
2026-09-22,min_variance,green
2026-09-22,min_variance,green
2026-09-22,min_variance,green
2026-09-22,min_variance,green
2026-09-23,min_variance,green
2026-09-23,min_variance,green
2026-09-23,min_variance,green
2026-09-23,min_variance,green
2026-09-24,min_variance,green
2026-09-24,min_variance,green
2026-09-24,min_variance,green
2026-09-24,min_variance,green
2026-09-25,min_variance,green
2026-09-25,min_variance,green
2026-09-25,min_variance,green
2026-09-25,min_variance,green
2026-09-28,min_variance,green
2026-09-28,min_variance,green
2026-09-28,min_variance,green
2026-09-28,min_variance,green
2026-09-29,min_variance,green
2026-09-29,min_variance,green
2026-09-29,min_variance,green
2026-09-29,min_variance,green
2026-09-30,min_variance,green
2026-09-30,min_variance,green
2026-09-30,min_variance,green
2026-09-30,min_variance,green
2026-10-01,min_variance,green
2026-10-01,min_variance,green
2026-10-01,min_variance,green
2026-10-01,min_variance,green
2026-10-02,min_variance,green
2026-10-02,min_variance,green
2026-10-02,min_variance,green
2026-10-02,min_variance,green
2026-10-05,min_variance,green
2026-10-05,min_variance,green
2026-10-05,min_variance,green
2026-10-05,min_variance,green
2026-10-06,min_variance,green
2026-10-06,min_variance,green
2026-10-06,min_variance,green
2026-10-06,min_variance,green
2026-10-07,min_variance,green
2026-10-07,min_variance,green
2026-10-07,min_variance,green
2026-10-07,min_variance,green
2026-10-08,min_variance,green
2026-10-08,min_variance,green
2026-10-08,min_variance,green
2026-10-08,min_variance,green
2026-10-09,min_variance,green
2026-10-09,min_variance,green
2026-10-09,min_variance,green
2026-10-09,min_variance,green
2025-10-03,max_sharpe,
2025-10-03,max_sharpe,
2025-10-03,max_sharpe,
2025-10-03,max_sharpe,
2025-10-06,max_sharpe,
2025-10-06,max_sharpe,
2025-10-06,max_sharpe,
2025-10-06,max_sharpe,
2025-10-07,max_sharpe,
2025-10-07,max_sharpe,
2025-10-07,max_sharpe,
2025-10-07,max_sharpe,
2025-10-08,max_sharpe,
2025-10-08,max_sharpe,
2025-10-08,max_sharpe,
2025-10-08,max_sharpe,
2025-10-09,max_sharpe,
2025-10-09,max_sharpe,
2025-10-09,max_sharpe,
2025-10-09,max_sharpe,
2025-10-10,max_sharpe,
2025-10-10,max_sharpe,
2025-10-10,max_sharpe,
2025-10-10,max_sharpe,
2025-10-13,max_sharpe,
2025-10-13,max_sharpe,
2025-10-13,max_sharpe,
2025-10-13,max_sharpe,
2025-10-14,max_sharpe,
2025-10-14,max_sharpe,
2025-10-14,max_sharpe,
2025-10-14,max_sharpe,
2025-10-15,max_sharpe,
2025-10-15,max_sharpe,
2025-10-15,max_sharpe,
2025-10-15,max_sharpe,
2025-10-16,max_sharpe,
2025-10-16,max_sharpe,
2025-10-16,max_sharpe,
2025-10-16,max_sharpe,
2025-10-17,max_sharpe,
2025-10-17,max_sharpe,
2025-10-17,max_sharpe,
2025-10-17,max_sharpe,
2025-10-20,max_sharpe,
2025-10-20,max_sharpe,
2025-10-20,max_sharpe,
2025-10-20,max_sharpe,
2025-10-21,max_sharpe,
2025-10-21,max_sharpe,
2025-10-21,max_sharpe,
2025-10-21,max_sharpe,
2025-10-22,max_sharpe,
2025-10-22,max_sharpe,
2025-10-22,max_sharpe,
2025-10-22,max_sharpe,
2025-10-23,max_sharpe,
2025-10-23,max_sharpe,
2025-10-23,max_sharpe,
2025-10-23,max_sharpe,
2025-10-24,max_sharpe,
2025-10-24,max_sharpe,
2025-10-24,max_sharpe,
2025-10-24,max_sharpe,
2025-10-27,max_sharpe,
2025-10-27,max_sharpe,
2025-10-27,max_sharpe,
2025-10-27,max_sharpe,
2025-10-28,max_sharpe,
2025-10-28,max_sharpe,
2025-10-28,max_sharpe,
2025-10-28,max_sharpe,
2025-10-29,max_sharpe,
2025-10-29,max_sharpe,
2025-10-29,max_sharpe,
2025-10-29,max_sharpe,
2025-10-30,max_sharpe,
2025-10-30,max_sharpe,
2025-10-30,max_sharpe,
2025-10-30,max_sharpe,
2025-10-31,max_sharpe,
2025-10-31,max_sharpe,
2025-10-31,max_sharpe,
2025-10-31,max_sharpe,
2025-11-03,max_sharpe,
2025-11-03,max_sharpe,
2025-11-03,max_sharpe,
2025-11-03,max_sharpe,
2025-11-04,max_sharpe,
2025-11-04,max_sharpe,
2025-11-04,max_sharpe,
2025-11-04,max_sharpe,
2025-11-05,max_sharpe,
2025-11-05,max_sharpe,
2025-11-05,max_sharpe,
2025-11-05,max_sharpe,
2025-11-06,max_sharpe,
2025-11-06,max_sharpe,
2025-11-06,max_sharpe,
2025-11-06,max_sharpe,
2025-11-07,max_sharpe,
2025-11-07,max_sharpe,
2025-11-07,max_sharpe,
2025-11-07,max_sharpe,
2025-11-10,max_sharpe,
2025-11-10,max_sharpe,
2025-11-10,max_sharpe,
2025-11-10,max_sharpe,
2025-11-11,max_sharpe,
2025-11-11,max_sharpe,
2025-11-11,max_sharpe,
2025-11-11,max_sharpe,
2025-11-12,max_sharpe,
2025-11-12,max_sharpe,
2025-11-12,max_sharpe,
2025-11-12,max_sharpe,
2025-11-13,max_sharpe,
2025-11-13,max_sharpe,
2025-11-13,max_sharpe,
2025-11-13,max_sharpe,
2025-11-14,max_sharpe,
2025-11-14,max_sharpe,
2025-11-14,max_sharpe,
2025-11-14,max_sharpe,
2025-11-17,max_sharpe,
2025-11-17,max_sharpe,
2025-11-17,max_sharpe,
2025-11-17,max_sharpe,
2025-11-18,max_sharpe,
2025-11-18,max_sharpe,
2025-11-18,max_sharpe,
2025-11-18,max_sharpe,
2025-11-19,max_sharpe,
2025-11-19,max_sharpe,
2025-11-19,max_sharpe,
2025-11-19,max_sharpe,
2025-11-20,max_sharpe,
2025-11-20,max_sharpe,
2025-11-20,max_sharpe,
2025-11-20,max_sharpe,
2025-11-21,max_sharpe,
2025-11-21,max_sharpe,
2025-11-21,max_sharpe,
2025-11-21,max_sharpe,
2025-11-24,max_sharpe,
2025-11-24,max_sharpe,
2025-11-24,max_sharpe,
2025-11-24,max_sharpe,
2025-11-25,max_sharpe,
2025-11-25,max_sharpe,
2025-11-25,max_sharpe,
2025-11-25,max_sharpe,
2025-11-26,max_sharpe,
2025-11-26,max_sharpe,
2025-11-26,max_sharpe,
2025-11-26,max_sharpe,
2025-11-28,max_sharpe,
2025-11-28,max_sharpe,
2025-11-28,max_sharpe,
2025-11-28,max_sharpe,
2025-12-01,max_sharpe,
2025-12-01,max_sharpe,
2025-12-01,max_sharpe,
2025-12-01,max_sharpe,
2025-12-02,max_sharpe,
2025-12-02,max_sharpe,
2025-12-02,max_sharpe,
2025-12-02,max_sharpe,
2025-12-03,max_sharpe,
2025-12-03,max_sharpe,
2025-12-03,max_sharpe,
2025-12-03,max_sharpe,
2025-12-04,max_sharpe,
2025-12-04,max_sharpe,
2025-12-04,max_sharpe,
2025-12-04,max_sharpe,
2025-12-05,max_sharpe,
2025-12-05,max_sharpe,
2025-12-05,max_sharpe,
2025-12-05,max_sharpe,
2025-12-08,max_sharpe,
2025-12-08,max_sharpe,
2025-12-08,max_sharpe,
2025-12-08,max_sharpe,
2025-12-09,max_sharpe,
2025-12-09,max_sharpe,
2025-12-09,max_sharpe,
2025-12-09,max_sharpe,
2025-12-10,max_sharpe,
2025-12-10,max_sharpe,
2025-12-10,max_sharpe,
2025-12-10,max_sharpe,
2025-12-11,max_sharpe,
2025-12-11,max_sharpe,
2025-12-11,max_sharpe,
2025-12-11,max_sharpe,
2025-12-12,max_sharpe,
2025-12-12,max_sharpe,
2025-12-12,max_sharpe,
2025-12-12,max_sharpe,
2025-12-15,max_sharpe,
2025-12-15,max_sharpe,
2025-12-15,max_sharpe,
2025-12-15,max_sharpe,
2025-12-16,max_sharpe,
2025-12-16,max_sharpe,
2025-12-16,max_sharpe,
2025-12-16,max_sharpe,
2025-12-17,max_sharpe,
2025-12-17,max_sharpe,
2025-12-17,max_sharpe,
2025-12-17,max_sharpe,
2025-12-18,max_sharpe,
2025-12-18,max_sharpe,
2025-12-18,max_sharpe,
2025-12-18,max_sharpe,
2025-12-19,max_sharpe,
2025-12-19,max_sharpe,
2025-12-19,max_sharpe,
2025-12-19,max_sharpe,
2025-12-22,max_sharpe,
2025-12-22,max_sharpe,
2025-12-22,max_sharpe,
2025-12-22,max_sharpe,
2025-12-23,max_sharpe,
2025-12-23,max_sharpe,
2025-12-23,max_sharpe,
2025-12-23,max_sharpe,
2025-12-24,max_sharpe,
2025-12-24,max_sharpe,
2025-12-24,max_sharpe,
2025-12-24,max_sharpe,
2025-12-26,max_sharpe,
2025-12-26,max_sharpe,
2025-12-26,max_sharpe,
2025-12-26,max_sharpe,
2025-12-29,max_sharpe,
2025-12-29,max_sharpe,
2025-12-29,max_sharpe,
2025-12-29,max_sharpe,
2025-12-30,max_sharpe,
2025-12-30,max_sharpe,
2025-12-30,max_sharpe,
2025-12-30,max_sharpe,
2025-12-31,max_sharpe,
2025-12-31,max_sharpe,
2025-12-31,max_sharpe,
2025-12-31,max_sharpe,
2026-01-02,max_sharpe,
2026-01-02,max_sharpe,green
2026-01-02,max_sharpe,green
2026-01-02,max_sharpe,green
2026-01-05,max_sharpe,green
2026-01-05,max_sharpe,green
2026-01-05,max_sharpe,green
2026-01-05,max_sharpe,green
2026-01-06,max_sharpe,green
2026-01-06,max_sharpe,green
2026-01-06,max_sharpe,green
2026-01-06,max_sharpe,green
2026-01-07,max_sharpe,green
2026-01-07,max_sharpe,green
2026-01-07,max_sharpe,green
2026-01-07,max_sharpe,green
2026-01-08,max_sharpe,green
2026-01-08,max_sharpe,green
2026-01-08,max_sharpe,green
2026-01-08,max_sharpe,green
2026-01-09,max_sharpe,green
2026-01-09,max_sharpe,green
2026-01-09,max_sharpe,green
2026-01-09,max_sharpe,green
2026-01-12,max_sharpe,green
2026-01-12,max_sharpe,green
2026-01-12,max_sharpe,green
2026-01-12,max_sharpe,green
2026-01-13,max_sharpe,green
2026-01-13,max_sharpe,green
2026-01-13,max_sharpe,green
2026-01-13,max_sharpe,green
2026-01-14,max_sharpe,green
2026-01-14,max_sharpe,green
2026-01-14,max_sharpe,green
2026-01-14,max_sharpe,green
2026-01-15,max_sharpe,green
2026-01-15,max_sharpe,green
2026-01-15,max_sharpe,green
2026-01-15,max_sharpe,green
2026-01-16,max_sharpe,green
2026-01-16,max_sharpe,green
2026-01-16,max_sharpe,green
2026-01-16,max_sharpe,green
2026-01-20,max_sharpe,green
2026-01-20,max_sharpe,green
2026-01-20,max_sharpe,green
2026-01-20,max_sharpe,green
2026-01-21,max_sharpe,green
2026-01-21,max_sharpe,green
2026-01-21,max_sharpe,green
2026-01-21,max_sharpe,green
2026-01-22,max_sharpe,green
2026-01-22,max_sharpe,green
2026-01-22,max_sharpe,green
2026-01-22,max_sharpe,green
2026-01-23,max_sharpe,green
2026-01-23,max_sharpe,green
2026-01-23,max_sharpe,green
2026-01-23,max_sharpe,green
2026-01-26,max_sharpe,green
2026-01-26,max_sharpe,green
2026-01-26,max_sharpe,green
2026-01-26,max_sharpe,green
2026-01-27,max_sharpe,green
2026-01-27,max_sharpe,green
2026-01-27,max_sharpe,green
2026-01-27,max_sharpe,green
2026-01-28,max_sharpe,green
2026-01-28,max_sharpe,green
2026-01-28,max_sharpe,green
2026-01-28,max_sharpe,green
2026-01-29,max_sharpe,green
2026-01-29,max_sharpe,green
2026-01-29,max_sharpe,green
2026-01-29,max_sharpe,green
2026-01-30,max_sharpe,green
2026-01-30,max_sharpe,green
2026-01-30,max_sharpe,green
2026-01-30,max_sharpe,green
2026-02-02,max_sharpe,green
2026-02-02,max_sharpe,green
2026-02-02,max_sharpe,green
2026-02-02,max_sharpe,green
2026-02-03,max_sharpe,green
2026-02-03,max_sharpe,green
2026-02-03,max_sharpe,green
2026-02-03,max_sharpe,green
2026-02-04,max_sharpe,green
2026-02-04,max_sharpe,green
2026-02-04,max_sharpe,green
2026-02-04,max_sharpe,green
2026-02-05,max_sharpe,green
2026-02-05,max_sharpe,green
2026-02-05,max_sharpe,green
2026-02-05,max_sharpe,green
2026-02-06,max_sharpe,green
2026-02-06,max_sharpe,green
2026-02-06,max_sharpe,green
2026-02-06,max_sharpe,green
2026-02-09,max_sharpe,green
2026-02-09,max_sharpe,green
2026-02-09,max_sharpe,green
2026-02-09,max_sharpe,green
2026-02-10,max_sharpe,green
2026-02-10,max_sharpe,green
2026-02-10,max_sharpe,green
2026-02-10,max_sharpe,green
2026-02-11,max_sharpe,green
2026-02-11,max_sharpe,green
2026-02-11,max_sharpe,green
2026-02-11,max_sharpe,green
2026-02-12,max_sharpe,green
2026-02-12,max_sharpe,green
2026-02-12,max_sharpe,green
2026-02-12,max_sharpe,green
2026-02-13,max_sharpe,green
2026-02-13,max_sharpe,green
2026-02-13,max_sharpe,green
2026-02-13,max_sharpe,green
2026-02-17,max_sharpe,green
2026-02-17,max_sharpe,green
2026-02-17,max_sharpe,green
2026-02-17,max_sharpe,green
2026-02-18,max_sharpe,green
2026-02-18,max_sharpe,green
2026-02-18,max_sharpe,green
2026-02-18,max_sharpe,green
2026-02-19,max_sharpe,green
2026-02-19,max_sharpe,green
2026-02-19,max_sharpe,green
2026-02-19,max_sharpe,green
2026-02-20,max_sharpe,green
2026-02-20,max_sharpe,green
2026-02-20,max_sharpe,green
2026-02-20,max_sharpe,green
2026-02-23,max_sharpe,green
2026-02-23,max_sharpe,green
2026-02-23,max_sharpe,green
2026-02-23,max_sharpe,green
2026-02-24,max_sharpe,green
2026-02-24,max_sharpe,green
2026-02-24,max_sharpe,green
2026-02-24,max_sharpe,green
2026-02-25,max_sharpe,green
2026-02-25,max_sharpe,green
2026-02-25,max_sharpe,green
2026-02-25,max_sharpe,green
2026-02-26,max_sharpe,green
2026-02-26,max_sharpe,green
2026-02-26,max_sharpe,green
2026-02-26,max_sharpe,green
2026-02-27,max_sharpe,green
2026-02-27,max_sharpe,green
2026-02-27,max_sharpe,green
2026-02-27,max_sharpe,green
2026-03-02,max_sharpe,green
2026-03-02,max_sharpe,green
2026-03-02,max_sharpe,green
2026-03-02,max_sharpe,green
2026-03-03,max_sharpe,green
2026-03-03,max_sharpe,green
2026-03-03,max_sharpe,green
2026-03-03,max_sharpe,green
2026-03-04,max_sharpe,green
2026-03-04,max_sharpe,green
2026-03-04,max_sharpe,green
2026-03-04,max_sharpe,green
2026-03-05,max_sharpe,green
2026-03-05,max_sharpe,green
2026-03-05,max_sharpe,green
2026-03-05,max_sharpe,green
2026-03-06,max_sharpe,green
2026-03-06,max_sharpe,green
2026-03-06,max_sharpe,green
2026-03-06,max_sharpe,green
2026-03-09,max_sharpe,green
2026-03-09,max_sharpe,green
2026-03-09,max_sharpe,green
2026-03-09,max_sharpe,green
2026-03-10,max_sharpe,green
2026-03-10,max_sharpe,green
2026-03-10,max_sharpe,green
2026-03-10,max_sharpe,green
2026-03-11,max_sharpe,green
2026-03-11,max_sharpe,green
2026-03-11,max_sharpe,green
2026-03-11,max_sharpe,green
2026-03-12,max_sharpe,green
2026-03-12,max_sharpe,green
2026-03-12,max_sharpe,green
2026-03-12,max_sharpe,green
2026-03-13,max_sharpe,green
2026-03-13,max_sharpe,green
2026-03-13,max_sharpe,green
2026-03-13,max_sharpe,green
2026-03-16,max_sharpe,green
2026-03-16,max_sharpe,green
2026-03-16,max_sharpe,green
2026-03-16,max_sharpe,green
2026-03-17,max_sharpe,green
2026-03-17,max_sharpe,green
2026-03-17,max_sharpe,green
2026-03-17,max_sharpe,green
2026-03-18,max_sharpe,green
2026-03-18,max_sharpe,green
2026-03-18,max_sharpe,green
2026-03-18,max_sharpe,green
2026-03-19,max_sharpe,green
2026-03-19,max_sharpe,green
2026-03-19,max_sharpe,green
2026-03-19,max_sharpe,green
2026-03-20,max_sharpe,yellow
2026-03-20,max_sharpe,yellow
2026-03-20,max_sharpe,yellow
2026-03-20,max_sharpe,yellow
2026-03-23,max_sharpe,yellow
2026-03-23,max_sharpe,yellow
2026-03-23,max_sharpe,yellow
2026-03-23,max_sharpe,yellow
2026-03-24,max_sharpe,yellow
2026-03-24,max_sharpe,yellow
2026-03-24,max_sharpe,yellow
2026-03-24,max_sharpe,yellow
2026-03-25,max_sharpe,yellow
2026-03-25,max_sharpe,yellow
2026-03-25,max_sharpe,yellow
2026-03-25,max_sharpe,yellow
2026-03-26,max_sharpe,yellow
2026-03-26,max_sharpe,yellow
2026-03-26,max_sharpe,yellow
2026-03-26,max_sharpe,yellow
2026-03-27,max_sharpe,yellow
2026-03-27,max_sharpe,yellow
2026-03-27,max_sharpe,yellow
2026-03-27,max_sharpe,yellow
2026-03-30,max_sharpe,yellow
2026-03-30,max_sharpe,yellow
2026-03-30,max_sharpe,yellow
2026-03-30,max_sharpe,yellow
2026-03-31,max_sharpe,yellow
2026-03-31,max_sharpe,yellow
2026-03-31,max_sharpe,yellow
2026-03-31,max_sharpe,yellow
2026-04-01,max_sharpe,yellow
2026-04-01,max_sharpe,yellow
2026-04-01,max_sharpe,yellow
2026-04-01,max_sharpe,yellow
2026-04-02,max_sharpe,yellow
2026-04-02,max_sharpe,yellow
2026-04-02,max_sharpe,yellow
2026-04-02,max_sharpe,yellow
2026-04-06,max_sharpe,yellow
2026-04-06,max_sharpe,yellow
2026-04-06,max_sharpe,yellow
2026-04-06,max_sharpe,yellow
2026-04-07,max_sharpe,yellow
2026-04-07,max_sharpe,yellow
2026-04-07,max_sharpe,yellow
2026-04-07,max_sharpe,yellow
2026-04-08,max_sharpe,yellow
2026-04-08,max_sharpe,yellow
2026-04-08,max_sharpe,yellow
2026-04-08,max_sharpe,yellow
2026-04-09,max_sharpe,yellow
2026-04-09,max_sharpe,yellow
2026-04-09,max_sharpe,yellow
2026-04-09,max_sharpe,yellow
2026-04-10,max_sharpe,yellow
2026-04-10,max_sharpe,yellow
2026-04-10,max_sharpe,yellow
2026-04-10,max_sharpe,yellow
2026-04-13,max_sharpe,yellow
2026-04-13,max_sharpe,yellow
2026-04-13,max_sharpe,yellow
2026-04-13,max_sharpe,yellow
2026-04-14,max_sharpe,yellow
2026-04-14,max_sharpe,yellow
2026-04-14,max_sharpe,yellow
2026-04-14,max_sharpe,yellow
2026-04-15,max_sharpe,yellow
2026-04-15,max_sharpe,yellow
2026-04-15,max_sharpe,yellow
2026-04-15,max_sharpe,yellow
2026-04-16,max_sharpe,yellow
2026-04-16,max_sharpe,yellow
2026-04-16,max_sharpe,yellow
2026-04-16,max_sharpe,yellow
2026-04-17,max_sharpe,yellow
2026-04-17,max_sharpe,yellow
2026-04-17,max_sharpe,yellow
2026-04-17,max_sharpe,yellow
2026-04-20,max_sharpe,yellow
2026-04-20,max_sharpe,yellow
2026-04-20,max_sharpe,yellow
2026-04-20,max_sharpe,yellow
2026-04-21,max_sharpe,yellow
2026-04-21,max_sharpe,yellow
2026-04-21,max_sharpe,yellow
2026-04-21,max_sharpe,yellow
2026-04-22,max_sharpe,yellow
2026-04-22,max_sharpe,yellow
2026-04-22,max_sharpe,yellow
2026-04-22,max_sharpe,yellow
2026-04-23,max_sharpe,yellow
2026-04-23,max_sharpe,yellow
2026-04-23,max_sharpe,yellow
2026-04-23,max_sharpe,yellow
2026-04-24,max_sharpe,yellow
2026-04-24,max_sharpe,yellow
2026-04-24,max_sharpe,yellow
2026-04-24,max_sharpe,yellow
2026-04-27,max_sharpe,yellow
2026-04-27,max_sharpe,yellow
2026-04-27,max_sharpe,yellow
2026-04-27,max_sharpe,yellow
2026-04-28,max_sharpe,yellow
2026-04-28,max_sharpe,yellow
2026-04-28,max_sharpe,yellow
2026-04-28,max_sharpe,yellow
2026-04-29,max_sharpe,yellow
2026-04-29,max_sharpe,yellow
2026-04-29,max_sharpe,yellow
2026-04-29,max_sharpe,yellow
2026-04-30,max_sharpe,yellow
2026-04-30,max_sharpe,yellow
2026-04-30,max_sharpe,yellow
2026-04-30,max_sharpe,yellow
2026-05-01,max_sharpe,yellow
2026-05-01,max_sharpe,yellow
2026-05-01,max_sharpe,yellow
2026-05-01,max_sharpe,yellow
2026-05-04,max_sharpe,yellow
2026-05-04,max_sharpe,yellow
2026-05-04,max_sharpe,yellow
2026-05-04,max_sharpe,yellow
2026-05-05,max_sharpe,yellow
2026-05-05,max_sharpe,yellow
2026-05-05,max_sharpe,yellow
2026-05-05,max_sharpe,yellow
2026-05-06,max_sharpe,yellow
2026-05-06,max_sharpe,yellow
2026-05-06,max_sharpe,yellow
2026-05-06,max_sharpe,yellow
2026-05-07,max_sharpe,yellow
2026-05-07,max_sharpe,yellow
2026-05-07,max_sharpe,yellow
2026-05-07,max_sharpe,yellow
2026-05-08,max_sharpe,yellow
2026-05-08,max_sharpe,yellow
2026-05-08,max_sharpe,yellow
2026-05-08,max_sharpe,yellow
2026-05-11,max_sharpe,yellow
2026-05-11,max_sharpe,yellow
2026-05-11,max_sharpe,yellow
2026-05-11,max_sharpe,yellow
2026-05-12,max_sharpe,yellow
2026-05-12,max_sharpe,yellow
2026-05-12,max_sharpe,yellow
2026-05-12,max_sharpe,yellow
2026-05-13,max_sharpe,yellow
2026-05-13,max_sharpe,yellow
2026-05-13,max_sharpe,yellow
2026-05-13,max_sharpe,yellow
2026-05-14,max_sharpe,yellow
2026-05-14,max_sharpe,yellow
2026-05-14,max_sharpe,yellow
2026-05-14,max_sharpe,yellow
2026-05-15,max_sharpe,yellow
2026-05-15,max_sharpe,yellow
2026-05-15,max_sharpe,yellow
2026-05-15,max_sharpe,yellow
2026-05-18,max_sharpe,yellow
2026-05-18,max_sharpe,yellow
2026-05-18,max_sharpe,yellow
2026-05-18,max_sharpe,yellow
2026-05-19,max_sharpe,yellow
2026-05-19,max_sharpe,yellow
2026-05-19,max_sharpe,yellow
2026-05-19,max_sharpe,yellow
2026-05-20,max_sharpe,yellow
2026-05-20,max_sharpe,yellow
2026-05-20,max_sharpe,yellow
2026-05-20,max_sharpe,yellow
2026-05-21,max_sharpe,yellow
2026-05-21,max_sharpe,yellow
2026-05-21,max_sharpe,yellow
2026-05-21,max_sharpe,yellow
2026-05-22,max_sharpe,yellow
2026-05-22,max_sharpe,yellow
2026-05-22,max_sharpe,yellow
2026-05-22,max_sharpe,yellow
2026-05-26,max_sharpe,yellow
2026-05-26,max_sharpe,yellow
2026-05-26,max_sharpe,yellow
2026-05-26,max_sharpe,yellow
2026-05-27,max_sharpe,yellow
2026-05-27,max_sharpe,yellow
2026-05-27,max_sharpe,yellow
2026-05-27,max_sharpe,yellow
2026-05-28,max_sharpe,yellow
2026-05-28,max_sharpe,yellow
2026-05-28,max_sharpe,yellow
2026-05-28,max_sharpe,yellow
2026-05-29,max_sharpe,yellow
2026-05-29,max_sharpe,yellow
2026-05-29,max_sharpe,yellow
2026-05-29,max_sharpe,yellow
2026-06-01,max_sharpe,yellow
2026-06-01,max_sharpe,yellow
2026-06-01,max_sharpe,green
2026-06-01,max_sharpe,green
2026-06-02,max_sharpe,green
2026-06-02,max_sharpe,green
2026-06-02,max_sharpe,green
2026-06-02,max_sharpe,green
2026-06-03,max_sharpe,green
2026-06-03,max_sharpe,green
2026-06-03,max_sharpe,green
2026-06-03,max_sharpe,green
2026-06-04,max_sharpe,green
2026-06-04,max_sharpe,green
2026-06-04,max_sharpe,green
2026-06-04,max_sharpe,green
2026-06-05,max_sharpe,green
2026-06-05,max_sharpe,green
2026-06-05,max_sharpe,green
2026-06-05,max_sharpe,yellow
2026-06-08,max_sharpe,yellow
2026-06-08,max_sharpe,yellow
2026-06-08,max_sharpe,yellow
2026-06-08,max_sharpe,yellow
2026-06-09,max_sharpe,yellow
2026-06-09,max_sharpe,yellow
2026-06-09,max_sharpe,yellow
2026-06-09,max_sharpe,yellow
2026-06-10,max_sharpe,yellow
2026-06-10,max_sharpe,yellow
2026-06-10,max_sharpe,yellow
2026-06-10,max_sharpe,yellow
2026-06-11,max_sharpe,yellow
2026-06-11,max_sharpe,yellow
2026-06-11,max_sharpe,yellow
2026-06-11,max_sharpe,yellow
2026-06-12,max_sharpe,yellow
2026-06-12,max_sharpe,yellow
2026-06-12,max_sharpe,yellow
2026-06-12,max_sharpe,yellow
2026-06-15,max_sharpe,yellow
2026-06-15,max_sharpe,yellow
2026-06-15,max_sharpe,yellow
2026-06-15,max_sharpe,yellow
2026-06-16,max_sharpe,yellow
2026-06-16,max_sharpe,yellow
2026-06-16,max_sharpe,yellow
2026-06-16,max_sharpe,yellow
2026-06-17,max_sharpe,yellow
2026-06-17,max_sharpe,yellow
2026-06-17,max_sharpe,yellow
2026-06-17,max_sharpe,yellow
2026-06-18,max_sharpe,yellow
2026-06-18,max_sharpe,yellow
2026-06-18,max_sharpe,green
2026-06-18,max_sharpe,green
2026-06-22,max_sharpe,green
2026-06-22,max_sharpe,green
2026-06-22,max_sharpe,green
2026-06-22,max_sharpe,green
2026-06-23,max_sharpe,green
2026-06-23,max_sharpe,green
2026-06-23,max_sharpe,green
2026-06-23,max_sharpe,green
2026-06-24,max_sharpe,green
2026-06-24,max_sharpe,green
2026-06-24,max_sharpe,green
2026-06-24,max_sharpe,green
2026-06-25,max_sharpe,green
2026-06-25,max_sharpe,green
2026-06-25,max_sharpe,green
2026-06-25,max_sharpe,green
2026-06-26,max_sharpe,green
2026-06-26,max_sharpe,green
2026-06-26,max_sharpe,green
2026-06-26,max_sharpe,green
2026-06-29,max_sharpe,green
2026-06-29,max_sharpe,green
2026-06-29,max_sharpe,green
2026-06-29,max_sharpe,green
2026-06-30,max_sharpe,green
2026-06-30,max_sharpe,green
2026-06-30,max_sharpe,green
2026-06-30,max_sharpe,green
2026-07-01,max_sharpe,green
2026-07-01,max_sharpe,green
2026-07-01,max_sharpe,green
2026-07-01,max_sharpe,green
2026-07-02,max_sharpe,green
2026-07-02,max_sharpe,green
2026-07-02,max_sharpe,green
2026-07-02,max_sharpe,green
2026-07-06,max_sharpe,green
2026-07-06,max_sharpe,green
2026-07-06,max_sharpe,green
2026-07-06,max_sharpe,green
2026-07-07,max_sharpe,green
2026-07-07,max_sharpe,green
2026-07-07,max_sharpe,green
2026-07-07,max_sharpe,green
2026-07-08,max_sharpe,green
2026-07-08,max_sharpe,green
2026-07-08,max_sharpe,green
2026-07-08,max_sharpe,green
2026-07-09,max_sharpe,green
2026-07-09,max_sharpe,green
2026-07-09,max_sharpe,green
2026-07-09,max_sharpe,green
2026-07-10,max_sharpe,green
2026-07-10,max_sharpe,green
2026-07-10,max_sharpe,green
2026-07-10,max_sharpe,green
2026-07-13,max_sharpe,green
2026-07-13,max_sharpe,green
2026-07-13,max_sharpe,green
2026-07-13,max_sharpe,green
2026-07-14,max_sharpe,green
2026-07-14,max_sharpe,green
2026-07-14,max_sharpe,green
2026-07-14,max_sharpe,green
2026-07-15,max_sharpe,green
2026-07-15,max_sharpe,green
2026-07-15,max_sharpe,green
2026-07-15,max_sharpe,green
2026-07-16,max_sharpe,green
2026-07-16,max_sharpe,green
2026-07-16,max_sharpe,green
2026-07-16,max_sharpe,green
2026-07-17,max_sharpe,green
2026-07-17,max_sharpe,green
2026-07-17,max_sharpe,green
2026-07-17,max_sharpe,green
2026-07-20,max_sharpe,green
2026-07-20,max_sharpe,green
2026-07-20,max_sharpe,green
2026-07-20,max_sharpe,green
2026-07-21,max_sharpe,green
2026-07-21,max_sharpe,green
2026-07-21,max_sharpe,green
2026-07-21,max_sharpe,green
2026-07-22,max_sharpe,green
2026-07-22,max_sharpe,green
2026-07-22,max_sharpe,green
2026-07-22,max_sharpe,green
2026-07-23,max_sharpe,green
2026-07-23,max_sharpe,green
2026-07-23,max_sharpe,green
2026-07-23,max_sharpe,green
2026-07-24,max_sharpe,green
2026-07-24,max_sharpe,green
2026-07-24,max_sharpe,green
2026-07-24,max_sharpe,green
2026-07-27,max_sharpe,green
2026-07-27,max_sharpe,green
2026-07-27,max_sharpe,green
2026-07-27,max_sharpe,green
2026-07-28,max_sharpe,green
2026-07-28,max_sharpe,green
2026-07-28,max_sharpe,green
2026-07-28,max_sharpe,green
2026-07-29,max_sharpe,green
2026-07-29,max_sharpe,green
2026-07-29,max_sharpe,green
2026-07-29,max_sharpe,green
2026-07-30,max_sharpe,green
2026-07-30,max_sharpe,green
2026-07-30,max_sharpe,green
2026-07-30,max_sharpe,green
2026-07-31,max_sharpe,green
2026-07-31,max_sharpe,green
2026-07-31,max_sharpe,green
2026-07-31,max_sharpe,green
2026-08-03,max_sharpe,green
2026-08-03,max_sharpe,green
2026-08-03,max_sharpe,green
2026-08-03,max_sharpe,green
2026-08-04,max_sharpe,green
2026-08-04,max_sharpe,green
2026-08-04,max_sharpe,green
2026-08-04,max_sharpe,green
2026-08-05,max_sharpe,green
2026-08-05,max_sharpe,green
2026-08-05,max_sharpe,green
2026-08-05,max_sharpe,green
2026-08-06,max_sharpe,green
2026-08-06,max_sharpe,green
2026-08-06,max_sharpe,green
2026-08-06,max_sharpe,green
2026-08-07,max_sharpe,green
2026-08-07,max_sharpe,green
2026-08-07,max_sharpe,green
2026-08-07,max_sharpe,green
2026-08-10,max_sharpe,green
2026-08-10,max_sharpe,green
2026-08-10,max_sharpe,green
2026-08-10,max_sharpe,green
2026-08-11,max_sharpe,green
2026-08-11,max_sharpe,green
2026-08-11,max_sharpe,green
2026-08-11,max_sharpe,green
2026-08-12,max_sharpe,green
2026-08-12,max_sharpe,green
2026-08-12,max_sharpe,green
2026-08-12,max_sharpe,green
2026-08-13,max_sharpe,green
2026-08-13,max_sharpe,green
2026-08-13,max_sharpe,green
2026-08-13,max_sharpe,green
2026-08-14,max_sharpe,green
2026-08-14,max_sharpe,green
2026-08-14,max_sharpe,green
2026-08-14,max_sharpe,green
2026-08-17,max_sharpe,green
2026-08-17,max_sharpe,green
2026-08-17,max_sharpe,green
2026-08-17,max_sharpe,green
2026-08-18,max_sharpe,green
2026-08-18,max_sharpe,green
2026-08-18,max_sharpe,green
2026-08-18,max_sharpe,green
2026-08-19,max_sharpe,green
2026-08-19,max_sharpe,green
2026-08-19,max_sharpe,green
2026-08-19,max_sharpe,green
2026-08-20,max_sharpe,green
2026-08-20,max_sharpe,green
2026-08-20,max_sharpe,green
2026-08-20,max_sharpe,green
2026-08-21,max_sharpe,green
2026-08-21,max_sharpe,green
2026-08-21,max_sharpe,green
2026-08-21,max_sharpe,green
2026-08-24,max_sharpe,green
2026-08-24,max_sharpe,green
2026-08-24,max_sharpe,green
2026-08-24,max_sharpe,green
2026-08-25,max_sharpe,green
2026-08-25,max_sharpe,green
2026-08-25,max_sharpe,green
2026-08-25,max_sharpe,green
2026-08-26,max_sharpe,green
2026-08-26,max_sharpe,green
2026-08-26,max_sharpe,green
2026-08-26,max_sharpe,green
2026-08-27,max_sharpe,green
2026-08-27,max_sharpe,green
2026-08-27,max_sharpe,green
2026-08-27,max_sharpe,green
2026-08-28,max_sharpe,green
2026-08-28,max_sharpe,green
2026-08-28,max_sharpe,green
2026-08-28,max_sharpe,green
2026-08-31,max_sharpe,green
2026-08-31,max_sharpe,green
2026-08-31,max_sharpe,green
2026-08-31,max_sharpe,green
2026-09-01,max_sharpe,green
2026-09-01,max_sharpe,green
2026-09-01,max_sharpe,green
2026-09-01,max_sharpe,green
2026-09-02,max_sharpe,green
2026-09-02,max_sharpe,green
2026-09-02,max_sharpe,green
2026-09-02,max_sharpe,green
2026-09-03,max_sharpe,green
2026-09-03,max_sharpe,green
2026-09-03,max_sharpe,green
2026-09-03,max_sharpe,green
2026-09-04,max_sharpe,green
2026-09-04,max_sharpe,green
2026-09-04,max_sharpe,green
2026-09-04,max_sharpe,green
2026-09-08,max_sharpe,green
2026-09-08,max_sharpe,green
2026-09-08,max_sharpe,green
2026-09-08,max_sharpe,green
2026-09-09,max_sharpe,green
2026-09-09,max_sharpe,green
2026-09-09,max_sharpe,green
2026-09-09,max_sharpe,green
2026-09-10,max_sharpe,green
2026-09-10,max_sharpe,green
2026-09-10,max_sharpe,green
2026-09-10,max_sharpe,green
2026-09-11,max_sharpe,green
2026-09-11,max_sharpe,green
2026-09-11,max_sharpe,green
2026-09-11,max_sharpe,green
2026-09-14,max_sharpe,green
2026-09-14,max_sharpe,green
2026-09-14,max_sharpe,green
2026-09-14,max_sharpe,green
2026-09-15,max_sharpe,green
2026-09-15,max_sharpe,green
2026-09-15,max_sharpe,green
2026-09-15,max_sharpe,green
2026-09-16,max_sharpe,green
2026-09-16,max_sharpe,green
2026-09-16,max_sharpe,green
2026-09-16,max_sharpe,green
2026-09-17,max_sharpe,green
2026-09-17,max_sharpe,green
2026-09-17,max_sharpe,green
2026-09-17,max_sharpe,green
2026-09-18,max_sharpe,green
2026-09-18,max_sharpe,green
2026-09-18,max_sharpe,green
2026-09-18,max_sharpe,green
2026-09-21,max_sharpe,green
2026-09-21,max_sharpe,green
2026-09-21,max_sharpe,green
2026-09-21,max_sharpe,green
2026-09-22,max_sharpe,green
2026-09-22,max_sharpe,green
2026-09-22,max_sharpe,green
2026-09-22,max_sharpe,green
2026-09-23,max_sharpe,green
2026-09-23,max_sharpe,green
2026-09-23,max_sharpe,green
2026-09-23,max_sharpe,green
2026-09-24,max_sharpe,green
2026-09-24,max_sharpe,green
2026-09-24,max_sharpe,green
2026-09-24,max_sharpe,green
2026-09-25,max_sharpe,green
2026-09-25,max_sharpe,green
2026-09-25,max_sharpe,green
2026-09-25,max_sharpe,green
2026-09-28,max_sharpe,green
2026-09-28,max_sharpe,green
2026-09-28,max_sharpe,green
2026-09-28,max_sharpe,green
2026-09-29,max_sharpe,green
2026-09-29,max_sharpe,green
2026-09-29,max_sharpe,green
2026-09-29,max_sharpe,green
2026-09-30,max_sharpe,green
2026-09-30,max_sharpe,green
2026-09-30,max_sharpe,green
2026-09-30,max_sharpe,green
2026-10-01,max_sharpe,green
2026-10-01,max_sharpe,green
2026-10-01,max_sharpe,green
2026-10-01,max_sharpe,green
2026-10-02,max_sharpe,green
2026-10-02,max_sharpe,green
2026-10-02,max_sharpe,green
2026-10-02,max_sharpe,green
2026-10-05,max_sharpe,green
2026-10-05,max_sharpe,green
2026-10-05,max_sharpe,green
2026-10-05,max_sharpe,green
2026-10-06,max_sharpe,green
2026-10-06,max_sharpe,green
2026-10-06,max_sharpe,green
2026-10-06,max_sharpe,green
2026-10-07,max_sharpe,green
2026-10-07,max_sharpe,green
2026-10-07,max_sharpe,green
2026-10-07,max_sharpe,green
2026-10-08,max_sharpe,green
2026-10-08,max_sharpe,green
2026-10-08,max_sharpe,green
2026-10-08,max_sharpe,green
2026-10-09,max_sharpe,green
2026-10-09,max_sharpe,green
2026-10-09,max_sharpe,green
2026-10-09,max_sharpe,green
2025-10-03,risk_parity,
2025-10-03,risk_parity,
2025-10-03,risk_parity,
2025-10-03,risk_parity,
2025-10-06,risk_parity,
2025-10-06,risk_parity,
2025-10-06,risk_parity,
2025-10-06,risk_parity,
2025-10-07,risk_parity,
2025-10-07,risk_parity,
2025-10-07,risk_parity,
2025-10-07,risk_parity,
2025-10-08,risk_parity,
2025-10-08,risk_parity,
2025-10-08,risk_parity,
2025-10-08,risk_parity,
2025-10-09,risk_parity,
2025-10-09,risk_parity,
2025-10-09,risk_parity,
2025-10-09,risk_parity,
2025-10-10,risk_parity,
2025-10-10,risk_parity,
2025-10-10,risk_parity,
2025-10-10,risk_parity,
2025-10-13,risk_parity,
2025-10-13,risk_parity,
2025-10-13,risk_parity,
2025-10-13,risk_parity,
2025-10-14,risk_parity,
2025-10-14,risk_parity,
2025-10-14,risk_parity,
2025-10-14,risk_parity,
2025-10-15,risk_parity,
2025-10-15,risk_parity,
2025-10-15,risk_parity,
2025-10-15,risk_parity,
2025-10-16,risk_parity,
2025-10-16,risk_parity,
2025-10-16,risk_parity,
2025-10-16,risk_parity,
2025-10-17,risk_parity,
2025-10-17,risk_parity,
2025-10-17,risk_parity,
2025-10-17,risk_parity,
2025-10-20,risk_parity,
2025-10-20,risk_parity,
2025-10-20,risk_parity,
2025-10-20,risk_parity,
2025-10-21,risk_parity,
2025-10-21,risk_parity,
2025-10-21,risk_parity,
2025-10-21,risk_parity,
2025-10-22,risk_parity,
2025-10-22,risk_parity,
2025-10-22,risk_parity,
2025-10-22,risk_parity,
2025-10-23,risk_parity,
2025-10-23,risk_parity,
2025-10-23,risk_parity,
2025-10-23,risk_parity,
2025-10-24,risk_parity,
2025-10-24,risk_parity,
2025-10-24,risk_parity,
2025-10-24,risk_parity,
2025-10-27,risk_parity,
2025-10-27,risk_parity,
2025-10-27,risk_parity,
2025-10-27,risk_parity,
2025-10-28,risk_parity,
2025-10-28,risk_parity,
2025-10-28,risk_parity,
2025-10-28,risk_parity,
2025-10-29,risk_parity,
2025-10-29,risk_parity,
2025-10-29,risk_parity,
2025-10-29,risk_parity,
2025-10-30,risk_parity,
2025-10-30,risk_parity,
2025-10-30,risk_parity,
2025-10-30,risk_parity,
2025-10-31,risk_parity,
2025-10-31,risk_parity,
2025-10-31,risk_parity,
2025-10-31,risk_parity,
2025-11-03,risk_parity,
2025-11-03,risk_parity,
2025-11-03,risk_parity,
2025-11-03,risk_parity,
2025-11-04,risk_parity,
2025-11-04,risk_parity,
2025-11-04,risk_parity,
2025-11-04,risk_parity,
2025-11-05,risk_parity,
2025-11-05,risk_parity,
2025-11-05,risk_parity,
2025-11-05,risk_parity,
2025-11-06,risk_parity,
2025-11-06,risk_parity,
2025-11-06,risk_parity,
2025-11-06,risk_parity,
2025-11-07,risk_parity,
2025-11-07,risk_parity,
2025-11-07,risk_parity,
2025-11-07,risk_parity,
2025-11-10,risk_parity,
2025-11-10,risk_parity,
2025-11-10,risk_parity,
2025-11-10,risk_parity,
2025-11-11,risk_parity,
2025-11-11,risk_parity,
2025-11-11,risk_parity,
2025-11-11,risk_parity,
2025-11-12,risk_parity,
2025-11-12,risk_parity,
2025-11-12,risk_parity,
2025-11-12,risk_parity,
2025-11-13,risk_parity,
2025-11-13,risk_parity,
2025-11-13,risk_parity,
2025-11-13,risk_parity,
2025-11-14,risk_parity,
2025-11-14,risk_parity,
2025-11-14,risk_parity,
2025-11-14,risk_parity,
2025-11-17,risk_parity,
2025-11-17,risk_parity,
2025-11-17,risk_parity,
2025-11-17,risk_parity,
2025-11-18,risk_parity,
2025-11-18,risk_parity,
2025-11-18,risk_parity,
2025-11-18,risk_parity,
2025-11-19,risk_parity,
2025-11-19,risk_parity,
2025-11-19,risk_parity,
2025-11-19,risk_parity,
2025-11-20,risk_parity,
2025-11-20,risk_parity,
2025-11-20,risk_parity,
2025-11-20,risk_parity,
2025-11-21,risk_parity,
2025-11-21,risk_parity,
2025-11-21,risk_parity,
2025-11-21,risk_parity,
2025-11-24,risk_parity,
2025-11-24,risk_parity,
2025-11-24,risk_parity,
2025-11-24,risk_parity,
2025-11-25,risk_parity,
2025-11-25,risk_parity,
2025-11-25,risk_parity,
2025-11-25,risk_parity,
2025-11-26,risk_parity,
2025-11-26,risk_parity,
2025-11-26,risk_parity,
2025-11-26,risk_parity,
2025-11-28,risk_parity,
2025-11-28,risk_parity,
2025-11-28,risk_parity,
2025-11-28,risk_parity,
2025-12-01,risk_parity,
2025-12-01,risk_parity,
2025-12-01,risk_parity,
2025-12-01,risk_parity,
2025-12-02,risk_parity,
2025-12-02,risk_parity,
2025-12-02,risk_parity,
2025-12-02,risk_parity,
2025-12-03,risk_parity,
2025-12-03,risk_parity,
2025-12-03,risk_parity,
2025-12-03,risk_parity,
2025-12-04,risk_parity,
2025-12-04,risk_parity,
2025-12-04,risk_parity,
2025-12-04,risk_parity,
2025-12-05,risk_parity,
2025-12-05,risk_parity,
2025-12-05,risk_parity,
2025-12-05,risk_parity,
2025-12-08,risk_parity,
2025-12-08,risk_parity,
2025-12-08,risk_parity,
2025-12-08,risk_parity,
2025-12-09,risk_parity,
2025-12-09,risk_parity,
2025-12-09,risk_parity,
2025-12-09,risk_parity,
2025-12-10,risk_parity,
2025-12-10,risk_parity,
2025-12-10,risk_parity,
2025-12-10,risk_parity,
2025-12-11,risk_parity,
2025-12-11,risk_parity,
2025-12-11,risk_parity,
2025-12-11,risk_parity,
2025-12-12,risk_parity,
2025-12-12,risk_parity,
2025-12-12,risk_parity,
2025-12-12,risk_parity,
2025-12-15,risk_parity,
2025-12-15,risk_parity,
2025-12-15,risk_parity,
2025-12-15,risk_parity,
2025-12-16,risk_parity,
2025-12-16,risk_parity,
2025-12-16,risk_parity,
2025-12-16,risk_parity,
2025-12-17,risk_parity,
2025-12-17,risk_parity,
2025-12-17,risk_parity,
2025-12-17,risk_parity,
2025-12-18,risk_parity,
2025-12-18,risk_parity,
2025-12-18,risk_parity,
2025-12-18,risk_parity,
2025-12-19,risk_parity,
2025-12-19,risk_parity,
2025-12-19,risk_parity,
2025-12-19,risk_parity,
2025-12-22,risk_parity,
2025-12-22,risk_parity,
2025-12-22,risk_parity,
2025-12-22,risk_parity,
2025-12-23,risk_parity,
2025-12-23,risk_parity,
2025-12-23,risk_parity,
2025-12-23,risk_parity,
2025-12-24,risk_parity,
2025-12-24,risk_parity,
2025-12-24,risk_parity,
2025-12-24,risk_parity,
2025-12-26,risk_parity,
2025-12-26,risk_parity,
2025-12-26,risk_parity,
2025-12-26,risk_parity,
2025-12-29,risk_parity,
2025-12-29,risk_parity,
2025-12-29,risk_parity,
2025-12-29,risk_parity,
2025-12-30,risk_parity,
2025-12-30,risk_parity,
2025-12-30,risk_parity,
2025-12-30,risk_parity,
2025-12-31,risk_parity,
2025-12-31,risk_parity,
2025-12-31,risk_parity,
2025-12-31,risk_parity,
2026-01-02,risk_parity,
2026-01-02,risk_parity,green
2026-01-02,risk_parity,green
2026-01-02,risk_parity,green
2026-01-05,risk_parity,green
2026-01-05,risk_parity,green
2026-01-05,risk_parity,green
2026-01-05,risk_parity,green
2026-01-06,risk_parity,green
2026-01-06,risk_parity,green
2026-01-06,risk_parity,green
2026-01-06,risk_parity,green
2026-01-07,risk_parity,green
2026-01-07,risk_parity,green
2026-01-07,risk_parity,green
2026-01-07,risk_parity,green
2026-01-08,risk_parity,green
2026-01-08,risk_parity,green
2026-01-08,risk_parity,green
2026-01-08,risk_parity,green
2026-01-09,risk_parity,green
2026-01-09,risk_parity,green
2026-01-09,risk_parity,green
2026-01-09,risk_parity,green
2026-01-12,risk_parity,green
2026-01-12,risk_parity,green
2026-01-12,risk_parity,green
2026-01-12,risk_parity,green
2026-01-13,risk_parity,green
2026-01-13,risk_parity,green
2026-01-13,risk_parity,green
2026-01-13,risk_parity,green
2026-01-14,risk_parity,green
2026-01-14,risk_parity,green
2026-01-14,risk_parity,green
2026-01-14,risk_parity,green
2026-01-15,risk_parity,green
2026-01-15,risk_parity,green
2026-01-15,risk_parity,green
2026-01-15,risk_parity,green
2026-01-16,risk_parity,green
2026-01-16,risk_parity,green
2026-01-16,risk_parity,green
2026-01-16,risk_parity,green
2026-01-20,risk_parity,green
2026-01-20,risk_parity,green
2026-01-20,risk_parity,green
2026-01-20,risk_parity,green
2026-01-21,risk_parity,green
2026-01-21,risk_parity,green
2026-01-21,risk_parity,green
2026-01-21,risk_parity,green
2026-01-22,risk_parity,green
2026-01-22,risk_parity,green
2026-01-22,risk_parity,green
2026-01-22,risk_parity,green
2026-01-23,risk_parity,green
2026-01-23,risk_parity,green
2026-01-23,risk_parity,green
2026-01-23,risk_parity,green
2026-01-26,risk_parity,green
2026-01-26,risk_parity,green
2026-01-26,risk_parity,green
2026-01-26,risk_parity,green
2026-01-27,risk_parity,green
2026-01-27,risk_parity,green
2026-01-27,risk_parity,green
2026-01-27,risk_parity,green
2026-01-28,risk_parity,green
2026-01-28,risk_parity,green
2026-01-28,risk_parity,green
2026-01-28,risk_parity,green
2026-01-29,risk_parity,green
2026-01-29,risk_parity,green
2026-01-29,risk_parity,green
2026-01-29,risk_parity,green
2026-01-30,risk_parity,green
2026-01-30,risk_parity,green
2026-01-30,risk_parity,green
2026-01-30,risk_parity,green
2026-02-02,risk_parity,green
2026-02-02,risk_parity,green
2026-02-02,risk_parity,green
2026-02-02,risk_parity,green
2026-02-03,risk_parity,green
2026-02-03,risk_parity,green
2026-02-03,risk_parity,green
2026-02-03,risk_parity,green
2026-02-04,risk_parity,green
2026-02-04,risk_parity,green
2026-02-04,risk_parity,green
2026-02-04,risk_parity,green
2026-02-05,risk_parity,green
2026-02-05,risk_parity,green
2026-02-05,risk_parity,green
2026-02-05,risk_parity,green
2026-02-06,risk_parity,green
2026-02-06,risk_parity,green
2026-02-06,risk_parity,green
2026-02-06,risk_parity,green
2026-02-09,risk_parity,green
2026-02-09,risk_parity,green
2026-02-09,risk_parity,green
2026-02-09,risk_parity,green
2026-02-10,risk_parity,green
2026-02-10,risk_parity,green
2026-02-10,risk_parity,green
2026-02-10,risk_parity,green
2026-02-11,risk_parity,green
2026-02-11,risk_parity,green
2026-02-11,risk_parity,green
2026-02-11,risk_parity,green
2026-02-12,risk_parity,green
2026-02-12,risk_parity,green
2026-02-12,risk_parity,green
2026-02-12,risk_parity,green
2026-02-13,risk_parity,green
2026-02-13,risk_parity,green
2026-02-13,risk_parity,green
2026-02-13,risk_parity,green
2026-02-17,risk_parity,green
2026-02-17,risk_parity,green
2026-02-17,risk_parity,green
2026-02-17,risk_parity,green
2026-02-18,risk_parity,green
2026-02-18,risk_parity,green
2026-02-18,risk_parity,green
2026-02-18,risk_parity,green
2026-02-19,risk_parity,green
2026-02-19,risk_parity,green
2026-02-19,risk_parity,green
2026-02-19,risk_parity,green
2026-02-20,risk_parity,green
2026-02-20,risk_parity,green
2026-02-20,risk_parity,green
2026-02-20,risk_parity,green
2026-02-23,risk_parity,green
2026-02-23,risk_parity,green
2026-02-23,risk_parity,green
2026-02-23,risk_parity,green
2026-02-24,risk_parity,green
2026-02-24,risk_parity,green
2026-02-24,risk_parity,green
2026-02-24,risk_parity,green
2026-02-25,risk_parity,green
2026-02-25,risk_parity,green
2026-02-25,risk_parity,green
2026-02-25,risk_parity,green
2026-02-26,risk_parity,green
2026-02-26,risk_parity,green
2026-02-26,risk_parity,green
2026-02-26,risk_parity,green
2026-02-27,risk_parity,green
2026-02-27,risk_parity,green
2026-02-27,risk_parity,green
2026-02-27,risk_parity,green
2026-03-02,risk_parity,green
2026-03-02,risk_parity,green
2026-03-02,risk_parity,green
2026-03-02,risk_parity,green
2026-03-03,risk_parity,green
2026-03-03,risk_parity,green
2026-03-03,risk_parity,green
2026-03-03,risk_parity,green
2026-03-04,risk_parity,green
2026-03-04,risk_parity,green
2026-03-04,risk_parity,green
2026-03-04,risk_parity,green
2026-03-05,risk_parity,green
2026-03-05,risk_parity,green
2026-03-05,risk_parity,green
2026-03-05,risk_parity,green
2026-03-06,risk_parity,green
2026-03-06,risk_parity,green
2026-03-06,risk_parity,green
2026-03-06,risk_parity,green
2026-03-09,risk_parity,green
2026-03-09,risk_parity,green
2026-03-09,risk_parity,green
2026-03-09,risk_parity,green
2026-03-10,risk_parity,green
2026-03-10,risk_parity,green
2026-03-10,risk_parity,green
2026-03-10,risk_parity,green
2026-03-11,risk_parity,green
2026-03-11,risk_parity,green
2026-03-11,risk_parity,green
2026-03-11,risk_parity,green
2026-03-12,risk_parity,green
2026-03-12,risk_parity,green
2026-03-12,risk_parity,green
2026-03-12,risk_parity,green
2026-03-13,risk_parity,green
2026-03-13,risk_parity,green
2026-03-13,risk_parity,green
2026-03-13,risk_parity,green
2026-03-16,risk_parity,green
2026-03-16,risk_parity,green
2026-03-16,risk_parity,green
2026-03-16,risk_parity,green
2026-03-17,risk_parity,green
2026-03-17,risk_parity,green
2026-03-17,risk_parity,green
2026-03-17,risk_parity,green
2026-03-18,risk_parity,green
2026-03-18,risk_parity,green
2026-03-18,risk_parity,green
2026-03-18,risk_parity,green
2026-03-19,risk_parity,green
2026-03-19,risk_parity,green
2026-03-19,risk_parity,green
2026-03-19,risk_parity,green
2026-03-20,risk_parity,green
2026-03-20,risk_parity,green
2026-03-20,risk_parity,green
2026-03-20,risk_parity,green
2026-03-23,risk_parity,green
2026-03-23,risk_parity,green
2026-03-23,risk_parity,green
2026-03-23,risk_parity,green
2026-03-24,risk_parity,green
2026-03-24,risk_parity,green
2026-03-24,risk_parity,green
2026-03-24,risk_parity,green
2026-03-25,risk_parity,green
2026-03-25,risk_parity,green
2026-03-25,risk_parity,green
2026-03-25,risk_parity,green
2026-03-26,risk_parity,green
2026-03-26,risk_parity,green
2026-03-26,risk_parity,green
2026-03-26,risk_parity,green
2026-03-27,risk_parity,green
2026-03-27,risk_parity,green
2026-03-27,risk_parity,green
2026-03-27,risk_parity,green
2026-03-30,risk_parity,green
2026-03-30,risk_parity,green
2026-03-30,risk_parity,green
2026-03-30,risk_parity,green
2026-03-31,risk_parity,green
2026-03-31,risk_parity,green
2026-03-31,risk_parity,green
2026-03-31,risk_parity,green
2026-04-01,risk_parity,green
2026-04-01,risk_parity,green
2026-04-01,risk_parity,green
2026-04-01,risk_parity,green
2026-04-02,risk_parity,green
2026-04-02,risk_parity,green
2026-04-02,risk_parity,green
2026-04-02,risk_parity,green
2026-04-06,risk_parity,green
2026-04-06,risk_parity,green
2026-04-06,risk_parity,green
2026-04-06,risk_parity,green
2026-04-07,risk_parity,green
2026-04-07,risk_parity,green
2026-04-07,risk_parity,green
2026-04-07,risk_parity,green
2026-04-08,risk_parity,green
2026-04-08,risk_parity,green
2026-04-08,risk_parity,green
2026-04-08,risk_parity,green
2026-04-09,risk_parity,green
2026-04-09,risk_parity,green
2026-04-09,risk_parity,green
2026-04-09,risk_parity,green
2026-04-10,risk_parity,green
2026-04-10,risk_parity,green
2026-04-10,risk_parity,green
2026-04-10,risk_parity,green
2026-04-13,risk_parity,green
2026-04-13,risk_parity,green
2026-04-13,risk_parity,green
2026-04-13,risk_parity,green
2026-04-14,risk_parity,green
2026-04-14,risk_parity,green
2026-04-14,risk_parity,green
2026-04-14,risk_parity,green
2026-04-15,risk_parity,green
2026-04-15,risk_parity,green
2026-04-15,risk_parity,green
2026-04-15,risk_parity,green
2026-04-16,risk_parity,green
2026-04-16,risk_parity,green
2026-04-16,risk_parity,green
2026-04-16,risk_parity,green
2026-04-17,risk_parity,green
2026-04-17,risk_parity,green
2026-04-17,risk_parity,green
2026-04-17,risk_parity,green
2026-04-20,risk_parity,green
2026-04-20,risk_parity,green
2026-04-20,risk_parity,green
2026-04-20,risk_parity,green
2026-04-21,risk_parity,green
2026-04-21,risk_parity,green
2026-04-21,risk_parity,green
2026-04-21,risk_parity,green
2026-04-22,risk_parity,green
2026-04-22,risk_parity,green
2026-04-22,risk_parity,green
2026-04-22,risk_parity,green
2026-04-23,risk_parity,green
2026-04-23,risk_parity,green
2026-04-23,risk_parity,green
2026-04-23,risk_parity,green
2026-04-24,risk_parity,green
2026-04-24,risk_parity,green
2026-04-24,risk_parity,green
2026-04-24,risk_parity,green
2026-04-27,risk_parity,green
2026-04-27,risk_parity,green
2026-04-27,risk_parity,green
2026-04-27,risk_parity,green
2026-04-28,risk_parity,green
2026-04-28,risk_parity,green
2026-04-28,risk_parity,green
2026-04-28,risk_parity,green
2026-04-29,risk_parity,green
2026-04-29,risk_parity,green
2026-04-29,risk_parity,green
2026-04-29,risk_parity,green
2026-04-30,risk_parity,green
2026-04-30,risk_parity,green
2026-04-30,risk_parity,green
2026-04-30,risk_parity,green
2026-05-01,risk_parity,green
2026-05-01,risk_parity,green
2026-05-01,risk_parity,green
2026-05-01,risk_parity,green
2026-05-04,risk_parity,green
2026-05-04,risk_parity,green
2026-05-04,risk_parity,green
2026-05-04,risk_parity,green
2026-05-05,risk_parity,green
2026-05-05,risk_parity,green
2026-05-05,risk_parity,green
2026-05-05,risk_parity,green
2026-05-06,risk_parity,green
2026-05-06,risk_parity,green
2026-05-06,risk_parity,green
2026-05-06,risk_parity,green
2026-05-07,risk_parity,green
2026-05-07,risk_parity,green
2026-05-07,risk_parity,green
2026-05-07,risk_parity,green
2026-05-08,risk_parity,green
2026-05-08,risk_parity,green
2026-05-08,risk_parity,green
2026-05-08,risk_parity,green
2026-05-11,risk_parity,green
2026-05-11,risk_parity,green
2026-05-11,risk_parity,green
2026-05-11,risk_parity,green
2026-05-12,risk_parity,green
2026-05-12,risk_parity,green
2026-05-12,risk_parity,green
2026-05-12,risk_parity,green
2026-05-13,risk_parity,green
2026-05-13,risk_parity,green
2026-05-13,risk_parity,green
2026-05-13,risk_parity,green
2026-05-14,risk_parity,green
2026-05-14,risk_parity,green
2026-05-14,risk_parity,green
2026-05-14,risk_parity,green
2026-05-15,risk_parity,green
2026-05-15,risk_parity,green
2026-05-15,risk_parity,green
2026-05-15,risk_parity,green
2026-05-18,risk_parity,green
2026-05-18,risk_parity,green
2026-05-18,risk_parity,green
2026-05-18,risk_parity,green
2026-05-19,risk_parity,green
2026-05-19,risk_parity,green
2026-05-19,risk_parity,green
2026-05-19,risk_parity,green
2026-05-20,risk_parity,green
2026-05-20,risk_parity,green
2026-05-20,risk_parity,green
2026-05-20,risk_parity,green
2026-05-21,risk_parity,green
2026-05-21,risk_parity,green
2026-05-21,risk_parity,green
2026-05-21,risk_parity,green
2026-05-22,risk_parity,green
2026-05-22,risk_parity,green
2026-05-22,risk_parity,green
2026-05-22,risk_parity,green
2026-05-26,risk_parity,green
2026-05-26,risk_parity,green
2026-05-26,risk_parity,green
2026-05-26,risk_parity,green
2026-05-27,risk_parity,green
2026-05-27,risk_parity,green
2026-05-27,risk_parity,green
2026-05-27,risk_parity,green
2026-05-28,risk_parity,green
2026-05-28,risk_parity,green
2026-05-28,risk_parity,green
2026-05-28,risk_parity,green
2026-05-29,risk_parity,green
2026-05-29,risk_parity,green
2026-05-29,risk_parity,green
2026-05-29,risk_parity,green
2026-06-01,risk_parity,green
2026-06-01,risk_parity,green
2026-06-01,risk_parity,green
2026-06-01,risk_parity,green
2026-06-02,risk_parity,green
2026-06-02,risk_parity,green
2026-06-02,risk_parity,green
2026-06-02,risk_parity,green
2026-06-03,risk_parity,green
2026-06-03,risk_parity,green
2026-06-03,risk_parity,green
2026-06-03,risk_parity,green
2026-06-04,risk_parity,green
2026-06-04,risk_parity,green
2026-06-04,risk_parity,green
2026-06-04,risk_parity,green
2026-06-05,risk_parity,green
2026-06-05,risk_parity,green
2026-06-05,risk_parity,green
2026-06-05,risk_parity,green
2026-06-08,risk_parity,green
2026-06-08,risk_parity,green
2026-06-08,risk_parity,green
2026-06-08,risk_parity,green
2026-06-09,risk_parity,green
2026-06-09,risk_parity,green
2026-06-09,risk_parity,green
2026-06-09,risk_parity,green
2026-06-10,risk_parity,green
2026-06-10,risk_parity,green
2026-06-10,risk_parity,green
2026-06-10,risk_parity,green
2026-06-11,risk_parity,green
2026-06-11,risk_parity,green
2026-06-11,risk_parity,green
2026-06-11,risk_parity,green
2026-06-12,risk_parity,green
2026-06-12,risk_parity,green
2026-06-12,risk_parity,green
2026-06-12,risk_parity,green
2026-06-15,risk_parity,green
2026-06-15,risk_parity,green
2026-06-15,risk_parity,green
2026-06-15,risk_parity,green
2026-06-16,risk_parity,green
2026-06-16,risk_parity,green
2026-06-16,risk_parity,green
2026-06-16,risk_parity,green
2026-06-17,risk_parity,green
2026-06-17,risk_parity,green
2026-06-17,risk_parity,green
2026-06-17,risk_parity,green
2026-06-18,risk_parity,green
2026-06-18,risk_parity,green
2026-06-18,risk_parity,green
2026-06-18,risk_parity,green
2026-06-22,risk_parity,green
2026-06-22,risk_parity,green
2026-06-22,risk_parity,green
2026-06-22,risk_parity,green
2026-06-23,risk_parity,green
2026-06-23,risk_parity,green
2026-06-23,risk_parity,green
2026-06-23,risk_parity,green
2026-06-24,risk_parity,green
2026-06-24,risk_parity,green
2026-06-24,risk_parity,green
2026-06-24,risk_parity,green
2026-06-25,risk_parity,green
2026-06-25,risk_parity,green
2026-06-25,risk_parity,green
2026-06-25,risk_parity,green
2026-06-26,risk_parity,green
2026-06-26,risk_parity,green
2026-06-26,risk_parity,green
2026-06-26,risk_parity,green
2026-06-29,risk_parity,green
2026-06-29,risk_parity,green
2026-06-29,risk_parity,green
2026-06-29,risk_parity,green
2026-06-30,risk_parity,green
2026-06-30,risk_parity,green
2026-06-30,risk_parity,green
2026-06-30,risk_parity,green
2026-07-01,risk_parity,green
2026-07-01,risk_parity,green
2026-07-01,risk_parity,green
2026-07-01,risk_parity,green
2026-07-02,risk_parity,green
2026-07-02,risk_parity,green
2026-07-02,risk_parity,green
2026-07-02,risk_parity,green
2026-07-06,risk_parity,green
2026-07-06,risk_parity,green
2026-07-06,risk_parity,green
2026-07-06,risk_parity,green
2026-07-07,risk_parity,green
2026-07-07,risk_parity,green
2026-07-07,risk_parity,green
2026-07-07,risk_parity,green
2026-07-08,risk_parity,green
2026-07-08,risk_parity,green
2026-07-08,risk_parity,green
2026-07-08,risk_parity,green
2026-07-09,risk_parity,green
2026-07-09,risk_parity,green
2026-07-09,risk_parity,green
2026-07-09,risk_parity,green
2026-07-10,risk_parity,green
2026-07-10,risk_parity,green
2026-07-10,risk_parity,green
2026-07-10,risk_parity,green
2026-07-13,risk_parity,green
2026-07-13,risk_parity,green
2026-07-13,risk_parity,green
2026-07-13,risk_parity,green
2026-07-14,risk_parity,green
2026-07-14,risk_parity,green
2026-07-14,risk_parity,green
2026-07-14,risk_parity,green
2026-07-15,risk_parity,green
2026-07-15,risk_parity,green
2026-07-15,risk_parity,green
2026-07-15,risk_parity,green
2026-07-16,risk_parity,green
2026-07-16,risk_parity,green
2026-07-16,risk_parity,green
2026-07-16,risk_parity,green
2026-07-17,risk_parity,green
2026-07-17,risk_parity,green
2026-07-17,risk_parity,green
2026-07-17,risk_parity,green
2026-07-20,risk_parity,green
2026-07-20,risk_parity,green
2026-07-20,risk_parity,green
2026-07-20,risk_parity,green
2026-07-21,risk_parity,green
2026-07-21,risk_parity,green
2026-07-21,risk_parity,green
2026-07-21,risk_parity,green
2026-07-22,risk_parity,green
2026-07-22,risk_parity,green
2026-07-22,risk_parity,green
2026-07-22,risk_parity,green
2026-07-23,risk_parity,green
2026-07-23,risk_parity,green
2026-07-23,risk_parity,green
2026-07-23,risk_parity,green
2026-07-24,risk_parity,green
2026-07-24,risk_parity,green
2026-07-24,risk_parity,green
2026-07-24,risk_parity,green
2026-07-27,risk_parity,green
2026-07-27,risk_parity,green
2026-07-27,risk_parity,green
2026-07-27,risk_parity,green
2026-07-28,risk_parity,green
2026-07-28,risk_parity,green
2026-07-28,risk_parity,green
2026-07-28,risk_parity,green
2026-07-29,risk_parity,green
2026-07-29,risk_parity,green
2026-07-29,risk_parity,green
2026-07-29,risk_parity,green
2026-07-30,risk_parity,green
2026-07-30,risk_parity,green
2026-07-30,risk_parity,green
2026-07-30,risk_parity,green
2026-07-31,risk_parity,green
2026-07-31,risk_parity,green
2026-07-31,risk_parity,green
2026-07-31,risk_parity,green
2026-08-03,risk_parity,green
2026-08-03,risk_parity,green
2026-08-03,risk_parity,green
2026-08-03,risk_parity,green
2026-08-04,risk_parity,green
2026-08-04,risk_parity,green
2026-08-04,risk_parity,green
2026-08-04,risk_parity,green
2026-08-05,risk_parity,green
2026-08-05,risk_parity,green
2026-08-05,risk_parity,green
2026-08-05,risk_parity,green
2026-08-06,risk_parity,green
2026-08-06,risk_parity,green
2026-08-06,risk_parity,green
2026-08-06,risk_parity,green
2026-08-07,risk_parity,green
2026-08-07,risk_parity,green
2026-08-07,risk_parity,green
2026-08-07,risk_parity,green
2026-08-10,risk_parity,green
2026-08-10,risk_parity,green
2026-08-10,risk_parity,green
2026-08-10,risk_parity,green
2026-08-11,risk_parity,green
2026-08-11,risk_parity,green
2026-08-11,risk_parity,green
2026-08-11,risk_parity,green
2026-08-12,risk_parity,green
2026-08-12,risk_parity,green
2026-08-12,risk_parity,green
2026-08-12,risk_parity,green
2026-08-13,risk_parity,green
2026-08-13,risk_parity,green
2026-08-13,risk_parity,green
2026-08-13,risk_parity,green
2026-08-14,risk_parity,green
2026-08-14,risk_parity,green
2026-08-14,risk_parity,green
2026-08-14,risk_parity,green
2026-08-17,risk_parity,green
2026-08-17,risk_parity,green
2026-08-17,risk_parity,green
2026-08-17,risk_parity,green
2026-08-18,risk_parity,green
2026-08-18,risk_parity,green
2026-08-18,risk_parity,green
2026-08-18,risk_parity,green
2026-08-19,risk_parity,green
2026-08-19,risk_parity,green
2026-08-19,risk_parity,green
2026-08-19,risk_parity,green
2026-08-20,risk_parity,green
2026-08-20,risk_parity,green
2026-08-20,risk_parity,green
2026-08-20,risk_parity,green
2026-08-21,risk_parity,green
2026-08-21,risk_parity,green
2026-08-21,risk_parity,green
2026-08-21,risk_parity,green
2026-08-24,risk_parity,green
2026-08-24,risk_parity,green
2026-08-24,risk_parity,green
2026-08-24,risk_parity,green
2026-08-25,risk_parity,green
2026-08-25,risk_parity,green
2026-08-25,risk_parity,green
2026-08-25,risk_parity,green
2026-08-26,risk_parity,green
2026-08-26,risk_parity,green
2026-08-26,risk_parity,green
2026-08-26,risk_parity,green
2026-08-27,risk_parity,green
2026-08-27,risk_parity,green
2026-08-27,risk_parity,green
2026-08-27,risk_parity,green
2026-08-28,risk_parity,green
2026-08-28,risk_parity,green
2026-08-28,risk_parity,green
2026-08-28,risk_parity,green
2026-08-31,risk_parity,green
2026-08-31,risk_parity,green
2026-08-31,risk_parity,green
2026-08-31,risk_parity,green
2026-09-01,risk_parity,green
2026-09-01,risk_parity,green
2026-09-01,risk_parity,green
2026-09-01,risk_parity,green
2026-09-02,risk_parity,green
2026-09-02,risk_parity,green
2026-09-02,risk_parity,green
2026-09-02,risk_parity,green
2026-09-03,risk_parity,green
2026-09-03,risk_parity,green
2026-09-03,risk_parity,green
2026-09-03,risk_parity,green
2026-09-04,risk_parity,green
2026-09-04,risk_parity,green
2026-09-04,risk_parity,green
2026-09-04,risk_parity,green
2026-09-08,risk_parity,green
2026-09-08,risk_parity,green
2026-09-08,risk_parity,green
2026-09-08,risk_parity,green
2026-09-09,risk_parity,green
2026-09-09,risk_parity,green
2026-09-09,risk_parity,green
2026-09-09,risk_parity,green
2026-09-10,risk_parity,green
2026-09-10,risk_parity,green
2026-09-10,risk_parity,green
2026-09-10,risk_parity,green
2026-09-11,risk_parity,green
2026-09-11,risk_parity,green
2026-09-11,risk_parity,green
2026-09-11,risk_parity,green
2026-09-14,risk_parity,green
2026-09-14,risk_parity,green
2026-09-14,risk_parity,green
2026-09-14,risk_parity,green
2026-09-15,risk_parity,green
2026-09-15,risk_parity,green
2026-09-15,risk_parity,green
2026-09-15,risk_parity,green
2026-09-16,risk_parity,green
2026-09-16,risk_parity,green
2026-09-16,risk_parity,green
2026-09-16,risk_parity,green
2026-09-17,risk_parity,green
2026-09-17,risk_parity,green
2026-09-17,risk_parity,green
2026-09-17,risk_parity,green
2026-09-18,risk_parity,green
2026-09-18,risk_parity,green
2026-09-18,risk_parity,green
2026-09-18,risk_parity,green
2026-09-21,risk_parity,green
2026-09-21,risk_parity,green
2026-09-21,risk_parity,green
2026-09-21,risk_parity,green
2026-09-22,risk_parity,green
2026-09-22,risk_parity,green
2026-09-22,risk_parity,green
2026-09-22,risk_parity,green
2026-09-23,risk_parity,green
2026-09-23,risk_parity,green
2026-09-23,risk_parity,green
2026-09-23,risk_parity,green
2026-09-24,risk_parity,green
2026-09-24,risk_parity,green
2026-09-24,risk_parity,green
2026-09-24,risk_parity,green
2026-09-25,risk_parity,green
2026-09-25,risk_parity,green
2026-09-25,risk_parity,green
2026-09-25,risk_parity,green
2026-09-28,risk_parity,green
2026-09-28,risk_parity,green
2026-09-28,risk_parity,green
2026-09-28,risk_parity,green
2026-09-29,risk_parity,green
2026-09-29,risk_parity,green
2026-09-29,risk_parity,green
2026-09-29,risk_parity,green
2026-09-30,risk_parity,green
2026-09-30,risk_parity,green
2026-09-30,risk_parity,green
2026-09-30,risk_parity,green
2026-10-01,risk_parity,green
2026-10-01,risk_parity,green
2026-10-01,risk_parity,green
2026-10-01,risk_parity,green
2026-10-02,risk_parity,green
2026-10-02,risk_parity,green
2026-10-02,risk_parity,green
2026-10-02,risk_parity,green
2026-10-05,risk_parity,green
2026-10-05,risk_parity,green
2026-10-05,risk_parity,green
2026-10-05,risk_parity,green
2026-10-06,risk_parity,green
2026-10-06,risk_parity,green
2026-10-06,risk_parity,green
2026-10-06,risk_parity,green
2026-10-07,risk_parity,green
2026-10-07,risk_parity,green
2026-10-07,risk_parity,green
2026-10-07,risk_parity,green
2026-10-08,risk_parity,green
2026-10-08,risk_parity,green
2026-10-08,risk_parity,green
2026-10-08,risk_parity,green
2026-10-09,risk_parity,green
2026-10-09,risk_parity,green
2026-10-09,risk_parity,green
2026-10-09,risk_parity,green
2025-10-03,hrp,
2025-10-03,hrp,
2025-10-03,hrp,
2025-10-03,hrp,
2025-10-06,hrp,
2025-10-06,hrp,
2025-10-06,hrp,
2025-10-06,hrp,
2025-10-07,hrp,
2025-10-07,hrp,
2025-10-07,hrp,
2025-10-07,hrp,
2025-10-08,hrp,
2025-10-08,hrp,
2025-10-08,hrp,
2025-10-08,hrp,
2025-10-09,hrp,
2025-10-09,hrp,
2025-10-09,hrp,
2025-10-09,hrp,
2025-10-10,hrp,
2025-10-10,hrp,
2025-10-10,hrp,
2025-10-10,hrp,
2025-10-13,hrp,
2025-10-13,hrp,
2025-10-13,hrp,
2025-10-13,hrp,
2025-10-14,hrp,
2025-10-14,hrp,
2025-10-14,hrp,
2025-10-14,hrp,
2025-10-15,hrp,
2025-10-15,hrp,
2025-10-15,hrp,
2025-10-15,hrp,
2025-10-16,hrp,
2025-10-16,hrp,
2025-10-16,hrp,
2025-10-16,hrp,
2025-10-17,hrp,
2025-10-17,hrp,
2025-10-17,hrp,
2025-10-17,hrp,
2025-10-20,hrp,
2025-10-20,hrp,
2025-10-20,hrp,
2025-10-20,hrp,
2025-10-21,hrp,
2025-10-21,hrp,
2025-10-21,hrp,
2025-10-21,hrp,
2025-10-22,hrp,
2025-10-22,hrp,
2025-10-22,hrp,
2025-10-22,hrp,
2025-10-23,hrp,
2025-10-23,hrp,
2025-10-23,hrp,
2025-10-23,hrp,
2025-10-24,hrp,
2025-10-24,hrp,
2025-10-24,hrp,
2025-10-24,hrp,
2025-10-27,hrp,
2025-10-27,hrp,
2025-10-27,hrp,
2025-10-27,hrp,
2025-10-28,hrp,
2025-10-28,hrp,
2025-10-28,hrp,
2025-10-28,hrp,
2025-10-29,hrp,
2025-10-29,hrp,
2025-10-29,hrp,
2025-10-29,hrp,
2025-10-30,hrp,
2025-10-30,hrp,
2025-10-30,hrp,
2025-10-30,hrp,
2025-10-31,hrp,
2025-10-31,hrp,
2025-10-31,hrp,
2025-10-31,hrp,
2025-11-03,hrp,
2025-11-03,hrp,
2025-11-03,hrp,
2025-11-03,hrp,
2025-11-04,hrp,
2025-11-04,hrp,
2025-11-04,hrp,
2025-11-04,hrp,
2025-11-05,hrp,
2025-11-05,hrp,
2025-11-05,hrp,
2025-11-05,hrp,
2025-11-06,hrp,
2025-11-06,hrp,
2025-11-06,hrp,
2025-11-06,hrp,
2025-11-07,hrp,
2025-11-07,hrp,
2025-11-07,hrp,
2025-11-07,hrp,
2025-11-10,hrp,
2025-11-10,hrp,
2025-11-10,hrp,
2025-11-10,hrp,
2025-11-11,hrp,
2025-11-11,hrp,
2025-11-11,hrp,
2025-11-11,hrp,
2025-11-12,hrp,
2025-11-12,hrp,
2025-11-12,hrp,
2025-11-12,hrp,
2025-11-13,hrp,
2025-11-13,hrp,
2025-11-13,hrp,
2025-11-13,hrp,
2025-11-14,hrp,
2025-11-14,hrp,
2025-11-14,hrp,
2025-11-14,hrp,
2025-11-17,hrp,
2025-11-17,hrp,
2025-11-17,hrp,
2025-11-17,hrp,
2025-11-18,hrp,
2025-11-18,hrp,
2025-11-18,hrp,
2025-11-18,hrp,
2025-11-19,hrp,
2025-11-19,hrp,
2025-11-19,hrp,
2025-11-19,hrp,
2025-11-20,hrp,
2025-11-20,hrp,
2025-11-20,hrp,
2025-11-20,hrp,
2025-11-21,hrp,
2025-11-21,hrp,
2025-11-21,hrp,
2025-11-21,hrp,
2025-11-24,hrp,
2025-11-24,hrp,
2025-11-24,hrp,
2025-11-24,hrp,
2025-11-25,hrp,
2025-11-25,hrp,
2025-11-25,hrp,
2025-11-25,hrp,
2025-11-26,hrp,
2025-11-26,hrp,
2025-11-26,hrp,
2025-11-26,hrp,
2025-11-28,hrp,
2025-11-28,hrp,
2025-11-28,hrp,
2025-11-28,hrp,
2025-12-01,hrp,
2025-12-01,hrp,
2025-12-01,hrp,
2025-12-01,hrp,
2025-12-02,hrp,
2025-12-02,hrp,
2025-12-02,hrp,
2025-12-02,hrp,
2025-12-03,hrp,
2025-12-03,hrp,
2025-12-03,hrp,
2025-12-03,hrp,
2025-12-04,hrp,
2025-12-04,hrp,
2025-12-04,hrp,
2025-12-04,hrp,
2025-12-05,hrp,
2025-12-05,hrp,
2025-12-05,hrp,
2025-12-05,hrp,
2025-12-08,hrp,
2025-12-08,hrp,
2025-12-08,hrp,
2025-12-08,hrp,
2025-12-09,hrp,
2025-12-09,hrp,
2025-12-09,hrp,
2025-12-09,hrp,
2025-12-10,hrp,
2025-12-10,hrp,
2025-12-10,hrp,
2025-12-10,hrp,
2025-12-11,hrp,
2025-12-11,hrp,
2025-12-11,hrp,
2025-12-11,hrp,
2025-12-12,hrp,
2025-12-12,hrp,
2025-12-12,hrp,
2025-12-12,hrp,
2025-12-15,hrp,
2025-12-15,hrp,
2025-12-15,hrp,
2025-12-15,hrp,
2025-12-16,hrp,
2025-12-16,hrp,
2025-12-16,hrp,
2025-12-16,hrp,
2025-12-17,hrp,
2025-12-17,hrp,
2025-12-17,hrp,
2025-12-17,hrp,
2025-12-18,hrp,
2025-12-18,hrp,
2025-12-18,hrp,
2025-12-18,hrp,
2025-12-19,hrp,
2025-12-19,hrp,
2025-12-19,hrp,
2025-12-19,hrp,
2025-12-22,hrp,
2025-12-22,hrp,
2025-12-22,hrp,
2025-12-22,hrp,
2025-12-23,hrp,
2025-12-23,hrp,
2025-12-23,hrp,
2025-12-23,hrp,
2025-12-24,hrp,
2025-12-24,hrp,
2025-12-24,hrp,
2025-12-24,hrp,
2025-12-26,hrp,
2025-12-26,hrp,
2025-12-26,hrp,
2025-12-26,hrp,
2025-12-29,hrp,
2025-12-29,hrp,
2025-12-29,hrp,
2025-12-29,hrp,
2025-12-30,hrp,
2025-12-30,hrp,
2025-12-30,hrp,
2025-12-30,hrp,
2025-12-31,hrp,
2025-12-31,hrp,
2025-12-31,hrp,
2025-12-31,hrp,
2026-01-02,hrp,
2026-01-02,hrp,green
2026-01-02,hrp,green
2026-01-02,hrp,green
2026-01-05,hrp,green
2026-01-05,hrp,green
2026-01-05,hrp,green
2026-01-05,hrp,green
2026-01-06,hrp,green
2026-01-06,hrp,green
2026-01-06,hrp,green
2026-01-06,hrp,green
2026-01-07,hrp,green
2026-01-07,hrp,green
2026-01-07,hrp,green
2026-01-07,hrp,green
2026-01-08,hrp,green
2026-01-08,hrp,green
2026-01-08,hrp,green
2026-01-08,hrp,green
2026-01-09,hrp,green
2026-01-09,hrp,green
2026-01-09,hrp,green
2026-01-09,hrp,green
2026-01-12,hrp,green
2026-01-12,hrp,green
2026-01-12,hrp,green
2026-01-12,hrp,green
2026-01-13,hrp,green
2026-01-13,hrp,green
2026-01-13,hrp,green
2026-01-13,hrp,green
2026-01-14,hrp,green
2026-01-14,hrp,green
2026-01-14,hrp,green
2026-01-14,hrp,green
2026-01-15,hrp,green
2026-01-15,hrp,green
2026-01-15,hrp,green
2026-01-15,hrp,green
2026-01-16,hrp,green
2026-01-16,hrp,green
2026-01-16,hrp,green
2026-01-16,hrp,green
2026-01-20,hrp,green
2026-01-20,hrp,green
2026-01-20,hrp,green
2026-01-20,hrp,green
2026-01-21,hrp,green
2026-01-21,hrp,green
2026-01-21,hrp,green
2026-01-21,hrp,green
2026-01-22,hrp,green
2026-01-22,hrp,green
2026-01-22,hrp,green
2026-01-22,hrp,green
2026-01-23,hrp,green
2026-01-23,hrp,green
2026-01-23,hrp,green
2026-01-23,hrp,green
2026-01-26,hrp,green
2026-01-26,hrp,green
2026-01-26,hrp,green
2026-01-26,hrp,green
2026-01-27,hrp,green
2026-01-27,hrp,green
2026-01-27,hrp,green
2026-01-27,hrp,green
2026-01-28,hrp,green
2026-01-28,hrp,green
2026-01-28,hrp,green
2026-01-28,hrp,green
2026-01-29,hrp,green
2026-01-29,hrp,green
2026-01-29,hrp,green
2026-01-29,hrp,green
2026-01-30,hrp,green
2026-01-30,hrp,green
2026-01-30,hrp,green
2026-01-30,hrp,green
2026-02-02,hrp,green
2026-02-02,hrp,green
2026-02-02,hrp,green
2026-02-02,hrp,green
2026-02-03,hrp,green
2026-02-03,hrp,green
2026-02-03,hrp,green
2026-02-03,hrp,green
2026-02-04,hrp,green
2026-02-04,hrp,green
2026-02-04,hrp,green
2026-02-04,hrp,green
2026-02-05,hrp,green
2026-02-05,hrp,green
2026-02-05,hrp,green
2026-02-05,hrp,green
2026-02-06,hrp,green
2026-02-06,hrp,green
2026-02-06,hrp,green
2026-02-06,hrp,green
2026-02-09,hrp,green
2026-02-09,hrp,green
2026-02-09,hrp,green
2026-02-09,hrp,green
2026-02-10,hrp,green
2026-02-10,hrp,green
2026-02-10,hrp,green
2026-02-10,hrp,green
2026-02-11,hrp,green
2026-02-11,hrp,green
2026-02-11,hrp,green
2026-02-11,hrp,green
2026-02-12,hrp,green
2026-02-12,hrp,green
2026-02-12,hrp,green
2026-02-12,hrp,green
2026-02-13,hrp,green
2026-02-13,hrp,green
2026-02-13,hrp,green
2026-02-13,hrp,green
2026-02-17,hrp,green
2026-02-17,hrp,green
2026-02-17,hrp,green
2026-02-17,hrp,green
2026-02-18,hrp,green
2026-02-18,hrp,green
2026-02-18,hrp,green
2026-02-18,hrp,green
2026-02-19,hrp,green
2026-02-19,hrp,green
2026-02-19,hrp,green
2026-02-19,hrp,green
2026-02-20,hrp,green
2026-02-20,hrp,green
2026-02-20,hrp,green
2026-02-20,hrp,green
2026-02-23,hrp,green
2026-02-23,hrp,green
2026-02-23,hrp,green
2026-02-23,hrp,green
2026-02-24,hrp,green
2026-02-24,hrp,green
2026-02-24,hrp,green
2026-02-24,hrp,green
2026-02-25,hrp,green
2026-02-25,hrp,green
2026-02-25,hrp,green
2026-02-25,hrp,green
2026-02-26,hrp,green
2026-02-26,hrp,green
2026-02-26,hrp,green
2026-02-26,hrp,green
2026-02-27,hrp,green
2026-02-27,hrp,green
2026-02-27,hrp,green
2026-02-27,hrp,green
2026-03-02,hrp,green
2026-03-02,hrp,green
2026-03-02,hrp,green
2026-03-02,hrp,green
2026-03-03,hrp,green
2026-03-03,hrp,green
2026-03-03,hrp,green
2026-03-03,hrp,green
2026-03-04,hrp,green
2026-03-04,hrp,green
2026-03-04,hrp,green
2026-03-04,hrp,green
2026-03-05,hrp,green
2026-03-05,hrp,green
2026-03-05,hrp,green
2026-03-05,hrp,green
2026-03-06,hrp,green
2026-03-06,hrp,green
2026-03-06,hrp,green
2026-03-06,hrp,green
2026-03-09,hrp,green
2026-03-09,hrp,green
2026-03-09,hrp,green
2026-03-09,hrp,green
2026-03-10,hrp,green
2026-03-10,hrp,green
2026-03-10,hrp,green
2026-03-10,hrp,green
2026-03-11,hrp,green
2026-03-11,hrp,green
2026-03-11,hrp,green
2026-03-11,hrp,green
2026-03-12,hrp,green
2026-03-12,hrp,green
2026-03-12,hrp,green
2026-03-12,hrp,green
2026-03-13,hrp,green
2026-03-13,hrp,green
2026-03-13,hrp,green
2026-03-13,hrp,green
2026-03-16,hrp,green
2026-03-16,hrp,green
2026-03-16,hrp,green
2026-03-16,hrp,green
2026-03-17,hrp,green
2026-03-17,hrp,green
2026-03-17,hrp,green
2026-03-17,hrp,green
2026-03-18,hrp,green
2026-03-18,hrp,green
2026-03-18,hrp,green
2026-03-18,hrp,green
2026-03-19,hrp,green
2026-03-19,hrp,green
2026-03-19,hrp,green
2026-03-19,hrp,green
2026-03-20,hrp,green
2026-03-20,hrp,green
2026-03-20,hrp,green
2026-03-20,hrp,green
2026-03-23,hrp,green
2026-03-23,hrp,green
2026-03-23,hrp,green
2026-03-23,hrp,green
2026-03-24,hrp,green
2026-03-24,hrp,green
2026-03-24,hrp,green
2026-03-24,hrp,green
2026-03-25,hrp,green
2026-03-25,hrp,green
2026-03-25,hrp,green
2026-03-25,hrp,green
2026-03-26,hrp,green
2026-03-26,hrp,green
2026-03-26,hrp,green
2026-03-26,hrp,green
2026-03-27,hrp,green
2026-03-27,hrp,green
2026-03-27,hrp,green
2026-03-27,hrp,green
2026-03-30,hrp,green
2026-03-30,hrp,green
2026-03-30,hrp,green
2026-03-30,hrp,green
2026-03-31,hrp,green
2026-03-31,hrp,green
2026-03-31,hrp,green
2026-03-31,hrp,green
2026-04-01,hrp,green
2026-04-01,hrp,green
2026-04-01,hrp,green
2026-04-01,hrp,green
2026-04-02,hrp,green
2026-04-02,hrp,green
2026-04-02,hrp,green
2026-04-02,hrp,green
2026-04-06,hrp,green
2026-04-06,hrp,green
2026-04-06,hrp,green
2026-04-06,hrp,green
2026-04-07,hrp,green
2026-04-07,hrp,green
2026-04-07,hrp,green
2026-04-07,hrp,green
2026-04-08,hrp,green
2026-04-08,hrp,green
2026-04-08,hrp,green
2026-04-08,hrp,green
2026-04-09,hrp,green
2026-04-09,hrp,green
2026-04-09,hrp,green
2026-04-09,hrp,green
2026-04-10,hrp,green
2026-04-10,hrp,green
2026-04-10,hrp,green
2026-04-10,hrp,green
2026-04-13,hrp,green
2026-04-13,hrp,green
2026-04-13,hrp,green
2026-04-13,hrp,green
2026-04-14,hrp,green
2026-04-14,hrp,green
2026-04-14,hrp,green
2026-04-14,hrp,green
2026-04-15,hrp,green
2026-04-15,hrp,green
2026-04-15,hrp,green
2026-04-15,hrp,green
2026-04-16,hrp,green
2026-04-16,hrp,green
2026-04-16,hrp,green
2026-04-16,hrp,green
2026-04-17,hrp,green
2026-04-17,hrp,green
2026-04-17,hrp,green
2026-04-17,hrp,green
2026-04-20,hrp,green
2026-04-20,hrp,green
2026-04-20,hrp,green
2026-04-20,hrp,green
2026-04-21,hrp,green
2026-04-21,hrp,green
2026-04-21,hrp,green
2026-04-21,hrp,green
2026-04-22,hrp,green
2026-04-22,hrp,green
2026-04-22,hrp,green
2026-04-22,hrp,green
2026-04-23,hrp,green
2026-04-23,hrp,green
2026-04-23,hrp,green
2026-04-23,hrp,green
2026-04-24,hrp,green
2026-04-24,hrp,green
2026-04-24,hrp,green
2026-04-24,hrp,green
2026-04-27,hrp,green
2026-04-27,hrp,green
2026-04-27,hrp,green
2026-04-27,hrp,green
2026-04-28,hrp,green
2026-04-28,hrp,green
2026-04-28,hrp,green
2026-04-28,hrp,green
2026-04-29,hrp,green
2026-04-29,hrp,green
2026-04-29,hrp,green
2026-04-29,hrp,green
2026-04-30,hrp,green
2026-04-30,hrp,green
2026-04-30,hrp,green
2026-04-30,hrp,green
2026-05-01,hrp,green
2026-05-01,hrp,green
2026-05-01,hrp,green
2026-05-01,hrp,green
2026-05-04,hrp,green
2026-05-04,hrp,green
2026-05-04,hrp,green
2026-05-04,hrp,green
2026-05-05,hrp,green
2026-05-05,hrp,green
2026-05-05,hrp,green
2026-05-05,hrp,green
2026-05-06,hrp,green
2026-05-06,hrp,green
2026-05-06,hrp,green
2026-05-06,hrp,green
2026-05-07,hrp,green
2026-05-07,hrp,green
2026-05-07,hrp,green
2026-05-07,hrp,green
2026-05-08,hrp,green
2026-05-08,hrp,green
2026-05-08,hrp,green
2026-05-08,hrp,green
2026-05-11,hrp,green
2026-05-11,hrp,green
2026-05-11,hrp,green
2026-05-11,hrp,green
2026-05-12,hrp,green
2026-05-12,hrp,green
2026-05-12,hrp,green
2026-05-12,hrp,green
2026-05-13,hrp,green
2026-05-13,hrp,green
2026-05-13,hrp,green
2026-05-13,hrp,green
2026-05-14,hrp,green
2026-05-14,hrp,green
2026-05-14,hrp,green
2026-05-14,hrp,green
2026-05-15,hrp,green
2026-05-15,hrp,green
2026-05-15,hrp,green
2026-05-15,hrp,green
2026-05-18,hrp,green
2026-05-18,hrp,green
2026-05-18,hrp,green
2026-05-18,hrp,green
2026-05-19,hrp,green
2026-05-19,hrp,green
2026-05-19,hrp,green
2026-05-19,hrp,green
2026-05-20,hrp,green
2026-05-20,hrp,green
2026-05-20,hrp,green
2026-05-20,hrp,green
2026-05-21,hrp,green
2026-05-21,hrp,green
2026-05-21,hrp,green
2026-05-21,hrp,green
2026-05-22,hrp,green
2026-05-22,hrp,green
2026-05-22,hrp,green
2026-05-22,hrp,green
2026-05-26,hrp,green
2026-05-26,hrp,green
2026-05-26,hrp,green
2026-05-26,hrp,green
2026-05-27,hrp,green
2026-05-27,hrp,green
2026-05-27,hrp,green
2026-05-27,hrp,green
2026-05-28,hrp,green
2026-05-28,hrp,green
2026-05-28,hrp,green
2026-05-28,hrp,green
2026-05-29,hrp,green
2026-05-29,hrp,green
2026-05-29,hrp,green
2026-05-29,hrp,green
2026-06-01,hrp,green
2026-06-01,hrp,green
2026-06-01,hrp,green
2026-06-01,hrp,green
2026-06-02,hrp,green
2026-06-02,hrp,green
2026-06-02,hrp,green
2026-06-02,hrp,green
2026-06-03,hrp,green
2026-06-03,hrp,green
2026-06-03,hrp,green
2026-06-03,hrp,green
2026-06-04,hrp,green
2026-06-04,hrp,green
2026-06-04,hrp,green
2026-06-04,hrp,green
2026-06-05,hrp,green
2026-06-05,hrp,green
2026-06-05,hrp,green
2026-06-05,hrp,green
2026-06-08,hrp,green
2026-06-08,hrp,green
2026-06-08,hrp,green
2026-06-08,hrp,green
2026-06-09,hrp,green
2026-06-09,hrp,green
2026-06-09,hrp,green
2026-06-09,hrp,green
2026-06-10,hrp,green
2026-06-10,hrp,green
2026-06-10,hrp,green
2026-06-10,hrp,green
2026-06-11,hrp,green
2026-06-11,hrp,green
2026-06-11,hrp,green
2026-06-11,hrp,green
2026-06-12,hrp,green
2026-06-12,hrp,green
2026-06-12,hrp,green
2026-06-12,hrp,green
2026-06-15,hrp,green
2026-06-15,hrp,green
2026-06-15,hrp,green
2026-06-15,hrp,green
2026-06-16,hrp,green
2026-06-16,hrp,green
2026-06-16,hrp,green
2026-06-16,hrp,green
2026-06-17,hrp,green
2026-06-17,hrp,green
2026-06-17,hrp,green
2026-06-17,hrp,green
2026-06-18,hrp,green
2026-06-18,hrp,green
2026-06-18,hrp,green
2026-06-18,hrp,green
2026-06-22,hrp,green
2026-06-22,hrp,green
2026-06-22,hrp,green
2026-06-22,hrp,green
2026-06-23,hrp,green
2026-06-23,hrp,green
2026-06-23,hrp,green
2026-06-23,hrp,green
2026-06-24,hrp,green
2026-06-24,hrp,green
2026-06-24,hrp,green
2026-06-24,hrp,green
2026-06-25,hrp,green
2026-06-25,hrp,green
2026-06-25,hrp,green
2026-06-25,hrp,green
2026-06-26,hrp,green
2026-06-26,hrp,green
2026-06-26,hrp,green
2026-06-26,hrp,green
2026-06-29,hrp,green
2026-06-29,hrp,green
2026-06-29,hrp,green
2026-06-29,hrp,green
2026-06-30,hrp,green
2026-06-30,hrp,green
2026-06-30,hrp,green
2026-06-30,hrp,green
2026-07-01,hrp,green
2026-07-01,hrp,green
2026-07-01,hrp,green
2026-07-01,hrp,green
2026-07-02,hrp,green
2026-07-02,hrp,green
2026-07-02,hrp,green
2026-07-02,hrp,green
2026-07-06,hrp,green
2026-07-06,hrp,green
2026-07-06,hrp,green
2026-07-06,hrp,green
2026-07-07,hrp,green
2026-07-07,hrp,green
2026-07-07,hrp,green
2026-07-07,hrp,green
2026-07-08,hrp,green
2026-07-08,hrp,green
2026-07-08,hrp,green
2026-07-08,hrp,green
2026-07-09,hrp,green
2026-07-09,hrp,green
2026-07-09,hrp,green
2026-07-09,hrp,green
2026-07-10,hrp,green
2026-07-10,hrp,green
2026-07-10,hrp,green
2026-07-10,hrp,green
2026-07-13,hrp,green
2026-07-13,hrp,green
2026-07-13,hrp,green
2026-07-13,hrp,green
2026-07-14,hrp,green
2026-07-14,hrp,green
2026-07-14,hrp,green
2026-07-14,hrp,green
2026-07-15,hrp,green
2026-07-15,hrp,green
2026-07-15,hrp,green
2026-07-15,hrp,green
2026-07-16,hrp,green
2026-07-16,hrp,green
2026-07-16,hrp,green
2026-07-16,hrp,green
2026-07-17,hrp,green
2026-07-17,hrp,green
2026-07-17,hrp,green
2026-07-17,hrp,green
2026-07-20,hrp,green
2026-07-20,hrp,green
2026-07-20,hrp,green
2026-07-20,hrp,green
2026-07-21,hrp,green
2026-07-21,hrp,green
2026-07-21,hrp,green
2026-07-21,hrp,green
2026-07-22,hrp,green
2026-07-22,hrp,green
2026-07-22,hrp,green
2026-07-22,hrp,green
2026-07-23,hrp,green
2026-07-23,hrp,green
2026-07-23,hrp,green
2026-07-23,hrp,green
2026-07-24,hrp,green
2026-07-24,hrp,green
2026-07-24,hrp,green
2026-07-24,hrp,green
2026-07-27,hrp,green
2026-07-27,hrp,green
2026-07-27,hrp,green
2026-07-27,hrp,green
2026-07-28,hrp,green
2026-07-28,hrp,green
2026-07-28,hrp,green
2026-07-28,hrp,green
2026-07-29,hrp,green
2026-07-29,hrp,green
2026-07-29,hrp,green
2026-07-29,hrp,green
2026-07-30,hrp,green
2026-07-30,hrp,green
2026-07-30,hrp,green
2026-07-30,hrp,green
2026-07-31,hrp,green
2026-07-31,hrp,green
2026-07-31,hrp,green
2026-07-31,hrp,green
2026-08-03,hrp,green
2026-08-03,hrp,green
2026-08-03,hrp,green
2026-08-03,hrp,green
2026-08-04,hrp,green
2026-08-04,hrp,green
2026-08-04,hrp,green
2026-08-04,hrp,green
2026-08-05,hrp,green
2026-08-05,hrp,green
2026-08-05,hrp,green
2026-08-05,hrp,green
2026-08-06,hrp,green
2026-08-06,hrp,green
2026-08-06,hrp,green
2026-08-06,hrp,green
2026-08-07,hrp,green
2026-08-07,hrp,green
2026-08-07,hrp,green
2026-08-07,hrp,green
2026-08-10,hrp,green
2026-08-10,hrp,green
2026-08-10,hrp,green
2026-08-10,hrp,green
2026-08-11,hrp,green
2026-08-11,hrp,green
2026-08-11,hrp,green
2026-08-11,hrp,green
2026-08-12,hrp,green
2026-08-12,hrp,green
2026-08-12,hrp,green
2026-08-12,hrp,green
2026-08-13,hrp,green
2026-08-13,hrp,green
2026-08-13,hrp,green
2026-08-13,hrp,green
2026-08-14,hrp,green
2026-08-14,hrp,green
2026-08-14,hrp,green
2026-08-14,hrp,green
2026-08-17,hrp,green
2026-08-17,hrp,green
2026-08-17,hrp,green
2026-08-17,hrp,green
2026-08-18,hrp,green
2026-08-18,hrp,green
2026-08-18,hrp,green
2026-08-18,hrp,green
2026-08-19,hrp,green
2026-08-19,hrp,green
2026-08-19,hrp,green
2026-08-19,hrp,green
2026-08-20,hrp,green
2026-08-20,hrp,green
2026-08-20,hrp,green
2026-08-20,hrp,green
2026-08-21,hrp,green
2026-08-21,hrp,green
2026-08-21,hrp,green
2026-08-21,hrp,green
2026-08-24,hrp,green
2026-08-24,hrp,green
2026-08-24,hrp,green
2026-08-24,hrp,green
2026-08-25,hrp,green
2026-08-25,hrp,green
2026-08-25,hrp,green
2026-08-25,hrp,green
2026-08-26,hrp,green
2026-08-26,hrp,green
2026-08-26,hrp,green
2026-08-26,hrp,green
2026-08-27,hrp,green
2026-08-27,hrp,green
2026-08-27,hrp,green
2026-08-27,hrp,green
2026-08-28,hrp,green
2026-08-28,hrp,green
2026-08-28,hrp,green
2026-08-28,hrp,green
2026-08-31,hrp,green
2026-08-31,hrp,green
2026-08-31,hrp,green
2026-08-31,hrp,green
2026-09-01,hrp,green
2026-09-01,hrp,green
2026-09-01,hrp,green
2026-09-01,hrp,green
2026-09-02,hrp,green
2026-09-02,hrp,green
2026-09-02,hrp,green
2026-09-02,hrp,green
2026-09-03,hrp,green
2026-09-03,hrp,green
2026-09-03,hrp,green
2026-09-03,hrp,green
2026-09-04,hrp,green
2026-09-04,hrp,green
2026-09-04,hrp,green
2026-09-04,hrp,green
2026-09-08,hrp,green
2026-09-08,hrp,green
2026-09-08,hrp,green
2026-09-08,hrp,green
2026-09-09,hrp,green
2026-09-09,hrp,green
2026-09-09,hrp,green
2026-09-09,hrp,green
2026-09-10,hrp,green
2026-09-10,hrp,green
2026-09-10,hrp,green
2026-09-10,hrp,green
2026-09-11,hrp,green
2026-09-11,hrp,green
2026-09-11,hrp,green
2026-09-11,hrp,green
2026-09-14,hrp,green
2026-09-14,hrp,green
2026-09-14,hrp,green
2026-09-14,hrp,green
2026-09-15,hrp,green
2026-09-15,hrp,green
2026-09-15,hrp,green
2026-09-15,hrp,green
2026-09-16,hrp,green
2026-09-16,hrp,green
2026-09-16,hrp,green
2026-09-16,hrp,green
2026-09-17,hrp,green
2026-09-17,hrp,green
2026-09-17,hrp,green
2026-09-17,hrp,green
2026-09-18,hrp,green
2026-09-18,hrp,green
2026-09-18,hrp,green
2026-09-18,hrp,green
2026-09-21,hrp,green
2026-09-21,hrp,green
2026-09-21,hrp,green
2026-09-21,hrp,green
2026-09-22,hrp,green
2026-09-22,hrp,green
2026-09-22,hrp,green
2026-09-22,hrp,green
2026-09-23,hrp,green
2026-09-23,hrp,green
2026-09-23,hrp,green
2026-09-23,hrp,green
2026-09-24,hrp,green
2026-09-24,hrp,green
2026-09-24,hrp,green
2026-09-24,hrp,green
2026-09-25,hrp,green
2026-09-25,hrp,green
2026-09-25,hrp,green
2026-09-25,hrp,green
2026-09-28,hrp,green
2026-09-28,hrp,green
2026-09-28,hrp,green
2026-09-28,hrp,green
2026-09-29,hrp,green
2026-09-29,hrp,green
2026-09-29,hrp,green
2026-09-29,hrp,green
2026-09-30,hrp,green
2026-09-30,hrp,green
2026-09-30,hrp,green
2026-09-30,hrp,green
2026-10-01,hrp,green
2026-10-01,hrp,green
2026-10-01,hrp,green
2026-10-01,hrp,green
2026-10-02,hrp,green
2026-10-02,hrp,green
2026-10-02,hrp,green
2026-10-02,hrp,green
2026-10-05,hrp,green
2026-10-05,hrp,green
2026-10-05,hrp,green
2026-10-05,hrp,green
2026-10-06,hrp,green
2026-10-06,hrp,green
2026-10-06,hrp,green
2026-10-06,hrp,green
2026-10-07,hrp,green
2026-10-07,hrp,green
2026-10-07,hrp,green
2026-10-07,hrp,green
2026-10-08,hrp,green
2026-10-08,hrp,green
2026-10-08,hrp,green
2026-10-08,hrp,green
2026-10-09,hrp,green
2026-10-09,hrp,green
2026-10-09,hrp,green
2026-10-09,hrp,green
